{"_context" : {
    "_types" : {
      "DocumentMetaData" : {
        "_feature_types" : {"sofa" : "_ref" } }, 
      "FeatureDefinition" : {
        "_feature_types" : {"layer" : "_ref" } }, 
      "LayerDefinition" : { }, 
      "PartsofCause" : {
        "_feature_types" : {"sofa" : "_ref" } }, 
      "Sentence" : {
        "_feature_types" : {"sofa" : "_ref" } }, 
      "Sofa" : {
        "_feature_types" : {"sofaArray" : "_ref" } }, 
      "TagsetDescription" : {
        "_feature_types" : {"sofa" : "_ref",  "tags" : "_ref" } }, 
      "Token" : {
        "_feature_types" : {"sofa" : "_ref",  "parent" : "_ref",  "lemma" : "_ref",  "stem" : "_ref",  "pos" : "_ref",  "morph" : "_ref",  "form" : "_ref" } }, 
      "TypesofCause" : {
        "_feature_types" : {"sofa" : "_ref",  "Dependent" : "_ref",  "Governor" : "_ref" } }, 
      "DocumentAnnotation" : {
        "_feature_types" : {"sofa" : "_ref" }, 
        "_subtypes" : ["DocumentMetaData" ] }, 
      "Annotation" : {
        "_feature_types" : {"sofa" : "_ref" }, 
        "_subtypes" : ["DocumentAnnotation",  "PartsofCause",  "Sentence",  "TagsetDescription",  "Token",  "TypesofCause" ] }, 
      "AnnotationBase" : {
        "_feature_types" : {"sofa" : "_ref" }, 
        "_subtypes" : ["Annotation" ] }, 
      "TOP" : {
        "_subtypes" : ["AnnotationBase",  "FeatureDefinition",  "LayerDefinition",  "Sofa" ] } } }, 
  "_views" : {
    "_InitialView" : {
      "FeatureDefinition" : [
        {"layer" : 2204,  "name" : "referenceRelation",  "uiName" : "Reference Relation" }, 
        {"layer" : 2204,  "name" : "referenceType",  "uiName" : "Reference Type" }, 
        {"layer" : 2215,  "name" : "PartsofCause",  "uiName" : "Parts of Cause" }, 
        {"layer" : 2222,  "name" : "TypesofCause",  "uiName" : "Types of Cause" } ], 
      "LayerDefinition" : [2204,  2215,  2222 ], 
      "DocumentMetaData" : [
        {"sofa" : 1,  "end" : 796,  "language" : "x-unspecified",  "documentTitle" : "cnn-29.txt",  "documentId" : "GJW",  "documentUri" : "file:/srv/inception/repository/project/2/document/2381/source/GJW",  "collectionId" : "file:/srv/inception/repository/project/2/document/2381/source/",  "documentBaseUri" : "file:/srv/inception/repository/project/2/document/2381/source/",  "isLastSegment" : false } ], 
      "TagsetDescription" : [
        {"sofa" : 1,  "layer" : "webanno.custom.PartsofCause",  "name" : "Parts of Cause",  "input" : false }, 
        {"sofa" : 1,  "layer" : "webanno.custom.TypesofCause",  "name" : "Causal Relations",  "input" : false } ], 
      "Sentence" : [
        {"sofa" : 1,  "end" : 138 }, 
        {"sofa" : 1,  "begin" : 139,  "end" : 254 }, 
        {"sofa" : 1,  "begin" : 255,  "end" : 321 }, 
        {"sofa" : 1,  "begin" : 322,  "end" : 523 }, 
        {"sofa" : 1,  "begin" : 524,  "end" : 607 }, 
        {"sofa" : 1,  "begin" : 608,  "end" : 640 }, 
        {"sofa" : 1,  "begin" : 641,  "end" : 740 }, 
        {"sofa" : 1,  "begin" : 741,  "end" : 796 } ], 
      "Token" : [
        {"sofa" : 1,  "end" : 1 }, 
        {"sofa" : 1,  "begin" : 2,  "end" : 6 }, 
        {"sofa" : 1,  "begin" : 7,  "end" : 11 }, 
        {"sofa" : 1,  "begin" : 12,  "end" : 16 }, 
        {"sofa" : 1,  "begin" : 17,  "end" : 20 }, 
        {"sofa" : 1,  "begin" : 21,  "end" : 27 }, 
        {"sofa" : 1,  "begin" : 28,  "end" : 30 }, 
        {"sofa" : 1,  "begin" : 31,  "end" : 32 }, 
        {"sofa" : 1,  "begin" : 33,  "end" : 42 }, 
        {"sofa" : 1,  "begin" : 43,  "end" : 51 }, 
        {"sofa" : 1,  "begin" : 52,  "end" : 54 }, 
        {"sofa" : 1,  "begin" : 55,  "end" : 61 }, 
        {"sofa" : 1,  "begin" : 62,  "end" : 63 }, 
        {"sofa" : 1,  "begin" : 64,  "end" : 74 }, 
        {"sofa" : 1,  "begin" : 75,  "end" : 76 }, 
        {"sofa" : 1,  "begin" : 77,  "end" : 81 }, 
        {"sofa" : 1,  "begin" : 82,  "end" : 91 }, 
        {"sofa" : 1,  "begin" : 92,  "end" : 93 }, 
        {"sofa" : 1,  "begin" : 94,  "end" : 95 }, 
        {"sofa" : 1,  "begin" : 96,  "end" : 100 }, 
        {"sofa" : 1,  "begin" : 101,  "end" : 105 }, 
        {"sofa" : 1,  "begin" : 106,  "end" : 114 }, 
        {"sofa" : 1,  "begin" : 115,  "end" : 119 }, 
        {"sofa" : 1,  "begin" : 120,  "end" : 123 }, 
        {"sofa" : 1,  "begin" : 124,  "end" : 126 }, 
        {"sofa" : 1,  "begin" : 127,  "end" : 136 }, 
        {"sofa" : 1,  "begin" : 137,  "end" : 138 }, 
        {"sofa" : 1,  "begin" : 139,  "end" : 141 }, 
        {"sofa" : 1,  "begin" : 142,  "end" : 145 }, 
        {"sofa" : 1,  "begin" : 146,  "end" : 156 }, 
        {"sofa" : 1,  "begin" : 157,  "end" : 165 }, 
        {"sofa" : 1,  "begin" : 166,  "end" : 168 }, 
        {"sofa" : 1,  "begin" : 169,  "end" : 176 }, 
        {"sofa" : 1,  "begin" : 177,  "end" : 184 }, 
        {"sofa" : 1,  "begin" : 185,  "end" : 193 }, 
        {"sofa" : 1,  "begin" : 194,  "end" : 197 }, 
        {"sofa" : 1,  "begin" : 198,  "end" : 203 }, 
        {"sofa" : 1,  "begin" : 204,  "end" : 209 }, 
        {"sofa" : 1,  "begin" : 210,  "end" : 215 }, 
        {"sofa" : 1,  "begin" : 216,  "end" : 217 }, 
        {"sofa" : 1,  "begin" : 218,  "end" : 220 }, 
        {"sofa" : 1,  "begin" : 221,  "end" : 222 }, 
        {"sofa" : 1,  "begin" : 223,  "end" : 225 }, 
        {"sofa" : 1,  "begin" : 226,  "end" : 235 }, 
        {"sofa" : 1,  "begin" : 236,  "end" : 241 }, 
        {"sofa" : 1,  "begin" : 242,  "end" : 243 }, 
        {"sofa" : 1,  "begin" : 244,  "end" : 252 }, 
        {"sofa" : 1,  "begin" : 253,  "end" : 254 }, 
        {"sofa" : 1,  "begin" : 255,  "end" : 256 }, 
        {"sofa" : 1,  "begin" : 257,  "end" : 262 }, 
        {"sofa" : 1,  "begin" : 263,  "end" : 276 }, 
        {"sofa" : 1,  "begin" : 277,  "end" : 284 }, 
        {"sofa" : 1,  "begin" : 285,  "end" : 297 }, 
        {"sofa" : 1,  "begin" : 298,  "end" : 308 }, 
        {"sofa" : 1,  "begin" : 309,  "end" : 312 }, 
        {"sofa" : 1,  "begin" : 313,  "end" : 319 }, 
        {"sofa" : 1,  "begin" : 320,  "end" : 321 }, 
        {"sofa" : 1,  "begin" : 322,  "end" : 324 }, 
        {"sofa" : 1,  "begin" : 325,  "end" : 328 }, 
        {"sofa" : 1,  "begin" : 329,  "end" : 332 }, 
        {"sofa" : 1,  "begin" : 333,  "end" : 340 }, 
        {"sofa" : 1,  "begin" : 341,  "end" : 343 }, 
        {"sofa" : 1,  "begin" : 344,  "end" : 347 }, 
        {"sofa" : 1,  "begin" : 348,  "end" : 353 }, 
        {"sofa" : 1,  "begin" : 354,  "end" : 366 }, 
        {"sofa" : 1,  "begin" : 367,  "end" : 369 }, 
        {"sofa" : 1,  "begin" : 370,  "end" : 373 }, 
        {"sofa" : 1,  "begin" : 374,  "end" : 380 }, 
        {"sofa" : 1,  "begin" : 381,  "end" : 383 }, 
        {"sofa" : 1,  "begin" : 384,  "end" : 387 }, 
        {"sofa" : 1,  "begin" : 388,  "end" : 392 }, 
        {"sofa" : 1,  "begin" : 393,  "end" : 394 }, 
        {"sofa" : 1,  "begin" : 395,  "end" : 398 }, 
        {"sofa" : 1,  "begin" : 399,  "end" : 401 }, 
        {"sofa" : 1,  "begin" : 402,  "end" : 408 }, 
        {"sofa" : 1,  "begin" : 409,  "end" : 411 }, 
        {"sofa" : 1,  "begin" : 412,  "end" : 421 }, 
        {"sofa" : 1,  "begin" : 422,  "end" : 428 }, 
        {"sofa" : 1,  "begin" : 429,  "end" : 431 }, 
        {"sofa" : 1,  "begin" : 432,  "end" : 439 }, 
        {"sofa" : 1,  "begin" : 440,  "end" : 448 }, 
        {"sofa" : 1,  "begin" : 449,  "end" : 452 }, 
        {"sofa" : 1,  "begin" : 453,  "end" : 460 }, 
        {"sofa" : 1,  "begin" : 461,  "end" : 471 }, 
        {"sofa" : 1,  "begin" : 472,  "end" : 475 }, 
        {"sofa" : 1,  "begin" : 476,  "end" : 485 }, 
        {"sofa" : 1,  "begin" : 486,  "end" : 487 }, 
        {"sofa" : 1,  "begin" : 488,  "end" : 489 }, 
        {"sofa" : 1,  "begin" : 490,  "end" : 493 }, 
        {"sofa" : 1,  "begin" : 494,  "end" : 498 }, 
        {"sofa" : 1,  "begin" : 499,  "end" : 503 }, 
        {"sofa" : 1,  "begin" : 504,  "end" : 506 }, 
        {"sofa" : 1,  "begin" : 507,  "end" : 508 }, 
        {"sofa" : 1,  "begin" : 509,  "end" : 513 }, 
        {"sofa" : 1,  "begin" : 514,  "end" : 521 }, 
        {"sofa" : 1,  "begin" : 522,  "end" : 523 }, 
        {"sofa" : 1,  "begin" : 524,  "end" : 529 }, 
        {"sofa" : 1,  "begin" : 530,  "end" : 536 }, 
        {"sofa" : 1,  "begin" : 537,  "end" : 540 }, 
        {"sofa" : 1,  "begin" : 541,  "end" : 546 }, 
        {"sofa" : 1,  "begin" : 547,  "end" : 549 }, 
        {"sofa" : 1,  "begin" : 550,  "end" : 559 }, 
        {"sofa" : 1,  "begin" : 560,  "end" : 565 }, 
        {"sofa" : 1,  "begin" : 566,  "end" : 575 }, 
        {"sofa" : 1,  "begin" : 576,  "end" : 578 }, 
        {"sofa" : 1,  "begin" : 579,  "end" : 582 }, 
        {"sofa" : 1,  "begin" : 583,  "end" : 587 }, 
        {"sofa" : 1,  "begin" : 588,  "end" : 591 }, 
        {"sofa" : 1,  "begin" : 592,  "end" : 597 }, 
        {"sofa" : 1,  "begin" : 598,  "end" : 605 }, 
        {"sofa" : 1,  "begin" : 606,  "end" : 607 }, 
        {"sofa" : 1,  "begin" : 608,  "end" : 610 }, 
        {"sofa" : 1,  "begin" : 611,  "end" : 614 }, 
        {"sofa" : 1,  "begin" : 615,  "end" : 622 }, 
        {"sofa" : 1,  "begin" : 623,  "end" : 624 }, 
        {"sofa" : 1,  "begin" : 625,  "end" : 628 }, 
        {"sofa" : 1,  "begin" : 629,  "end" : 633 }, 
        {"sofa" : 1,  "begin" : 634,  "end" : 638 }, 
        {"sofa" : 1,  "begin" : 639,  "end" : 640 }, 
        {"sofa" : 1,  "begin" : 641,  "end" : 648 }, 
        {"sofa" : 1,  "begin" : 649,  "end" : 660 }, 
        {"sofa" : 1,  "begin" : 661,  "end" : 664 }, 
        {"sofa" : 1,  "begin" : 665,  "end" : 668 }, 
        {"sofa" : 1,  "begin" : 669,  "end" : 678 }, 
        {"sofa" : 1,  "begin" : 679,  "end" : 685 }, 
        {"sofa" : 1,  "begin" : 686,  "end" : 688 }, 
        {"sofa" : 1,  "begin" : 689,  "end" : 693 }, 
        {"sofa" : 1,  "begin" : 694,  "end" : 700 }, 
        {"sofa" : 1,  "begin" : 701,  "end" : 702 }, 
        {"sofa" : 1,  "begin" : 703,  "end" : 707 }, 
        {"sofa" : 1,  "begin" : 708,  "end" : 710 }, 
        {"sofa" : 1,  "begin" : 711,  "end" : 715 }, 
        {"sofa" : 1,  "begin" : 716,  "end" : 718 }, 
        {"sofa" : 1,  "begin" : 719,  "end" : 720 }, 
        {"sofa" : 1,  "begin" : 721,  "end" : 729 }, 
        {"sofa" : 1,  "begin" : 730,  "end" : 738 }, 
        {"sofa" : 1,  "begin" : 739,  "end" : 740 }, 
        {"sofa" : 1,  "begin" : 741,  "end" : 746 }, 
        {"sofa" : 1,  "begin" : 747,  "end" : 750 }, 
        {"sofa" : 1,  "begin" : 751,  "end" : 755 }, 
        {"sofa" : 1,  "begin" : 756,  "end" : 758 }, 
        {"sofa" : 1,  "begin" : 759,  "end" : 760 }, 
        {"sofa" : 1,  "begin" : 761,  "end" : 765 }, 
        {"sofa" : 1,  "begin" : 766,  "end" : 771 }, 
        {"sofa" : 1,  "begin" : 772,  "end" : 773 }, 
        {"sofa" : 1,  "begin" : 774,  "end" : 779 }, 
        {"sofa" : 1,  "begin" : 780,  "end" : 784 }, 
        {"sofa" : 1,  "begin" : 785,  "end" : 789 }, 
        {"sofa" : 1,  "begin" : 790,  "end" : 794 }, 
        {"sofa" : 1,  "begin" : 795,  "end" : 796 } ], 
      "PartsofCause" : [2030,  2048,  2039,  2140,  2153,  2127 ], 
      "TypesofCause" : [
        {"sofa" : 1,  "begin" : 399,  "end" : 471,  "Dependent" : 2030,  "Governor" : 2048,  "TypesofCause" : "Effect" }, 
        {"sofa" : 1,  "begin" : 476,  "end" : 485,  "Dependent" : 2039,  "Governor" : 2048,  "TypesofCause" : "Cause" }, 
        {"sofa" : 1,  "begin" : 524,  "end" : 559,  "Dependent" : 2140,  "Governor" : 2153,  "TypesofCause" : "Effect" }, 
        {"sofa" : 1,  "begin" : 566,  "end" : 605,  "Dependent" : 2127,  "Governor" : 2153,  "TypesofCause" : "Cause" } ] } }, 
  "_referenced_fss" : {
    "1" : {"_type" : "Sofa",  "sofaNum" : 1,  "sofaID" : "_InitialView",  "mimeType" : "text",  "sofaString" : "A U.S. Navy SEAL was killed in a parachute accident in Perris , California , near Riverside , a U.S. Navy official told CNN on Wednesday .\nHe was identified Thursday as Special Warfare Operator 3rd Class Jason Kortz , 29 , of Highlands Ranch , Colorado .\n\" Jason distinguished himself consistently throughout his career .\nHe was the epitome of the quiet professional in all facets of his life , and he leaves an inspiring legacy of natural tenacity and focused commitment for posterity , \" the Navy said in a news release .\nKortz joined the SEALs in September after enlisting in the Navy two years earlier .\nHe was married , the Navy said .\nInitial indications are the parachute failed to open during a jump as part of a training exercise .\nKortz was part of a West Coast - based Navy SEAL team ." }, 
    "2030" : {"_type" : "PartsofCause",  "sofa" : 1,  "begin" : 399,  "end" : 471,  "PartsofCause" : "Argument" }, 
    "2048" : {"_type" : "PartsofCause",  "sofa" : 1,  "begin" : 472,  "end" : 475,  "PartsofCause" : "Causing" }, 
    "2039" : {"_type" : "PartsofCause",  "sofa" : 1,  "begin" : 476,  "end" : 485,  "PartsofCause" : "Argument" }, 
    "2140" : {"_type" : "PartsofCause",  "sofa" : 1,  "begin" : 524,  "end" : 559,  "PartsofCause" : "Argument" }, 
    "2153" : {"_type" : "PartsofCause",  "sofa" : 1,  "begin" : 560,  "end" : 565,  "PartsofCause" : "Causing" }, 
    "2127" : {"_type" : "PartsofCause",  "sofa" : 1,  "begin" : 566,  "end" : 605,  "PartsofCause" : "Argument" }, 
    "2204" : {"_type" : "LayerDefinition",  "name" : "webanno.custom.DisjointCausalSpans",  "uiName" : "Disjoint Causal Spans" }, 
    "2222" : {"_type" : "LayerDefinition",  "name" : "webanno.custom.TypesofCause",  "uiName" : "Types of Cause" }, 
    "2215" : {"_type" : "LayerDefinition",  "name" : "webanno.custom.PartsofCause",  "uiName" : "Parts of Cause" } } }