{"_context" : {
    "_types" : {
      "DisjointCausalSpansChain" : {
        "_feature_types" : {"sofa" : "_ref",  "first" : "_ref" } }, 
      "DisjointCausalSpansLink" : {
        "_feature_types" : {"sofa" : "_ref",  "next" : "_ref" } }, 
      "DocumentMetaData" : {
        "_feature_types" : {"sofa" : "_ref" } }, 
      "FeatureDefinition" : {
        "_feature_types" : {"layer" : "_ref" } }, 
      "LayerDefinition" : { }, 
      "PartsofCause" : {
        "_feature_types" : {"sofa" : "_ref" } }, 
      "Sentence" : {
        "_feature_types" : {"sofa" : "_ref" } }, 
      "Sofa" : {
        "_feature_types" : {"sofaArray" : "_ref" } }, 
      "TagsetDescription" : {
        "_feature_types" : {"sofa" : "_ref",  "tags" : "_ref" } }, 
      "Token" : {
        "_feature_types" : {"sofa" : "_ref",  "parent" : "_ref",  "lemma" : "_ref",  "stem" : "_ref",  "pos" : "_ref",  "morph" : "_ref",  "form" : "_ref" } }, 
      "TypesofCause" : {
        "_feature_types" : {"sofa" : "_ref",  "Dependent" : "_ref",  "Governor" : "_ref" } }, 
      "AnnotationBase" : {
        "_feature_types" : {"sofa" : "_ref" }, 
        "_subtypes" : ["DisjointCausalSpansChain",  "Annotation" ] }, 
      "TOP" : {
        "_subtypes" : ["AnnotationBase",  "FeatureDefinition",  "LayerDefinition",  "Sofa" ] }, 
      "Annotation" : {
        "_feature_types" : {"sofa" : "_ref" }, 
        "_subtypes" : ["DisjointCausalSpansLink",  "DocumentAnnotation",  "PartsofCause",  "Sentence",  "TagsetDescription",  "Token",  "TypesofCause" ] }, 
      "DocumentAnnotation" : {
        "_feature_types" : {"sofa" : "_ref" }, 
        "_subtypes" : ["DocumentMetaData" ] } } }, 
  "_views" : {
    "_InitialView" : {
      "FeatureDefinition" : [
        {"layer" : 2580,  "name" : "referenceRelation",  "uiName" : "Reference Relation" }, 
        {"layer" : 2580,  "name" : "referenceType",  "uiName" : "Reference Type" }, 
        {"layer" : 2591,  "name" : "PartsofCause",  "uiName" : "Parts of Cause" }, 
        {"layer" : 2598,  "name" : "TypesofCause",  "uiName" : "Types of Cause" } ], 
      "LayerDefinition" : [2580,  2591,  2598 ], 
      "DocumentMetaData" : [
        {"sofa" : 1,  "end" : 674,  "language" : "x-unspecified",  "documentTitle" : "reddit-043.txt",  "documentId" : "AYC",  "documentUri" : "file:/srv/inception/repository/project/2/document/2445/source/AYC",  "collectionId" : "file:/srv/inception/repository/project/2/document/2445/source/",  "documentBaseUri" : "file:/srv/inception/repository/project/2/document/2445/source/",  "isLastSegment" : false } ], 
      "TagsetDescription" : [
        {"sofa" : 1,  "layer" : "webanno.custom.PartsofCause",  "name" : "Parts of Cause",  "input" : false }, 
        {"sofa" : 1,  "layer" : "webanno.custom.TypesofCause",  "name" : "Causal Relations",  "input" : false } ], 
      "Sentence" : [
        {"sofa" : 1,  "end" : 280 }, 
        {"sofa" : 1,  "begin" : 281,  "end" : 376 }, 
        {"sofa" : 1,  "begin" : 377,  "end" : 555 }, 
        {"sofa" : 1,  "begin" : 556,  "end" : 674 } ], 
      "Token" : [
        {"sofa" : 1,  "end" : 10 }, 
        {"sofa" : 1,  "begin" : 11,  "end" : 12 }, 
        {"sofa" : 1,  "begin" : 13,  "end" : 17 }, 
        {"sofa" : 1,  "begin" : 18,  "end" : 20 }, 
        {"sofa" : 1,  "begin" : 21,  "end" : 25 }, 
        {"sofa" : 1,  "begin" : 26,  "end" : 28 }, 
        {"sofa" : 1,  "begin" : 29,  "end" : 30 }, 
        {"sofa" : 1,  "begin" : 31,  "end" : 36 }, 
        {"sofa" : 1,  "begin" : 37,  "end" : 40 }, 
        {"sofa" : 1,  "begin" : 41,  "end" : 42 }, 
        {"sofa" : 1,  "begin" : 43,  "end" : 45 }, 
        {"sofa" : 1,  "begin" : 46,  "end" : 49 }, 
        {"sofa" : 1,  "begin" : 50,  "end" : 56 }, 
        {"sofa" : 1,  "begin" : 57,  "end" : 59 }, 
        {"sofa" : 1,  "begin" : 60,  "end" : 62 }, 
        {"sofa" : 1,  "begin" : 63,  "end" : 71 }, 
        {"sofa" : 1,  "begin" : 72,  "end" : 77 }, 
        {"sofa" : 1,  "begin" : 78,  "end" : 79 }, 
        {"sofa" : 1,  "begin" : 80,  "end" : 87 }, 
        {"sofa" : 1,  "begin" : 88,  "end" : 89 }, 
        {"sofa" : 1,  "begin" : 90,  "end" : 92 }, 
        {"sofa" : 1,  "begin" : 93,  "end" : 97 }, 
        {"sofa" : 1,  "begin" : 98,  "end" : 102 }, 
        {"sofa" : 1,  "begin" : 103,  "end" : 105 }, 
        {"sofa" : 1,  "begin" : 106,  "end" : 108 }, 
        {"sofa" : 1,  "begin" : 109,  "end" : 118 }, 
        {"sofa" : 1,  "begin" : 119,  "end" : 121 }, 
        {"sofa" : 1,  "begin" : 122,  "end" : 126 }, 
        {"sofa" : 1,  "begin" : 127,  "end" : 129 }, 
        {"sofa" : 1,  "begin" : 130,  "end" : 134 }, 
        {"sofa" : 1,  "begin" : 135,  "end" : 139 }, 
        {"sofa" : 1,  "begin" : 140,  "end" : 143 }, 
        {"sofa" : 1,  "begin" : 144,  "end" : 149 }, 
        {"sofa" : 1,  "begin" : 150,  "end" : 156 }, 
        {"sofa" : 1,  "begin" : 157,  "end" : 160 }, 
        {"sofa" : 1,  "begin" : 161,  "end" : 164 }, 
        {"sofa" : 1,  "begin" : 165,  "end" : 171 }, 
        {"sofa" : 1,  "begin" : 172,  "end" : 175 }, 
        {"sofa" : 1,  "begin" : 176,  "end" : 177 }, 
        {"sofa" : 1,  "begin" : 178,  "end" : 185 }, 
        {"sofa" : 1,  "begin" : 186,  "end" : 196 }, 
        {"sofa" : 1,  "begin" : 197,  "end" : 198 }, 
        {"sofa" : 1,  "begin" : 199,  "end" : 201 }, 
        {"sofa" : 1,  "begin" : 202,  "end" : 208 }, 
        {"sofa" : 1,  "begin" : 209,  "end" : 213 }, 
        {"sofa" : 1,  "begin" : 214,  "end" : 215 }, 
        {"sofa" : 1,  "begin" : 216,  "end" : 220 }, 
        {"sofa" : 1,  "begin" : 221,  "end" : 223 }, 
        {"sofa" : 1,  "begin" : 224,  "end" : 227 }, 
        {"sofa" : 1,  "begin" : 228,  "end" : 231 }, 
        {"sofa" : 1,  "begin" : 232,  "end" : 235 }, 
        {"sofa" : 1,  "begin" : 236,  "end" : 240 }, 
        {"sofa" : 1,  "begin" : 241,  "end" : 248 }, 
        {"sofa" : 1,  "begin" : 249,  "end" : 251 }, 
        {"sofa" : 1,  "begin" : 252,  "end" : 255 }, 
        {"sofa" : 1,  "begin" : 256,  "end" : 260 }, 
        {"sofa" : 1,  "begin" : 261,  "end" : 266 }, 
        {"sofa" : 1,  "begin" : 267,  "end" : 270 }, 
        {"sofa" : 1,  "begin" : 271,  "end" : 278 }, 
        {"sofa" : 1,  "begin" : 279,  "end" : 280 }, 
        {"sofa" : 1,  "begin" : 281,  "end" : 282 }, 
        {"sofa" : 1,  "begin" : 283,  "end" : 287 }, 
        {"sofa" : 1,  "begin" : 288,  "end" : 291 }, 
        {"sofa" : 1,  "begin" : 292,  "end" : 294 }, 
        {"sofa" : 1,  "begin" : 295,  "end" : 300 }, 
        {"sofa" : 1,  "begin" : 301,  "end" : 303 }, 
        {"sofa" : 1,  "begin" : 304,  "end" : 308 }, 
        {"sofa" : 1,  "begin" : 309,  "end" : 315 }, 
        {"sofa" : 1,  "begin" : 316,  "end" : 319 }, 
        {"sofa" : 1,  "begin" : 320,  "end" : 326 }, 
        {"sofa" : 1,  "begin" : 327,  "end" : 331 }, 
        {"sofa" : 1,  "begin" : 332,  "end" : 334 }, 
        {"sofa" : 1,  "begin" : 335,  "end" : 337 }, 
        {"sofa" : 1,  "begin" : 338,  "end" : 340 }, 
        {"sofa" : 1,  "begin" : 341,  "end" : 342 }, 
        {"sofa" : 1,  "begin" : 343,  "end" : 350 }, 
        {"sofa" : 1,  "begin" : 351,  "end" : 355 }, 
        {"sofa" : 1,  "begin" : 356,  "end" : 358 }, 
        {"sofa" : 1,  "begin" : 359,  "end" : 362 }, 
        {"sofa" : 1,  "begin" : 363,  "end" : 368 }, 
        {"sofa" : 1,  "begin" : 369,  "end" : 371 }, 
        {"sofa" : 1,  "begin" : 372,  "end" : 374 }, 
        {"sofa" : 1,  "begin" : 375,  "end" : 376 }, 
        {"sofa" : 1,  "begin" : 377,  "end" : 378 }, 
        {"sofa" : 1,  "begin" : 379,  "end" : 381 }, 
        {"sofa" : 1,  "begin" : 382,  "end" : 386 }, 
        {"sofa" : 1,  "begin" : 387,  "end" : 393 }, 
        {"sofa" : 1,  "begin" : 394,  "end" : 398 }, 
        {"sofa" : 1,  "begin" : 399,  "end" : 401 }, 
        {"sofa" : 1,  "begin" : 402,  "end" : 405 }, 
        {"sofa" : 1,  "begin" : 406,  "end" : 409 }, 
        {"sofa" : 1,  "begin" : 410,  "end" : 412 }, 
        {"sofa" : 1,  "begin" : 413,  "end" : 416 }, 
        {"sofa" : 1,  "begin" : 417,  "end" : 420 }, 
        {"sofa" : 1,  "begin" : 421,  "end" : 422 }, 
        {"sofa" : 1,  "begin" : 423,  "end" : 425 }, 
        {"sofa" : 1,  "begin" : 426,  "end" : 432 }, 
        {"sofa" : 1,  "begin" : 433,  "end" : 438 }, 
        {"sofa" : 1,  "begin" : 439,  "end" : 442 }, 
        {"sofa" : 1,  "begin" : 443,  "end" : 445 }, 
        {"sofa" : 1,  "begin" : 446,  "end" : 447 }, 
        {"sofa" : 1,  "begin" : 448,  "end" : 452 }, 
        {"sofa" : 1,  "begin" : 453,  "end" : 455 }, 
        {"sofa" : 1,  "begin" : 456,  "end" : 458 }, 
        {"sofa" : 1,  "begin" : 459,  "end" : 461 }, 
        {"sofa" : 1,  "begin" : 462,  "end" : 464 }, 
        {"sofa" : 1,  "begin" : 465,  "end" : 466 }, 
        {"sofa" : 1,  "begin" : 467,  "end" : 474 }, 
        {"sofa" : 1,  "begin" : 475,  "end" : 479 }, 
        {"sofa" : 1,  "begin" : 480,  "end" : 484 }, 
        {"sofa" : 1,  "begin" : 485,  "end" : 489 }, 
        {"sofa" : 1,  "begin" : 490,  "end" : 495 }, 
        {"sofa" : 1,  "begin" : 496,  "end" : 501 }, 
        {"sofa" : 1,  "begin" : 502,  "end" : 504 }, 
        {"sofa" : 1,  "begin" : 505,  "end" : 508 }, 
        {"sofa" : 1,  "begin" : 509,  "end" : 518 }, 
        {"sofa" : 1,  "begin" : 519,  "end" : 530 }, 
        {"sofa" : 1,  "begin" : 531,  "end" : 532 }, 
        {"sofa" : 1,  "begin" : 533,  "end" : 540 }, 
        {"sofa" : 1,  "begin" : 541,  "end" : 544 }, 
        {"sofa" : 1,  "begin" : 545,  "end" : 546 }, 
        {"sofa" : 1,  "begin" : 547,  "end" : 553 }, 
        {"sofa" : 1,  "begin" : 554,  "end" : 555 }, 
        {"sofa" : 1,  "begin" : 556,  "end" : 558 }, 
        {"sofa" : 1,  "begin" : 559,  "end" : 563 }, 
        {"sofa" : 1,  "begin" : 564,  "end" : 566 }, 
        {"sofa" : 1,  "begin" : 567,  "end" : 570 }, 
        {"sofa" : 1,  "begin" : 571,  "end" : 575 }, 
        {"sofa" : 1,  "begin" : 576,  "end" : 585 }, 
        {"sofa" : 1,  "begin" : 586,  "end" : 588 }, 
        {"sofa" : 1,  "begin" : 589,  "end" : 592 }, 
        {"sofa" : 1,  "begin" : 593,  "end" : 596 }, 
        {"sofa" : 1,  "begin" : 597,  "end" : 602 }, 
        {"sofa" : 1,  "begin" : 603,  "end" : 606 }, 
        {"sofa" : 1,  "begin" : 607,  "end" : 609 }, 
        {"sofa" : 1,  "begin" : 610,  "end" : 616 }, 
        {"sofa" : 1,  "begin" : 617,  "end" : 621 }, 
        {"sofa" : 1,  "begin" : 622,  "end" : 625 }, 
        {"sofa" : 1,  "begin" : 626,  "end" : 629 }, 
        {"sofa" : 1,  "begin" : 630,  "end" : 631 }, 
        {"sofa" : 1,  "begin" : 632,  "end" : 639 }, 
        {"sofa" : 1,  "begin" : 640,  "end" : 650 }, 
        {"sofa" : 1,  "begin" : 651,  "end" : 652 }, 
        {"sofa" : 1,  "begin" : 653,  "end" : 654 }, 
        {"sofa" : 1,  "begin" : 655,  "end" : 663 }, 
        {"sofa" : 1,  "begin" : 664,  "end" : 666 }, 
        {"sofa" : 1,  "begin" : 667,  "end" : 674 } ], 
      "DisjointCausalSpansChain" : [
        {"sofa" : 1,  "first" : 2084 }, 
        {"sofa" : 1,  "first" : 2134 }, 
        {"sofa" : 1,  "first" : 2253 } ], 
      "DisjointCausalSpansLink" : [2070,  2102,  2084,  2134,  2239,  2253 ], 
      "PartsofCause" : [1967,  1954, 
        {"sofa" : 1,  "begin" : 228,  "end" : 248,  "PartsofCause" : "Argument" }, 
        {"sofa" : 1,  "begin" : 249,  "end" : 251,  "PartsofCause" : "Causing" }, 
        {"sofa" : 1,  "begin" : 252,  "end" : 278,  "PartsofCause" : "Argument" },  2170,  2183, 
        {"sofa" : 1,  "begin" : 351,  "end" : 355,  "PartsofCause" : "Causing" },  2313,  2326,  2468,  2369,  2382,  2395,  2434,  2447,  2515,  2528,  2541 ], 
      "TypesofCause" : [
        {"sofa" : 1,  "begin" : 214,  "end" : 220,  "Dependent" : 1967,  "Governor" : 1954,  "TypesofCause" : "Cause" }, 
        {"sofa" : 1,  "begin" : 295,  "end" : 350,  "Dependent" : 2183,  "Governor" : 2170,  "TypesofCause" : "Cause" }, 
        {"sofa" : 1,  "begin" : 359,  "end" : 368,  "Dependent" : 2313,  "Governor" : 2170,  "TypesofCause" : "Means" }, 
        {"sofa" : 1,  "begin" : 369,  "end" : 374,  "Dependent" : 2326,  "Governor" : 2170,  "TypesofCause" : "Effect" }, 
        {"sofa" : 1,  "begin" : 399,  "end" : 553,  "Dependent" : 2468,  "Governor" : 2434,  "TypesofCause" : "Cause" }, 
        {"sofa" : 1,  "begin" : 456,  "end" : 484,  "Dependent" : 2382,  "Governor" : 2369,  "TypesofCause" : "Cause" }, 
        {"sofa" : 1,  "begin" : 485,  "end" : 553,  "Dependent" : 2395,  "Governor" : 2369,  "TypesofCause" : "Effect" }, 
        {"sofa" : 1,  "begin" : 559,  "end" : 674,  "Dependent" : 2447,  "Governor" : 2434,  "TypesofCause" : "Effect" }, 
        {"sofa" : 1,  "begin" : 589,  "end" : 616,  "Dependent" : 2515,  "Governor" : 2528,  "TypesofCause" : "Effect" }, 
        {"sofa" : 1,  "begin" : 626,  "end" : 663,  "Dependent" : 2541,  "Governor" : 2528,  "TypesofCause" : "Cause" } ] } }, 
  "_referenced_fss" : {
    "1" : {"_type" : "Sofa",  "sofaNum" : 1,  "sofaID" : "_InitialView",  "mimeType" : "text",  "sofaString" : "Disclaimer : this is just my 2 cents and I ’m NOT trying to be negative Nancy , however I do feel that it is important to keep in mind that the whole moving far and having the “ college experience ” is lowkey just a scam to get you and your parents to pay more money for college .\nI mean yes if there ’s some reason you really want to go to x college then by all means do so .\nI ’m just saying that at the end of the day , no matter where you go , even if it ’s at a college near home your still going to get different experiences , friends and a degree .\nSo just do n’t feel pressured to get out there and do things just for the “ college experience ” - freshman in college" }, 
    "1967" : {"_type" : "PartsofCause",  "sofa" : 1,  "begin" : 214,  "end" : 220,  "PartsofCause" : "Argument" }, 
    "1954" : {"_type" : "PartsofCause",  "sofa" : 1,  "begin" : 224,  "end" : 227,  "PartsofCause" : "Causing" }, 
    "2183" : {"_type" : "PartsofCause",  "sofa" : 1,  "begin" : 295,  "end" : 350,  "PartsofCause" : "Argument" }, 
    "2170" : {"_type" : "PartsofCause",  "sofa" : 1,  "begin" : 292,  "end" : 294,  "PartsofCause" : "Causing" }, 
    "2313" : {"_type" : "PartsofCause",  "sofa" : 1,  "begin" : 359,  "end" : 368,  "PartsofCause" : "Argument" }, 
    "2326" : {"_type" : "PartsofCause",  "sofa" : 1,  "begin" : 369,  "end" : 374,  "PartsofCause" : "Argument" }, 
    "2468" : {"_type" : "PartsofCause",  "sofa" : 1,  "begin" : 399,  "end" : 553,  "PartsofCause" : "Argument" }, 
    "2434" : {"_type" : "PartsofCause",  "sofa" : 1,  "begin" : 556,  "end" : 558,  "PartsofCause" : "Causing" }, 
    "2382" : {"_type" : "PartsofCause",  "sofa" : 1,  "begin" : 456,  "end" : 484,  "PartsofCause" : "Argument" }, 
    "2369" : {"_type" : "PartsofCause",  "sofa" : 1,  "begin" : 453,  "end" : 455,  "PartsofCause" : "Enabling" }, 
    "2395" : {"_type" : "PartsofCause",  "sofa" : 1,  "begin" : 485,  "end" : 553 }, 
    "2447" : {"_type" : "PartsofCause",  "sofa" : 1,  "begin" : 559,  "end" : 674,  "PartsofCause" : "Argument" }, 
    "2515" : {"_type" : "PartsofCause",  "sofa" : 1,  "begin" : 589,  "end" : 616,  "PartsofCause" : "Argument" }, 
    "2528" : {"_type" : "PartsofCause",  "sofa" : 1,  "begin" : 622,  "end" : 625,  "PartsofCause" : "Causing" }, 
    "2541" : {"_type" : "PartsofCause",  "sofa" : 1,  "begin" : 626,  "end" : 663,  "PartsofCause" : "Argument" }, 
    "2070" : {"_type" : "DisjointCausalSpansLink",  "sofa" : 1,  "begin" : 224,  "end" : 227 }, 
    "2102" : {"_type" : "DisjointCausalSpansLink",  "sofa" : 1,  "begin" : 228,  "end" : 248 }, 
    "2239" : {"_type" : "DisjointCausalSpansLink",  "sofa" : 1,  "begin" : 292,  "end" : 294 }, 
    "2134" : {"_type" : "DisjointCausalSpansLink",  "sofa" : 1,  "begin" : 252,  "end" : 278,  "next" : 2102 }, 
    "2084" : {"_type" : "DisjointCausalSpansLink",  "sofa" : 1,  "begin" : 249,  "end" : 251,  "next" : 2070 }, 
    "2253" : {"_type" : "DisjointCausalSpansLink",  "sofa" : 1,  "begin" : 351,  "end" : 355,  "next" : 2239 }, 
    "2598" : {"_type" : "LayerDefinition",  "name" : "webanno.custom.TypesofCause",  "uiName" : "Types of Cause" }, 
    "2580" : {"_type" : "LayerDefinition",  "name" : "webanno.custom.DisjointCausalSpans",  "uiName" : "Disjoint Causal Spans" }, 
    "2591" : {"_type" : "LayerDefinition",  "name" : "webanno.custom.PartsofCause",  "uiName" : "Parts of Cause" } } }