{"_context" : {
    "_types" : {
      "DocumentMetaData" : {
        "_feature_types" : {"sofa" : "_ref" } }, 
      "FeatureDefinition" : {
        "_feature_types" : {"layer" : "_ref" } }, 
      "LayerDefinition" : { }, 
      "PartsofCause" : {
        "_feature_types" : {"sofa" : "_ref" } }, 
      "Sentence" : {
        "_feature_types" : {"sofa" : "_ref" } }, 
      "Sofa" : {
        "_feature_types" : {"sofaArray" : "_ref" } }, 
      "TagsetDescription" : {
        "_feature_types" : {"sofa" : "_ref",  "tags" : "_ref" } }, 
      "Token" : {
        "_feature_types" : {"sofa" : "_ref",  "parent" : "_ref",  "lemma" : "_ref",  "stem" : "_ref",  "pos" : "_ref",  "morph" : "_ref",  "form" : "_ref" } }, 
      "TypesofCause" : {
        "_feature_types" : {"sofa" : "_ref",  "Dependent" : "_ref",  "Governor" : "_ref" } }, 
      "DocumentAnnotation" : {
        "_feature_types" : {"sofa" : "_ref" }, 
        "_subtypes" : ["DocumentMetaData" ] }, 
      "Annotation" : {
        "_feature_types" : {"sofa" : "_ref" }, 
        "_subtypes" : ["DocumentAnnotation",  "PartsofCause",  "Sentence",  "TagsetDescription",  "Token",  "TypesofCause" ] }, 
      "AnnotationBase" : {
        "_feature_types" : {"sofa" : "_ref" }, 
        "_subtypes" : ["Annotation" ] }, 
      "TOP" : {
        "_subtypes" : ["AnnotationBase",  "FeatureDefinition",  "LayerDefinition",  "Sofa" ] } } }, 
  "_views" : {
    "_InitialView" : {
      "FeatureDefinition" : [
        {"layer" : 2359,  "name" : "referenceRelation",  "uiName" : "Reference Relation" }, 
        {"layer" : 2359,  "name" : "referenceType",  "uiName" : "Reference Type" }, 
        {"layer" : 2370,  "name" : "PartsofCause",  "uiName" : "Parts of Cause" }, 
        {"layer" : 2377,  "name" : "TypesofCause",  "uiName" : "Types of Cause" } ], 
      "LayerDefinition" : [2359,  2370,  2377 ], 
      "DocumentMetaData" : [
        {"sofa" : 1,  "end" : 719,  "language" : "x-unspecified",  "documentTitle" : "cnn-44.txt",  "documentId" : "GJW",  "documentUri" : "file:/srv/inception/repository/project/2/document/2396/source/GJW",  "collectionId" : "file:/srv/inception/repository/project/2/document/2396/source/",  "documentBaseUri" : "file:/srv/inception/repository/project/2/document/2396/source/",  "isLastSegment" : false } ], 
      "TagsetDescription" : [
        {"sofa" : 1,  "layer" : "webanno.custom.PartsofCause",  "name" : "Parts of Cause",  "input" : false }, 
        {"sofa" : 1,  "layer" : "webanno.custom.TypesofCause",  "name" : "Causal Relations",  "input" : false } ], 
      "Sentence" : [
        {"sofa" : 1,  "end" : 135 }, 
        {"sofa" : 1,  "begin" : 136,  "end" : 224 }, 
        {"sofa" : 1,  "begin" : 225,  "end" : 330 }, 
        {"sofa" : 1,  "begin" : 331,  "end" : 371 }, 
        {"sofa" : 1,  "begin" : 372,  "end" : 525 }, 
        {"sofa" : 1,  "begin" : 526,  "end" : 574 }, 
        {"sofa" : 1,  "begin" : 575,  "end" : 631 }, 
        {"sofa" : 1,  "begin" : 632,  "end" : 719 } ], 
      "Token" : [
        {"sofa" : 1,  "end" : 1 }, 
        {"sofa" : 1,  "begin" : 2,  "end" : 9 }, 
        {"sofa" : 1,  "begin" : 10,  "end" : 13 }, 
        {"sofa" : 1,  "begin" : 14,  "end" : 16 }, 
        {"sofa" : 1,  "begin" : 17,  "end" : 24 }, 
        {"sofa" : 1,  "begin" : 25,  "end" : 27 }, 
        {"sofa" : 1,  "begin" : 28,  "end" : 38 }, 
        {"sofa" : 1,  "begin" : 39,  "end" : 40 }, 
        {"sofa" : 1,  "begin" : 41,  "end" : 47 }, 
        {"sofa" : 1,  "begin" : 48,  "end" : 53 }, 
        {"sofa" : 1,  "begin" : 54,  "end" : 55 }, 
        {"sofa" : 1,  "begin" : 56,  "end" : 64 }, 
        {"sofa" : 1,  "begin" : 65,  "end" : 67 }, 
        {"sofa" : 1,  "begin" : 68,  "end" : 72 }, 
        {"sofa" : 1,  "begin" : 73,  "end" : 79 }, 
        {"sofa" : 1,  "begin" : 80,  "end" : 83 }, 
        {"sofa" : 1,  "begin" : 84,  "end" : 91 }, 
        {"sofa" : 1,  "begin" : 92,  "end" : 95 }, 
        {"sofa" : 1,  "begin" : 96,  "end" : 100 }, 
        {"sofa" : 1,  "begin" : 101,  "end" : 103 }, 
        {"sofa" : 1,  "begin" : 104,  "end" : 107 }, 
        {"sofa" : 1,  "begin" : 108,  "end" : 113 }, 
        {"sofa" : 1,  "begin" : 114,  "end" : 115 }, 
        {"sofa" : 1,  "begin" : 116,  "end" : 121 }, 
        {"sofa" : 1,  "begin" : 122,  "end" : 128 }, 
        {"sofa" : 1,  "begin" : 129,  "end" : 133 }, 
        {"sofa" : 1,  "begin" : 134,  "end" : 135 }, 
        {"sofa" : 1,  "begin" : 136,  "end" : 142 }, 
        {"sofa" : 1,  "begin" : 143,  "end" : 149 }, 
        {"sofa" : 1,  "begin" : 150,  "end" : 157 }, 
        {"sofa" : 1,  "begin" : 158,  "end" : 159 }, 
        {"sofa" : 1,  "begin" : 160,  "end" : 162 }, 
        {"sofa" : 1,  "begin" : 163,  "end" : 164 }, 
        {"sofa" : 1,  "begin" : 165,  "end" : 168 }, 
        {"sofa" : 1,  "begin" : 169,  "end" : 177 }, 
        {"sofa" : 1,  "begin" : 178,  "end" : 186 }, 
        {"sofa" : 1,  "begin" : 187,  "end" : 192 }, 
        {"sofa" : 1,  "begin" : 193,  "end" : 194 }, 
        {"sofa" : 1,  "begin" : 195,  "end" : 201 }, 
        {"sofa" : 1,  "begin" : 202,  "end" : 208 }, 
        {"sofa" : 1,  "begin" : 209,  "end" : 215 }, 
        {"sofa" : 1,  "begin" : 216,  "end" : 222 }, 
        {"sofa" : 1,  "begin" : 223,  "end" : 224 }, 
        {"sofa" : 1,  "begin" : 225,  "end" : 226 }, 
        {"sofa" : 1,  "begin" : 227,  "end" : 231 }, 
        {"sofa" : 1,  "begin" : 232,  "end" : 240 }, 
        {"sofa" : 1,  "begin" : 241,  "end" : 248 }, 
        {"sofa" : 1,  "begin" : 249,  "end" : 250 }, 
        {"sofa" : 1,  "begin" : 251,  "end" : 255 }, 
        {"sofa" : 1,  "begin" : 256,  "end" : 261 }, 
        {"sofa" : 1,  "begin" : 262,  "end" : 265 }, 
        {"sofa" : 1,  "begin" : 266,  "end" : 269 }, 
        {"sofa" : 1,  "begin" : 270,  "end" : 272 }, 
        {"sofa" : 1,  "begin" : 273,  "end" : 277 }, 
        {"sofa" : 1,  "begin" : 278,  "end" : 284 }, 
        {"sofa" : 1,  "begin" : 285,  "end" : 287 }, 
        {"sofa" : 1,  "begin" : 288,  "end" : 289 }, 
        {"sofa" : 1,  "begin" : 290,  "end" : 293 }, 
        {"sofa" : 1,  "begin" : 294,  "end" : 296 }, 
        {"sofa" : 1,  "begin" : 297,  "end" : 300 }, 
        {"sofa" : 1,  "begin" : 301,  "end" : 306 }, 
        {"sofa" : 1,  "begin" : 307,  "end" : 308 }, 
        {"sofa" : 1,  "begin" : 309,  "end" : 310 }, 
        {"sofa" : 1,  "begin" : 311,  "end" : 316 }, 
        {"sofa" : 1,  "begin" : 317,  "end" : 323 }, 
        {"sofa" : 1,  "begin" : 324,  "end" : 328 }, 
        {"sofa" : 1,  "begin" : 329,  "end" : 330 }, 
        {"sofa" : 1,  "begin" : 331,  "end" : 332 }, 
        {"sofa" : 1,  "begin" : 333,  "end" : 336 }, 
        {"sofa" : 1,  "begin" : 337,  "end" : 340 }, 
        {"sofa" : 1,  "begin" : 341,  "end" : 343 }, 
        {"sofa" : 1,  "begin" : 344,  "end" : 348 }, 
        {"sofa" : 1,  "begin" : 349,  "end" : 352 }, 
        {"sofa" : 1,  "begin" : 353,  "end" : 355 }, 
        {"sofa" : 1,  "begin" : 356,  "end" : 359 }, 
        {"sofa" : 1,  "begin" : 360,  "end" : 367 }, 
        {"sofa" : 1,  "begin" : 368,  "end" : 369 }, 
        {"sofa" : 1,  "begin" : 370,  "end" : 371 }, 
        {"sofa" : 1,  "begin" : 372,  "end" : 379 }, 
        {"sofa" : 1,  "begin" : 380,  "end" : 383 }, 
        {"sofa" : 1,  "begin" : 384,  "end" : 393 }, 
        {"sofa" : 1,  "begin" : 394,  "end" : 397 }, 
        {"sofa" : 1,  "begin" : 398,  "end" : 399 }, 
        {"sofa" : 1,  "begin" : 400,  "end" : 401 }, 
        {"sofa" : 1,  "begin" : 402,  "end" : 404 }, 
        {"sofa" : 1,  "begin" : 405,  "end" : 406 }, 
        {"sofa" : 1,  "begin" : 407,  "end" : 408 }, 
        {"sofa" : 1,  "begin" : 409,  "end" : 414 }, 
        {"sofa" : 1,  "begin" : 415,  "end" : 416 }, 
        {"sofa" : 1,  "begin" : 417,  "end" : 420 }, 
        {"sofa" : 1,  "begin" : 421,  "end" : 426 }, 
        {"sofa" : 1,  "begin" : 427,  "end" : 430 }, 
        {"sofa" : 1,  "begin" : 431,  "end" : 438 }, 
        {"sofa" : 1,  "begin" : 439,  "end" : 441 }, 
        {"sofa" : 1,  "begin" : 442,  "end" : 446 }, 
        {"sofa" : 1,  "begin" : 447,  "end" : 455 }, 
        {"sofa" : 1,  "begin" : 456,  "end" : 457 }, 
        {"sofa" : 1,  "begin" : 458,  "end" : 465 }, 
        {"sofa" : 1,  "begin" : 466,  "end" : 472 }, 
        {"sofa" : 1,  "begin" : 473,  "end" : 475 }, 
        {"sofa" : 1,  "begin" : 476,  "end" : 479 }, 
        {"sofa" : 1,  "begin" : 480,  "end" : 487 }, 
        {"sofa" : 1,  "begin" : 488,  "end" : 491 }, 
        {"sofa" : 1,  "begin" : 492,  "end" : 498 }, 
        {"sofa" : 1,  "begin" : 499,  "end" : 504 }, 
        {"sofa" : 1,  "begin" : 505,  "end" : 506 }, 
        {"sofa" : 1,  "begin" : 507,  "end" : 518 }, 
        {"sofa" : 1,  "begin" : 519,  "end" : 523 }, 
        {"sofa" : 1,  "begin" : 524,  "end" : 525 }, 
        {"sofa" : 1,  "begin" : 526,  "end" : 528 }, 
        {"sofa" : 1,  "begin" : 529,  "end" : 532 }, 
        {"sofa" : 1,  "begin" : 533,  "end" : 541 }, 
        {"sofa" : 1,  "begin" : 542,  "end" : 544 }, 
        {"sofa" : 1,  "begin" : 545,  "end" : 554 }, 
        {"sofa" : 1,  "begin" : 555,  "end" : 557 }, 
        {"sofa" : 1,  "begin" : 558,  "end" : 564 }, 
        {"sofa" : 1,  "begin" : 565,  "end" : 572 }, 
        {"sofa" : 1,  "begin" : 573,  "end" : 574 }, 
        {"sofa" : 1,  "begin" : 575,  "end" : 581 }, 
        {"sofa" : 1,  "begin" : 582,  "end" : 589 }, 
        {"sofa" : 1,  "begin" : 590,  "end" : 599 }, 
        {"sofa" : 1,  "begin" : 600,  "end" : 604 }, 
        {"sofa" : 1,  "begin" : 605,  "end" : 608 }, 
        {"sofa" : 1,  "begin" : 609,  "end" : 616 }, 
        {"sofa" : 1,  "begin" : 617,  "end" : 619 }, 
        {"sofa" : 1,  "begin" : 620,  "end" : 623 }, 
        {"sofa" : 1,  "begin" : 624,  "end" : 629 }, 
        {"sofa" : 1,  "begin" : 630,  "end" : 631 }, 
        {"sofa" : 1,  "begin" : 632,  "end" : 641 }, 
        {"sofa" : 1,  "begin" : 642,  "end" : 647 }, 
        {"sofa" : 1,  "begin" : 648,  "end" : 656 }, 
        {"sofa" : 1,  "begin" : 657,  "end" : 659 }, 
        {"sofa" : 1,  "begin" : 660,  "end" : 664 }, 
        {"sofa" : 1,  "begin" : 665,  "end" : 670 }, 
        {"sofa" : 1,  "begin" : 671,  "end" : 673 }, 
        {"sofa" : 1,  "begin" : 674,  "end" : 677 }, 
        {"sofa" : 1,  "begin" : 678,  "end" : 682 }, 
        {"sofa" : 1,  "begin" : 683,  "end" : 684 }, 
        {"sofa" : 1,  "begin" : 685,  "end" : 693 }, 
        {"sofa" : 1,  "begin" : 694,  "end" : 703 }, 
        {"sofa" : 1,  "begin" : 704,  "end" : 706 }, 
        {"sofa" : 1,  "begin" : 707,  "end" : 713 }, 
        {"sofa" : 1,  "begin" : 714,  "end" : 719 } ], 
      "PartsofCause" : [1931,  1922,  1940,  1999,  2008,  2017,  2165,  2076,  2085,  2219,  2193,  2202,  2311,  2270,  2279 ], 
      "TypesofCause" : [
        {"sofa" : 1,  "begin" : 136,  "end" : 186,  "Dependent" : 1931,  "Governor" : 1922,  "TypesofCause" : "Effect" }, 
        {"sofa" : 1,  "begin" : 193,  "end" : 222,  "Dependent" : 1940,  "Governor" : 1922,  "TypesofCause" : "Cause" }, 
        {"sofa" : 1,  "begin" : 232,  "end" : 248,  "Dependent" : 2008,  "Governor" : 1999,  "TypesofCause" : "Cause" }, 
        {"sofa" : 1,  "begin" : 251,  "end" : 306,  "Dependent" : 2017,  "Governor" : 1999,  "TypesofCause" : "Effect" }, 
        {"sofa" : 1,  "begin" : 458,  "end" : 487,  "Dependent" : 2165,  "Governor" : 2076,  "TypesofCause" : "Effect" }, 
        {"sofa" : 1,  "begin" : 492,  "end" : 504,  "Dependent" : 2085,  "Governor" : 2076,  "TypesofCause" : "Cause" }, 
        {"sofa" : 1,  "begin" : 526,  "end" : 541,  "Dependent" : 2219,  "Governor" : 2193,  "TypesofCause" : "Effect" }, 
        {"sofa" : 1,  "begin" : 545,  "end" : 572,  "Dependent" : 2202,  "Governor" : 2193,  "TypesofCause" : "Cause" }, 
        {"sofa" : 1,  "begin" : 632,  "end" : 641,  "Dependent" : 2311,  "Governor" : 2270,  "TypesofCause" : "Cause" }, 
        {"sofa" : 1,  "begin" : 648,  "end" : 682,  "Dependent" : 2279,  "Governor" : 2270,  "TypesofCause" : "Effect" } ] } }, 
  "_referenced_fss" : {
    "1" : {"_type" : "Sofa",  "sofaNum" : 1,  "sofaID" : "_InitialView",  "mimeType" : "text",  "sofaString" : "A Florida man is accused of strangling a family puppy , chopping it into pieces and cooking its ribs on the stove , Tampa police said .\nThomas Elliot Huggins , 25 , was arrested Thursday after a family member called police .\n\" When officers arrived , they found the dog 's ribs cooked in a pot on the stove , \" Tampa police said .\n\" The dog 's head was in the garbage . \"\nHuggins had strangled the 5 - to 6 - month - old puppy and chopped it into quarters , storing pieces in the freezer for future meals , authorities said .\nHe was arrested on suspicion of animal cruelty .\nAnimal control officials took the remains of the puppy .\nSmugglers drive Thailand 's grim trade in dog meat A national spotlight on animal abuse" }, 
    "1931" : {"_type" : "PartsofCause",  "sofa" : 1,  "begin" : 136,  "end" : 186,  "PartsofCause" : "Argument" }, 
    "1922" : {"_type" : "PartsofCause",  "sofa" : 1,  "begin" : 187,  "end" : 192,  "PartsofCause" : "Causing" }, 
    "1940" : {"_type" : "PartsofCause",  "sofa" : 1,  "begin" : 193,  "end" : 222,  "PartsofCause" : "Argument" }, 
    "2008" : {"_type" : "PartsofCause",  "sofa" : 1,  "begin" : 232,  "end" : 248,  "PartsofCause" : "Argument" }, 
    "1999" : {"_type" : "PartsofCause",  "sofa" : 1,  "begin" : 227,  "end" : 231,  "PartsofCause" : "Enabling" }, 
    "2017" : {"_type" : "PartsofCause",  "sofa" : 1,  "begin" : 251,  "end" : 306,  "PartsofCause" : "Argument" }, 
    "2165" : {"_type" : "PartsofCause",  "sofa" : 1,  "begin" : 458,  "end" : 487,  "PartsofCause" : "Argument" }, 
    "2076" : {"_type" : "PartsofCause",  "sofa" : 1,  "begin" : 488,  "end" : 491,  "PartsofCause" : "Causing" }, 
    "2085" : {"_type" : "PartsofCause",  "sofa" : 1,  "begin" : 492,  "end" : 504,  "PartsofCause" : "Argument" }, 
    "2219" : {"_type" : "PartsofCause",  "sofa" : 1,  "begin" : 526,  "end" : 541,  "PartsofCause" : "Argument" }, 
    "2193" : {"_type" : "PartsofCause",  "sofa" : 1,  "begin" : 542,  "end" : 544,  "PartsofCause" : "Causing" }, 
    "2202" : {"_type" : "PartsofCause",  "sofa" : 1,  "begin" : 545,  "end" : 572,  "PartsofCause" : "Argument" }, 
    "2311" : {"_type" : "PartsofCause",  "sofa" : 1,  "begin" : 632,  "end" : 641,  "PartsofCause" : "Argument" }, 
    "2270" : {"_type" : "PartsofCause",  "sofa" : 1,  "begin" : 642,  "end" : 647,  "PartsofCause" : "Enabling" }, 
    "2279" : {"_type" : "PartsofCause",  "sofa" : 1,  "begin" : 648,  "end" : 682,  "PartsofCause" : "Argument" }, 
    "2377" : {"_type" : "LayerDefinition",  "name" : "webanno.custom.TypesofCause",  "uiName" : "Types of Cause" }, 
    "2359" : {"_type" : "LayerDefinition",  "name" : "webanno.custom.DisjointCausalSpans",  "uiName" : "Disjoint Causal Spans" }, 
    "2370" : {"_type" : "LayerDefinition",  "name" : "webanno.custom.PartsofCause",  "uiName" : "Parts of Cause" } } }