{"_context" : {
    "_types" : {
      "DocumentMetaData" : {
        "_feature_types" : {"sofa" : "_ref" } }, 
      "FeatureDefinition" : {
        "_feature_types" : {"layer" : "_ref" } }, 
      "LayerDefinition" : { }, 
      "PartsofCause" : {
        "_feature_types" : {"sofa" : "_ref" } }, 
      "Sentence" : {
        "_feature_types" : {"sofa" : "_ref" } }, 
      "Sofa" : {
        "_feature_types" : {"sofaArray" : "_ref" } }, 
      "TagsetDescription" : {
        "_feature_types" : {"sofa" : "_ref",  "tags" : "_ref" } }, 
      "Token" : {
        "_feature_types" : {"sofa" : "_ref",  "parent" : "_ref",  "lemma" : "_ref",  "stem" : "_ref",  "pos" : "_ref",  "morph" : "_ref",  "form" : "_ref" } }, 
      "TypesofCause" : {
        "_feature_types" : {"sofa" : "_ref",  "Dependent" : "_ref",  "Governor" : "_ref" } }, 
      "DocumentAnnotation" : {
        "_feature_types" : {"sofa" : "_ref" }, 
        "_subtypes" : ["DocumentMetaData" ] }, 
      "Annotation" : {
        "_feature_types" : {"sofa" : "_ref" }, 
        "_subtypes" : ["DocumentAnnotation",  "PartsofCause",  "Sentence",  "TagsetDescription",  "Token",  "TypesofCause" ] }, 
      "AnnotationBase" : {
        "_feature_types" : {"sofa" : "_ref" }, 
        "_subtypes" : ["Annotation" ] }, 
      "TOP" : {
        "_subtypes" : ["AnnotationBase",  "FeatureDefinition",  "LayerDefinition",  "Sofa" ] } } }, 
  "_views" : {
    "_InitialView" : {
      "FeatureDefinition" : [
        {"layer" : 2651,  "name" : "referenceRelation",  "uiName" : "Reference Relation" }, 
        {"layer" : 2651,  "name" : "referenceType",  "uiName" : "Reference Type" }, 
        {"layer" : 2662,  "name" : "PartsofCause",  "uiName" : "Parts of Cause" }, 
        {"layer" : 2669,  "name" : "TypesofCause",  "uiName" : "Types of Cause" } ], 
      "LayerDefinition" : [2651,  2662,  2669 ], 
      "DocumentMetaData" : [
        {"sofa" : 1,  "end" : 743,  "language" : "x-unspecified",  "documentTitle" : "fable-32.txt",  "documentId" : "AYC",  "documentUri" : "file:/srv/inception/repository/project/2/document/2334/source/AYC",  "collectionId" : "file:/srv/inception/repository/project/2/document/2334/source/",  "documentBaseUri" : "file:/srv/inception/repository/project/2/document/2334/source/",  "isLastSegment" : false } ], 
      "TagsetDescription" : [
        {"sofa" : 1,  "layer" : "webanno.custom.PartsofCause",  "name" : "Parts of Cause",  "input" : false }, 
        {"sofa" : 1,  "layer" : "webanno.custom.TypesofCause",  "name" : "Causal Relations",  "input" : false } ], 
      "Sentence" : [
        {"sofa" : 1,  "end" : 148 }, 
        {"sofa" : 1,  "begin" : 149,  "end" : 230 }, 
        {"sofa" : 1,  "begin" : 231,  "end" : 271 }, 
        {"sofa" : 1,  "begin" : 272,  "end" : 313 }, 
        {"sofa" : 1,  "begin" : 314,  "end" : 357 }, 
        {"sofa" : 1,  "begin" : 358,  "end" : 416 }, 
        {"sofa" : 1,  "begin" : 417,  "end" : 495 }, 
        {"sofa" : 1,  "begin" : 496,  "end" : 553 }, 
        {"sofa" : 1,  "begin" : 554,  "end" : 598 }, 
        {"sofa" : 1,  "begin" : 599,  "end" : 649 }, 
        {"sofa" : 1,  "begin" : 650,  "end" : 743 } ], 
      "Token" : [
        {"sofa" : 1,  "end" : 1 }, 
        {"sofa" : 1,  "begin" : 2,  "end" : 7 }, 
        {"sofa" : 1,  "begin" : 8,  "end" : 11 }, 
        {"sofa" : 1,  "begin" : 12,  "end" : 13 }, 
        {"sofa" : 1,  "begin" : 14,  "end" : 19 }, 
        {"sofa" : 1,  "begin" : 20,  "end" : 27 }, 
        {"sofa" : 1,  "begin" : 28,  "end" : 30 }, 
        {"sofa" : 1,  "begin" : 31,  "end" : 32 }, 
        {"sofa" : 1,  "begin" : 33,  "end" : 36 }, 
        {"sofa" : 1,  "begin" : 37,  "end" : 42 }, 
        {"sofa" : 1,  "begin" : 43,  "end" : 45 }, 
        {"sofa" : 1,  "begin" : 46,  "end" : 50 }, 
        {"sofa" : 1,  "begin" : 51,  "end" : 52 }, 
        {"sofa" : 1,  "begin" : 53,  "end" : 56 }, 
        {"sofa" : 1,  "begin" : 57,  "end" : 58 }, 
        {"sofa" : 1,  "begin" : 59,  "end" : 63 }, 
        {"sofa" : 1,  "begin" : 64,  "end" : 67 }, 
        {"sofa" : 1,  "begin" : 68,  "end" : 69 }, 
        {"sofa" : 1,  "begin" : 70,  "end" : 73 }, 
        {"sofa" : 1,  "begin" : 74,  "end" : 83 }, 
        {"sofa" : 1,  "begin" : 84,  "end" : 87 }, 
        {"sofa" : 1,  "begin" : 88,  "end" : 90 }, 
        {"sofa" : 1,  "begin" : 91,  "end" : 95 }, 
        {"sofa" : 1,  "begin" : 96,  "end" : 99 }, 
        {"sofa" : 1,  "begin" : 100,  "end" : 103 }, 
        {"sofa" : 1,  "begin" : 104,  "end" : 106 }, 
        {"sofa" : 1,  "begin" : 107,  "end" : 110 }, 
        {"sofa" : 1,  "begin" : 111,  "end" : 121 }, 
        {"sofa" : 1,  "begin" : 122,  "end" : 126 }, 
        {"sofa" : 1,  "begin" : 127,  "end" : 132 }, 
        {"sofa" : 1,  "begin" : 133,  "end" : 135 }, 
        {"sofa" : 1,  "begin" : 136,  "end" : 139 }, 
        {"sofa" : 1,  "begin" : 140,  "end" : 146 }, 
        {"sofa" : 1,  "begin" : 147,  "end" : 148 }, 
        {"sofa" : 1,  "begin" : 149,  "end" : 150 }, 
        {"sofa" : 1,  "begin" : 151,  "end" : 154 }, 
        {"sofa" : 1,  "begin" : 155,  "end" : 158 }, 
        {"sofa" : 1,  "begin" : 159,  "end" : 160 }, 
        {"sofa" : 1,  "begin" : 161,  "end" : 162 }, 
        {"sofa" : 1,  "begin" : 163,  "end" : 164 }, 
        {"sofa" : 1,  "begin" : 165,  "end" : 172 }, 
        {"sofa" : 1,  "begin" : 173,  "end" : 176 }, 
        {"sofa" : 1,  "begin" : 177,  "end" : 181 }, 
        {"sofa" : 1,  "begin" : 182,  "end" : 185 }, 
        {"sofa" : 1,  "begin" : 186,  "end" : 187 }, 
        {"sofa" : 1,  "begin" : 188,  "end" : 189 }, 
        {"sofa" : 1,  "begin" : 190,  "end" : 195 }, 
        {"sofa" : 1,  "begin" : 196,  "end" : 197 }, 
        {"sofa" : 1,  "begin" : 198,  "end" : 201 }, 
        {"sofa" : 1,  "begin" : 202,  "end" : 210 }, 
        {"sofa" : 1,  "begin" : 211,  "end" : 215 }, 
        {"sofa" : 1,  "begin" : 216,  "end" : 222 }, 
        {"sofa" : 1,  "begin" : 223,  "end" : 228 }, 
        {"sofa" : 1,  "begin" : 229,  "end" : 230 }, 
        {"sofa" : 1,  "begin" : 231,  "end" : 232 }, 
        {"sofa" : 1,  "begin" : 233,  "end" : 235 }, 
        {"sofa" : 1,  "begin" : 236,  "end" : 240 }, 
        {"sofa" : 1,  "begin" : 241,  "end" : 242 }, 
        {"sofa" : 1,  "begin" : 243,  "end" : 246 }, 
        {"sofa" : 1,  "begin" : 247,  "end" : 250 }, 
        {"sofa" : 1,  "begin" : 251,  "end" : 255 }, 
        {"sofa" : 1,  "begin" : 256,  "end" : 260 }, 
        {"sofa" : 1,  "begin" : 261,  "end" : 267 }, 
        {"sofa" : 1,  "begin" : 268,  "end" : 269 }, 
        {"sofa" : 1,  "begin" : 270,  "end" : 271 }, 
        {"sofa" : 1,  "begin" : 272,  "end" : 273 }, 
        {"sofa" : 1,  "begin" : 274,  "end" : 275 }, 
        {"sofa" : 1,  "begin" : 276,  "end" : 278 }, 
        {"sofa" : 1,  "begin" : 279,  "end" : 285 }, 
        {"sofa" : 1,  "begin" : 286,  "end" : 292 }, 
        {"sofa" : 1,  "begin" : 293,  "end" : 294 }, 
        {"sofa" : 1,  "begin" : 295,  "end" : 296 }, 
        {"sofa" : 1,  "begin" : 297,  "end" : 301 }, 
        {"sofa" : 1,  "begin" : 302,  "end" : 305 }, 
        {"sofa" : 1,  "begin" : 306,  "end" : 311 }, 
        {"sofa" : 1,  "begin" : 312,  "end" : 313 }, 
        {"sofa" : 1,  "begin" : 314,  "end" : 315 }, 
        {"sofa" : 1,  "begin" : 316,  "end" : 317 }, 
        {"sofa" : 1,  "begin" : 318,  "end" : 323 }, 
        {"sofa" : 1,  "begin" : 324,  "end" : 326 }, 
        {"sofa" : 1,  "begin" : 327,  "end" : 329 }, 
        {"sofa" : 1,  "begin" : 330,  "end" : 331 }, 
        {"sofa" : 1,  "begin" : 332,  "end" : 337 }, 
        {"sofa" : 1,  "begin" : 338,  "end" : 341 }, 
        {"sofa" : 1,  "begin" : 342,  "end" : 345 }, 
        {"sofa" : 1,  "begin" : 346,  "end" : 349 }, 
        {"sofa" : 1,  "begin" : 350,  "end" : 353 }, 
        {"sofa" : 1,  "begin" : 354,  "end" : 355 }, 
        {"sofa" : 1,  "begin" : 356,  "end" : 357 }, 
        {"sofa" : 1,  "begin" : 358,  "end" : 359 }, 
        {"sofa" : 1,  "begin" : 360,  "end" : 362 }, 
        {"sofa" : 1,  "begin" : 363,  "end" : 364 }, 
        {"sofa" : 1,  "begin" : 365,  "end" : 369 }, 
        {"sofa" : 1,  "begin" : 370,  "end" : 372 }, 
        {"sofa" : 1,  "begin" : 373,  "end" : 376 }, 
        {"sofa" : 1,  "begin" : 377,  "end" : 381 }, 
        {"sofa" : 1,  "begin" : 382,  "end" : 386 }, 
        {"sofa" : 1,  "begin" : 387,  "end" : 392 }, 
        {"sofa" : 1,  "begin" : 393,  "end" : 394 }, 
        {"sofa" : 1,  "begin" : 395,  "end" : 396 }, 
        {"sofa" : 1,  "begin" : 397,  "end" : 401 }, 
        {"sofa" : 1,  "begin" : 402,  "end" : 405 }, 
        {"sofa" : 1,  "begin" : 406,  "end" : 410 }, 
        {"sofa" : 1,  "begin" : 411,  "end" : 414 }, 
        {"sofa" : 1,  "begin" : 415,  "end" : 416 }, 
        {"sofa" : 1,  "begin" : 417,  "end" : 418 }, 
        {"sofa" : 1,  "begin" : 419,  "end" : 421 }, 
        {"sofa" : 1,  "begin" : 422,  "end" : 425 }, 
        {"sofa" : 1,  "begin" : 426,  "end" : 430 }, 
        {"sofa" : 1,  "begin" : 431,  "end" : 435 }, 
        {"sofa" : 1,  "begin" : 436,  "end" : 438 }, 
        {"sofa" : 1,  "begin" : 439,  "end" : 441 }, 
        {"sofa" : 1,  "begin" : 442,  "end" : 446 }, 
        {"sofa" : 1,  "begin" : 447,  "end" : 456 }, 
        {"sofa" : 1,  "begin" : 457,  "end" : 458 }, 
        {"sofa" : 1,  "begin" : 459,  "end" : 461 }, 
        {"sofa" : 1,  "begin" : 462,  "end" : 466 }, 
        {"sofa" : 1,  "begin" : 467,  "end" : 471 }, 
        {"sofa" : 1,  "begin" : 472,  "end" : 475 }, 
        {"sofa" : 1,  "begin" : 476,  "end" : 484 }, 
        {"sofa" : 1,  "begin" : 485,  "end" : 493 }, 
        {"sofa" : 1,  "begin" : 494,  "end" : 495 }, 
        {"sofa" : 1,  "begin" : 496,  "end" : 497 }, 
        {"sofa" : 1,  "begin" : 498,  "end" : 502 }, 
        {"sofa" : 1,  "begin" : 503,  "end" : 505 }, 
        {"sofa" : 1,  "begin" : 506,  "end" : 510 }, 
        {"sofa" : 1,  "begin" : 511,  "end" : 514 }, 
        {"sofa" : 1,  "begin" : 515,  "end" : 518 }, 
        {"sofa" : 1,  "begin" : 519,  "end" : 520 }, 
        {"sofa" : 1,  "begin" : 521,  "end" : 524 }, 
        {"sofa" : 1,  "begin" : 525,  "end" : 528 }, 
        {"sofa" : 1,  "begin" : 529,  "end" : 534 }, 
        {"sofa" : 1,  "begin" : 535,  "end" : 537 }, 
        {"sofa" : 1,  "begin" : 538,  "end" : 542 }, 
        {"sofa" : 1,  "begin" : 543,  "end" : 546 }, 
        {"sofa" : 1,  "begin" : 547,  "end" : 549 }, 
        {"sofa" : 1,  "begin" : 550,  "end" : 551 }, 
        {"sofa" : 1,  "begin" : 552,  "end" : 553 }, 
        {"sofa" : 1,  "begin" : 554,  "end" : 555 }, 
        {"sofa" : 1,  "begin" : 556,  "end" : 560 }, 
        {"sofa" : 1,  "begin" : 561,  "end" : 564 }, 
        {"sofa" : 1,  "begin" : 565,  "end" : 567 }, 
        {"sofa" : 1,  "begin" : 568,  "end" : 573 }, 
        {"sofa" : 1,  "begin" : 574,  "end" : 575 }, 
        {"sofa" : 1,  "begin" : 576,  "end" : 577 }, 
        {"sofa" : 1,  "begin" : 578,  "end" : 582 }, 
        {"sofa" : 1,  "begin" : 583,  "end" : 586 }, 
        {"sofa" : 1,  "begin" : 587,  "end" : 592 }, 
        {"sofa" : 1,  "begin" : 593,  "end" : 596 }, 
        {"sofa" : 1,  "begin" : 597,  "end" : 598 }, 
        {"sofa" : 1,  "begin" : 599,  "end" : 600 }, 
        {"sofa" : 1,  "begin" : 601,  "end" : 604 }, 
        {"sofa" : 1,  "begin" : 605,  "end" : 607 }, 
        {"sofa" : 1,  "begin" : 608,  "end" : 614 }, 
        {"sofa" : 1,  "begin" : 615,  "end" : 619 }, 
        {"sofa" : 1,  "begin" : 620,  "end" : 625 }, 
        {"sofa" : 1,  "begin" : 626,  "end" : 629 }, 
        {"sofa" : 1,  "begin" : 630,  "end" : 636 }, 
        {"sofa" : 1,  "begin" : 637,  "end" : 645 }, 
        {"sofa" : 1,  "begin" : 646,  "end" : 647 }, 
        {"sofa" : 1,  "begin" : 648,  "end" : 649 }, 
        {"sofa" : 1,  "begin" : 650,  "end" : 652 }, 
        {"sofa" : 1,  "begin" : 653,  "end" : 655 }, 
        {"sofa" : 1,  "begin" : 656,  "end" : 660 }, 
        {"sofa" : 1,  "begin" : 661,  "end" : 664 }, 
        {"sofa" : 1,  "begin" : 665,  "end" : 669 }, 
        {"sofa" : 1,  "begin" : 670,  "end" : 679 }, 
        {"sofa" : 1,  "begin" : 680,  "end" : 684 }, 
        {"sofa" : 1,  "begin" : 685,  "end" : 688 }, 
        {"sofa" : 1,  "begin" : 689,  "end" : 693 }, 
        {"sofa" : 1,  "begin" : 694,  "end" : 695 }, 
        {"sofa" : 1,  "begin" : 696,  "end" : 699 }, 
        {"sofa" : 1,  "begin" : 700,  "end" : 704 }, 
        {"sofa" : 1,  "begin" : 705,  "end" : 713 }, 
        {"sofa" : 1,  "begin" : 714,  "end" : 716 }, 
        {"sofa" : 1,  "begin" : 717,  "end" : 721 }, 
        {"sofa" : 1,  "begin" : 722,  "end" : 728 }, 
        {"sofa" : 1,  "begin" : 729,  "end" : 732 }, 
        {"sofa" : 1,  "begin" : 733,  "end" : 741 }, 
        {"sofa" : 1,  "begin" : 742,  "end" : 743 } ], 
      "PartsofCause" : [2517,  2491,  2504,  2573,  2586,  2612,  2422,  2435,  2448 ], 
      "TypesofCause" : [
        {"sofa" : 1,  "begin" : 151,  "end" : 160,  "Dependent" : 2517,  "Governor" : 2491,  "TypesofCause" : "Effect" }, 
        {"sofa" : 1,  "begin" : 196,  "end" : 228,  "Dependent" : 2504,  "Governor" : 2491,  "TypesofCause" : "Cause" }, 
        {"sofa" : 1,  "begin" : 316,  "end" : 326,  "Dependent" : 2573,  "Governor" : 2586,  "TypesofCause" : "Effect" }, 
        {"sofa" : 1,  "begin" : 330,  "end" : 353,  "Dependent" : 2612,  "Governor" : 2586,  "TypesofCause" : "Cause" }, 
        {"sofa" : 1,  "begin" : 422,  "end" : 456,  "Dependent" : 2435,  "Governor" : 2422,  "TypesofCause" : "Cause" }, 
        {"sofa" : 1,  "begin" : 459,  "end" : 493,  "Dependent" : 2448,  "Governor" : 2422,  "TypesofCause" : "Effect" } ] } }, 
  "_referenced_fss" : {
    "1" : {"_type" : "Sofa",  "sofaNum" : 1,  "sofaID" : "_InitialView",  "mimeType" : "text",  "sofaString" : "A BLIND Man , being stopped in a bad piece of road , met a Lame Man , and entreated him to help him out of the difficulty into which he had fallen .\n“ How can I , ” replied the Lame Man , “ since I can scarcely drag myself along ?\nI am lame , and you look very strong . ”\n“ I am strong enough , ” said the other .\n“ I could go if I could but see the way . ”\n“ Oh , then we may help each other , ” said the Lame Man .\n“ If you will take me on your shoulders , we will seek our fortunes together .\nI will be eyes for you , and you shall be feet for me . ”\n“ With all my heart , ” said the Blind Man .\n“ Let us render each other our mutual services . ”\nSo he took his lame companion upon his back , and they traveled on with safety and pleasure ." }, 
    "2517" : {"_type" : "PartsofCause",  "sofa" : 1,  "begin" : 151,  "end" : 160,  "PartsofCause" : "Argument" }, 
    "2491" : {"_type" : "PartsofCause",  "sofa" : 1,  "begin" : 190,  "end" : 195,  "PartsofCause" : "Causing" }, 
    "2504" : {"_type" : "PartsofCause",  "sofa" : 1,  "begin" : 196,  "end" : 228,  "PartsofCause" : "Argument" }, 
    "2573" : {"_type" : "PartsofCause",  "sofa" : 1,  "begin" : 316,  "end" : 326,  "PartsofCause" : "Argument" }, 
    "2586" : {"_type" : "PartsofCause",  "sofa" : 1,  "begin" : 327,  "end" : 329,  "PartsofCause" : "Enabling" }, 
    "2612" : {"_type" : "PartsofCause",  "sofa" : 1,  "begin" : 330,  "end" : 353,  "PartsofCause" : "Argument" }, 
    "2435" : {"_type" : "PartsofCause",  "sofa" : 1,  "begin" : 422,  "end" : 456,  "PartsofCause" : "Argument" }, 
    "2422" : {"_type" : "PartsofCause",  "sofa" : 1,  "begin" : 419,  "end" : 421,  "PartsofCause" : "Causing" }, 
    "2448" : {"_type" : "PartsofCause",  "sofa" : 1,  "begin" : 459,  "end" : 493,  "PartsofCause" : "Argument" }, 
    "2669" : {"_type" : "LayerDefinition",  "name" : "webanno.custom.TypesofCause",  "uiName" : "Types of Cause" }, 
    "2662" : {"_type" : "LayerDefinition",  "name" : "webanno.custom.PartsofCause",  "uiName" : "Parts of Cause" }, 
    "2651" : {"_type" : "LayerDefinition",  "name" : "webanno.custom.DisjointCausalSpans",  "uiName" : "Disjoint Causal Spans" } } }