{"_context" : {
    "_types" : {
      "DocumentMetaData" : {
        "_feature_types" : {"sofa" : "_ref" } }, 
      "FeatureDefinition" : {
        "_feature_types" : {"layer" : "_ref" } }, 
      "LayerDefinition" : { }, 
      "PartsofCause" : {
        "_feature_types" : {"sofa" : "_ref" } }, 
      "Sentence" : {
        "_feature_types" : {"sofa" : "_ref" } }, 
      "Sofa" : {
        "_feature_types" : {"sofaArray" : "_ref" } }, 
      "TagsetDescription" : {
        "_feature_types" : {"sofa" : "_ref",  "tags" : "_ref" } }, 
      "Token" : {
        "_feature_types" : {"sofa" : "_ref",  "parent" : "_ref",  "lemma" : "_ref",  "stem" : "_ref",  "pos" : "_ref",  "morph" : "_ref",  "form" : "_ref" } }, 
      "TypesofCause" : {
        "_feature_types" : {"sofa" : "_ref",  "Dependent" : "_ref",  "Governor" : "_ref" } }, 
      "DocumentAnnotation" : {
        "_feature_types" : {"sofa" : "_ref" }, 
        "_subtypes" : ["DocumentMetaData" ] }, 
      "Annotation" : {
        "_feature_types" : {"sofa" : "_ref" }, 
        "_subtypes" : ["DocumentAnnotation",  "PartsofCause",  "Sentence",  "TagsetDescription",  "Token",  "TypesofCause" ] }, 
      "AnnotationBase" : {
        "_feature_types" : {"sofa" : "_ref" }, 
        "_subtypes" : ["Annotation" ] }, 
      "TOP" : {
        "_subtypes" : ["AnnotationBase",  "FeatureDefinition",  "LayerDefinition",  "Sofa" ] } } }, 
  "_views" : {
    "_InitialView" : {
      "FeatureDefinition" : [
        {"layer" : 2891,  "name" : "referenceRelation",  "uiName" : "Reference Relation" }, 
        {"layer" : 2891,  "name" : "referenceType",  "uiName" : "Reference Type" }, 
        {"layer" : 2902,  "name" : "PartsofCause",  "uiName" : "Parts of Cause" }, 
        {"layer" : 2909,  "name" : "TypesofCause",  "uiName" : "Types of Cause" } ], 
      "LayerDefinition" : [2891,  2902,  2909 ], 
      "DocumentMetaData" : [
        {"sofa" : 1,  "end" : 743,  "language" : "x-unspecified",  "documentTitle" : "fable-06.txt",  "documentId" : "GJW",  "documentUri" : "file:/srv/inception/repository/project/2/document/2308/source/GJW",  "collectionId" : "file:/srv/inception/repository/project/2/document/2308/source/",  "documentBaseUri" : "file:/srv/inception/repository/project/2/document/2308/source/",  "isLastSegment" : false } ], 
      "TagsetDescription" : [
        {"sofa" : 1,  "layer" : "webanno.custom.PartsofCause",  "name" : "Parts of Cause",  "input" : false }, 
        {"sofa" : 1,  "layer" : "webanno.custom.TypesofCause",  "name" : "Causal Relations",  "input" : false } ], 
      "Sentence" : [
        {"sofa" : 1,  "end" : 118 }, 
        {"sofa" : 1,  "begin" : 119,  "end" : 208 }, 
        {"sofa" : 1,  "begin" : 209,  "end" : 297 }, 
        {"sofa" : 1,  "begin" : 298,  "end" : 336 }, 
        {"sofa" : 1,  "begin" : 337,  "end" : 379 }, 
        {"sofa" : 1,  "begin" : 380,  "end" : 413 }, 
        {"sofa" : 1,  "begin" : 414,  "end" : 478 }, 
        {"sofa" : 1,  "begin" : 479,  "end" : 572 }, 
        {"sofa" : 1,  "begin" : 573,  "end" : 632 }, 
        {"sofa" : 1,  "begin" : 633,  "end" : 669 }, 
        {"sofa" : 1,  "begin" : 670,  "end" : 683 }, 
        {"sofa" : 1,  "begin" : 684,  "end" : 743 } ], 
      "Token" : [
        {"sofa" : 1,  "end" : 1 }, 
        {"sofa" : 1,  "begin" : 2,  "end" : 8 }, 
        {"sofa" : 1,  "begin" : 9,  "end" : 12 }, 
        {"sofa" : 1,  "begin" : 13,  "end" : 17 }, 
        {"sofa" : 1,  "begin" : 18,  "end" : 20 }, 
        {"sofa" : 1,  "begin" : 21,  "end" : 24 }, 
        {"sofa" : 1,  "begin" : 25,  "end" : 29 }, 
        {"sofa" : 1,  "begin" : 30,  "end" : 31 }, 
        {"sofa" : 1,  "begin" : 32,  "end" : 35 }, 
        {"sofa" : 1,  "begin" : 36,  "end" : 42 }, 
        {"sofa" : 1,  "begin" : 43,  "end" : 47 }, 
        {"sofa" : 1,  "begin" : 48,  "end" : 49 }, 
        {"sofa" : 1,  "begin" : 50,  "end" : 56 }, 
        {"sofa" : 1,  "begin" : 57,  "end" : 61 }, 
        {"sofa" : 1,  "begin" : 62,  "end" : 64 }, 
        {"sofa" : 1,  "begin" : 65,  "end" : 68 }, 
        {"sofa" : 1,  "begin" : 69,  "end" : 70 }, 
        {"sofa" : 1,  "begin" : 71,  "end" : 78 }, 
        {"sofa" : 1,  "begin" : 79,  "end" : 86 }, 
        {"sofa" : 1,  "begin" : 87,  "end" : 89 }, 
        {"sofa" : 1,  "begin" : 90,  "end" : 95 }, 
        {"sofa" : 1,  "begin" : 96,  "end" : 99 }, 
        {"sofa" : 1,  "begin" : 100,  "end" : 102 }, 
        {"sofa" : 1,  "begin" : 103,  "end" : 112 }, 
        {"sofa" : 1,  "begin" : 113,  "end" : 116 }, 
        {"sofa" : 1,  "begin" : 117,  "end" : 118 }, 
        {"sofa" : 1,  "begin" : 119,  "end" : 123 }, 
        {"sofa" : 1,  "begin" : 124,  "end" : 126 }, 
        {"sofa" : 1,  "begin" : 127,  "end" : 130 }, 
        {"sofa" : 1,  "begin" : 131,  "end" : 135 }, 
        {"sofa" : 1,  "begin" : 136,  "end" : 144 }, 
        {"sofa" : 1,  "begin" : 145,  "end" : 156 }, 
        {"sofa" : 1,  "begin" : 157,  "end" : 160 }, 
        {"sofa" : 1,  "begin" : 161,  "end" : 165 }, 
        {"sofa" : 1,  "begin" : 166,  "end" : 170 }, 
        {"sofa" : 1,  "begin" : 171,  "end" : 172 }, 
        {"sofa" : 1,  "begin" : 173,  "end" : 176 }, 
        {"sofa" : 1,  "begin" : 177,  "end" : 181 }, 
        {"sofa" : 1,  "begin" : 182,  "end" : 186 }, 
        {"sofa" : 1,  "begin" : 187,  "end" : 189 }, 
        {"sofa" : 1,  "begin" : 190,  "end" : 193 }, 
        {"sofa" : 1,  "begin" : 194,  "end" : 199 }, 
        {"sofa" : 1,  "begin" : 200,  "end" : 206 }, 
        {"sofa" : 1,  "begin" : 207,  "end" : 208 }, 
        {"sofa" : 1,  "begin" : 209,  "end" : 212 }, 
        {"sofa" : 1,  "begin" : 213,  "end" : 216 }, 
        {"sofa" : 1,  "begin" : 217,  "end" : 222 }, 
        {"sofa" : 1,  "begin" : 223,  "end" : 225 }, 
        {"sofa" : 1,  "begin" : 226,  "end" : 227 }, 
        {"sofa" : 1,  "begin" : 228,  "end" : 233 }, 
        {"sofa" : 1,  "begin" : 234,  "end" : 238 }, 
        {"sofa" : 1,  "begin" : 239,  "end" : 241 }, 
        {"sofa" : 1,  "begin" : 242,  "end" : 247 }, 
        {"sofa" : 1,  "begin" : 248,  "end" : 257 }, 
        {"sofa" : 1,  "begin" : 258,  "end" : 259 }, 
        {"sofa" : 1,  "begin" : 260,  "end" : 263 }, 
        {"sofa" : 1,  "begin" : 264,  "end" : 269 }, 
        {"sofa" : 1,  "begin" : 270,  "end" : 272 }, 
        {"sofa" : 1,  "begin" : 273,  "end" : 278 }, 
        {"sofa" : 1,  "begin" : 279,  "end" : 282 }, 
        {"sofa" : 1,  "begin" : 283,  "end" : 287 }, 
        {"sofa" : 1,  "begin" : 288,  "end" : 290 }, 
        {"sofa" : 1,  "begin" : 291,  "end" : 295 }, 
        {"sofa" : 1,  "begin" : 296,  "end" : 297 }, 
        {"sofa" : 1,  "begin" : 298,  "end" : 300 }, 
        {"sofa" : 1,  "begin" : 301,  "end" : 306 }, 
        {"sofa" : 1,  "begin" : 307,  "end" : 310 }, 
        {"sofa" : 1,  "begin" : 311,  "end" : 314 }, 
        {"sofa" : 1,  "begin" : 315,  "end" : 319 }, 
        {"sofa" : 1,  "begin" : 320,  "end" : 323 }, 
        {"sofa" : 1,  "begin" : 324,  "end" : 326 }, 
        {"sofa" : 1,  "begin" : 327,  "end" : 330 }, 
        {"sofa" : 1,  "begin" : 331,  "end" : 334 }, 
        {"sofa" : 1,  "begin" : 335,  "end" : 336 }, 
        {"sofa" : 1,  "begin" : 337,  "end" : 338 }, 
        {"sofa" : 1,  "begin" : 339,  "end" : 343 }, 
        {"sofa" : 1,  "begin" : 344,  "end" : 345 }, 
        {"sofa" : 1,  "begin" : 346,  "end" : 352 }, 
        {"sofa" : 1,  "begin" : 353,  "end" : 354 }, 
        {"sofa" : 1,  "begin" : 355,  "end" : 356 }, 
        {"sofa" : 1,  "begin" : 357,  "end" : 361 }, 
        {"sofa" : 1,  "begin" : 362,  "end" : 365 }, 
        {"sofa" : 1,  "begin" : 366,  "end" : 368 }, 
        {"sofa" : 1,  "begin" : 369,  "end" : 372 }, 
        {"sofa" : 1,  "begin" : 373,  "end" : 377 }, 
        {"sofa" : 1,  "begin" : 378,  "end" : 379 }, 
        {"sofa" : 1,  "begin" : 380,  "end" : 381 }, 
        {"sofa" : 1,  "begin" : 382,  "end" : 384 }, 
        {"sofa" : 1,  "begin" : 385,  "end" : 388 }, 
        {"sofa" : 1,  "begin" : 389,  "end" : 393 }, 
        {"sofa" : 1,  "begin" : 394,  "end" : 396 }, 
        {"sofa" : 1,  "begin" : 397,  "end" : 400 }, 
        {"sofa" : 1,  "begin" : 401,  "end" : 405 }, 
        {"sofa" : 1,  "begin" : 406,  "end" : 409 }, 
        {"sofa" : 1,  "begin" : 410,  "end" : 411 }, 
        {"sofa" : 1,  "begin" : 412,  "end" : 413 }, 
        {"sofa" : 1,  "begin" : 414,  "end" : 415 }, 
        {"sofa" : 1,  "begin" : 416,  "end" : 418 }, 
        {"sofa" : 1,  "begin" : 419,  "end" : 420 }, 
        {"sofa" : 1,  "begin" : 421,  "end" : 422 }, 
        {"sofa" : 1,  "begin" : 423,  "end" : 427 }, 
        {"sofa" : 1,  "begin" : 428,  "end" : 431 }, 
        {"sofa" : 1,  "begin" : 432,  "end" : 435 }, 
        {"sofa" : 1,  "begin" : 436,  "end" : 437 }, 
        {"sofa" : 1,  "begin" : 438,  "end" : 439 }, 
        {"sofa" : 1,  "begin" : 440,  "end" : 441 }, 
        {"sofa" : 1,  "begin" : 442,  "end" : 448 }, 
        {"sofa" : 1,  "begin" : 449,  "end" : 452 }, 
        {"sofa" : 1,  "begin" : 453,  "end" : 458 }, 
        {"sofa" : 1,  "begin" : 459,  "end" : 461 }, 
        {"sofa" : 1,  "begin" : 462,  "end" : 466 }, 
        {"sofa" : 1,  "begin" : 467,  "end" : 468 }, 
        {"sofa" : 1,  "begin" : 469,  "end" : 474 }, 
        {"sofa" : 1,  "begin" : 475,  "end" : 476 }, 
        {"sofa" : 1,  "begin" : 477,  "end" : 478 }, 
        {"sofa" : 1,  "begin" : 479,  "end" : 480 }, 
        {"sofa" : 1,  "begin" : 481,  "end" : 485 }, 
        {"sofa" : 1,  "begin" : 486,  "end" : 490 }, 
        {"sofa" : 1,  "begin" : 491,  "end" : 492 }, 
        {"sofa" : 1,  "begin" : 493,  "end" : 497 }, 
        {"sofa" : 1,  "begin" : 498,  "end" : 499 }, 
        {"sofa" : 1,  "begin" : 500,  "end" : 501 }, 
        {"sofa" : 1,  "begin" : 502,  "end" : 506 }, 
        {"sofa" : 1,  "begin" : 507,  "end" : 510 }, 
        {"sofa" : 1,  "begin" : 511,  "end" : 513 }, 
        {"sofa" : 1,  "begin" : 514,  "end" : 515 }, 
        {"sofa" : 1,  "begin" : 516,  "end" : 517 }, 
        {"sofa" : 1,  "begin" : 518,  "end" : 520 }, 
        {"sofa" : 1,  "begin" : 521,  "end" : 523 }, 
        {"sofa" : 1,  "begin" : 524,  "end" : 528 }, 
        {"sofa" : 1,  "begin" : 529,  "end" : 531 }, 
        {"sofa" : 1,  "begin" : 532,  "end" : 535 }, 
        {"sofa" : 1,  "begin" : 536,  "end" : 538 }, 
        {"sofa" : 1,  "begin" : 539,  "end" : 540 }, 
        {"sofa" : 1,  "begin" : 541,  "end" : 544 }, 
        {"sofa" : 1,  "begin" : 545,  "end" : 547 }, 
        {"sofa" : 1,  "begin" : 548,  "end" : 551 }, 
        {"sofa" : 1,  "begin" : 552,  "end" : 558 }, 
        {"sofa" : 1,  "begin" : 559,  "end" : 562 }, 
        {"sofa" : 1,  "begin" : 563,  "end" : 568 }, 
        {"sofa" : 1,  "begin" : 569,  "end" : 570 }, 
        {"sofa" : 1,  "begin" : 571,  "end" : 572 }, 
        {"sofa" : 1,  "begin" : 573,  "end" : 574 }, 
        {"sofa" : 1,  "begin" : 575,  "end" : 577 }, 
        {"sofa" : 1,  "begin" : 578,  "end" : 579 }, 
        {"sofa" : 1,  "begin" : 580,  "end" : 582 }, 
        {"sofa" : 1,  "begin" : 583,  "end" : 587 }, 
        {"sofa" : 1,  "begin" : 588,  "end" : 589 }, 
        {"sofa" : 1,  "begin" : 590,  "end" : 591 }, 
        {"sofa" : 1,  "begin" : 592,  "end" : 599 }, 
        {"sofa" : 1,  "begin" : 600,  "end" : 603 }, 
        {"sofa" : 1,  "begin" : 604,  "end" : 607 }, 
        {"sofa" : 1,  "begin" : 608,  "end" : 609 }, 
        {"sofa" : 1,  "begin" : 610,  "end" : 611 }, 
        {"sofa" : 1,  "begin" : 612,  "end" : 615 }, 
        {"sofa" : 1,  "begin" : 616,  "end" : 619 }, 
        {"sofa" : 1,  "begin" : 620,  "end" : 622 }, 
        {"sofa" : 1,  "begin" : 623,  "end" : 628 }, 
        {"sofa" : 1,  "begin" : 629,  "end" : 630 }, 
        {"sofa" : 1,  "begin" : 631,  "end" : 632 }, 
        {"sofa" : 1,  "begin" : 633,  "end" : 634 }, 
        {"sofa" : 1,  "begin" : 635,  "end" : 639 }, 
        {"sofa" : 1,  "begin" : 640,  "end" : 642 }, 
        {"sofa" : 1,  "begin" : 643,  "end" : 647 }, 
        {"sofa" : 1,  "begin" : 648,  "end" : 649 }, 
        {"sofa" : 1,  "begin" : 650,  "end" : 658 }, 
        {"sofa" : 1,  "begin" : 659,  "end" : 665 }, 
        {"sofa" : 1,  "begin" : 666,  "end" : 667 }, 
        {"sofa" : 1,  "begin" : 668,  "end" : 669 }, 
        {"sofa" : 1,  "begin" : 670,  "end" : 674 }, 
        {"sofa" : 1,  "begin" : 675,  "end" : 678 }, 
        {"sofa" : 1,  "begin" : 679,  "end" : 681 }, 
        {"sofa" : 1,  "begin" : 682,  "end" : 683 }, 
        {"sofa" : 1,  "begin" : 684,  "end" : 685 }, 
        {"sofa" : 1,  "begin" : 686,  "end" : 688 }, 
        {"sofa" : 1,  "begin" : 689,  "end" : 693 }, 
        {"sofa" : 1,  "begin" : 694,  "end" : 701 }, 
        {"sofa" : 1,  "begin" : 702,  "end" : 705 }, 
        {"sofa" : 1,  "begin" : 706,  "end" : 709 }, 
        {"sofa" : 1,  "begin" : 710,  "end" : 713 }, 
        {"sofa" : 1,  "begin" : 714,  "end" : 721 }, 
        {"sofa" : 1,  "begin" : 722,  "end" : 725 }, 
        {"sofa" : 1,  "begin" : 726,  "end" : 729 }, 
        {"sofa" : 1,  "begin" : 730,  "end" : 732 }, 
        {"sofa" : 1,  "begin" : 733,  "end" : 736 }, 
        {"sofa" : 1,  "begin" : 737,  "end" : 739 }, 
        {"sofa" : 1,  "begin" : 740,  "end" : 741 }, 
        {"sofa" : 1,  "begin" : 742,  "end" : 743 } ], 
      "PartsofCause" : [2597,  2575,  2584,  2657,  2648,  2670,  2751,  2725,  2734,  2811,  2802,  2820 ], 
      "TypesofCause" : [
        {"sofa" : 1,  "begin" : 71,  "end" : 95,  "Dependent" : 2597,  "Governor" : 2575,  "TypesofCause" : "Cause" }, 
        {"sofa" : 1,  "begin" : 100,  "end" : 116,  "Dependent" : 2584,  "Governor" : 2575,  "TypesofCause" : "Effect" }, 
        {"sofa" : 1,  "begin" : 173,  "end" : 189,  "Dependent" : 2657,  "Governor" : 2648,  "TypesofCause" : "Cause" }, 
        {"sofa" : 1,  "begin" : 194,  "end" : 206,  "Dependent" : 2670,  "Governor" : 2648,  "TypesofCause" : "Effect" }, 
        {"sofa" : 1,  "begin" : 209,  "end" : 238,  "Dependent" : 2751,  "Governor" : 2725,  "TypesofCause" : "Effect" }, 
        {"sofa" : 1,  "begin" : 242,  "end" : 257,  "Dependent" : 2734,  "Governor" : 2725,  "TypesofCause" : "Cause" }, 
        {"sofa" : 1,  "begin" : 518,  "end" : 538,  "Dependent" : 2811,  "Governor" : 2802 }, 
        {"sofa" : 1,  "begin" : 545,  "end" : 568,  "Dependent" : 2820,  "Governor" : 2802,  "TypesofCause" : "Cause" } ] } }, 
  "_referenced_fss" : {
    "1" : {"_type" : "Sofa",  "sofaNum" : 1,  "sofaID" : "_InitialView",  "mimeType" : "text",  "sofaString" : "A SLEEPY Dog went to the barn , and jumped into a manger full of hay , curling himself up there for an afternoon nap .\nWhen he had been sleeping comfortably for some time , the Oxen came in for their supper .\nThe Dog awoke in a great rage at being disturbed , and began to growl and bark at them .\nHe would not let them get at the hay .\n“ Stop a moment , ” said one of the Oxen .\n“ Do you want to eat this hay ? ”\n“ No , ” said the Dog ; “ I should n’t think of such a thing . ”\n“ Very well , then , ” said the Ox , “ we do want to eat it , for we are hungry and tired . ”\n“ Oh , go away , ” growled the Dog , “ and let me sleep . ”\n“ What an ugly , snappish fellow ! ”\nsaid the Ox .\n“ He will neither eat the hay himself nor let us eat it ! ”" }, 
    "2597" : {"_type" : "PartsofCause",  "sofa" : 1,  "begin" : 71,  "end" : 95,  "PartsofCause" : "Causing" }, 
    "2575" : {"_type" : "PartsofCause",  "sofa" : 1,  "begin" : 96,  "end" : 99,  "PartsofCause" : "Causing" }, 
    "2584" : {"_type" : "PartsofCause",  "sofa" : 1,  "begin" : 100,  "end" : 116,  "PartsofCause" : "Argument" }, 
    "2657" : {"_type" : "PartsofCause",  "sofa" : 1,  "begin" : 173,  "end" : 189,  "PartsofCause" : "Argument" }, 
    "2648" : {"_type" : "PartsofCause",  "sofa" : 1,  "begin" : 190,  "end" : 193,  "PartsofCause" : "Argument" }, 
    "2670" : {"_type" : "PartsofCause",  "sofa" : 1,  "begin" : 194,  "end" : 206,  "PartsofCause" : "Argument" }, 
    "2751" : {"_type" : "PartsofCause",  "sofa" : 1,  "begin" : 209,  "end" : 238,  "PartsofCause" : "Argument" }, 
    "2725" : {"_type" : "PartsofCause",  "sofa" : 1,  "begin" : 239,  "end" : 241,  "PartsofCause" : "Causing" }, 
    "2734" : {"_type" : "PartsofCause",  "sofa" : 1,  "begin" : 242,  "end" : 257,  "PartsofCause" : "Argument" }, 
    "2811" : {"_type" : "PartsofCause",  "sofa" : 1,  "begin" : 518,  "end" : 538 }, 
    "2802" : {"_type" : "PartsofCause",  "sofa" : 1,  "begin" : 541,  "end" : 544,  "PartsofCause" : "Causing" }, 
    "2820" : {"_type" : "PartsofCause",  "sofa" : 1,  "begin" : 545,  "end" : 568,  "PartsofCause" : "Argument" }, 
    "2891" : {"_type" : "LayerDefinition",  "name" : "webanno.custom.DisjointCausalSpans",  "uiName" : "Disjoint Causal Spans" }, 
    "2902" : {"_type" : "LayerDefinition",  "name" : "webanno.custom.PartsofCause",  "uiName" : "Parts of Cause" }, 
    "2909" : {"_type" : "LayerDefinition",  "name" : "webanno.custom.TypesofCause",  "uiName" : "Types of Cause" } } }