{"_context" : {
    "_types" : {
      "DisjointCausalSpansChain" : {
        "_feature_types" : {"sofa" : "_ref",  "first" : "_ref" } }, 
      "DisjointCausalSpansLink" : {
        "_feature_types" : {"sofa" : "_ref",  "next" : "_ref" } }, 
      "DocumentMetaData" : {
        "_feature_types" : {"sofa" : "_ref" } }, 
      "FeatureDefinition" : {
        "_feature_types" : {"layer" : "_ref" } }, 
      "LayerDefinition" : { }, 
      "PartsofCause" : {
        "_feature_types" : {"sofa" : "_ref" } }, 
      "Sentence" : {
        "_feature_types" : {"sofa" : "_ref" } }, 
      "Sofa" : {
        "_feature_types" : {"sofaArray" : "_ref" } }, 
      "TagsetDescription" : {
        "_feature_types" : {"sofa" : "_ref",  "tags" : "_ref" } }, 
      "Token" : {
        "_feature_types" : {"sofa" : "_ref",  "parent" : "_ref",  "lemma" : "_ref",  "stem" : "_ref",  "pos" : "_ref",  "morph" : "_ref",  "form" : "_ref" } }, 
      "TypesofCause" : {
        "_feature_types" : {"sofa" : "_ref",  "Dependent" : "_ref",  "Governor" : "_ref" } }, 
      "AnnotationBase" : {
        "_feature_types" : {"sofa" : "_ref" }, 
        "_subtypes" : ["DisjointCausalSpansChain",  "Annotation" ] }, 
      "TOP" : {
        "_subtypes" : ["AnnotationBase",  "FeatureDefinition",  "LayerDefinition",  "Sofa" ] }, 
      "Annotation" : {
        "_feature_types" : {"sofa" : "_ref" }, 
        "_subtypes" : ["DisjointCausalSpansLink",  "DocumentAnnotation",  "PartsofCause",  "Sentence",  "TagsetDescription",  "Token",  "TypesofCause" ] }, 
      "DocumentAnnotation" : {
        "_feature_types" : {"sofa" : "_ref" }, 
        "_subtypes" : ["DocumentMetaData" ] } } }, 
  "_views" : {
    "_InitialView" : {
      "FeatureDefinition" : [
        {"layer" : 3259,  "name" : "referenceRelation",  "uiName" : "Reference Relation" }, 
        {"layer" : 3259,  "name" : "referenceType",  "uiName" : "Reference Type" }, 
        {"layer" : 3270,  "name" : "PartsofCause",  "uiName" : "Parts of Cause" }, 
        {"layer" : 3277,  "name" : "TypesofCause",  "uiName" : "Types of Cause" } ], 
      "LayerDefinition" : [3259,  3270,  3277 ], 
      "DocumentMetaData" : [
        {"sofa" : 1,  "end" : 846,  "language" : "x-unspecified",  "documentTitle" : "cnn-08.txt",  "documentId" : "GJW",  "documentUri" : "file:/srv/inception/repository/project/2/document/2360/source/GJW",  "collectionId" : "file:/srv/inception/repository/project/2/document/2360/source/",  "documentBaseUri" : "file:/srv/inception/repository/project/2/document/2360/source/",  "isLastSegment" : false } ], 
      "TagsetDescription" : [
        {"sofa" : 1,  "layer" : "webanno.custom.PartsofCause",  "name" : "Parts of Cause",  "input" : false }, 
        {"sofa" : 1,  "layer" : "webanno.custom.TypesofCause",  "name" : "Causal Relations",  "input" : false } ], 
      "Sentence" : [
        {"sofa" : 1,  "end" : 150 }, 
        {"sofa" : 1,  "begin" : 151,  "end" : 262 }, 
        {"sofa" : 1,  "begin" : 263,  "end" : 384 }, 
        {"sofa" : 1,  "begin" : 385,  "end" : 489 }, 
        {"sofa" : 1,  "begin" : 490,  "end" : 554 }, 
        {"sofa" : 1,  "begin" : 555,  "end" : 625 }, 
        {"sofa" : 1,  "begin" : 626,  "end" : 646 }, 
        {"sofa" : 1,  "begin" : 647,  "end" : 729 }, 
        {"sofa" : 1,  "begin" : 730,  "end" : 846 } ], 
      "Token" : [
        {"sofa" : 1,  "end" : 2 }, 
        {"sofa" : 1,  "begin" : 3,  "end" : 8 }, 
        {"sofa" : 1,  "begin" : 9,  "end" : 12 }, 
        {"sofa" : 1,  "begin" : 13,  "end" : 17 }, 
        {"sofa" : 1,  "begin" : 18,  "end" : 25 }, 
        {"sofa" : 1,  "begin" : 26,  "end" : 29 }, 
        {"sofa" : 1,  "begin" : 30,  "end" : 33 }, 
        {"sofa" : 1,  "begin" : 34,  "end" : 36 }, 
        {"sofa" : 1,  "begin" : 37,  "end" : 38 }, 
        {"sofa" : 1,  "begin" : 39,  "end" : 46 }, 
        {"sofa" : 1,  "begin" : 47,  "end" : 51 }, 
        {"sofa" : 1,  "begin" : 52,  "end" : 59 }, 
        {"sofa" : 1,  "begin" : 60,  "end" : 68 }, 
        {"sofa" : 1,  "begin" : 69,  "end" : 72 }, 
        {"sofa" : 1,  "begin" : 73,  "end" : 76 }, 
        {"sofa" : 1,  "begin" : 77,  "end" : 82 }, 
        {"sofa" : 1,  "begin" : 83,  "end" : 90 }, 
        {"sofa" : 1,  "begin" : 91,  "end" : 92 }, 
        {"sofa" : 1,  "begin" : 93,  "end" : 94 }, 
        {"sofa" : 1,  "begin" : 95,  "end" : 104 }, 
        {"sofa" : 1,  "begin" : 105,  "end" : 107 }, 
        {"sofa" : 1,  "begin" : 108,  "end" : 111 }, 
        {"sofa" : 1,  "begin" : 112,  "end" : 116 }, 
        {"sofa" : 1,  "begin" : 117,  "end" : 119 }, 
        {"sofa" : 1,  "begin" : 120,  "end" : 128 }, 
        {"sofa" : 1,  "begin" : 129,  "end" : 136 }, 
        {"sofa" : 1,  "begin" : 137,  "end" : 141 }, 
        {"sofa" : 1,  "begin" : 142,  "end" : 148 }, 
        {"sofa" : 1,  "begin" : 149,  "end" : 150 }, 
        {"sofa" : 1,  "begin" : 151,  "end" : 154 }, 
        {"sofa" : 1,  "begin" : 155,  "end" : 164 }, 
        {"sofa" : 1,  "begin" : 165,  "end" : 169 }, 
        {"sofa" : 1,  "begin" : 170,  "end" : 173 }, 
        {"sofa" : 1,  "begin" : 174,  "end" : 178 }, 
        {"sofa" : 1,  "begin" : 179,  "end" : 181 }, 
        {"sofa" : 1,  "begin" : 182,  "end" : 189 }, 
        {"sofa" : 1,  "begin" : 190,  "end" : 193 }, 
        {"sofa" : 1,  "begin" : 194,  "end" : 197 }, 
        {"sofa" : 1,  "begin" : 198,  "end" : 207 }, 
        {"sofa" : 1,  "begin" : 208,  "end" : 219 }, 
        {"sofa" : 1,  "begin" : 220,  "end" : 224 }, 
        {"sofa" : 1,  "begin" : 225,  "end" : 229 }, 
        {"sofa" : 1,  "begin" : 230,  "end" : 232 }, 
        {"sofa" : 1,  "begin" : 233,  "end" : 236 }, 
        {"sofa" : 1,  "begin" : 237,  "end" : 239 }, 
        {"sofa" : 1,  "begin" : 240,  "end" : 241 }, 
        {"sofa" : 1,  "begin" : 242,  "end" : 245 }, 
        {"sofa" : 1,  "begin" : 246,  "end" : 253 }, 
        {"sofa" : 1,  "begin" : 254,  "end" : 258 }, 
        {"sofa" : 1,  "begin" : 259,  "end" : 260 }, 
        {"sofa" : 1,  "begin" : 261,  "end" : 262 }, 
        {"sofa" : 1,  "begin" : 263,  "end" : 264 }, 
        {"sofa" : 1,  "begin" : 265,  "end" : 267 }, 
        {"sofa" : 1,  "begin" : 268,  "end" : 273 }, 
        {"sofa" : 1,  "begin" : 274,  "end" : 278 }, 
        {"sofa" : 1,  "begin" : 279,  "end" : 281 }, 
        {"sofa" : 1,  "begin" : 282,  "end" : 286 }, 
        {"sofa" : 1,  "begin" : 287,  "end" : 291 }, 
        {"sofa" : 1,  "begin" : 292,  "end" : 294 }, 
        {"sofa" : 1,  "begin" : 295,  "end" : 297 }, 
        {"sofa" : 1,  "begin" : 298,  "end" : 301 }, 
        {"sofa" : 1,  "begin" : 302,  "end" : 309 }, 
        {"sofa" : 1,  "begin" : 310,  "end" : 314 }, 
        {"sofa" : 1,  "begin" : 315,  "end" : 324 }, 
        {"sofa" : 1,  "begin" : 325,  "end" : 332 }, 
        {"sofa" : 1,  "begin" : 333,  "end" : 337 }, 
        {"sofa" : 1,  "begin" : 338,  "end" : 339 }, 
        {"sofa" : 1,  "begin" : 340,  "end" : 342 }, 
        {"sofa" : 1,  "begin" : 343,  "end" : 346 }, 
        {"sofa" : 1,  "begin" : 347,  "end" : 350 }, 
        {"sofa" : 1,  "begin" : 351,  "end" : 354 }, 
        {"sofa" : 1,  "begin" : 355,  "end" : 359 }, 
        {"sofa" : 1,  "begin" : 360,  "end" : 361 }, 
        {"sofa" : 1,  "begin" : 362,  "end" : 363 }, 
        {"sofa" : 1,  "begin" : 364,  "end" : 367 }, 
        {"sofa" : 1,  "begin" : 368,  "end" : 377 }, 
        {"sofa" : 1,  "begin" : 378,  "end" : 382 }, 
        {"sofa" : 1,  "begin" : 383,  "end" : 384 }, 
        {"sofa" : 1,  "begin" : 385,  "end" : 386 }, 
        {"sofa" : 1,  "begin" : 387,  "end" : 391 }, 
        {"sofa" : 1,  "begin" : 392,  "end" : 395 }, 
        {"sofa" : 1,  "begin" : 396,  "end" : 403 }, 
        {"sofa" : 1,  "begin" : 404,  "end" : 407 }, 
        {"sofa" : 1,  "begin" : 408,  "end" : 411 }, 
        {"sofa" : 1,  "begin" : 412,  "end" : 414 }, 
        {"sofa" : 1,  "begin" : 415,  "end" : 416 }, 
        {"sofa" : 1,  "begin" : 417,  "end" : 424 }, 
        {"sofa" : 1,  "begin" : 425,  "end" : 430 }, 
        {"sofa" : 1,  "begin" : 431,  "end" : 433 }, 
        {"sofa" : 1,  "begin" : 434,  "end" : 441 }, 
        {"sofa" : 1,  "begin" : 442,  "end" : 446 }, 
        {"sofa" : 1,  "begin" : 447,  "end" : 450 }, 
        {"sofa" : 1,  "begin" : 451,  "end" : 459 }, 
        {"sofa" : 1,  "begin" : 460,  "end" : 464 }, 
        {"sofa" : 1,  "begin" : 465,  "end" : 472 }, 
        {"sofa" : 1,  "begin" : 473,  "end" : 475 }, 
        {"sofa" : 1,  "begin" : 476,  "end" : 482 }, 
        {"sofa" : 1,  "begin" : 483,  "end" : 485 }, 
        {"sofa" : 1,  "begin" : 486,  "end" : 487 }, 
        {"sofa" : 1,  "begin" : 488,  "end" : 489 }, 
        {"sofa" : 1,  "begin" : 490,  "end" : 494 }, 
        {"sofa" : 1,  "begin" : 495,  "end" : 498 }, 
        {"sofa" : 1,  "begin" : 499,  "end" : 502 }, 
        {"sofa" : 1,  "begin" : 503,  "end" : 507 }, 
        {"sofa" : 1,  "begin" : 508,  "end" : 513 }, 
        {"sofa" : 1,  "begin" : 514,  "end" : 517 }, 
        {"sofa" : 1,  "begin" : 518,  "end" : 520 }, 
        {"sofa" : 1,  "begin" : 521,  "end" : 532 }, 
        {"sofa" : 1,  "begin" : 533,  "end" : 540 }, 
        {"sofa" : 1,  "begin" : 541,  "end" : 544 }, 
        {"sofa" : 1,  "begin" : 545,  "end" : 552 }, 
        {"sofa" : 1,  "begin" : 553,  "end" : 554 }, 
        {"sofa" : 1,  "begin" : 555,  "end" : 556 }, 
        {"sofa" : 1,  "begin" : 557,  "end" : 559 }, 
        {"sofa" : 1,  "begin" : 560,  "end" : 563 }, 
        {"sofa" : 1,  "begin" : 564,  "end" : 568 }, 
        {"sofa" : 1,  "begin" : 569,  "end" : 571 }, 
        {"sofa" : 1,  "begin" : 572,  "end" : 575 }, 
        {"sofa" : 1,  "begin" : 576,  "end" : 580 }, 
        {"sofa" : 1,  "begin" : 581,  "end" : 582 }, 
        {"sofa" : 1,  "begin" : 583,  "end" : 587 }, 
        {"sofa" : 1,  "begin" : 588,  "end" : 596 }, 
        {"sofa" : 1,  "begin" : 597,  "end" : 601 }, 
        {"sofa" : 1,  "begin" : 602,  "end" : 603 }, 
        {"sofa" : 1,  "begin" : 604,  "end" : 606 }, 
        {"sofa" : 1,  "begin" : 607,  "end" : 609 }, 
        {"sofa" : 1,  "begin" : 610,  "end" : 613 }, 
        {"sofa" : 1,  "begin" : 614,  "end" : 616 }, 
        {"sofa" : 1,  "begin" : 617,  "end" : 621 }, 
        {"sofa" : 1,  "begin" : 622,  "end" : 623 }, 
        {"sofa" : 1,  "begin" : 624,  "end" : 625 }, 
        {"sofa" : 1,  "begin" : 626,  "end" : 629 }, 
        {"sofa" : 1,  "begin" : 630,  "end" : 639 }, 
        {"sofa" : 1,  "begin" : 640,  "end" : 644 }, 
        {"sofa" : 1,  "begin" : 645,  "end" : 646 }, 
        {"sofa" : 1,  "begin" : 647,  "end" : 648 }, 
        {"sofa" : 1,  "begin" : 649,  "end" : 653 }, 
        {"sofa" : 1,  "begin" : 654,  "end" : 660 }, 
        {"sofa" : 1,  "begin" : 661,  "end" : 663 }, 
        {"sofa" : 1,  "begin" : 664,  "end" : 669 }, 
        {"sofa" : 1,  "begin" : 670,  "end" : 676 }, 
        {"sofa" : 1,  "begin" : 677,  "end" : 680 }, 
        {"sofa" : 1,  "begin" : 681,  "end" : 689 }, 
        {"sofa" : 1,  "begin" : 690,  "end" : 692 }, 
        {"sofa" : 1,  "begin" : 693,  "end" : 696 }, 
        {"sofa" : 1,  "begin" : 697,  "end" : 701 }, 
        {"sofa" : 1,  "begin" : 702,  "end" : 705 }, 
        {"sofa" : 1,  "begin" : 706,  "end" : 711 }, 
        {"sofa" : 1,  "begin" : 712,  "end" : 725 }, 
        {"sofa" : 1,  "begin" : 726,  "end" : 727 }, 
        {"sofa" : 1,  "begin" : 728,  "end" : 729 }, 
        {"sofa" : 1,  "begin" : 730,  "end" : 734 }, 
        {"sofa" : 1,  "begin" : 735,  "end" : 737 }, 
        {"sofa" : 1,  "begin" : 738,  "end" : 741 }, 
        {"sofa" : 1,  "begin" : 742,  "end" : 746 }, 
        {"sofa" : 1,  "begin" : 747,  "end" : 752 }, 
        {"sofa" : 1,  "begin" : 753,  "end" : 757 }, 
        {"sofa" : 1,  "begin" : 758,  "end" : 762 }, 
        {"sofa" : 1,  "begin" : 763,  "end" : 768 }, 
        {"sofa" : 1,  "begin" : 769,  "end" : 772 }, 
        {"sofa" : 1,  "begin" : 773,  "end" : 777 }, 
        {"sofa" : 1,  "begin" : 778,  "end" : 783 }, 
        {"sofa" : 1,  "begin" : 784,  "end" : 788 }, 
        {"sofa" : 1,  "begin" : 789,  "end" : 792 }, 
        {"sofa" : 1,  "begin" : 793,  "end" : 795 }, 
        {"sofa" : 1,  "begin" : 796,  "end" : 804 }, 
        {"sofa" : 1,  "begin" : 805,  "end" : 811 }, 
        {"sofa" : 1,  "begin" : 812,  "end" : 815 }, 
        {"sofa" : 1,  "begin" : 816,  "end" : 822 }, 
        {"sofa" : 1,  "begin" : 823,  "end" : 827 }, 
        {"sofa" : 1,  "begin" : 828,  "end" : 834 }, 
        {"sofa" : 1,  "begin" : 835,  "end" : 837 }, 
        {"sofa" : 1,  "begin" : 838,  "end" : 844 }, 
        {"sofa" : 1,  "begin" : 845,  "end" : 846 } ], 
      "DisjointCausalSpansChain" : [
        {"sofa" : 1,  "first" : 3162 } ], 
      "DisjointCausalSpansLink" : [3122,  3162 ], 
      "PartsofCause" : [2360,  2334,  2343,  2411,  2428,  2441,  3080,  3101, 
        {"sofa" : 1,  "begin" : 473,  "end" : 475,  "PartsofCause" : "Enabling" },  3188,  2582,  2608,  2591,  2680,  2667,  2693,  2846,  2837,  2855 ], 
      "TypesofCause" : [
        {"sofa" : 1,  "end" : 33,  "Dependent" : 2360,  "Governor" : 2334,  "TypesofCause" : "Effect" }, 
        {"sofa" : 1,  "begin" : 37,  "end" : 68,  "Dependent" : 2343,  "Governor" : 2334,  "TypesofCause" : "Cause" }, 
        {"sofa" : 1,  "begin" : 387,  "end" : 411,  "Dependent" : 2411,  "Governor" : 2428,  "TypesofCause" : "Effect" }, 
        {"sofa" : 1,  "begin" : 415,  "end" : 446,  "Dependent" : 2441,  "Governor" : 2428,  "TypesofCause" : "Cause" }, 
        {"sofa" : 1,  "begin" : 460,  "end" : 472,  "Dependent" : 3101,  "Governor" : 3080,  "TypesofCause" : "Cause" }, 
        {"sofa" : 1,  "begin" : 476,  "end" : 485,  "Dependent" : 3188,  "Governor" : 3080,  "TypesofCause" : "Effect" }, 
        {"sofa" : 1,  "begin" : 518,  "end" : 540,  "Dependent" : 2582,  "Governor" : 2608,  "TypesofCause" : "Cause" }, 
        {"sofa" : 1,  "begin" : 545,  "end" : 552,  "Dependent" : 2591,  "Governor" : 2608,  "TypesofCause" : "Effect" }, 
        {"sofa" : 1,  "begin" : 569,  "end" : 601,  "Dependent" : 2680,  "Governor" : 2667,  "TypesofCause" : "Cause" }, 
        {"sofa" : 1,  "begin" : 607,  "end" : 621,  "Dependent" : 2693,  "Governor" : 2667,  "TypesofCause" : "Effect" }, 
        {"sofa" : 1,  "begin" : 649,  "end" : 701,  "Dependent" : 2846,  "Governor" : 2837,  "TypesofCause" : "Effect" }, 
        {"sofa" : 1,  "begin" : 706,  "end" : 725,  "Dependent" : 2855,  "Governor" : 2837,  "TypesofCause" : "Cause" } ] } }, 
  "_referenced_fss" : {
    "1" : {"_type" : "Sofa",  "sofaNum" : 1,  "sofaID" : "_InitialView",  "mimeType" : "text",  "sofaString" : "U2 front man Bono injured his arm in a Central Park cycling accident and now needs surgery , a statement on the band 's official website said Sunday .\nThe statement said the band is calling off its scheduled appearances this week on NBC 's \" The Tonight Show . \"\n\" It looks like we will have to do our Tonight Show residency another time - we 're one man down , \" the statement said .\n\" Bono has injured his arm in a cycling spill in Central Park and requires some surgery to repair it . \"\nReps for the band could not be immediately reached for comment .\n\" We 're sure he 'll make a full recovery soon , so we 'll be back ! \"\nthe statement said .\n\" Much thanks to Jimmy Fallon and everyone at the show for their understanding . \"\nNews of the fall comes just days after the rear hatch flew off an aircraft taking the singer from Dublin to Berlin ." }, 
    "2360" : {"_type" : "PartsofCause",  "sofa" : 1,  "end" : 33,  "PartsofCause" : "Argument" }, 
    "2334" : {"_type" : "PartsofCause",  "sofa" : 1,  "begin" : 34,  "end" : 36,  "PartsofCause" : "Causing" }, 
    "2343" : {"_type" : "PartsofCause",  "sofa" : 1,  "begin" : 37,  "end" : 68,  "PartsofCause" : "Argument" }, 
    "2411" : {"_type" : "PartsofCause",  "sofa" : 1,  "begin" : 387,  "end" : 411,  "PartsofCause" : "Argument" }, 
    "2428" : {"_type" : "PartsofCause",  "sofa" : 1,  "begin" : 412,  "end" : 414,  "PartsofCause" : "Causing" }, 
    "2441" : {"_type" : "PartsofCause",  "sofa" : 1,  "begin" : 415,  "end" : 446,  "PartsofCause" : "Argument" }, 
    "3101" : {"_type" : "PartsofCause",  "sofa" : 1,  "begin" : 460,  "end" : 472,  "PartsofCause" : "Argument" }, 
    "3080" : {"_type" : "PartsofCause",  "sofa" : 1,  "begin" : 451,  "end" : 459,  "PartsofCause" : "Enabling" }, 
    "3188" : {"_type" : "PartsofCause",  "sofa" : 1,  "begin" : 476,  "end" : 485,  "PartsofCause" : "Argument" }, 
    "2582" : {"_type" : "PartsofCause",  "sofa" : 1,  "begin" : 518,  "end" : 540,  "PartsofCause" : "Argument" }, 
    "2608" : {"_type" : "PartsofCause",  "sofa" : 1,  "begin" : 541,  "end" : 544,  "PartsofCause" : "Causing" }, 
    "2591" : {"_type" : "PartsofCause",  "sofa" : 1,  "begin" : 545,  "end" : 552,  "PartsofCause" : "Argument" }, 
    "2680" : {"_type" : "PartsofCause",  "sofa" : 1,  "begin" : 569,  "end" : 601,  "PartsofCause" : "Argument" }, 
    "2667" : {"_type" : "PartsofCause",  "sofa" : 1,  "begin" : 604,  "end" : 606,  "PartsofCause" : "Enabling" }, 
    "2693" : {"_type" : "PartsofCause",  "sofa" : 1,  "begin" : 607,  "end" : 621,  "PartsofCause" : "Argument" }, 
    "2846" : {"_type" : "PartsofCause",  "sofa" : 1,  "begin" : 649,  "end" : 701,  "PartsofCause" : "Argument" }, 
    "2837" : {"_type" : "PartsofCause",  "sofa" : 1,  "begin" : 702,  "end" : 705,  "PartsofCause" : "Causing" }, 
    "2855" : {"_type" : "PartsofCause",  "sofa" : 1,  "begin" : 706,  "end" : 725,  "PartsofCause" : "Argument" }, 
    "3122" : {"_type" : "DisjointCausalSpansLink",  "sofa" : 1,  "begin" : 451,  "end" : 459 }, 
    "3162" : {"_type" : "DisjointCausalSpansLink",  "sofa" : 1,  "begin" : 473,  "end" : 475,  "next" : 3122 }, 
    "3270" : {"_type" : "LayerDefinition",  "name" : "webanno.custom.PartsofCause",  "uiName" : "Parts of Cause" }, 
    "3277" : {"_type" : "LayerDefinition",  "name" : "webanno.custom.TypesofCause",  "uiName" : "Types of Cause" }, 
    "3259" : {"_type" : "LayerDefinition",  "name" : "webanno.custom.DisjointCausalSpans",  "uiName" : "Disjoint Causal Spans" } } }