{"_context" : {
    "_types" : {
      "DocumentMetaData" : {
        "_feature_types" : {"sofa" : "_ref" } }, 
      "FeatureDefinition" : {
        "_feature_types" : {"layer" : "_ref" } }, 
      "LayerDefinition" : { }, 
      "PartsofCause" : {
        "_feature_types" : {"sofa" : "_ref" } }, 
      "Sentence" : {
        "_feature_types" : {"sofa" : "_ref" } }, 
      "Sofa" : {
        "_feature_types" : {"sofaArray" : "_ref" } }, 
      "TagsetDescription" : {
        "_feature_types" : {"sofa" : "_ref",  "tags" : "_ref" } }, 
      "Token" : {
        "_feature_types" : {"sofa" : "_ref",  "parent" : "_ref",  "lemma" : "_ref",  "stem" : "_ref",  "pos" : "_ref",  "morph" : "_ref",  "form" : "_ref" } }, 
      "TypesofCause" : {
        "_feature_types" : {"sofa" : "_ref",  "Dependent" : "_ref",  "Governor" : "_ref" } }, 
      "DocumentAnnotation" : {
        "_feature_types" : {"sofa" : "_ref" }, 
        "_subtypes" : ["DocumentMetaData" ] }, 
      "Annotation" : {
        "_feature_types" : {"sofa" : "_ref" }, 
        "_subtypes" : ["DocumentAnnotation",  "PartsofCause",  "Sentence",  "TagsetDescription",  "Token",  "TypesofCause" ] }, 
      "AnnotationBase" : {
        "_feature_types" : {"sofa" : "_ref" }, 
        "_subtypes" : ["Annotation" ] }, 
      "TOP" : {
        "_subtypes" : ["AnnotationBase",  "FeatureDefinition",  "LayerDefinition",  "Sofa" ] } } }, 
  "_views" : {
    "_InitialView" : {
      "FeatureDefinition" : [
        {"layer" : 1573,  "name" : "referenceRelation",  "uiName" : "Reference Relation" }, 
        {"layer" : 1573,  "name" : "referenceType",  "uiName" : "Reference Type" }, 
        {"layer" : 1584,  "name" : "PartsofCause",  "uiName" : "Parts of Cause" }, 
        {"layer" : 1591,  "name" : "TypesofCause",  "uiName" : "Types of Cause" } ], 
      "LayerDefinition" : [1573,  1584,  1591 ], 
      "DocumentMetaData" : [
        {"sofa" : 1,  "end" : 511,  "language" : "x-unspecified",  "documentTitle" : "reddit-059.txt",  "documentId" : "GJW",  "documentUri" : "file:/srv/inception/repository/project/2/document/2461/source/GJW",  "collectionId" : "file:/srv/inception/repository/project/2/document/2461/source/",  "documentBaseUri" : "file:/srv/inception/repository/project/2/document/2461/source/",  "isLastSegment" : false } ], 
      "TagsetDescription" : [
        {"sofa" : 1,  "layer" : "webanno.custom.PartsofCause",  "name" : "Parts of Cause",  "input" : false }, 
        {"sofa" : 1,  "layer" : "webanno.custom.TypesofCause",  "name" : "Causal Relations",  "input" : false } ], 
      "Sentence" : [
        {"sofa" : 1,  "end" : 29 }, 
        {"sofa" : 1,  "begin" : 30,  "end" : 122 }, 
        {"sofa" : 1,  "begin" : 123,  "end" : 168 }, 
        {"sofa" : 1,  "begin" : 169,  "end" : 222 }, 
        {"sofa" : 1,  "begin" : 223,  "end" : 294 }, 
        {"sofa" : 1,  "begin" : 295,  "end" : 305 }, 
        {"sofa" : 1,  "begin" : 306,  "end" : 337 }, 
        {"sofa" : 1,  "begin" : 338,  "end" : 416 }, 
        {"sofa" : 1,  "begin" : 417,  "end" : 511 } ], 
      "Token" : [
        {"sofa" : 1,  "end" : 1 }, 
        {"sofa" : 1,  "begin" : 2,  "end" : 6 }, 
        {"sofa" : 1,  "begin" : 7,  "end" : 8 }, 
        {"sofa" : 1,  "begin" : 9,  "end" : 12 }, 
        {"sofa" : 1,  "begin" : 13,  "end" : 19 }, 
        {"sofa" : 1,  "begin" : 20,  "end" : 24 }, 
        {"sofa" : 1,  "begin" : 25,  "end" : 27 }, 
        {"sofa" : 1,  "begin" : 28,  "end" : 29 }, 
        {"sofa" : 1,  "begin" : 30,  "end" : 35 }, 
        {"sofa" : 1,  "begin" : 36,  "end" : 39 }, 
        {"sofa" : 1,  "begin" : 40,  "end" : 47 }, 
        {"sofa" : 1,  "begin" : 48,  "end" : 52 }, 
        {"sofa" : 1,  "begin" : 53,  "end" : 55 }, 
        {"sofa" : 1,  "begin" : 56,  "end" : 63 }, 
        {"sofa" : 1,  "begin" : 64,  "end" : 68 }, 
        {"sofa" : 1,  "begin" : 69,  "end" : 70 }, 
        {"sofa" : 1,  "begin" : 71,  "end" : 74 }, 
        {"sofa" : 1,  "begin" : 75,  "end" : 79 }, 
        {"sofa" : 1,  "begin" : 80,  "end" : 83 }, 
        {"sofa" : 1,  "begin" : 84,  "end" : 92 }, 
        {"sofa" : 1,  "begin" : 93,  "end" : 96 }, 
        {"sofa" : 1,  "begin" : 97,  "end" : 104 }, 
        {"sofa" : 1,  "begin" : 105,  "end" : 111 }, 
        {"sofa" : 1,  "begin" : 112,  "end" : 120 }, 
        {"sofa" : 1,  "begin" : 121,  "end" : 122 }, 
        {"sofa" : 1,  "begin" : 123,  "end" : 127 }, 
        {"sofa" : 1,  "begin" : 128,  "end" : 132 }, 
        {"sofa" : 1,  "begin" : 133,  "end" : 140 }, 
        {"sofa" : 1,  "begin" : 141,  "end" : 143 }, 
        {"sofa" : 1,  "begin" : 144,  "end" : 148 }, 
        {"sofa" : 1,  "begin" : 149,  "end" : 153 }, 
        {"sofa" : 1,  "begin" : 154,  "end" : 155 }, 
        {"sofa" : 1,  "begin" : 156,  "end" : 161 }, 
        {"sofa" : 1,  "begin" : 162,  "end" : 166 }, 
        {"sofa" : 1,  "begin" : 167,  "end" : 168 }, 
        {"sofa" : 1,  "begin" : 169,  "end" : 173 }, 
        {"sofa" : 1,  "begin" : 174,  "end" : 175 }, 
        {"sofa" : 1,  "begin" : 176,  "end" : 178 }, 
        {"sofa" : 1,  "begin" : 179,  "end" : 182 }, 
        {"sofa" : 1,  "begin" : 183,  "end" : 190 }, 
        {"sofa" : 1,  "begin" : 191,  "end" : 196 }, 
        {"sofa" : 1,  "begin" : 197,  "end" : 198 }, 
        {"sofa" : 1,  "begin" : 199,  "end" : 202 }, 
        {"sofa" : 1,  "begin" : 203,  "end" : 204 }, 
        {"sofa" : 1,  "begin" : 205,  "end" : 210 }, 
        {"sofa" : 1,  "begin" : 211,  "end" : 217 }, 
        {"sofa" : 1,  "begin" : 218,  "end" : 220 }, 
        {"sofa" : 1,  "begin" : 221,  "end" : 222 }, 
        {"sofa" : 1,  "begin" : 223,  "end" : 226 }, 
        {"sofa" : 1,  "begin" : 227,  "end" : 230 }, 
        {"sofa" : 1,  "begin" : 231,  "end" : 235 }, 
        {"sofa" : 1,  "begin" : 236,  "end" : 243 }, 
        {"sofa" : 1,  "begin" : 244,  "end" : 248 }, 
        {"sofa" : 1,  "begin" : 249,  "end" : 252 }, 
        {"sofa" : 1,  "begin" : 253,  "end" : 260 }, 
        {"sofa" : 1,  "begin" : 261,  "end" : 266 }, 
        {"sofa" : 1,  "begin" : 267,  "end" : 271 }, 
        {"sofa" : 1,  "begin" : 272,  "end" : 274 }, 
        {"sofa" : 1,  "begin" : 275,  "end" : 277 }, 
        {"sofa" : 1,  "begin" : 278,  "end" : 280 }, 
        {"sofa" : 1,  "begin" : 281,  "end" : 285 }, 
        {"sofa" : 1,  "begin" : 286,  "end" : 292 }, 
        {"sofa" : 1,  "begin" : 293,  "end" : 294 }, 
        {"sofa" : 1,  "begin" : 295,  "end" : 297 }, 
        {"sofa" : 1,  "begin" : 298,  "end" : 303 }, 
        {"sofa" : 1,  "begin" : 304,  "end" : 305 }, 
        {"sofa" : 1,  "begin" : 306,  "end" : 308 }, 
        {"sofa" : 1,  "begin" : 309,  "end" : 316 }, 
        {"sofa" : 1,  "begin" : 317,  "end" : 321 }, 
        {"sofa" : 1,  "begin" : 322,  "end" : 323 }, 
        {"sofa" : 1,  "begin" : 324,  "end" : 325 }, 
        {"sofa" : 1,  "begin" : 326,  "end" : 330 }, 
        {"sofa" : 1,  "begin" : 331,  "end" : 335 }, 
        {"sofa" : 1,  "begin" : 336,  "end" : 337 }, 
        {"sofa" : 1,  "begin" : 338,  "end" : 339 }, 
        {"sofa" : 1,  "begin" : 340,  "end" : 344 }, 
        {"sofa" : 1,  "begin" : 345,  "end" : 347 }, 
        {"sofa" : 1,  "begin" : 348,  "end" : 352 }, 
        {"sofa" : 1,  "begin" : 353,  "end" : 356 }, 
        {"sofa" : 1,  "begin" : 357,  "end" : 358 }, 
        {"sofa" : 1,  "begin" : 359,  "end" : 361 }, 
        {"sofa" : 1,  "begin" : 362,  "end" : 370 }, 
        {"sofa" : 1,  "begin" : 371,  "end" : 373 }, 
        {"sofa" : 1,  "begin" : 374,  "end" : 377 }, 
        {"sofa" : 1,  "begin" : 378,  "end" : 387 }, 
        {"sofa" : 1,  "begin" : 388,  "end" : 390 }, 
        {"sofa" : 1,  "begin" : 391,  "end" : 394 }, 
        {"sofa" : 1,  "begin" : 395,  "end" : 400 }, 
        {"sofa" : 1,  "begin" : 401,  "end" : 404 }, 
        {"sofa" : 1,  "begin" : 405,  "end" : 409 }, 
        {"sofa" : 1,  "begin" : 410,  "end" : 414 }, 
        {"sofa" : 1,  "begin" : 415,  "end" : 416 }, 
        {"sofa" : 1,  "begin" : 417,  "end" : 420 }, 
        {"sofa" : 1,  "begin" : 421,  "end" : 423 }, 
        {"sofa" : 1,  "begin" : 424,  "end" : 431 }, 
        {"sofa" : 1,  "begin" : 432,  "end" : 437 }, 
        {"sofa" : 1,  "begin" : 438,  "end" : 440 }, 
        {"sofa" : 1,  "begin" : 441,  "end" : 445 }, 
        {"sofa" : 1,  "begin" : 446,  "end" : 449 }, 
        {"sofa" : 1,  "begin" : 450,  "end" : 455 }, 
        {"sofa" : 1,  "begin" : 456,  "end" : 462 }, 
        {"sofa" : 1,  "begin" : 463,  "end" : 468 }, 
        {"sofa" : 1,  "begin" : 469,  "end" : 471 }, 
        {"sofa" : 1,  "begin" : 472,  "end" : 477 }, 
        {"sofa" : 1,  "begin" : 478,  "end" : 479 }, 
        {"sofa" : 1,  "begin" : 480,  "end" : 482 }, 
        {"sofa" : 1,  "begin" : 483,  "end" : 490 }, 
        {"sofa" : 1,  "begin" : 491,  "end" : 493 }, 
        {"sofa" : 1,  "begin" : 494,  "end" : 497 }, 
        {"sofa" : 1,  "begin" : 498,  "end" : 507 }, 
        {"sofa" : 1,  "begin" : 508,  "end" : 509 }, 
        {"sofa" : 1,  "begin" : 510,  "end" : 511 } ], 
      "PartsofCause" : [1524,  1537 ], 
      "TypesofCause" : [
        {"sofa" : 1,  "begin" : 149,  "end" : 166,  "Dependent" : 1537,  "Governor" : 1524,  "TypesofCause" : "Effect" } ] } }, 
  "_referenced_fss" : {
    "1" : {"_type" : "Sofa",  "sofaNum" : 1,  "sofaID" : "_InitialView",  "mimeType" : "text",  "sofaString" : "I wish I was making this up .\nFirst our classes were 90 minutes long , and that was probably the perfect lenght honestly .\nThen they decided to make them 3 hours long .\nOkay , it was already rough , but I could handle it .\nBut now they decided that our economy class with be in 10 hour blocks .\n10 HOURS !\nWo thought that s a good idea ?\nI have no idea how I am supposed to pay attention to one thing for that long .\nNot to mention there is only one break during those 10 hours ( 30 minutes in the afternoon ) ." }, 
    "1537" : {"_type" : "PartsofCause",  "sofa" : 1,  "begin" : 149,  "end" : 166,  "PartsofCause" : "Argument" }, 
    "1524" : {"_type" : "PartsofCause",  "sofa" : 1,  "begin" : 144,  "end" : 148,  "PartsofCause" : "Causing" }, 
    "1573" : {"_type" : "LayerDefinition",  "name" : "webanno.custom.DisjointCausalSpans",  "uiName" : "Disjoint Causal Spans" }, 
    "1584" : {"_type" : "LayerDefinition",  "name" : "webanno.custom.PartsofCause",  "uiName" : "Parts of Cause" }, 
    "1591" : {"_type" : "LayerDefinition",  "name" : "webanno.custom.TypesofCause",  "uiName" : "Types of Cause" } } }