{"_context" : {
    "_types" : {
      "DocumentMetaData" : {
        "_feature_types" : {"sofa" : "_ref" } }, 
      "FeatureDefinition" : {
        "_feature_types" : {"layer" : "_ref" } }, 
      "LayerDefinition" : { }, 
      "PartsofCause" : {
        "_feature_types" : {"sofa" : "_ref" } }, 
      "Sentence" : {
        "_feature_types" : {"sofa" : "_ref" } }, 
      "Sofa" : {
        "_feature_types" : {"sofaArray" : "_ref" } }, 
      "TagsetDescription" : {
        "_feature_types" : {"sofa" : "_ref",  "tags" : "_ref" } }, 
      "Token" : {
        "_feature_types" : {"sofa" : "_ref",  "parent" : "_ref",  "lemma" : "_ref",  "stem" : "_ref",  "pos" : "_ref",  "morph" : "_ref",  "form" : "_ref" } }, 
      "TypesofCause" : {
        "_feature_types" : {"sofa" : "_ref",  "Dependent" : "_ref",  "Governor" : "_ref" } }, 
      "DocumentAnnotation" : {
        "_feature_types" : {"sofa" : "_ref" }, 
        "_subtypes" : ["DocumentMetaData" ] }, 
      "Annotation" : {
        "_feature_types" : {"sofa" : "_ref" }, 
        "_subtypes" : ["DocumentAnnotation",  "PartsofCause",  "Sentence",  "TagsetDescription",  "Token",  "TypesofCause" ] }, 
      "AnnotationBase" : {
        "_feature_types" : {"sofa" : "_ref" }, 
        "_subtypes" : ["Annotation" ] }, 
      "TOP" : {
        "_subtypes" : ["AnnotationBase",  "FeatureDefinition",  "LayerDefinition",  "Sofa" ] } } }, 
  "_views" : {
    "_InitialView" : {
      "FeatureDefinition" : [
        {"layer" : 1817,  "name" : "referenceRelation",  "uiName" : "Reference Relation" }, 
        {"layer" : 1817,  "name" : "referenceType",  "uiName" : "Reference Type" }, 
        {"layer" : 1828,  "name" : "PartsofCause",  "uiName" : "Parts of Cause" }, 
        {"layer" : 1835,  "name" : "TypesofCause",  "uiName" : "Types of Cause" } ], 
      "LayerDefinition" : [1817,  1828,  1835 ], 
      "DocumentMetaData" : [
        {"sofa" : 1,  "end" : 527,  "language" : "x-unspecified",  "documentTitle" : "reddit-019.txt",  "documentId" : "GJW",  "documentUri" : "file:/srv/inception/repository/project/2/document/2421/source/GJW",  "collectionId" : "file:/srv/inception/repository/project/2/document/2421/source/",  "documentBaseUri" : "file:/srv/inception/repository/project/2/document/2421/source/",  "isLastSegment" : false } ], 
      "TagsetDescription" : [
        {"sofa" : 1,  "layer" : "webanno.custom.PartsofCause",  "name" : "Parts of Cause",  "input" : false }, 
        {"sofa" : 1,  "layer" : "webanno.custom.TypesofCause",  "name" : "Causal Relations",  "input" : false } ], 
      "Sentence" : [
        {"sofa" : 1,  "end" : 49 }, 
        {"sofa" : 1,  "begin" : 50,  "end" : 135 }, 
        {"sofa" : 1,  "begin" : 136,  "end" : 309 }, 
        {"sofa" : 1,  "begin" : 310,  "end" : 326 }, 
        {"sofa" : 1,  "begin" : 327,  "end" : 512 }, 
        {"sofa" : 1,  "begin" : 513,  "end" : 527 } ], 
      "Token" : [
        {"sofa" : 1,  "end" : 2 }, 
        {"sofa" : 1,  "begin" : 3,  "end" : 6 }, 
        {"sofa" : 1,  "begin" : 7,  "end" : 10 }, 
        {"sofa" : 1,  "begin" : 11,  "end" : 21 }, 
        {"sofa" : 1,  "begin" : 22,  "end" : 29 }, 
        {"sofa" : 1,  "begin" : 30,  "end" : 39 }, 
        {"sofa" : 1,  "begin" : 40,  "end" : 44 }, 
        {"sofa" : 1,  "begin" : 45,  "end" : 47 }, 
        {"sofa" : 1,  "begin" : 48,  "end" : 49 }, 
        {"sofa" : 1,  "begin" : 50,  "end" : 52 }, 
        {"sofa" : 1,  "begin" : 53,  "end" : 56 }, 
        {"sofa" : 1,  "begin" : 57,  "end" : 64 }, 
        {"sofa" : 1,  "begin" : 65,  "end" : 68 }, 
        {"sofa" : 1,  "begin" : 69,  "end" : 73 }, 
        {"sofa" : 1,  "begin" : 74,  "end" : 76 }, 
        {"sofa" : 1,  "begin" : 77,  "end" : 78 }, 
        {"sofa" : 1,  "begin" : 79,  "end" : 89 }, 
        {"sofa" : 1,  "begin" : 90,  "end" : 91 }, 
        {"sofa" : 1,  "begin" : 92,  "end" : 93 }, 
        {"sofa" : 1,  "begin" : 94,  "end" : 100 }, 
        {"sofa" : 1,  "begin" : 101,  "end" : 105 }, 
        {"sofa" : 1,  "begin" : 106,  "end" : 110 }, 
        {"sofa" : 1,  "begin" : 111,  "end" : 112 }, 
        {"sofa" : 1,  "begin" : 113,  "end" : 120 }, 
        {"sofa" : 1,  "begin" : 121,  "end" : 123 }, 
        {"sofa" : 1,  "begin" : 124,  "end" : 133 }, 
        {"sofa" : 1,  "begin" : 134,  "end" : 135 }, 
        {"sofa" : 1,  "begin" : 136,  "end" : 141 }, 
        {"sofa" : 1,  "begin" : 142,  "end" : 145 }, 
        {"sofa" : 1,  "begin" : 146,  "end" : 147 }, 
        {"sofa" : 1,  "begin" : 148,  "end" : 158 }, 
        {"sofa" : 1,  "begin" : 159,  "end" : 163 }, 
        {"sofa" : 1,  "begin" : 164,  "end" : 165 }, 
        {"sofa" : 1,  "begin" : 166,  "end" : 175 }, 
        {"sofa" : 1,  "begin" : 176,  "end" : 178 }, 
        {"sofa" : 1,  "begin" : 179,  "end" : 187 }, 
        {"sofa" : 1,  "begin" : 188,  "end" : 192 }, 
        {"sofa" : 1,  "begin" : 193,  "end" : 201 }, 
        {"sofa" : 1,  "begin" : 202,  "end" : 203 }, 
        {"sofa" : 1,  "begin" : 204,  "end" : 207 }, 
        {"sofa" : 1,  "begin" : 208,  "end" : 211 }, 
        {"sofa" : 1,  "begin" : 212,  "end" : 220 }, 
        {"sofa" : 1,  "begin" : 221,  "end" : 222 }, 
        {"sofa" : 1,  "begin" : 223,  "end" : 224 }, 
        {"sofa" : 1,  "begin" : 225,  "end" : 230 }, 
        {"sofa" : 1,  "begin" : 231,  "end" : 238 }, 
        {"sofa" : 1,  "begin" : 239,  "end" : 242 }, 
        {"sofa" : 1,  "begin" : 243,  "end" : 247 }, 
        {"sofa" : 1,  "begin" : 248,  "end" : 250 }, 
        {"sofa" : 1,  "begin" : 251,  "end" : 253 }, 
        {"sofa" : 1,  "begin" : 254,  "end" : 257 }, 
        {"sofa" : 1,  "begin" : 258,  "end" : 264 }, 
        {"sofa" : 1,  "begin" : 265,  "end" : 269 }, 
        {"sofa" : 1,  "begin" : 270,  "end" : 278 }, 
        {"sofa" : 1,  "begin" : 279,  "end" : 282 }, 
        {"sofa" : 1,  "begin" : 283,  "end" : 287 }, 
        {"sofa" : 1,  "begin" : 288,  "end" : 289 }, 
        {"sofa" : 1,  "begin" : 290,  "end" : 292 }, 
        {"sofa" : 1,  "begin" : 293,  "end" : 300 }, 
        {"sofa" : 1,  "begin" : 301,  "end" : 304 }, 
        {"sofa" : 1,  "begin" : 305,  "end" : 309 }, 
        {"sofa" : 1,  "begin" : 310,  "end" : 316 }, 
        {"sofa" : 1,  "begin" : 317,  "end" : 319 }, 
        {"sofa" : 1,  "begin" : 320,  "end" : 324 }, 
        {"sofa" : 1,  "begin" : 325,  "end" : 326 }, 
        {"sofa" : 1,  "begin" : 327,  "end" : 330 }, 
        {"sofa" : 1,  "begin" : 331,  "end" : 335 }, 
        {"sofa" : 1,  "begin" : 336,  "end" : 338 }, 
        {"sofa" : 1,  "begin" : 339,  "end" : 341 }, 
        {"sofa" : 1,  "begin" : 342,  "end" : 346 }, 
        {"sofa" : 1,  "begin" : 347,  "end" : 355 }, 
        {"sofa" : 1,  "begin" : 356,  "end" : 360 }, 
        {"sofa" : 1,  "begin" : 361,  "end" : 367 }, 
        {"sofa" : 1,  "begin" : 368,  "end" : 370 }, 
        {"sofa" : 1,  "begin" : 371,  "end" : 378 }, 
        {"sofa" : 1,  "begin" : 379,  "end" : 384 }, 
        {"sofa" : 1,  "begin" : 385,  "end" : 390 }, 
        {"sofa" : 1,  "begin" : 391,  "end" : 393 }, 
        {"sofa" : 1,  "begin" : 394,  "end" : 397 }, 
        {"sofa" : 1,  "begin" : 398,  "end" : 400 }, 
        {"sofa" : 1,  "begin" : 401,  "end" : 409 }, 
        {"sofa" : 1,  "begin" : 410,  "end" : 414 }, 
        {"sofa" : 1,  "begin" : 415,  "end" : 419 }, 
        {"sofa" : 1,  "begin" : 420,  "end" : 427 }, 
        {"sofa" : 1,  "begin" : 428,  "end" : 429 }, 
        {"sofa" : 1,  "begin" : 430,  "end" : 433 }, 
        {"sofa" : 1,  "begin" : 434,  "end" : 438 }, 
        {"sofa" : 1,  "begin" : 439,  "end" : 443 }, 
        {"sofa" : 1,  "begin" : 444,  "end" : 449 }, 
        {"sofa" : 1,  "begin" : 450,  "end" : 454 }, 
        {"sofa" : 1,  "begin" : 455,  "end" : 459 }, 
        {"sofa" : 1,  "begin" : 460,  "end" : 463 }, 
        {"sofa" : 1,  "begin" : 464,  "end" : 467 }, 
        {"sofa" : 1,  "begin" : 468,  "end" : 471 }, 
        {"sofa" : 1,  "begin" : 472,  "end" : 474 }, 
        {"sofa" : 1,  "begin" : 475,  "end" : 478 }, 
        {"sofa" : 1,  "begin" : 479,  "end" : 482 }, 
        {"sofa" : 1,  "begin" : 483,  "end" : 484 }, 
        {"sofa" : 1,  "begin" : 485,  "end" : 488 }, 
        {"sofa" : 1,  "begin" : 489,  "end" : 492 }, 
        {"sofa" : 1,  "begin" : 493,  "end" : 495 }, 
        {"sofa" : 1,  "begin" : 496,  "end" : 499 }, 
        {"sofa" : 1,  "begin" : 500,  "end" : 506 }, 
        {"sofa" : 1,  "begin" : 507,  "end" : 510 }, 
        {"sofa" : 1,  "begin" : 511,  "end" : 512 }, 
        {"sofa" : 1,  "begin" : 513,  "end" : 514 }, 
        {"sofa" : 1,  "begin" : 515,  "end" : 521 }, 
        {"sofa" : 1,  "begin" : 522,  "end" : 523 }, 
        {"sofa" : 1,  "begin" : 524,  "end" : 527 } ], 
      "PartsofCause" : [1781,  1744,  1753,  1470,  1492,  1527,  1594,  1603,  1612,  1671,  1684,  1697 ], 
      "TypesofCause" : [
        {"sofa" : 1,  "begin" : 92,  "end" : 105,  "Dependent" : 1781,  "Governor" : 1744,  "TypesofCause" : "Effect" }, 
        {"sofa" : 1,  "begin" : 111,  "end" : 133,  "Dependent" : 1753,  "Governor" : 1744,  "TypesofCause" : "Cause" }, 
        {"sofa" : 1,  "begin" : 142,  "end" : 220,  "Dependent" : 1492,  "Governor" : 1470,  "TypesofCause" : "Cause" }, 
        {"sofa" : 1,  "begin" : 223,  "end" : 324,  "Dependent" : 1527,  "Governor" : 1470,  "TypesofCause" : "Effect" }, 
        {"sofa" : 1,  "begin" : 251,  "end" : 287,  "Dependent" : 1603,  "Governor" : 1594,  "TypesofCause" : "Cause" }, 
        {"sofa" : 1,  "begin" : 290,  "end" : 324,  "Dependent" : 1612,  "Governor" : 1594,  "TypesofCause" : "Effect" }, 
        {"sofa" : 1,  "begin" : 347,  "end" : 370,  "Dependent" : 1671,  "Governor" : 1684,  "TypesofCause" : "Effect" }, 
        {"sofa" : 1,  "begin" : 379,  "end" : 427,  "Dependent" : 1697,  "Governor" : 1684,  "TypesofCause" : "Cause" } ] } }, 
  "_referenced_fss" : {
    "1" : {"_type" : "Sofa",  "sofaNum" : 1,  "sofaID" : "_InitialView",  "mimeType" : "text",  "sofaString" : "My dad was discussing college decisions with me .\nHe was ranking the unis in \" preference \" I should give when I receive my decisions .\nSince his \" acceptance list \" consisted of colleges like Stanford , mit and Columbia , I tried telling him that as an int Indian male applying for STEM , my chances are ....\nsubpar at best .\nAnd then he 's like colleges will accept me because their class wo n't be balanced with only toppers , and that they would want kids who are not at the top , but not at the bottom too .\n& #x200B ; RIP" }, 
    "1781" : {"_type" : "PartsofCause",  "sofa" : 1,  "begin" : 92,  "end" : 105,  "PartsofCause" : "Enabling" }, 
    "1744" : {"_type" : "PartsofCause",  "sofa" : 1,  "begin" : 106,  "end" : 110,  "PartsofCause" : "Enabling" }, 
    "1753" : {"_type" : "PartsofCause",  "sofa" : 1,  "begin" : 111,  "end" : 133,  "PartsofCause" : "Argument" }, 
    "1492" : {"_type" : "PartsofCause",  "sofa" : 1,  "begin" : 142,  "end" : 220 }, 
    "1470" : {"_type" : "PartsofCause",  "sofa" : 1,  "begin" : 136,  "end" : 141,  "PartsofCause" : "Causing" }, 
    "1527" : {"_type" : "PartsofCause",  "sofa" : 1,  "begin" : 223,  "end" : 324,  "PartsofCause" : "Argument" }, 
    "1603" : {"_type" : "PartsofCause",  "sofa" : 1,  "begin" : 251,  "end" : 287,  "PartsofCause" : "Argument" }, 
    "1594" : {"_type" : "PartsofCause",  "sofa" : 1,  "begin" : 248,  "end" : 250,  "PartsofCause" : "Causing" }, 
    "1612" : {"_type" : "PartsofCause",  "sofa" : 1,  "begin" : 290,  "end" : 324 }, 
    "1671" : {"_type" : "PartsofCause",  "sofa" : 1,  "begin" : 347,  "end" : 370,  "PartsofCause" : "Argument" }, 
    "1684" : {"_type" : "PartsofCause",  "sofa" : 1,  "begin" : 371,  "end" : 378,  "PartsofCause" : "Causing" }, 
    "1697" : {"_type" : "PartsofCause",  "sofa" : 1,  "begin" : 379,  "end" : 427,  "PartsofCause" : "Argument" }, 
    "1835" : {"_type" : "LayerDefinition",  "name" : "webanno.custom.TypesofCause",  "uiName" : "Types of Cause" }, 
    "1828" : {"_type" : "LayerDefinition",  "name" : "webanno.custom.PartsofCause",  "uiName" : "Parts of Cause" }, 
    "1817" : {"_type" : "LayerDefinition",  "name" : "webanno.custom.DisjointCausalSpans",  "uiName" : "Disjoint Causal Spans" } } }