{"_context" : {
    "_types" : {
      "DocumentMetaData" : {
        "_feature_types" : {"sofa" : "_ref" } }, 
      "FeatureDefinition" : {
        "_feature_types" : {"layer" : "_ref" } }, 
      "LayerDefinition" : { }, 
      "PartsofCause" : {
        "_feature_types" : {"sofa" : "_ref" } }, 
      "Sentence" : {
        "_feature_types" : {"sofa" : "_ref" } }, 
      "Sofa" : {
        "_feature_types" : {"sofaArray" : "_ref" } }, 
      "TagsetDescription" : {
        "_feature_types" : {"sofa" : "_ref",  "tags" : "_ref" } }, 
      "Token" : {
        "_feature_types" : {"sofa" : "_ref",  "parent" : "_ref",  "lemma" : "_ref",  "stem" : "_ref",  "pos" : "_ref",  "morph" : "_ref",  "form" : "_ref" } }, 
      "TypesofCause" : {
        "_feature_types" : {"sofa" : "_ref",  "Dependent" : "_ref",  "Governor" : "_ref" } }, 
      "DocumentAnnotation" : {
        "_feature_types" : {"sofa" : "_ref" }, 
        "_subtypes" : ["DocumentMetaData" ] }, 
      "Annotation" : {
        "_feature_types" : {"sofa" : "_ref" }, 
        "_subtypes" : ["DocumentAnnotation",  "PartsofCause",  "Sentence",  "TagsetDescription",  "Token",  "TypesofCause" ] }, 
      "AnnotationBase" : {
        "_feature_types" : {"sofa" : "_ref" }, 
        "_subtypes" : ["Annotation" ] }, 
      "TOP" : {
        "_subtypes" : ["AnnotationBase",  "FeatureDefinition",  "LayerDefinition",  "Sofa" ] } } }, 
  "_views" : {
    "_InitialView" : {
      "FeatureDefinition" : [
        {"layer" : 2605,  "name" : "referenceRelation",  "uiName" : "Reference Relation" }, 
        {"layer" : 2605,  "name" : "referenceType",  "uiName" : "Reference Type" }, 
        {"layer" : 2616,  "name" : "PartsofCause",  "uiName" : "Parts of Cause" }, 
        {"layer" : 2623,  "name" : "TypesofCause",  "uiName" : "Types of Cause" } ], 
      "LayerDefinition" : [2605,  2616,  2623 ], 
      "DocumentMetaData" : [
        {"sofa" : 1,  "end" : 976,  "language" : "x-unspecified",  "documentTitle" : "cnn-18.txt",  "documentId" : "AYC",  "documentUri" : "file:/srv/inception/repository/project/2/document/2370/source/AYC",  "collectionId" : "file:/srv/inception/repository/project/2/document/2370/source/",  "documentBaseUri" : "file:/srv/inception/repository/project/2/document/2370/source/",  "isLastSegment" : false } ], 
      "TagsetDescription" : [
        {"sofa" : 1,  "layer" : "webanno.custom.PartsofCause",  "name" : "Parts of Cause",  "input" : false }, 
        {"sofa" : 1,  "layer" : "webanno.custom.TypesofCause",  "name" : "Causal Relations",  "input" : false } ], 
      "Sentence" : [
        {"sofa" : 1,  "end" : 152 }, 
        {"sofa" : 1,  "begin" : 153,  "end" : 279 }, 
        {"sofa" : 1,  "begin" : 280,  "end" : 366 }, 
        {"sofa" : 1,  "begin" : 367,  "end" : 512 }, 
        {"sofa" : 1,  "begin" : 513,  "end" : 729 }, 
        {"sofa" : 1,  "begin" : 730,  "end" : 816 }, 
        {"sofa" : 1,  "begin" : 817,  "end" : 870 }, 
        {"sofa" : 1,  "begin" : 871,  "end" : 976 } ], 
      "Token" : [
        {"sofa" : 1,  "end" : 2 }, 
        {"sofa" : 1,  "begin" : 3,  "end" : 8 }, 
        {"sofa" : 1,  "begin" : 9,  "end" : 11 }, 
        {"sofa" : 1,  "begin" : 12,  "end" : 18 }, 
        {"sofa" : 1,  "begin" : 19,  "end" : 23 }, 
        {"sofa" : 1,  "begin" : 24,  "end" : 30 }, 
        {"sofa" : 1,  "begin" : 31,  "end" : 34 }, 
        {"sofa" : 1,  "begin" : 35,  "end" : 39 }, 
        {"sofa" : 1,  "begin" : 40,  "end" : 44 }, 
        {"sofa" : 1,  "begin" : 45,  "end" : 48 }, 
        {"sofa" : 1,  "begin" : 49,  "end" : 56 }, 
        {"sofa" : 1,  "begin" : 57,  "end" : 66 }, 
        {"sofa" : 1,  "begin" : 67,  "end" : 68 }, 
        {"sofa" : 1,  "begin" : 69,  "end" : 73 }, 
        {"sofa" : 1,  "begin" : 74,  "end" : 76 }, 
        {"sofa" : 1,  "begin" : 77,  "end" : 85 }, 
        {"sofa" : 1,  "begin" : 86,  "end" : 94 }, 
        {"sofa" : 1,  "begin" : 95,  "end" : 97 }, 
        {"sofa" : 1,  "begin" : 98,  "end" : 101 }, 
        {"sofa" : 1,  "begin" : 102,  "end" : 110 }, 
        {"sofa" : 1,  "begin" : 111,  "end" : 115 }, 
        {"sofa" : 1,  "begin" : 116,  "end" : 120 }, 
        {"sofa" : 1,  "begin" : 121,  "end" : 123 }, 
        {"sofa" : 1,  "begin" : 124,  "end" : 128 }, 
        {"sofa" : 1,  "begin" : 129,  "end" : 130 }, 
        {"sofa" : 1,  "begin" : 131,  "end" : 135 }, 
        {"sofa" : 1,  "begin" : 136,  "end" : 141 }, 
        {"sofa" : 1,  "begin" : 142,  "end" : 150 }, 
        {"sofa" : 1,  "begin" : 151,  "end" : 152 }, 
        {"sofa" : 1,  "begin" : 153,  "end" : 156 }, 
        {"sofa" : 1,  "begin" : 157,  "end" : 160 }, 
        {"sofa" : 1,  "begin" : 161,  "end" : 167 }, 
        {"sofa" : 1,  "begin" : 168,  "end" : 172 }, 
        {"sofa" : 1,  "begin" : 173,  "end" : 176 }, 
        {"sofa" : 1,  "begin" : 177,  "end" : 183 }, 
        {"sofa" : 1,  "begin" : 184,  "end" : 186 }, 
        {"sofa" : 1,  "begin" : 187,  "end" : 192 }, 
        {"sofa" : 1,  "begin" : 193,  "end" : 200 }, 
        {"sofa" : 1,  "begin" : 201,  "end" : 203 }, 
        {"sofa" : 1,  "begin" : 204,  "end" : 210 }, 
        {"sofa" : 1,  "begin" : 211,  "end" : 217 }, 
        {"sofa" : 1,  "begin" : 218,  "end" : 219 }, 
        {"sofa" : 1,  "begin" : 220,  "end" : 226 }, 
        {"sofa" : 1,  "begin" : 227,  "end" : 230 }, 
        {"sofa" : 1,  "begin" : 231,  "end" : 235 }, 
        {"sofa" : 1,  "begin" : 236,  "end" : 243 }, 
        {"sofa" : 1,  "begin" : 244,  "end" : 253 }, 
        {"sofa" : 1,  "begin" : 254,  "end" : 258 }, 
        {"sofa" : 1,  "begin" : 259,  "end" : 262 }, 
        {"sofa" : 1,  "begin" : 263,  "end" : 272 }, 
        {"sofa" : 1,  "begin" : 273,  "end" : 277 }, 
        {"sofa" : 1,  "begin" : 278,  "end" : 279 }, 
        {"sofa" : 1,  "begin" : 280,  "end" : 285 }, 
        {"sofa" : 1,  "begin" : 286,  "end" : 290 }, 
        {"sofa" : 1,  "begin" : 291,  "end" : 294 }, 
        {"sofa" : 1,  "begin" : 295,  "end" : 300 }, 
        {"sofa" : 1,  "begin" : 301,  "end" : 307 }, 
        {"sofa" : 1,  "begin" : 308,  "end" : 314 }, 
        {"sofa" : 1,  "begin" : 315,  "end" : 317 }, 
        {"sofa" : 1,  "begin" : 318,  "end" : 327 }, 
        {"sofa" : 1,  "begin" : 328,  "end" : 329 }, 
        {"sofa" : 1,  "begin" : 330,  "end" : 334 }, 
        {"sofa" : 1,  "begin" : 335,  "end" : 338 }, 
        {"sofa" : 1,  "begin" : 339,  "end" : 350 }, 
        {"sofa" : 1,  "begin" : 351,  "end" : 353 }, 
        {"sofa" : 1,  "begin" : 354,  "end" : 357 }, 
        {"sofa" : 1,  "begin" : 358,  "end" : 364 }, 
        {"sofa" : 1,  "begin" : 365,  "end" : 366 }, 
        {"sofa" : 1,  "begin" : 367,  "end" : 370 }, 
        {"sofa" : 1,  "begin" : 371,  "end" : 377 }, 
        {"sofa" : 1,  "begin" : 378,  "end" : 381 }, 
        {"sofa" : 1,  "begin" : 382,  "end" : 387 }, 
        {"sofa" : 1,  "begin" : 388,  "end" : 390 }, 
        {"sofa" : 1,  "begin" : 391,  "end" : 397 }, 
        {"sofa" : 1,  "begin" : 398,  "end" : 406 }, 
        {"sofa" : 1,  "begin" : 407,  "end" : 408 }, 
        {"sofa" : 1,  "begin" : 409,  "end" : 418 }, 
        {"sofa" : 1,  "begin" : 419,  "end" : 420 }, 
        {"sofa" : 1,  "begin" : 421,  "end" : 424 }, 
        {"sofa" : 1,  "begin" : 425,  "end" : 426 }, 
        {"sofa" : 1,  "begin" : 427,  "end" : 432 }, 
        {"sofa" : 1,  "begin" : 433,  "end" : 439 }, 
        {"sofa" : 1,  "begin" : 440,  "end" : 448 }, 
        {"sofa" : 1,  "begin" : 449,  "end" : 450 }, 
        {"sofa" : 1,  "begin" : 451,  "end" : 458 }, 
        {"sofa" : 1,  "begin" : 459,  "end" : 461 }, 
        {"sofa" : 1,  "begin" : 462,  "end" : 469 }, 
        {"sofa" : 1,  "begin" : 470,  "end" : 477 }, 
        {"sofa" : 1,  "begin" : 478,  "end" : 480 }, 
        {"sofa" : 1,  "begin" : 481,  "end" : 482 }, 
        {"sofa" : 1,  "begin" : 483,  "end" : 488 }, 
        {"sofa" : 1,  "begin" : 489,  "end" : 493 }, 
        {"sofa" : 1,  "begin" : 494,  "end" : 495 }, 
        {"sofa" : 1,  "begin" : 496,  "end" : 505 }, 
        {"sofa" : 1,  "begin" : 506,  "end" : 510 }, 
        {"sofa" : 1,  "begin" : 511,  "end" : 512 }, 
        {"sofa" : 1,  "begin" : 513,  "end" : 517 }, 
        {"sofa" : 1,  "begin" : 518,  "end" : 523 }, 
        {"sofa" : 1,  "begin" : 524,  "end" : 532 }, 
        {"sofa" : 1,  "begin" : 533,  "end" : 541 }, 
        {"sofa" : 1,  "begin" : 542,  "end" : 552 }, 
        {"sofa" : 1,  "begin" : 553,  "end" : 557 }, 
        {"sofa" : 1,  "begin" : 558,  "end" : 561 }, 
        {"sofa" : 1,  "begin" : 562,  "end" : 565 }, 
        {"sofa" : 1,  "begin" : 566,  "end" : 570 }, 
        {"sofa" : 1,  "begin" : 571,  "end" : 579 }, 
        {"sofa" : 1,  "begin" : 580,  "end" : 582 }, 
        {"sofa" : 1,  "begin" : 583,  "end" : 586 }, 
        {"sofa" : 1,  "begin" : 587,  "end" : 591 }, 
        {"sofa" : 1,  "begin" : 592,  "end" : 600 }, 
        {"sofa" : 1,  "begin" : 601,  "end" : 604 }, 
        {"sofa" : 1,  "begin" : 605,  "end" : 608 }, 
        {"sofa" : 1,  "begin" : 609,  "end" : 619 }, 
        {"sofa" : 1,  "begin" : 620,  "end" : 628 }, 
        {"sofa" : 1,  "begin" : 629,  "end" : 635 }, 
        {"sofa" : 1,  "begin" : 636,  "end" : 641 }, 
        {"sofa" : 1,  "begin" : 642,  "end" : 646 }, 
        {"sofa" : 1,  "begin" : 647,  "end" : 654 }, 
        {"sofa" : 1,  "begin" : 655,  "end" : 664 }, 
        {"sofa" : 1,  "begin" : 665,  "end" : 667 }, 
        {"sofa" : 1,  "begin" : 668,  "end" : 679 }, 
        {"sofa" : 1,  "begin" : 680,  "end" : 683 }, 
        {"sofa" : 1,  "begin" : 684,  "end" : 689 }, 
        {"sofa" : 1,  "begin" : 690,  "end" : 695 }, 
        {"sofa" : 1,  "begin" : 696,  "end" : 707 }, 
        {"sofa" : 1,  "begin" : 708,  "end" : 709 }, 
        {"sofa" : 1,  "begin" : 710,  "end" : 719 }, 
        {"sofa" : 1,  "begin" : 720,  "end" : 722 }, 
        {"sofa" : 1,  "begin" : 723,  "end" : 727 }, 
        {"sofa" : 1,  "begin" : 728,  "end" : 729 }, 
        {"sofa" : 1,  "begin" : 730,  "end" : 736 }, 
        {"sofa" : 1,  "begin" : 737,  "end" : 750 }, 
        {"sofa" : 1,  "begin" : 751,  "end" : 758 }, 
        {"sofa" : 1,  "begin" : 759,  "end" : 768 }, 
        {"sofa" : 1,  "begin" : 769,  "end" : 779 }, 
        {"sofa" : 1,  "begin" : 780,  "end" : 783 }, 
        {"sofa" : 1,  "begin" : 784,  "end" : 790 }, 
        {"sofa" : 1,  "begin" : 791,  "end" : 794 }, 
        {"sofa" : 1,  "begin" : 795,  "end" : 802 }, 
        {"sofa" : 1,  "begin" : 803,  "end" : 804 }, 
        {"sofa" : 1,  "begin" : 805,  "end" : 809 }, 
        {"sofa" : 1,  "begin" : 810,  "end" : 814 }, 
        {"sofa" : 1,  "begin" : 815,  "end" : 816 }, 
        {"sofa" : 1,  "begin" : 817,  "end" : 821 }, 
        {"sofa" : 1,  "begin" : 822,  "end" : 827 }, 
        {"sofa" : 1,  "begin" : 828,  "end" : 829 }, 
        {"sofa" : 1,  "begin" : 830,  "end" : 831 }, 
        {"sofa" : 1,  "begin" : 832,  "end" : 838 }, 
        {"sofa" : 1,  "begin" : 839,  "end" : 841 }, 
        {"sofa" : 1,  "begin" : 842,  "end" : 847 }, 
        {"sofa" : 1,  "begin" : 848,  "end" : 857 }, 
        {"sofa" : 1,  "begin" : 858,  "end" : 860 }, 
        {"sofa" : 1,  "begin" : 861,  "end" : 868 }, 
        {"sofa" : 1,  "begin" : 869,  "end" : 870 }, 
        {"sofa" : 1,  "begin" : 871,  "end" : 873 }, 
        {"sofa" : 1,  "begin" : 874,  "end" : 877 }, 
        {"sofa" : 1,  "begin" : 878,  "end" : 881 }, 
        {"sofa" : 1,  "begin" : 882,  "end" : 888 }, 
        {"sofa" : 1,  "begin" : 889,  "end" : 891 }, 
        {"sofa" : 1,  "begin" : 892,  "end" : 897 }, 
        {"sofa" : 1,  "begin" : 898,  "end" : 904 }, 
        {"sofa" : 1,  "begin" : 905,  "end" : 906 }, 
        {"sofa" : 1,  "begin" : 907,  "end" : 910 }, 
        {"sofa" : 1,  "begin" : 911,  "end" : 913 }, 
        {"sofa" : 1,  "begin" : 914,  "end" : 921 }, 
        {"sofa" : 1,  "begin" : 922,  "end" : 929 }, 
        {"sofa" : 1,  "begin" : 930,  "end" : 933 }, 
        {"sofa" : 1,  "begin" : 934,  "end" : 942 }, 
        {"sofa" : 1,  "begin" : 943,  "end" : 945 }, 
        {"sofa" : 1,  "begin" : 946,  "end" : 956 }, 
        {"sofa" : 1,  "begin" : 957,  "end" : 961 }, 
        {"sofa" : 1,  "begin" : 962,  "end" : 965 }, 
        {"sofa" : 1,  "begin" : 966,  "end" : 974 }, 
        {"sofa" : 1,  "begin" : 975,  "end" : 976 } ], 
      "PartsofCause" : [2325,  2338,  2351,  2420,  2394,  2407,  2493,  2463,  2472,  2566,  2536,  2553 ], 
      "TypesofCause" : [
        {"sofa" : 1,  "end" : 56,  "Dependent" : 2325,  "Governor" : 2338,  "TypesofCause" : "Effect" }, 
        {"sofa" : 1,  "begin" : 67,  "end" : 128,  "Dependent" : 2351,  "Governor" : 2338,  "TypesofCause" : "Cause" }, 
        {"sofa" : 1,  "begin" : 153,  "end" : 167,  "Dependent" : 2420,  "Governor" : 2394,  "TypesofCause" : "Effect" }, 
        {"sofa" : 1,  "begin" : 187,  "end" : 217,  "Dependent" : 2407,  "Governor" : 2394,  "TypesofCause" : "Cause" }, 
        {"sofa" : 1,  "begin" : 427,  "end" : 448,  "Dependent" : 2493,  "Governor" : 2463,  "TypesofCause" : "Cause" }, 
        {"sofa" : 1,  "begin" : 462,  "end" : 493,  "Dependent" : 2472,  "Governor" : 2463,  "TypesofCause" : "Effect" }, 
        {"sofa" : 1,  "begin" : 513,  "end" : 664,  "Dependent" : 2566,  "Governor" : 2536,  "TypesofCause" : "Effect" }, 
        {"sofa" : 1,  "begin" : 668,  "end" : 707,  "Dependent" : 2553,  "Governor" : 2536,  "TypesofCause" : "Cause" } ] } }, 
  "_referenced_fss" : {
    "1" : {"_type" : "Sofa",  "sofaNum" : 1,  "sofaID" : "_InitialView",  "mimeType" : "text",  "sofaString" : "At least 10 people were killed and more than 100 wounded following a pair of bombings Saturday in the southern Thai city of Yala , Thai media reported .\nThe two blasts were the result of bombs stashed in stolen trucks , Police Lt. Gen. Paitoon Chuchaiya told CNN affiliate MCOT .\nVideo from the scene showed damage to buildings , cars and motorcycles on the street .\nThe blasts set fires to nearby vehicles , including a van , which itself exploded , leading to initial reports of a third bomb , Chuchaiya said .\nThai Prime Minister Yingluck Shinawatra said she has been informed of the Yala bombings and has instructed national police chief Gen. Prewpan Dhamapong to investigate the crime scene immediately , according to MCOT .\nPolice investigators believe suspected insurgents are behind the attacks , MCOT said .\nLast month , a series of bombs detonated in Bangkok .\nNo one was killed in those blasts , and an Iranian suspect was arrested in connection with the incident ." }, 
    "2325" : {"_type" : "PartsofCause",  "sofa" : 1,  "end" : 56,  "PartsofCause" : "Argument" }, 
    "2338" : {"_type" : "PartsofCause",  "sofa" : 1,  "begin" : 57,  "end" : 66,  "PartsofCause" : "Causing" }, 
    "2351" : {"_type" : "PartsofCause",  "sofa" : 1,  "begin" : 67,  "end" : 128,  "PartsofCause" : "Argument" }, 
    "2420" : {"_type" : "PartsofCause",  "sofa" : 1,  "begin" : 153,  "end" : 167,  "PartsofCause" : "Argument" }, 
    "2394" : {"_type" : "PartsofCause",  "sofa" : 1,  "begin" : 177,  "end" : 183,  "PartsofCause" : "Causing" }, 
    "2407" : {"_type" : "PartsofCause",  "sofa" : 1,  "begin" : 187,  "end" : 217,  "PartsofCause" : "Argument" }, 
    "2493" : {"_type" : "PartsofCause",  "sofa" : 1,  "begin" : 427,  "end" : 448,  "PartsofCause" : "Argument" }, 
    "2463" : {"_type" : "PartsofCause",  "sofa" : 1,  "begin" : 451,  "end" : 461,  "PartsofCause" : "Enabling" }, 
    "2472" : {"_type" : "PartsofCause",  "sofa" : 1,  "begin" : 462,  "end" : 493,  "PartsofCause" : "Argument" }, 
    "2566" : {"_type" : "PartsofCause",  "sofa" : 1,  "begin" : 513,  "end" : 664,  "PartsofCause" : "Argument" }, 
    "2536" : {"_type" : "PartsofCause",  "sofa" : 1,  "begin" : 665,  "end" : 667,  "PartsofCause" : "Causing" }, 
    "2553" : {"_type" : "PartsofCause",  "sofa" : 1,  "begin" : 668,  "end" : 707,  "PartsofCause" : "Argument" }, 
    "2623" : {"_type" : "LayerDefinition",  "name" : "webanno.custom.TypesofCause",  "uiName" : "Types of Cause" }, 
    "2616" : {"_type" : "LayerDefinition",  "name" : "webanno.custom.PartsofCause",  "uiName" : "Parts of Cause" }, 
    "2605" : {"_type" : "LayerDefinition",  "name" : "webanno.custom.DisjointCausalSpans",  "uiName" : "Disjoint Causal Spans" } } }