{"_context" : {
    "_types" : {
      "DocumentMetaData" : {
        "_feature_types" : {"sofa" : "_ref" } }, 
      "FeatureDefinition" : {
        "_feature_types" : {"layer" : "_ref" } }, 
      "LayerDefinition" : { }, 
      "PartsofCause" : {
        "_feature_types" : {"sofa" : "_ref" } }, 
      "Sentence" : {
        "_feature_types" : {"sofa" : "_ref" } }, 
      "Sofa" : {
        "_feature_types" : {"sofaArray" : "_ref" } }, 
      "TagsetDescription" : {
        "_feature_types" : {"sofa" : "_ref",  "tags" : "_ref" } }, 
      "Token" : {
        "_feature_types" : {"sofa" : "_ref",  "parent" : "_ref",  "lemma" : "_ref",  "stem" : "_ref",  "pos" : "_ref",  "morph" : "_ref",  "form" : "_ref" } }, 
      "TypesofCause" : {
        "_feature_types" : {"sofa" : "_ref",  "Dependent" : "_ref",  "Governor" : "_ref" } }, 
      "DocumentAnnotation" : {
        "_feature_types" : {"sofa" : "_ref" }, 
        "_subtypes" : ["DocumentMetaData" ] }, 
      "Annotation" : {
        "_feature_types" : {"sofa" : "_ref" }, 
        "_subtypes" : ["DocumentAnnotation",  "PartsofCause",  "Sentence",  "TagsetDescription",  "Token",  "TypesofCause" ] }, 
      "AnnotationBase" : {
        "_feature_types" : {"sofa" : "_ref" }, 
        "_subtypes" : ["Annotation" ] }, 
      "TOP" : {
        "_subtypes" : ["AnnotationBase",  "FeatureDefinition",  "LayerDefinition",  "Sofa" ] } } }, 
  "_views" : {
    "_InitialView" : {
      "FeatureDefinition" : [
        {"layer" : 2484,  "name" : "referenceRelation",  "uiName" : "Reference Relation" }, 
        {"layer" : 2484,  "name" : "referenceType",  "uiName" : "Reference Type" }, 
        {"layer" : 2495,  "name" : "PartsofCause",  "uiName" : "Parts of Cause" }, 
        {"layer" : 2502,  "name" : "TypesofCause",  "uiName" : "Types of Cause" } ], 
      "LayerDefinition" : [2484,  2495,  2502 ], 
      "DocumentMetaData" : [
        {"sofa" : 1,  "end" : 770,  "language" : "x-unspecified",  "documentTitle" : "fable-39.txt",  "documentId" : "GJW",  "documentUri" : "file:/srv/inception/repository/project/2/document/2341/source/GJW",  "collectionId" : "file:/srv/inception/repository/project/2/document/2341/source/",  "documentBaseUri" : "file:/srv/inception/repository/project/2/document/2341/source/",  "isLastSegment" : false } ], 
      "TagsetDescription" : [
        {"sofa" : 1,  "layer" : "webanno.custom.PartsofCause",  "name" : "Parts of Cause",  "input" : false }, 
        {"sofa" : 1,  "layer" : "webanno.custom.TypesofCause",  "name" : "Causal Relations",  "input" : false } ], 
      "Sentence" : [
        {"sofa" : 1,  "end" : 80 }, 
        {"sofa" : 1,  "begin" : 81,  "end" : 173 }, 
        {"sofa" : 1,  "begin" : 174,  "end" : 271 }, 
        {"sofa" : 1,  "begin" : 272,  "end" : 407 }, 
        {"sofa" : 1,  "begin" : 409,  "end" : 496 }, 
        {"sofa" : 1,  "begin" : 497,  "end" : 553 }, 
        {"sofa" : 1,  "begin" : 554,  "end" : 600 }, 
        {"sofa" : 1,  "begin" : 601,  "end" : 631 }, 
        {"sofa" : 1,  "begin" : 632,  "end" : 770 } ], 
      "Token" : [
        {"sofa" : 1,  "end" : 1 }, 
        {"sofa" : 1,  "begin" : 2,  "end" : 9 }, 
        {"sofa" : 1,  "begin" : 10,  "end" : 19 }, 
        {"sofa" : 1,  "begin" : 20,  "end" : 24 }, 
        {"sofa" : 1,  "begin" : 25,  "end" : 34 }, 
        {"sofa" : 1,  "begin" : 35,  "end" : 40 }, 
        {"sofa" : 1,  "begin" : 41,  "end" : 44 }, 
        {"sofa" : 1,  "begin" : 45,  "end" : 48 }, 
        {"sofa" : 1,  "begin" : 49,  "end" : 50 }, 
        {"sofa" : 1,  "begin" : 51,  "end" : 58 }, 
        {"sofa" : 1,  "begin" : 59,  "end" : 62 }, 
        {"sofa" : 1,  "begin" : 63,  "end" : 64 }, 
        {"sofa" : 1,  "begin" : 65,  "end" : 70 }, 
        {"sofa" : 1,  "begin" : 71,  "end" : 73 }, 
        {"sofa" : 1,  "begin" : 74,  "end" : 78 }, 
        {"sofa" : 1,  "begin" : 79,  "end" : 80 }, 
        {"sofa" : 1,  "begin" : 81,  "end" : 83 }, 
        {"sofa" : 1,  "begin" : 84,  "end" : 89 }, 
        {"sofa" : 1,  "begin" : 90,  "end" : 91 }, 
        {"sofa" : 1,  "begin" : 92,  "end" : 98 }, 
        {"sofa" : 1,  "begin" : 99,  "end" : 101 }, 
        {"sofa" : 1,  "begin" : 102,  "end" : 108 }, 
        {"sofa" : 1,  "begin" : 109,  "end" : 111 }, 
        {"sofa" : 1,  "begin" : 112,  "end" : 113 }, 
        {"sofa" : 1,  "begin" : 114,  "end" : 118 }, 
        {"sofa" : 1,  "begin" : 119,  "end" : 123 }, 
        {"sofa" : 1,  "begin" : 124,  "end" : 125 }, 
        {"sofa" : 1,  "begin" : 126,  "end" : 129 }, 
        {"sofa" : 1,  "begin" : 130,  "end" : 135 }, 
        {"sofa" : 1,  "begin" : 136,  "end" : 140 }, 
        {"sofa" : 1,  "begin" : 141,  "end" : 143 }, 
        {"sofa" : 1,  "begin" : 144,  "end" : 147 }, 
        {"sofa" : 1,  "begin" : 148,  "end" : 151 }, 
        {"sofa" : 1,  "begin" : 152,  "end" : 157 }, 
        {"sofa" : 1,  "begin" : 158,  "end" : 163 }, 
        {"sofa" : 1,  "begin" : 164,  "end" : 171 }, 
        {"sofa" : 1,  "begin" : 172,  "end" : 173 }, 
        {"sofa" : 1,  "begin" : 174,  "end" : 177 }, 
        {"sofa" : 1,  "begin" : 178,  "end" : 184 }, 
        {"sofa" : 1,  "begin" : 185,  "end" : 194 }, 
        {"sofa" : 1,  "begin" : 195,  "end" : 196 }, 
        {"sofa" : 1,  "begin" : 197,  "end" : 203 }, 
        {"sofa" : 1,  "begin" : 204,  "end" : 208 }, 
        {"sofa" : 1,  "begin" : 209,  "end" : 216 }, 
        {"sofa" : 1,  "begin" : 217,  "end" : 222 }, 
        {"sofa" : 1,  "begin" : 223,  "end" : 227 }, 
        {"sofa" : 1,  "begin" : 228,  "end" : 229 }, 
        {"sofa" : 1,  "begin" : 230,  "end" : 233 }, 
        {"sofa" : 1,  "begin" : 234,  "end" : 237 }, 
        {"sofa" : 1,  "begin" : 238,  "end" : 247 }, 
        {"sofa" : 1,  "begin" : 248,  "end" : 253 }, 
        {"sofa" : 1,  "begin" : 254,  "end" : 258 }, 
        {"sofa" : 1,  "begin" : 259,  "end" : 264 }, 
        {"sofa" : 1,  "begin" : 265,  "end" : 269 }, 
        {"sofa" : 1,  "begin" : 270,  "end" : 271 }, 
        {"sofa" : 1,  "begin" : 272,  "end" : 275 }, 
        {"sofa" : 1,  "begin" : 276,  "end" : 278 }, 
        {"sofa" : 1,  "begin" : 279,  "end" : 282 }, 
        {"sofa" : 1,  "begin" : 283,  "end" : 286 }, 
        {"sofa" : 1,  "begin" : 287,  "end" : 291 }, 
        {"sofa" : 1,  "begin" : 292,  "end" : 298 }, 
        {"sofa" : 1,  "begin" : 299,  "end" : 303 }, 
        {"sofa" : 1,  "begin" : 304,  "end" : 309 }, 
        {"sofa" : 1,  "begin" : 310,  "end" : 314 }, 
        {"sofa" : 1,  "begin" : 315,  "end" : 318 }, 
        {"sofa" : 1,  "begin" : 319,  "end" : 324 }, 
        {"sofa" : 1,  "begin" : 325,  "end" : 331 }, 
        {"sofa" : 1,  "begin" : 332,  "end" : 337 }, 
        {"sofa" : 1,  "begin" : 338,  "end" : 342 }, 
        {"sofa" : 1,  "begin" : 343,  "end" : 347 }, 
        {"sofa" : 1,  "begin" : 348,  "end" : 351 }, 
        {"sofa" : 1,  "begin" : 352,  "end" : 356 }, 
        {"sofa" : 1,  "begin" : 357,  "end" : 361 }, 
        {"sofa" : 1,  "begin" : 362,  "end" : 363 }, 
        {"sofa" : 1,  "begin" : 364,  "end" : 367 }, 
        {"sofa" : 1,  "begin" : 368,  "end" : 372 }, 
        {"sofa" : 1,  "begin" : 373,  "end" : 379 }, 
        {"sofa" : 1,  "begin" : 380,  "end" : 384 }, 
        {"sofa" : 1,  "begin" : 385,  "end" : 388 }, 
        {"sofa" : 1,  "begin" : 389,  "end" : 394 }, 
        {"sofa" : 1,  "begin" : 395,  "end" : 398 }, 
        {"sofa" : 1,  "begin" : 399,  "end" : 402 }, 
        {"sofa" : 1,  "begin" : 403,  "end" : 405 }, 
        {"sofa" : 1,  "begin" : 406,  "end" : 407 }, 
        {"sofa" : 1,  "begin" : 409,  "end" : 410 }, 
        {"sofa" : 1,  "begin" : 411,  "end" : 415 }, 
        {"sofa" : 1,  "begin" : 416,  "end" : 425 }, 
        {"sofa" : 1,  "begin" : 426,  "end" : 427 }, 
        {"sofa" : 1,  "begin" : 428,  "end" : 434 }, 
        {"sofa" : 1,  "begin" : 435,  "end" : 437 }, 
        {"sofa" : 1,  "begin" : 438,  "end" : 442 }, 
        {"sofa" : 1,  "begin" : 443,  "end" : 444 }, 
        {"sofa" : 1,  "begin" : 445,  "end" : 446 }, 
        {"sofa" : 1,  "begin" : 447,  "end" : 451 }, 
        {"sofa" : 1,  "begin" : 452,  "end" : 456 }, 
        {"sofa" : 1,  "begin" : 457,  "end" : 458 }, 
        {"sofa" : 1,  "begin" : 459,  "end" : 460 }, 
        {"sofa" : 1,  "begin" : 461,  "end" : 464 }, 
        {"sofa" : 1,  "begin" : 465,  "end" : 468 }, 
        {"sofa" : 1,  "begin" : 469,  "end" : 471 }, 
        {"sofa" : 1,  "begin" : 472,  "end" : 477 }, 
        {"sofa" : 1,  "begin" : 478,  "end" : 481 }, 
        {"sofa" : 1,  "begin" : 482,  "end" : 484 }, 
        {"sofa" : 1,  "begin" : 485,  "end" : 492 }, 
        {"sofa" : 1,  "begin" : 493,  "end" : 494 }, 
        {"sofa" : 1,  "begin" : 495,  "end" : 496 }, 
        {"sofa" : 1,  "begin" : 497,  "end" : 500 }, 
        {"sofa" : 1,  "begin" : 501,  "end" : 504 }, 
        {"sofa" : 1,  "begin" : 505,  "end" : 514 }, 
        {"sofa" : 1,  "begin" : 515,  "end" : 518 }, 
        {"sofa" : 1,  "begin" : 519,  "end" : 523 }, 
        {"sofa" : 1,  "begin" : 524,  "end" : 528 }, 
        {"sofa" : 1,  "begin" : 529,  "end" : 530 }, 
        {"sofa" : 1,  "begin" : 531,  "end" : 534 }, 
        {"sofa" : 1,  "begin" : 535,  "end" : 539 }, 
        {"sofa" : 1,  "begin" : 540,  "end" : 541 }, 
        {"sofa" : 1,  "begin" : 542,  "end" : 543 }, 
        {"sofa" : 1,  "begin" : 544,  "end" : 546 }, 
        {"sofa" : 1,  "begin" : 547,  "end" : 548 }, 
        {"sofa" : 1,  "begin" : 549,  "end" : 551 }, 
        {"sofa" : 1,  "begin" : 552,  "end" : 553 }, 
        {"sofa" : 1,  "begin" : 554,  "end" : 556 }, 
        {"sofa" : 1,  "begin" : 557,  "end" : 560 }, 
        {"sofa" : 1,  "begin" : 561,  "end" : 563 }, 
        {"sofa" : 1,  "begin" : 564,  "end" : 567 }, 
        {"sofa" : 1,  "begin" : 568,  "end" : 572 }, 
        {"sofa" : 1,  "begin" : 573,  "end" : 575 }, 
        {"sofa" : 1,  "begin" : 576,  "end" : 580 }, 
        {"sofa" : 1,  "begin" : 581,  "end" : 582 }, 
        {"sofa" : 1,  "begin" : 583,  "end" : 586 }, 
        {"sofa" : 1,  "begin" : 587,  "end" : 590 }, 
        {"sofa" : 1,  "begin" : 591,  "end" : 593 }, 
        {"sofa" : 1,  "begin" : 594,  "end" : 598 }, 
        {"sofa" : 1,  "begin" : 599,  "end" : 600 }, 
        {"sofa" : 1,  "begin" : 601,  "end" : 602 }, 
        {"sofa" : 1,  "begin" : 603,  "end" : 607 }, 
        {"sofa" : 1,  "begin" : 608,  "end" : 610 }, 
        {"sofa" : 1,  "begin" : 611,  "end" : 615 }, 
        {"sofa" : 1,  "begin" : 616,  "end" : 627 }, 
        {"sofa" : 1,  "begin" : 628,  "end" : 629 }, 
        {"sofa" : 1,  "begin" : 630,  "end" : 631 }, 
        {"sofa" : 1,  "begin" : 632,  "end" : 634 }, 
        {"sofa" : 1,  "begin" : 635,  "end" : 638 }, 
        {"sofa" : 1,  "begin" : 639,  "end" : 642 }, 
        {"sofa" : 1,  "begin" : 643,  "end" : 647 }, 
        {"sofa" : 1,  "begin" : 648,  "end" : 652 }, 
        {"sofa" : 1,  "begin" : 653,  "end" : 656 }, 
        {"sofa" : 1,  "begin" : 657,  "end" : 663 }, 
        {"sofa" : 1,  "begin" : 664,  "end" : 671 }, 
        {"sofa" : 1,  "begin" : 672,  "end" : 676 }, 
        {"sofa" : 1,  "begin" : 677,  "end" : 679 }, 
        {"sofa" : 1,  "begin" : 680,  "end" : 682 }, 
        {"sofa" : 1,  "begin" : 683,  "end" : 689 }, 
        {"sofa" : 1,  "begin" : 690,  "end" : 692 }, 
        {"sofa" : 1,  "begin" : 693,  "end" : 697 }, 
        {"sofa" : 1,  "begin" : 698,  "end" : 700 }, 
        {"sofa" : 1,  "begin" : 701,  "end" : 709 }, 
        {"sofa" : 1,  "begin" : 710,  "end" : 713 }, 
        {"sofa" : 1,  "begin" : 714,  "end" : 718 }, 
        {"sofa" : 1,  "begin" : 719,  "end" : 721 }, 
        {"sofa" : 1,  "begin" : 722,  "end" : 728 }, 
        {"sofa" : 1,  "begin" : 729,  "end" : 732 }, 
        {"sofa" : 1,  "begin" : 733,  "end" : 735 }, 
        {"sofa" : 1,  "begin" : 736,  "end" : 738 }, 
        {"sofa" : 1,  "begin" : 739,  "end" : 743 }, 
        {"sofa" : 1,  "begin" : 744,  "end" : 747 }, 
        {"sofa" : 1,  "begin" : 748,  "end" : 752 }, 
        {"sofa" : 1,  "begin" : 753,  "end" : 757 }, 
        {"sofa" : 1,  "begin" : 758,  "end" : 761 }, 
        {"sofa" : 1,  "begin" : 762,  "end" : 765 }, 
        {"sofa" : 1,  "begin" : 766,  "end" : 768 }, 
        {"sofa" : 1,  "begin" : 769,  "end" : 770 } ], 
      "PartsofCause" : [2398,  2416,  2407,  2317,  2326,  2343 ], 
      "TypesofCause" : [
        {"sofa" : 1,  "begin" : 63,  "end" : 70,  "Dependent" : 2398,  "Governor" : 2416,  "TypesofCause" : "Cause" }, 
        {"sofa" : 1,  "begin" : 74,  "end" : 78,  "Dependent" : 2407,  "Governor" : 2416,  "TypesofCause" : "Effect" }, 
        {"sofa" : 1,  "begin" : 557,  "end" : 580,  "Dependent" : 2326,  "Governor" : 2317,  "TypesofCause" : "Cause" }, 
        {"sofa" : 1,  "begin" : 583,  "end" : 598,  "Dependent" : 2343,  "Governor" : 2317,  "TypesofCause" : "Effect" } ] } }, 
  "_referenced_fss" : {
    "1" : {"_type" : "Sofa",  "sofaNum" : 1,  "sofaID" : "_InitialView",  "mimeType" : "text",  "sofaString" : "A PRICKLY Porcupine came wandering along one day , looking for a place to live .\nHe found a family of Snakes in a warm cave , and asked them to let him share their shelter .\nThe Snakes consented , though much against their will , and the Porcupine crept into their home .\nBut it was not long before they found that his sharp quills stuck into them and hurt them , and they wished they had never let him in .\n “ Dear Porcupine , please go away , ” they said ; “ you are so large and so prickly . ”\nBut the Porcupine was very rude , and said : “ Oh , no .\nIf you do not like it here , you can go away .\nI find it very comfortable . ”\nIt was too late that the Snakes learned that it is easier to keep an intruder out than to compel him to go when you have once let him in ." }, 
    "2398" : {"_type" : "PartsofCause",  "sofa" : 1,  "begin" : 63,  "end" : 70,  "PartsofCause" : "Argument" }, 
    "2416" : {"_type" : "PartsofCause",  "sofa" : 1,  "begin" : 71,  "end" : 73,  "PartsofCause" : "Enabling" }, 
    "2407" : {"_type" : "PartsofCause",  "sofa" : 1,  "begin" : 74,  "end" : 78,  "PartsofCause" : "Argument" }, 
    "2326" : {"_type" : "PartsofCause",  "sofa" : 1,  "begin" : 557,  "end" : 580,  "PartsofCause" : "Argument" }, 
    "2317" : {"_type" : "PartsofCause",  "sofa" : 1,  "begin" : 554,  "end" : 556,  "PartsofCause" : "Enabling" }, 
    "2343" : {"_type" : "PartsofCause",  "sofa" : 1,  "begin" : 583,  "end" : 598,  "PartsofCause" : "Argument" }, 
    "2502" : {"_type" : "LayerDefinition",  "name" : "webanno.custom.TypesofCause",  "uiName" : "Types of Cause" }, 
    "2495" : {"_type" : "LayerDefinition",  "name" : "webanno.custom.PartsofCause",  "uiName" : "Parts of Cause" }, 
    "2484" : {"_type" : "LayerDefinition",  "name" : "webanno.custom.DisjointCausalSpans",  "uiName" : "Disjoint Causal Spans" } } }