{"_context" : {
    "_types" : {
      "DocumentMetaData" : {
        "_feature_types" : {"sofa" : "_ref" } }, 
      "FeatureDefinition" : {
        "_feature_types" : {"layer" : "_ref" } }, 
      "LayerDefinition" : { }, 
      "PartsofCause" : {
        "_feature_types" : {"sofa" : "_ref" } }, 
      "Sentence" : {
        "_feature_types" : {"sofa" : "_ref" } }, 
      "Sofa" : {
        "_feature_types" : {"sofaArray" : "_ref" } }, 
      "TagsetDescription" : {
        "_feature_types" : {"sofa" : "_ref",  "tags" : "_ref" } }, 
      "Token" : {
        "_feature_types" : {"sofa" : "_ref",  "parent" : "_ref",  "lemma" : "_ref",  "stem" : "_ref",  "pos" : "_ref",  "morph" : "_ref",  "form" : "_ref" } }, 
      "TypesofCause" : {
        "_feature_types" : {"sofa" : "_ref",  "Dependent" : "_ref",  "Governor" : "_ref" } }, 
      "DocumentAnnotation" : {
        "_feature_types" : {"sofa" : "_ref" }, 
        "_subtypes" : ["DocumentMetaData" ] }, 
      "Annotation" : {
        "_feature_types" : {"sofa" : "_ref" }, 
        "_subtypes" : ["DocumentAnnotation",  "PartsofCause",  "Sentence",  "TagsetDescription",  "Token",  "TypesofCause" ] }, 
      "AnnotationBase" : {
        "_feature_types" : {"sofa" : "_ref" }, 
        "_subtypes" : ["Annotation" ] }, 
      "TOP" : {
        "_subtypes" : ["AnnotationBase",  "FeatureDefinition",  "LayerDefinition",  "Sofa" ] } } }, 
  "_views" : {
    "_InitialView" : {
      "FeatureDefinition" : [
        {"layer" : 2374,  "name" : "referenceRelation",  "uiName" : "Reference Relation" }, 
        {"layer" : 2374,  "name" : "referenceType",  "uiName" : "Reference Type" }, 
        {"layer" : 2385,  "name" : "PartsofCause",  "uiName" : "Parts of Cause" }, 
        {"layer" : 2392,  "name" : "TypesofCause",  "uiName" : "Types of Cause" } ], 
      "LayerDefinition" : [2374,  2385,  2392 ], 
      "DocumentMetaData" : [
        {"sofa" : 1,  "end" : 855,  "language" : "x-unspecified",  "documentTitle" : "cnn-16.txt",  "documentId" : "AYC",  "documentUri" : "file:/srv/inception/repository/project/2/document/2368/source/AYC",  "collectionId" : "file:/srv/inception/repository/project/2/document/2368/source/",  "documentBaseUri" : "file:/srv/inception/repository/project/2/document/2368/source/",  "isLastSegment" : false } ], 
      "TagsetDescription" : [
        {"sofa" : 1,  "layer" : "webanno.custom.PartsofCause",  "name" : "Parts of Cause",  "input" : false }, 
        {"sofa" : 1,  "layer" : "webanno.custom.TypesofCause",  "name" : "Causal Relations",  "input" : false } ], 
      "Sentence" : [
        {"sofa" : 1,  "end" : 174 }, 
        {"sofa" : 1,  "begin" : 175,  "end" : 293 }, 
        {"sofa" : 1,  "begin" : 294,  "end" : 432 }, 
        {"sofa" : 1,  "begin" : 433,  "end" : 582 }, 
        {"sofa" : 1,  "begin" : 583,  "end" : 630 }, 
        {"sofa" : 1,  "begin" : 631,  "end" : 855 } ], 
      "Token" : [
        {"sofa" : 1,  "end" : 5 }, 
        {"sofa" : 1,  "begin" : 6,  "end" : 12 }, 
        {"sofa" : 1,  "begin" : 13,  "end" : 17 }, 
        {"sofa" : 1,  "begin" : 18,  "end" : 25 }, 
        {"sofa" : 1,  "begin" : 26,  "end" : 30 }, 
        {"sofa" : 1,  "begin" : 31,  "end" : 32 }, 
        {"sofa" : 1,  "begin" : 33,  "end" : 39 }, 
        {"sofa" : 1,  "begin" : 40,  "end" : 43 }, 
        {"sofa" : 1,  "begin" : 44,  "end" : 51 }, 
        {"sofa" : 1,  "begin" : 52,  "end" : 56 }, 
        {"sofa" : 1,  "begin" : 57,  "end" : 58 }, 
        {"sofa" : 1,  "begin" : 59,  "end" : 66 }, 
        {"sofa" : 1,  "begin" : 67,  "end" : 80 }, 
        {"sofa" : 1,  "begin" : 81,  "end" : 85 }, 
        {"sofa" : 1,  "begin" : 86,  "end" : 92 }, 
        {"sofa" : 1,  "begin" : 93,  "end" : 100 }, 
        {"sofa" : 1,  "begin" : 101,  "end" : 102 }, 
        {"sofa" : 1,  "begin" : 103,  "end" : 112 }, 
        {"sofa" : 1,  "begin" : 113,  "end" : 114 }, 
        {"sofa" : 1,  "begin" : 115,  "end" : 121 }, 
        {"sofa" : 1,  "begin" : 122,  "end" : 125 }, 
        {"sofa" : 1,  "begin" : 126,  "end" : 129 }, 
        {"sofa" : 1,  "begin" : 130,  "end" : 135 }, 
        {"sofa" : 1,  "begin" : 136,  "end" : 144 }, 
        {"sofa" : 1,  "begin" : 145,  "end" : 148 }, 
        {"sofa" : 1,  "begin" : 149,  "end" : 153 }, 
        {"sofa" : 1,  "begin" : 154,  "end" : 160 }, 
        {"sofa" : 1,  "begin" : 161,  "end" : 163 }, 
        {"sofa" : 1,  "begin" : 164,  "end" : 167 }, 
        {"sofa" : 1,  "begin" : 168,  "end" : 172 }, 
        {"sofa" : 1,  "begin" : 173,  "end" : 174 }, 
        {"sofa" : 1,  "begin" : 175,  "end" : 178 }, 
        {"sofa" : 1,  "begin" : 179,  "end" : 183 }, 
        {"sofa" : 1,  "begin" : 184,  "end" : 189 }, 
        {"sofa" : 1,  "begin" : 190,  "end" : 192 }, 
        {"sofa" : 1,  "begin" : 193,  "end" : 196 }, 
        {"sofa" : 1,  "begin" : 197,  "end" : 205 }, 
        {"sofa" : 1,  "begin" : 206,  "end" : 209 }, 
        {"sofa" : 1,  "begin" : 210,  "end" : 215 }, 
        {"sofa" : 1,  "begin" : 216,  "end" : 224 }, 
        {"sofa" : 1,  "begin" : 225,  "end" : 226 }, 
        {"sofa" : 1,  "begin" : 227,  "end" : 236 }, 
        {"sofa" : 1,  "begin" : 237,  "end" : 239 }, 
        {"sofa" : 1,  "begin" : 240,  "end" : 245 }, 
        {"sofa" : 1,  "begin" : 246,  "end" : 253 }, 
        {"sofa" : 1,  "begin" : 254,  "end" : 261 }, 
        {"sofa" : 1,  "begin" : 262,  "end" : 264 }, 
        {"sofa" : 1,  "begin" : 265,  "end" : 268 }, 
        {"sofa" : 1,  "begin" : 269,  "end" : 275 }, 
        {"sofa" : 1,  "begin" : 276,  "end" : 280 }, 
        {"sofa" : 1,  "begin" : 281,  "end" : 291 }, 
        {"sofa" : 1,  "begin" : 292,  "end" : 293 }, 
        {"sofa" : 1,  "begin" : 294,  "end" : 301 }, 
        {"sofa" : 1,  "begin" : 302,  "end" : 306 }, 
        {"sofa" : 1,  "begin" : 307,  "end" : 310 }, 
        {"sofa" : 1,  "begin" : 311,  "end" : 315 }, 
        {"sofa" : 1,  "begin" : 316,  "end" : 318 }, 
        {"sofa" : 1,  "begin" : 319,  "end" : 323 }, 
        {"sofa" : 1,  "begin" : 324,  "end" : 326 }, 
        {"sofa" : 1,  "begin" : 327,  "end" : 331 }, 
        {"sofa" : 1,  "begin" : 332,  "end" : 335 }, 
        {"sofa" : 1,  "begin" : 336,  "end" : 338 }, 
        {"sofa" : 1,  "begin" : 339,  "end" : 346 }, 
        {"sofa" : 1,  "begin" : 347,  "end" : 349 }, 
        {"sofa" : 1,  "begin" : 350,  "end" : 354 }, 
        {"sofa" : 1,  "begin" : 355,  "end" : 358 }, 
        {"sofa" : 1,  "begin" : 359,  "end" : 365 }, 
        {"sofa" : 1,  "begin" : 366,  "end" : 367 }, 
        {"sofa" : 1,  "begin" : 368,  "end" : 378 }, 
        {"sofa" : 1,  "begin" : 379,  "end" : 382 }, 
        {"sofa" : 1,  "begin" : 383,  "end" : 394 }, 
        {"sofa" : 1,  "begin" : 395,  "end" : 397 }, 
        {"sofa" : 1,  "begin" : 398,  "end" : 399 }, 
        {"sofa" : 1,  "begin" : 400,  "end" : 404 }, 
        {"sofa" : 1,  "begin" : 405,  "end" : 412 }, 
        {"sofa" : 1,  "begin" : 413,  "end" : 416 }, 
        {"sofa" : 1,  "begin" : 417,  "end" : 428 }, 
        {"sofa" : 1,  "begin" : 429,  "end" : 430 }, 
        {"sofa" : 1,  "begin" : 431,  "end" : 432 }, 
        {"sofa" : 1,  "begin" : 433,  "end" : 436 }, 
        {"sofa" : 1,  "begin" : 437,  "end" : 444 }, 
        {"sofa" : 1,  "begin" : 445,  "end" : 453 }, 
        {"sofa" : 1,  "begin" : 454,  "end" : 456 }, 
        {"sofa" : 1,  "begin" : 457,  "end" : 460 }, 
        {"sofa" : 1,  "begin" : 461,  "end" : 474 }, 
        {"sofa" : 1,  "begin" : 475,  "end" : 480 }, 
        {"sofa" : 1,  "begin" : 481,  "end" : 487 }, 
        {"sofa" : 1,  "begin" : 488,  "end" : 492 }, 
        {"sofa" : 1,  "begin" : 493,  "end" : 496 }, 
        {"sofa" : 1,  "begin" : 497,  "end" : 501 }, 
        {"sofa" : 1,  "begin" : 502,  "end" : 503 }, 
        {"sofa" : 1,  "begin" : 504,  "end" : 509 }, 
        {"sofa" : 1,  "begin" : 510,  "end" : 512 }, 
        {"sofa" : 1,  "begin" : 513,  "end" : 515 }, 
        {"sofa" : 1,  "begin" : 516,  "end" : 519 }, 
        {"sofa" : 1,  "begin" : 520,  "end" : 532 }, 
        {"sofa" : 1,  "begin" : 533,  "end" : 535 }, 
        {"sofa" : 1,  "begin" : 536,  "end" : 539 }, 
        {"sofa" : 1,  "begin" : 540,  "end" : 544 }, 
        {"sofa" : 1,  "begin" : 545,  "end" : 552 }, 
        {"sofa" : 1,  "begin" : 553,  "end" : 554 }, 
        {"sofa" : 1,  "begin" : 555,  "end" : 558 }, 
        {"sofa" : 1,  "begin" : 559,  "end" : 560 }, 
        {"sofa" : 1,  "begin" : 561,  "end" : 566 }, 
        {"sofa" : 1,  "begin" : 567,  "end" : 578 }, 
        {"sofa" : 1,  "begin" : 579,  "end" : 580 }, 
        {"sofa" : 1,  "begin" : 581,  "end" : 582 }, 
        {"sofa" : 1,  "begin" : 583,  "end" : 586 }, 
        {"sofa" : 1,  "begin" : 587,  "end" : 592 }, 
        {"sofa" : 1,  "begin" : 593,  "end" : 595 }, 
        {"sofa" : 1,  "begin" : 596,  "end" : 599 }, 
        {"sofa" : 1,  "begin" : 600,  "end" : 605 }, 
        {"sofa" : 1,  "begin" : 606,  "end" : 608 }, 
        {"sofa" : 1,  "begin" : 609,  "end" : 614 }, 
        {"sofa" : 1,  "begin" : 615,  "end" : 628 }, 
        {"sofa" : 1,  "begin" : 629,  "end" : 630 }, 
        {"sofa" : 1,  "begin" : 631,  "end" : 633 }, 
        {"sofa" : 1,  "begin" : 634,  "end" : 635 }, 
        {"sofa" : 1,  "begin" : 636,  "end" : 639 }, 
        {"sofa" : 1,  "begin" : 640,  "end" : 642 }, 
        {"sofa" : 1,  "begin" : 643,  "end" : 648 }, 
        {"sofa" : 1,  "begin" : 649,  "end" : 650 }, 
        {"sofa" : 1,  "begin" : 651,  "end" : 654 }, 
        {"sofa" : 1,  "begin" : 655,  "end" : 659 }, 
        {"sofa" : 1,  "begin" : 660,  "end" : 662 }, 
        {"sofa" : 1,  "begin" : 663,  "end" : 666 }, 
        {"sofa" : 1,  "begin" : 667,  "end" : 670 }, 
        {"sofa" : 1,  "begin" : 671,  "end" : 675 }, 
        {"sofa" : 1,  "begin" : 676,  "end" : 678 }, 
        {"sofa" : 1,  "begin" : 679,  "end" : 686 }, 
        {"sofa" : 1,  "begin" : 687,  "end" : 691 }, 
        {"sofa" : 1,  "begin" : 692,  "end" : 695 }, 
        {"sofa" : 1,  "begin" : 696,  "end" : 702 }, 
        {"sofa" : 1,  "begin" : 703,  "end" : 705 }, 
        {"sofa" : 1,  "begin" : 706,  "end" : 716 }, 
        {"sofa" : 1,  "begin" : 717,  "end" : 721 }, 
        {"sofa" : 1,  "begin" : 722,  "end" : 723 }, 
        {"sofa" : 1,  "begin" : 724,  "end" : 729 }, 
        {"sofa" : 1,  "begin" : 730,  "end" : 733 }, 
        {"sofa" : 1,  "begin" : 734,  "end" : 745 }, 
        {"sofa" : 1,  "begin" : 746,  "end" : 759 }, 
        {"sofa" : 1,  "begin" : 760,  "end" : 764 }, 
        {"sofa" : 1,  "begin" : 765,  "end" : 770 }, 
        {"sofa" : 1,  "begin" : 771,  "end" : 772 }, 
        {"sofa" : 1,  "begin" : 773,  "end" : 774 }, 
        {"sofa" : 1,  "begin" : 775,  "end" : 780 }, 
        {"sofa" : 1,  "begin" : 781,  "end" : 785 }, 
        {"sofa" : 1,  "begin" : 786,  "end" : 793 }, 
        {"sofa" : 1,  "begin" : 794,  "end" : 798 }, 
        {"sofa" : 1,  "begin" : 799,  "end" : 803 }, 
        {"sofa" : 1,  "begin" : 804,  "end" : 807 }, 
        {"sofa" : 1,  "begin" : 808,  "end" : 817 }, 
        {"sofa" : 1,  "begin" : 818,  "end" : 826 }, 
        {"sofa" : 1,  "begin" : 827,  "end" : 841 }, 
        {"sofa" : 1,  "begin" : 842,  "end" : 851 }, 
        {"sofa" : 1,  "begin" : 852,  "end" : 853 }, 
        {"sofa" : 1,  "begin" : 854,  "end" : 855 } ], 
      "PartsofCause" : [2120,  2094,  2141,  2197,  2210,  2184,  2312,  2338 ], 
      "TypesofCause" : [
        {"sofa" : 1,  "end" : 25,  "Dependent" : 2120,  "Governor" : 2094,  "TypesofCause" : "Effect" }, 
        {"sofa" : 1,  "begin" : 31,  "end" : 100,  "Dependent" : 2141,  "Governor" : 2094,  "TypesofCause" : "Cause" }, 
        {"sofa" : 1,  "begin" : 175,  "end" : 205,  "Dependent" : 2197,  "Governor" : 2210,  "TypesofCause" : "Effect" }, 
        {"sofa" : 1,  "begin" : 210,  "end" : 224,  "Dependent" : 2184,  "Governor" : 2210,  "TypesofCause" : "Cause" }, 
        {"sofa" : 1,  "begin" : 596,  "end" : 605,  "Dependent" : 2338,  "Governor" : 2312,  "TypesofCause" : "Effect" } ] } }, 
  "_referenced_fss" : {
    "1" : {"_type" : "Sofa",  "sofaNum" : 1,  "sofaID" : "_InitialView",  "mimeType" : "text",  "sofaString" : "Eight people were injured when a public bus crashed into a central Massachusetts home Monday evening , including a mother and her three children who were inside at the time .\nAll were taken to the hospital for minor injuries , according to Chief Stephen Coleman of the Auburn Fire Department .\nColeman told CNN that it took an hour and 15 minutes to free the driver , describing the extrication as \" very lengthy and complicated . \"\nLt. Richard Wolanski of the Massachusetts State Police said the home , which is at the intersection of two side streets , was \" fully compromised . \"\nThe cause of the crash is under investigation .\nIn a bit of irony , the side of the bus that is visible from the street is emblazoned with a pitch for advertising opportunities that reads : \" Drive Your Message Home with the Worcester Regional Transportation Authority . \"" }, 
    "2120" : {"_type" : "PartsofCause",  "sofa" : 1,  "end" : 25,  "PartsofCause" : "Argument" }, 
    "2094" : {"_type" : "PartsofCause",  "sofa" : 1,  "begin" : 26,  "end" : 30,  "PartsofCause" : "Causing" }, 
    "2141" : {"_type" : "PartsofCause",  "sofa" : 1,  "begin" : 31,  "end" : 100,  "PartsofCause" : "Argument" }, 
    "2197" : {"_type" : "PartsofCause",  "sofa" : 1,  "begin" : 175,  "end" : 205,  "PartsofCause" : "Argument" }, 
    "2210" : {"_type" : "PartsofCause",  "sofa" : 1,  "begin" : 206,  "end" : 209,  "PartsofCause" : "Causing" }, 
    "2184" : {"_type" : "PartsofCause",  "sofa" : 1,  "begin" : 210,  "end" : 224,  "PartsofCause" : "Argument" }, 
    "2338" : {"_type" : "PartsofCause",  "sofa" : 1,  "begin" : 596,  "end" : 605,  "PartsofCause" : "Argument" }, 
    "2312" : {"_type" : "PartsofCause",  "sofa" : 1,  "begin" : 587,  "end" : 592,  "PartsofCause" : "Causing" }, 
    "2385" : {"_type" : "LayerDefinition",  "name" : "webanno.custom.PartsofCause",  "uiName" : "Parts of Cause" }, 
    "2374" : {"_type" : "LayerDefinition",  "name" : "webanno.custom.DisjointCausalSpans",  "uiName" : "Disjoint Causal Spans" }, 
    "2392" : {"_type" : "LayerDefinition",  "name" : "webanno.custom.TypesofCause",  "uiName" : "Types of Cause" } } }