{"_context" : {
    "_types" : {
      "DocumentMetaData" : {
        "_feature_types" : {"sofa" : "_ref" } }, 
      "FeatureDefinition" : {
        "_feature_types" : {"layer" : "_ref" } }, 
      "LayerDefinition" : { }, 
      "PartsofCause" : {
        "_feature_types" : {"sofa" : "_ref" } }, 
      "Sentence" : {
        "_feature_types" : {"sofa" : "_ref" } }, 
      "Sofa" : {
        "_feature_types" : {"sofaArray" : "_ref" } }, 
      "TagsetDescription" : {
        "_feature_types" : {"sofa" : "_ref",  "tags" : "_ref" } }, 
      "Token" : {
        "_feature_types" : {"sofa" : "_ref",  "parent" : "_ref",  "lemma" : "_ref",  "stem" : "_ref",  "pos" : "_ref",  "morph" : "_ref",  "form" : "_ref" } }, 
      "TypesofCause" : {
        "_feature_types" : {"sofa" : "_ref",  "Dependent" : "_ref",  "Governor" : "_ref" } }, 
      "DocumentAnnotation" : {
        "_feature_types" : {"sofa" : "_ref" }, 
        "_subtypes" : ["DocumentMetaData" ] }, 
      "Annotation" : {
        "_feature_types" : {"sofa" : "_ref" }, 
        "_subtypes" : ["DocumentAnnotation",  "PartsofCause",  "Sentence",  "TagsetDescription",  "Token",  "TypesofCause" ] }, 
      "AnnotationBase" : {
        "_feature_types" : {"sofa" : "_ref" }, 
        "_subtypes" : ["Annotation" ] }, 
      "TOP" : {
        "_subtypes" : ["AnnotationBase",  "FeatureDefinition",  "LayerDefinition",  "Sofa" ] } } }, 
  "_views" : {
    "_InitialView" : {
      "FeatureDefinition" : [
        {"layer" : 2738,  "name" : "referenceRelation",  "uiName" : "Reference Relation" }, 
        {"layer" : 2738,  "name" : "referenceType",  "uiName" : "Reference Type" }, 
        {"layer" : 2749,  "name" : "PartsofCause",  "uiName" : "Parts of Cause" }, 
        {"layer" : 2756,  "name" : "TypesofCause",  "uiName" : "Types of Cause" } ], 
      "LayerDefinition" : [2738,  2749,  2756 ], 
      "DocumentMetaData" : [
        {"sofa" : 1,  "end" : 904,  "language" : "x-unspecified",  "documentTitle" : "reddit-039.txt",  "documentId" : "AYC",  "documentUri" : "file:/srv/inception/repository/project/2/document/2441/source/AYC",  "collectionId" : "file:/srv/inception/repository/project/2/document/2441/source/",  "documentBaseUri" : "file:/srv/inception/repository/project/2/document/2441/source/",  "isLastSegment" : false } ], 
      "TagsetDescription" : [
        {"sofa" : 1,  "layer" : "webanno.custom.PartsofCause",  "name" : "Parts of Cause",  "input" : false }, 
        {"sofa" : 1,  "layer" : "webanno.custom.TypesofCause",  "name" : "Causal Relations",  "input" : false } ], 
      "Sentence" : [
        {"sofa" : 1,  "end" : 44 }, 
        {"sofa" : 1,  "begin" : 45,  "end" : 203 }, 
        {"sofa" : 1,  "begin" : 204,  "end" : 373 }, 
        {"sofa" : 1,  "begin" : 374,  "end" : 473 }, 
        {"sofa" : 1,  "begin" : 474,  "end" : 663 }, 
        {"sofa" : 1,  "begin" : 664,  "end" : 760 }, 
        {"sofa" : 1,  "begin" : 761,  "end" : 796 }, 
        {"sofa" : 1,  "begin" : 797,  "end" : 852 }, 
        {"sofa" : 1,  "begin" : 853,  "end" : 904 } ], 
      "Token" : [
        {"sofa" : 1,  "end" : 1 }, 
        {"sofa" : 1,  "begin" : 2,  "end" : 5 }, 
        {"sofa" : 1,  "begin" : 6,  "end" : 8 }, 
        {"sofa" : 1,  "begin" : 9,  "end" : 15 }, 
        {"sofa" : 1,  "begin" : 16,  "end" : 18 }, 
        {"sofa" : 1,  "begin" : 19,  "end" : 21 }, 
        {"sofa" : 1,  "begin" : 22,  "end" : 26 }, 
        {"sofa" : 1,  "begin" : 27,  "end" : 35 }, 
        {"sofa" : 1,  "begin" : 36,  "end" : 42 }, 
        {"sofa" : 1,  "begin" : 43,  "end" : 44 }, 
        {"sofa" : 1,  "begin" : 45,  "end" : 47 }, 
        {"sofa" : 1,  "begin" : 48,  "end" : 61 }, 
        {"sofa" : 1,  "begin" : 62,  "end" : 72 }, 
        {"sofa" : 1,  "begin" : 73,  "end" : 76 }, 
        {"sofa" : 1,  "begin" : 77,  "end" : 83 }, 
        {"sofa" : 1,  "begin" : 84,  "end" : 88 }, 
        {"sofa" : 1,  "begin" : 89,  "end" : 99 }, 
        {"sofa" : 1,  "begin" : 100,  "end" : 103 }, 
        {"sofa" : 1,  "begin" : 104,  "end" : 110 }, 
        {"sofa" : 1,  "begin" : 111,  "end" : 114 }, 
        {"sofa" : 1,  "begin" : 115,  "end" : 116 }, 
        {"sofa" : 1,  "begin" : 117,  "end" : 124 }, 
        {"sofa" : 1,  "begin" : 125,  "end" : 132 }, 
        {"sofa" : 1,  "begin" : 133,  "end" : 134 }, 
        {"sofa" : 1,  "begin" : 135,  "end" : 140 }, 
        {"sofa" : 1,  "begin" : 141,  "end" : 143 }, 
        {"sofa" : 1,  "begin" : 144,  "end" : 146 }, 
        {"sofa" : 1,  "begin" : 147,  "end" : 151 }, 
        {"sofa" : 1,  "begin" : 152,  "end" : 157 }, 
        {"sofa" : 1,  "begin" : 158,  "end" : 159 }, 
        {"sofa" : 1,  "begin" : 160,  "end" : 168 }, 
        {"sofa" : 1,  "begin" : 169,  "end" : 170 }, 
        {"sofa" : 1,  "begin" : 171,  "end" : 177 }, 
        {"sofa" : 1,  "begin" : 178,  "end" : 182 }, 
        {"sofa" : 1,  "begin" : 183,  "end" : 185 }, 
        {"sofa" : 1,  "begin" : 186,  "end" : 190 }, 
        {"sofa" : 1,  "begin" : 191,  "end" : 195 }, 
        {"sofa" : 1,  "begin" : 196,  "end" : 201 }, 
        {"sofa" : 1,  "begin" : 202,  "end" : 203 }, 
        {"sofa" : 1,  "begin" : 204,  "end" : 205 }, 
        {"sofa" : 1,  "begin" : 206,  "end" : 207 }, 
        {"sofa" : 1,  "begin" : 208,  "end" : 211 }, 
        {"sofa" : 1,  "begin" : 212,  "end" : 216 }, 
        {"sofa" : 1,  "begin" : 217,  "end" : 221 }, 
        {"sofa" : 1,  "begin" : 222,  "end" : 223 }, 
        {"sofa" : 1,  "begin" : 224,  "end" : 227 }, 
        {"sofa" : 1,  "begin" : 228,  "end" : 234 }, 
        {"sofa" : 1,  "begin" : 235,  "end" : 244 }, 
        {"sofa" : 1,  "begin" : 245,  "end" : 246 }, 
        {"sofa" : 1,  "begin" : 247,  "end" : 248 }, 
        {"sofa" : 1,  "begin" : 249,  "end" : 252 }, 
        {"sofa" : 1,  "begin" : 253,  "end" : 260 }, 
        {"sofa" : 1,  "begin" : 261,  "end" : 265 }, 
        {"sofa" : 1,  "begin" : 266,  "end" : 273 }, 
        {"sofa" : 1,  "begin" : 274,  "end" : 284 }, 
        {"sofa" : 1,  "begin" : 285,  "end" : 286 }, 
        {"sofa" : 1,  "begin" : 287,  "end" : 288 }, 
        {"sofa" : 1,  "begin" : 289,  "end" : 291 }, 
        {"sofa" : 1,  "begin" : 292,  "end" : 296 }, 
        {"sofa" : 1,  "begin" : 297,  "end" : 300 }, 
        {"sofa" : 1,  "begin" : 301,  "end" : 309 }, 
        {"sofa" : 1,  "begin" : 310,  "end" : 313 }, 
        {"sofa" : 1,  "begin" : 314,  "end" : 317 }, 
        {"sofa" : 1,  "begin" : 318,  "end" : 320 }, 
        {"sofa" : 1,  "begin" : 321,  "end" : 325 }, 
        {"sofa" : 1,  "begin" : 326,  "end" : 329 }, 
        {"sofa" : 1,  "begin" : 330,  "end" : 332 }, 
        {"sofa" : 1,  "begin" : 333,  "end" : 336 }, 
        {"sofa" : 1,  "begin" : 337,  "end" : 345 }, 
        {"sofa" : 1,  "begin" : 346,  "end" : 347 }, 
        {"sofa" : 1,  "begin" : 348,  "end" : 349 }, 
        {"sofa" : 1,  "begin" : 350,  "end" : 353 }, 
        {"sofa" : 1,  "begin" : 354,  "end" : 356 }, 
        {"sofa" : 1,  "begin" : 357,  "end" : 365 }, 
        {"sofa" : 1,  "begin" : 366,  "end" : 368 }, 
        {"sofa" : 1,  "begin" : 369,  "end" : 371 }, 
        {"sofa" : 1,  "begin" : 372,  "end" : 373 }, 
        {"sofa" : 1,  "begin" : 374,  "end" : 375 }, 
        {"sofa" : 1,  "begin" : 376,  "end" : 379 }, 
        {"sofa" : 1,  "begin" : 380,  "end" : 389 }, 
        {"sofa" : 1,  "begin" : 390,  "end" : 394 }, 
        {"sofa" : 1,  "begin" : 395,  "end" : 399 }, 
        {"sofa" : 1,  "begin" : 400,  "end" : 408 }, 
        {"sofa" : 1,  "begin" : 409,  "end" : 416 }, 
        {"sofa" : 1,  "begin" : 417,  "end" : 418 }, 
        {"sofa" : 1,  "begin" : 419,  "end" : 422 }, 
        {"sofa" : 1,  "begin" : 423,  "end" : 426 }, 
        {"sofa" : 1,  "begin" : 427,  "end" : 431 }, 
        {"sofa" : 1,  "begin" : 432,  "end" : 433 }, 
        {"sofa" : 1,  "begin" : 434,  "end" : 440 }, 
        {"sofa" : 1,  "begin" : 441,  "end" : 443 }, 
        {"sofa" : 1,  "begin" : 444,  "end" : 446 }, 
        {"sofa" : 1,  "begin" : 447,  "end" : 460 }, 
        {"sofa" : 1,  "begin" : 461,  "end" : 471 }, 
        {"sofa" : 1,  "begin" : 472,  "end" : 473 }, 
        {"sofa" : 1,  "begin" : 474,  "end" : 475 }, 
        {"sofa" : 1,  "begin" : 476,  "end" : 479 }, 
        {"sofa" : 1,  "begin" : 480,  "end" : 484 }, 
        {"sofa" : 1,  "begin" : 485,  "end" : 488 }, 
        {"sofa" : 1,  "begin" : 489,  "end" : 493 }, 
        {"sofa" : 1,  "begin" : 494,  "end" : 495 }, 
        {"sofa" : 1,  "begin" : 496,  "end" : 499 }, 
        {"sofa" : 1,  "begin" : 500,  "end" : 503 }, 
        {"sofa" : 1,  "begin" : 504,  "end" : 508 }, 
        {"sofa" : 1,  "begin" : 509,  "end" : 511 }, 
        {"sofa" : 1,  "begin" : 512,  "end" : 519 }, 
        {"sofa" : 1,  "begin" : 520,  "end" : 522 }, 
        {"sofa" : 1,  "begin" : 523,  "end" : 531 }, 
        {"sofa" : 1,  "begin" : 532,  "end" : 538 }, 
        {"sofa" : 1,  "begin" : 539,  "end" : 540 }, 
        {"sofa" : 1,  "begin" : 541,  "end" : 546 }, 
        {"sofa" : 1,  "begin" : 547,  "end" : 558 }, 
        {"sofa" : 1,  "begin" : 559,  "end" : 567 }, 
        {"sofa" : 1,  "begin" : 568,  "end" : 572 }, 
        {"sofa" : 1,  "begin" : 573,  "end" : 577 }, 
        {"sofa" : 1,  "begin" : 578,  "end" : 579 }, 
        {"sofa" : 1,  "begin" : 580,  "end" : 583 }, 
        {"sofa" : 1,  "begin" : 584,  "end" : 589 }, 
        {"sofa" : 1,  "begin" : 590,  "end" : 598 }, 
        {"sofa" : 1,  "begin" : 599,  "end" : 602 }, 
        {"sofa" : 1,  "begin" : 603,  "end" : 613 }, 
        {"sofa" : 1,  "begin" : 614,  "end" : 615 }, 
        {"sofa" : 1,  "begin" : 616,  "end" : 617 }, 
        {"sofa" : 1,  "begin" : 618,  "end" : 623 }, 
        {"sofa" : 1,  "begin" : 624,  "end" : 631 }, 
        {"sofa" : 1,  "begin" : 632,  "end" : 636 }, 
        {"sofa" : 1,  "begin" : 637,  "end" : 638 }, 
        {"sofa" : 1,  "begin" : 639,  "end" : 643 }, 
        {"sofa" : 1,  "begin" : 644,  "end" : 648 }, 
        {"sofa" : 1,  "begin" : 649,  "end" : 661 }, 
        {"sofa" : 1,  "begin" : 662,  "end" : 663 }, 
        {"sofa" : 1,  "begin" : 664,  "end" : 667 }, 
        {"sofa" : 1,  "begin" : 668,  "end" : 672 }, 
        {"sofa" : 1,  "begin" : 673,  "end" : 677 }, 
        {"sofa" : 1,  "begin" : 678,  "end" : 684 }, 
        {"sofa" : 1,  "begin" : 685,  "end" : 686 }, 
        {"sofa" : 1,  "begin" : 687,  "end" : 690 }, 
        {"sofa" : 1,  "begin" : 691,  "end" : 695 }, 
        {"sofa" : 1,  "begin" : 696,  "end" : 698 }, 
        {"sofa" : 1,  "begin" : 699,  "end" : 706 }, 
        {"sofa" : 1,  "begin" : 707,  "end" : 709 }, 
        {"sofa" : 1,  "begin" : 710,  "end" : 720 }, 
        {"sofa" : 1,  "begin" : 721,  "end" : 728 }, 
        {"sofa" : 1,  "begin" : 729,  "end" : 735 }, 
        {"sofa" : 1,  "begin" : 736,  "end" : 739 }, 
        {"sofa" : 1,  "begin" : 740,  "end" : 743 }, 
        {"sofa" : 1,  "begin" : 744,  "end" : 758 }, 
        {"sofa" : 1,  "begin" : 759,  "end" : 760 }, 
        {"sofa" : 1,  "begin" : 761,  "end" : 763 }, 
        {"sofa" : 1,  "begin" : 764,  "end" : 767 }, 
        {"sofa" : 1,  "begin" : 768,  "end" : 772 }, 
        {"sofa" : 1,  "begin" : 773,  "end" : 774 }, 
        {"sofa" : 1,  "begin" : 775,  "end" : 780 }, 
        {"sofa" : 1,  "begin" : 781,  "end" : 783 }, 
        {"sofa" : 1,  "begin" : 784,  "end" : 794 }, 
        {"sofa" : 1,  "begin" : 795,  "end" : 796 }, 
        {"sofa" : 1,  "begin" : 797,  "end" : 800 }, 
        {"sofa" : 1,  "begin" : 801,  "end" : 803 }, 
        {"sofa" : 1,  "begin" : 804,  "end" : 808 }, 
        {"sofa" : 1,  "begin" : 809,  "end" : 812 }, 
        {"sofa" : 1,  "begin" : 813,  "end" : 814 }, 
        {"sofa" : 1,  "begin" : 815,  "end" : 816 }, 
        {"sofa" : 1,  "begin" : 817,  "end" : 822 }, 
        {"sofa" : 1,  "begin" : 823,  "end" : 827 }, 
        {"sofa" : 1,  "begin" : 828,  "end" : 829 }, 
        {"sofa" : 1,  "begin" : 830,  "end" : 834 }, 
        {"sofa" : 1,  "begin" : 835,  "end" : 839 }, 
        {"sofa" : 1,  "begin" : 840,  "end" : 843 }, 
        {"sofa" : 1,  "begin" : 844,  "end" : 846 }, 
        {"sofa" : 1,  "begin" : 847,  "end" : 850 }, 
        {"sofa" : 1,  "begin" : 851,  "end" : 852 }, 
        {"sofa" : 1,  "begin" : 853,  "end" : 856 }, 
        {"sofa" : 1,  "begin" : 857,  "end" : 866 }, 
        {"sofa" : 1,  "begin" : 867,  "end" : 869 }, 
        {"sofa" : 1,  "begin" : 870,  "end" : 873 }, 
        {"sofa" : 1,  "begin" : 874,  "end" : 875 }, 
        {"sofa" : 1,  "begin" : 876,  "end" : 883 }, 
        {"sofa" : 1,  "begin" : 884,  "end" : 888 }, 
        {"sofa" : 1,  "begin" : 889,  "end" : 893 }, 
        {"sofa" : 1,  "begin" : 894,  "end" : 895 }, 
        {"sofa" : 1,  "begin" : 896,  "end" : 902 }, 
        {"sofa" : 1,  "begin" : 903,  "end" : 904 } ], 
      "PartsofCause" : [2460,  2434,  2447,  2503,  2516,  2529,  2604,  2617,  2630,  2673,  2686,  2699 ], 
      "TypesofCause" : [
        {"sofa" : 1,  "end" : 15,  "Dependent" : 2460,  "Governor" : 2434,  "TypesofCause" : "Effect" }, 
        {"sofa" : 1,  "begin" : 19,  "end" : 42,  "Dependent" : 2447,  "Governor" : 2434,  "TypesofCause" : "Cause" }, 
        {"sofa" : 1,  "begin" : 326,  "end" : 329,  "Dependent" : 2503,  "Governor" : 2516,  "TypesofCause" : "Means" }, 
        {"sofa" : 1,  "begin" : 333,  "end" : 345,  "Dependent" : 2529,  "Governor" : 2516,  "TypesofCause" : "Effect" }, 
        {"sofa" : 1,  "begin" : 374,  "end" : 408,  "Dependent" : 2604,  "Governor" : 2617,  "TypesofCause" : "Effect" }, 
        {"sofa" : 1,  "begin" : 417,  "end" : 471,  "Dependent" : 2630,  "Governor" : 2617,  "TypesofCause" : "Cause" }, 
        {"sofa" : 1,  "begin" : 815,  "end" : 822,  "Dependent" : 2673,  "Governor" : 2686,  "TypesofCause" : "Effect" }, 
        {"sofa" : 1,  "begin" : 828,  "end" : 850,  "Dependent" : 2699,  "Governor" : 2686,  "TypesofCause" : "Cause" } ] } }, 
  "_referenced_fss" : {
    "1" : {"_type" : "Sofa",  "sofaNum" : 1,  "sofaID" : "_InitialView",  "mimeType" : "text",  "sofaString" : "I was so scared to go into graduate school .\nMy undergraduate experience was filled with mediocrity and trauma and I finally reached a point in my life where I realized I should give my past self grace .\n- I 've came from a low income household - I was dealing with housing insecurity - I 'm ADHD and dyslexic and had no idea how to get services - I had my daughter at 22 .\nI was terrified that even applying because I did n't want a repeat of my undergraduate experience .\nI now have two kids , And the idea of getting my graduate degree , while potentially teaching from home ( The whole pandemic and everything ) , while working full - time felt overwhelming .\nBut this time around I was able to contact my disability service office and get accommodations .\nIt has made a world of difference .\nLet me tell you , I cried when I read 99.1 out of 100 .\nTwo semesters in and I finally feel like I belong ." }, 
    "2460" : {"_type" : "PartsofCause",  "sofa" : 1,  "end" : 15,  "PartsofCause" : "Argument" }, 
    "2434" : {"_type" : "PartsofCause",  "sofa" : 1,  "begin" : 16,  "end" : 18,  "PartsofCause" : "Causing" }, 
    "2447" : {"_type" : "PartsofCause",  "sofa" : 1,  "begin" : 19,  "end" : 42,  "PartsofCause" : "Argument" }, 
    "2503" : {"_type" : "PartsofCause",  "sofa" : 1,  "begin" : 326,  "end" : 329,  "PartsofCause" : "Argument" }, 
    "2516" : {"_type" : "PartsofCause",  "sofa" : 1,  "begin" : 330,  "end" : 332,  "PartsofCause" : "Causing" }, 
    "2529" : {"_type" : "PartsofCause",  "sofa" : 1,  "begin" : 333,  "end" : 345,  "PartsofCause" : "Argument" }, 
    "2604" : {"_type" : "PartsofCause",  "sofa" : 1,  "begin" : 374,  "end" : 408,  "PartsofCause" : "Argument" }, 
    "2617" : {"_type" : "PartsofCause",  "sofa" : 1,  "begin" : 409,  "end" : 416,  "PartsofCause" : "Causing" }, 
    "2630" : {"_type" : "PartsofCause",  "sofa" : 1,  "begin" : 417,  "end" : 471,  "PartsofCause" : "Argument" }, 
    "2673" : {"_type" : "PartsofCause",  "sofa" : 1,  "begin" : 815,  "end" : 822,  "PartsofCause" : "Argument" }, 
    "2686" : {"_type" : "PartsofCause",  "sofa" : 1,  "begin" : 823,  "end" : 827,  "PartsofCause" : "Causing" }, 
    "2699" : {"_type" : "PartsofCause",  "sofa" : 1,  "begin" : 828,  "end" : 850,  "PartsofCause" : "Argument" }, 
    "2738" : {"_type" : "LayerDefinition",  "name" : "webanno.custom.DisjointCausalSpans",  "uiName" : "Disjoint Causal Spans" }, 
    "2749" : {"_type" : "LayerDefinition",  "name" : "webanno.custom.PartsofCause",  "uiName" : "Parts of Cause" }, 
    "2756" : {"_type" : "LayerDefinition",  "name" : "webanno.custom.TypesofCause",  "uiName" : "Types of Cause" } } }