{"_context" : {
    "_types" : {
      "DisjointCausalSpansChain" : {
        "_feature_types" : {"sofa" : "_ref",  "first" : "_ref" } }, 
      "DisjointCausalSpansLink" : {
        "_feature_types" : {"sofa" : "_ref",  "next" : "_ref" } }, 
      "DocumentMetaData" : {
        "_feature_types" : {"sofa" : "_ref" } }, 
      "FeatureDefinition" : {
        "_feature_types" : {"layer" : "_ref" } }, 
      "LayerDefinition" : { }, 
      "PartsofCause" : {
        "_feature_types" : {"sofa" : "_ref" } }, 
      "Sentence" : {
        "_feature_types" : {"sofa" : "_ref" } }, 
      "Sofa" : {
        "_feature_types" : {"sofaArray" : "_ref" } }, 
      "TagsetDescription" : {
        "_feature_types" : {"sofa" : "_ref",  "tags" : "_ref" } }, 
      "Token" : {
        "_feature_types" : {"sofa" : "_ref",  "parent" : "_ref",  "lemma" : "_ref",  "stem" : "_ref",  "pos" : "_ref",  "morph" : "_ref",  "form" : "_ref" } }, 
      "TypesofCause" : {
        "_feature_types" : {"sofa" : "_ref",  "Dependent" : "_ref",  "Governor" : "_ref" } }, 
      "AnnotationBase" : {
        "_feature_types" : {"sofa" : "_ref" }, 
        "_subtypes" : ["DisjointCausalSpansChain",  "Annotation" ] }, 
      "TOP" : {
        "_subtypes" : ["AnnotationBase",  "FeatureDefinition",  "LayerDefinition",  "Sofa" ] }, 
      "Annotation" : {
        "_feature_types" : {"sofa" : "_ref" }, 
        "_subtypes" : ["DisjointCausalSpansLink",  "DocumentAnnotation",  "PartsofCause",  "Sentence",  "TagsetDescription",  "Token",  "TypesofCause" ] }, 
      "DocumentAnnotation" : {
        "_feature_types" : {"sofa" : "_ref" }, 
        "_subtypes" : ["DocumentMetaData" ] } } }, 
  "_views" : {
    "_InitialView" : {
      "FeatureDefinition" : [
        {"layer" : 2302,  "name" : "referenceRelation",  "uiName" : "Reference Relation" }, 
        {"layer" : 2302,  "name" : "referenceType",  "uiName" : "Reference Type" }, 
        {"layer" : 2313,  "name" : "PartsofCause",  "uiName" : "Parts of Cause" }, 
        {"layer" : 2320,  "name" : "TypesofCause",  "uiName" : "Types of Cause" } ], 
      "LayerDefinition" : [2302,  2313,  2320 ], 
      "DocumentMetaData" : [
        {"sofa" : 1,  "end" : 883,  "language" : "x-unspecified",  "documentTitle" : "cnn-38.txt",  "documentId" : "GJW",  "documentUri" : "file:/srv/inception/repository/project/2/document/2390/source/GJW",  "collectionId" : "file:/srv/inception/repository/project/2/document/2390/source/",  "documentBaseUri" : "file:/srv/inception/repository/project/2/document/2390/source/",  "isLastSegment" : false } ], 
      "TagsetDescription" : [
        {"sofa" : 1,  "layer" : "webanno.custom.PartsofCause",  "name" : "Parts of Cause",  "input" : false }, 
        {"sofa" : 1,  "layer" : "webanno.custom.TypesofCause",  "name" : "Causal Relations",  "input" : false } ], 
      "Sentence" : [
        {"sofa" : 1,  "end" : 204 }, 
        {"sofa" : 1,  "begin" : 205,  "end" : 365 }, 
        {"sofa" : 1,  "begin" : 366,  "end" : 446 }, 
        {"sofa" : 1,  "begin" : 447,  "end" : 590 }, 
        {"sofa" : 1,  "begin" : 591,  "end" : 773 }, 
        {"sofa" : 1,  "begin" : 774,  "end" : 883 } ], 
      "Token" : [
        {"sofa" : 1,  "end" : 3 }, 
        {"sofa" : 1,  "begin" : 4,  "end" : 13 }, 
        {"sofa" : 1,  "begin" : 14,  "end" : 21 }, 
        {"sofa" : 1,  "begin" : 22,  "end" : 25 }, 
        {"sofa" : 1,  "begin" : 26,  "end" : 33 }, 
        {"sofa" : 1,  "begin" : 34,  "end" : 48 }, 
        {"sofa" : 1,  "begin" : 49,  "end" : 52 }, 
        {"sofa" : 1,  "begin" : 53,  "end" : 55 }, 
        {"sofa" : 1,  "begin" : 56,  "end" : 61 }, 
        {"sofa" : 1,  "begin" : 62,  "end" : 71 }, 
        {"sofa" : 1,  "begin" : 72,  "end" : 79 }, 
        {"sofa" : 1,  "begin" : 80,  "end" : 86 }, 
        {"sofa" : 1,  "begin" : 87,  "end" : 89 }, 
        {"sofa" : 1,  "begin" : 90,  "end" : 91 }, 
        {"sofa" : 1,  "begin" : 92,  "end" : 98 }, 
        {"sofa" : 1,  "begin" : 99,  "end" : 106 }, 
        {"sofa" : 1,  "begin" : 107,  "end" : 111 }, 
        {"sofa" : 1,  "begin" : 112,  "end" : 118 }, 
        {"sofa" : 1,  "begin" : 119,  "end" : 122 }, 
        {"sofa" : 1,  "begin" : 123,  "end" : 131 }, 
        {"sofa" : 1,  "begin" : 132,  "end" : 135 }, 
        {"sofa" : 1,  "begin" : 136,  "end" : 143 }, 
        {"sofa" : 1,  "begin" : 144,  "end" : 149 }, 
        {"sofa" : 1,  "begin" : 150,  "end" : 156 }, 
        {"sofa" : 1,  "begin" : 157,  "end" : 158 }, 
        {"sofa" : 1,  "begin" : 159,  "end" : 160 }, 
        {"sofa" : 1,  "begin" : 161,  "end" : 170 }, 
        {"sofa" : 1,  "begin" : 171,  "end" : 174 }, 
        {"sofa" : 1,  "begin" : 175,  "end" : 178 }, 
        {"sofa" : 1,  "begin" : 179,  "end" : 187 }, 
        {"sofa" : 1,  "begin" : 188,  "end" : 193 }, 
        {"sofa" : 1,  "begin" : 194,  "end" : 198 }, 
        {"sofa" : 1,  "begin" : 199,  "end" : 202 }, 
        {"sofa" : 1,  "begin" : 203,  "end" : 204 }, 
        {"sofa" : 1,  "begin" : 205,  "end" : 218 }, 
        {"sofa" : 1,  "begin" : 219,  "end" : 221 }, 
        {"sofa" : 1,  "begin" : 222,  "end" : 231 }, 
        {"sofa" : 1,  "begin" : 232,  "end" : 239 }, 
        {"sofa" : 1,  "begin" : 240,  "end" : 243 }, 
        {"sofa" : 1,  "begin" : 244,  "end" : 250 }, 
        {"sofa" : 1,  "begin" : 251,  "end" : 258 }, 
        {"sofa" : 1,  "begin" : 259,  "end" : 260 }, 
        {"sofa" : 1,  "begin" : 261,  "end" : 267 }, 
        {"sofa" : 1,  "begin" : 268,  "end" : 276 }, 
        {"sofa" : 1,  "begin" : 277,  "end" : 280 }, 
        {"sofa" : 1,  "begin" : 281,  "end" : 285 }, 
        {"sofa" : 1,  "begin" : 286,  "end" : 292 }, 
        {"sofa" : 1,  "begin" : 293,  "end" : 297 }, 
        {"sofa" : 1,  "begin" : 298,  "end" : 300 }, 
        {"sofa" : 1,  "begin" : 301,  "end" : 304 }, 
        {"sofa" : 1,  "begin" : 305,  "end" : 312 }, 
        {"sofa" : 1,  "begin" : 313,  "end" : 319 }, 
        {"sofa" : 1,  "begin" : 320,  "end" : 321 }, 
        {"sofa" : 1,  "begin" : 322,  "end" : 326 }, 
        {"sofa" : 1,  "begin" : 327,  "end" : 333 }, 
        {"sofa" : 1,  "begin" : 334,  "end" : 340 }, 
        {"sofa" : 1,  "begin" : 341,  "end" : 349 }, 
        {"sofa" : 1,  "begin" : 350,  "end" : 356 }, 
        {"sofa" : 1,  "begin" : 357,  "end" : 363 }, 
        {"sofa" : 1,  "begin" : 364,  "end" : 365 }, 
        {"sofa" : 1,  "begin" : 366,  "end" : 369 }, 
        {"sofa" : 1,  "begin" : 370,  "end" : 379 }, 
        {"sofa" : 1,  "begin" : 380,  "end" : 387 }, 
        {"sofa" : 1,  "begin" : 388,  "end" : 393 }, 
        {"sofa" : 1,  "begin" : 394,  "end" : 396 }, 
        {"sofa" : 1,  "begin" : 397,  "end" : 401 }, 
        {"sofa" : 1,  "begin" : 402,  "end" : 403 }, 
        {"sofa" : 1,  "begin" : 404,  "end" : 408 }, 
        {"sofa" : 1,  "begin" : 409,  "end" : 418 }, 
        {"sofa" : 1,  "begin" : 419,  "end" : 423 }, 
        {"sofa" : 1,  "begin" : 424,  "end" : 430 }, 
        {"sofa" : 1,  "begin" : 431,  "end" : 432 }, 
        {"sofa" : 1,  "begin" : 433,  "end" : 439 }, 
        {"sofa" : 1,  "begin" : 440,  "end" : 444 }, 
        {"sofa" : 1,  "begin" : 445,  "end" : 446 }, 
        {"sofa" : 1,  "begin" : 447,  "end" : 450 }, 
        {"sofa" : 1,  "begin" : 451,  "end" : 457 }, 
        {"sofa" : 1,  "begin" : 458,  "end" : 462 }, 
        {"sofa" : 1,  "begin" : 463,  "end" : 468 }, 
        {"sofa" : 1,  "begin" : 469,  "end" : 471 }, 
        {"sofa" : 1,  "begin" : 472,  "end" : 476 }, 
        {"sofa" : 1,  "begin" : 477,  "end" : 483 }, 
        {"sofa" : 1,  "begin" : 484,  "end" : 488 }, 
        {"sofa" : 1,  "begin" : 489,  "end" : 490 }, 
        {"sofa" : 1,  "begin" : 491,  "end" : 492 }, 
        {"sofa" : 1,  "begin" : 493,  "end" : 501 }, 
        {"sofa" : 1,  "begin" : 502,  "end" : 506 }, 
        {"sofa" : 1,  "begin" : 507,  "end" : 511 }, 
        {"sofa" : 1,  "begin" : 512,  "end" : 516 }, 
        {"sofa" : 1,  "begin" : 517,  "end" : 519 }, 
        {"sofa" : 1,  "begin" : 520,  "end" : 528 }, 
        {"sofa" : 1,  "begin" : 529,  "end" : 531 }, 
        {"sofa" : 1,  "begin" : 532,  "end" : 540 }, 
        {"sofa" : 1,  "begin" : 541,  "end" : 542 }, 
        {"sofa" : 1,  "begin" : 543,  "end" : 550 }, 
        {"sofa" : 1,  "begin" : 551,  "end" : 557 }, 
        {"sofa" : 1,  "begin" : 558,  "end" : 564 }, 
        {"sofa" : 1,  "begin" : 565,  "end" : 570 }, 
        {"sofa" : 1,  "begin" : 571,  "end" : 574 }, 
        {"sofa" : 1,  "begin" : 575,  "end" : 581 }, 
        {"sofa" : 1,  "begin" : 582,  "end" : 588 }, 
        {"sofa" : 1,  "begin" : 589,  "end" : 590 }, 
        {"sofa" : 1,  "begin" : 591,  "end" : 593 }, 
        {"sofa" : 1,  "begin" : 594,  "end" : 599 }, 
        {"sofa" : 1,  "begin" : 600,  "end" : 603 }, 
        {"sofa" : 1,  "begin" : 604,  "end" : 607 }, 
        {"sofa" : 1,  "begin" : 608,  "end" : 613 }, 
        {"sofa" : 1,  "begin" : 614,  "end" : 623 }, 
        {"sofa" : 1,  "begin" : 624,  "end" : 631 }, 
        {"sofa" : 1,  "begin" : 632,  "end" : 641 }, 
        {"sofa" : 1,  "begin" : 642,  "end" : 652 }, 
        {"sofa" : 1,  "begin" : 653,  "end" : 658 }, 
        {"sofa" : 1,  "begin" : 659,  "end" : 665 }, 
        {"sofa" : 1,  "begin" : 666,  "end" : 673 }, 
        {"sofa" : 1,  "begin" : 674,  "end" : 678 }, 
        {"sofa" : 1,  "begin" : 679,  "end" : 682 }, 
        {"sofa" : 1,  "begin" : 683,  "end" : 691 }, 
        {"sofa" : 1,  "begin" : 692,  "end" : 697 }, 
        {"sofa" : 1,  "begin" : 698,  "end" : 701 }, 
        {"sofa" : 1,  "begin" : 702,  "end" : 710 }, 
        {"sofa" : 1,  "begin" : 711,  "end" : 712 }, 
        {"sofa" : 1,  "begin" : 713,  "end" : 718 }, 
        {"sofa" : 1,  "begin" : 719,  "end" : 720 }, 
        {"sofa" : 1,  "begin" : 721,  "end" : 725 }, 
        {"sofa" : 1,  "begin" : 726,  "end" : 731 }, 
        {"sofa" : 1,  "begin" : 732,  "end" : 739 }, 
        {"sofa" : 1,  "begin" : 740,  "end" : 745 }, 
        {"sofa" : 1,  "begin" : 746,  "end" : 751 }, 
        {"sofa" : 1,  "begin" : 752,  "end" : 756 }, 
        {"sofa" : 1,  "begin" : 757,  "end" : 760 }, 
        {"sofa" : 1,  "begin" : 761,  "end" : 771 }, 
        {"sofa" : 1,  "begin" : 772,  "end" : 773 }, 
        {"sofa" : 1,  "begin" : 774,  "end" : 783 }, 
        {"sofa" : 1,  "begin" : 784,  "end" : 791 }, 
        {"sofa" : 1,  "begin" : 792,  "end" : 794 }, 
        {"sofa" : 1,  "begin" : 795,  "end" : 801 }, 
        {"sofa" : 1,  "begin" : 802,  "end" : 805 }, 
        {"sofa" : 1,  "begin" : 806,  "end" : 811 }, 
        {"sofa" : 1,  "begin" : 812,  "end" : 816 }, 
        {"sofa" : 1,  "begin" : 817,  "end" : 824 }, 
        {"sofa" : 1,  "begin" : 825,  "end" : 827 }, 
        {"sofa" : 1,  "begin" : 828,  "end" : 831 }, 
        {"sofa" : 1,  "begin" : 832,  "end" : 837 }, 
        {"sofa" : 1,  "begin" : 838,  "end" : 839 }, 
        {"sofa" : 1,  "begin" : 840,  "end" : 844 }, 
        {"sofa" : 1,  "begin" : 845,  "end" : 849 }, 
        {"sofa" : 1,  "begin" : 850,  "end" : 855 }, 
        {"sofa" : 1,  "begin" : 856,  "end" : 857 }, 
        {"sofa" : 1,  "begin" : 858,  "end" : 863 }, 
        {"sofa" : 1,  "begin" : 864,  "end" : 868 }, 
        {"sofa" : 1,  "begin" : 869,  "end" : 872 }, 
        {"sofa" : 1,  "begin" : 873,  "end" : 875 }, 
        {"sofa" : 1,  "begin" : 876,  "end" : 881 }, 
        {"sofa" : 1,  "begin" : 882,  "end" : 883 } ], 
      "DisjointCausalSpansChain" : [
        {"sofa" : 1,  "first" : 2154 } ], 
      "DisjointCausalSpansLink" : [2154,  2168 ], 
      "PartsofCause" : [2233,  2246,  2255,  2077,  2055,  2064,  2128,  2141,  2186 ], 
      "TypesofCause" : [
        {"sofa" : 1,  "end" : 21,  "Dependent" : 2233,  "Governor" : 2246,  "TypesofCause" : "Cause" }, 
        {"sofa" : 1,  "begin" : 53,  "end" : 156,  "Dependent" : 2255,  "Governor" : 2246,  "TypesofCause" : "Effect" }, 
        {"sofa" : 1,  "begin" : 366,  "end" : 387,  "Dependent" : 2077,  "Governor" : 2055,  "TypesofCause" : "Effect" }, 
        {"sofa" : 1,  "begin" : 394,  "end" : 430,  "Dependent" : 2064,  "Governor" : 2055,  "TypesofCause" : "Cause" }, 
        {"sofa" : 1,  "begin" : 591,  "end" : 593,  "Dependent" : 2128,  "Governor" : 2141,  "TypesofCause" : "Effect" }, 
        {"sofa" : 1,  "begin" : 614,  "end" : 771,  "Dependent" : 2186,  "Governor" : 2141,  "TypesofCause" : "Cause" } ] } }, 
  "_referenced_fss" : {
    "1" : {"_type" : "Sofa",  "sofaNum" : 1,  "sofaID" : "_InitialView",  "mimeType" : "text",  "sofaString" : "The Pakistani Taliban has claimed responsibility for an early Wednesday morning attack on a police station that killed two officers and injured seven others , a spokesman for the militant group told CNN .\nApproximately 10 militants charged the police station , tossed grenades and then opened fire in the predawn attack , said senior police official Sohail Khalid .\nThe militants escaped after an hour - long firefight with police , Khalid said .\nThe attack took place in Dera Ismail Khan , a district that sits next to Pakistan 's militant - plagued tribal region along the Afghan border .\nIt comes one day after Pakistani Taliban spokesman Ehsanullah Ehsan denied reports that the militant group had declared a cease - fire while holding peace talks with the government .\nWednesday morning 's attack was proof that reports of the cease - fire were false , Ehsan told CNN by phone ." }, 
    "2233" : {"_type" : "PartsofCause",  "sofa" : 1,  "end" : 21,  "PartsofCause" : "Argument" }, 
    "2246" : {"_type" : "PartsofCause",  "sofa" : 1,  "begin" : 34,  "end" : 52,  "PartsofCause" : "Causing" }, 
    "2255" : {"_type" : "PartsofCause",  "sofa" : 1,  "begin" : 53,  "end" : 156,  "PartsofCause" : "Argument" }, 
    "2077" : {"_type" : "PartsofCause",  "sofa" : 1,  "begin" : 366,  "end" : 387,  "PartsofCause" : "Argument" }, 
    "2055" : {"_type" : "PartsofCause",  "sofa" : 1,  "begin" : 388,  "end" : 393,  "PartsofCause" : "Enabling" }, 
    "2064" : {"_type" : "PartsofCause",  "sofa" : 1,  "begin" : 394,  "end" : 430,  "PartsofCause" : "Argument" }, 
    "2128" : {"_type" : "PartsofCause",  "sofa" : 1,  "begin" : 591,  "end" : 593,  "PartsofCause" : "Argument" }, 
    "2141" : {"_type" : "PartsofCause",  "sofa" : 1,  "begin" : 594,  "end" : 599,  "PartsofCause" : "Causing" }, 
    "2186" : {"_type" : "PartsofCause",  "sofa" : 1,  "begin" : 614,  "end" : 771,  "PartsofCause" : "Argument" }, 
    "2168" : {"_type" : "DisjointCausalSpansLink",  "sofa" : 1,  "begin" : 608,  "end" : 613 }, 
    "2154" : {"_type" : "DisjointCausalSpansLink",  "sofa" : 1,  "begin" : 594,  "end" : 599,  "next" : 2168 }, 
    "2302" : {"_type" : "LayerDefinition",  "name" : "webanno.custom.DisjointCausalSpans",  "uiName" : "Disjoint Causal Spans" }, 
    "2320" : {"_type" : "LayerDefinition",  "name" : "webanno.custom.TypesofCause",  "uiName" : "Types of Cause" }, 
    "2313" : {"_type" : "LayerDefinition",  "name" : "webanno.custom.PartsofCause",  "uiName" : "Parts of Cause" } } }