{"_context" : {
    "_types" : {
      "DocumentMetaData" : {
        "_feature_types" : {"sofa" : "_ref" } }, 
      "FeatureDefinition" : {
        "_feature_types" : {"layer" : "_ref" } }, 
      "LayerDefinition" : { }, 
      "PartsofCause" : {
        "_feature_types" : {"sofa" : "_ref" } }, 
      "Sentence" : {
        "_feature_types" : {"sofa" : "_ref" } }, 
      "Sofa" : {
        "_feature_types" : {"sofaArray" : "_ref" } }, 
      "TagsetDescription" : {
        "_feature_types" : {"sofa" : "_ref",  "tags" : "_ref" } }, 
      "Token" : {
        "_feature_types" : {"sofa" : "_ref",  "parent" : "_ref",  "lemma" : "_ref",  "stem" : "_ref",  "pos" : "_ref",  "morph" : "_ref",  "form" : "_ref" } }, 
      "TypesofCause" : {
        "_feature_types" : {"sofa" : "_ref",  "Dependent" : "_ref",  "Governor" : "_ref" } }, 
      "DocumentAnnotation" : {
        "_feature_types" : {"sofa" : "_ref" }, 
        "_subtypes" : ["DocumentMetaData" ] }, 
      "Annotation" : {
        "_feature_types" : {"sofa" : "_ref" }, 
        "_subtypes" : ["DocumentAnnotation",  "PartsofCause",  "Sentence",  "TagsetDescription",  "Token",  "TypesofCause" ] }, 
      "AnnotationBase" : {
        "_feature_types" : {"sofa" : "_ref" }, 
        "_subtypes" : ["Annotation" ] }, 
      "TOP" : {
        "_subtypes" : ["AnnotationBase",  "FeatureDefinition",  "LayerDefinition",  "Sofa" ] } } }, 
  "_views" : {
    "_InitialView" : {
      "FeatureDefinition" : [
        {"layer" : 1676,  "name" : "referenceRelation",  "uiName" : "Reference Relation" }, 
        {"layer" : 1676,  "name" : "referenceType",  "uiName" : "Reference Type" }, 
        {"layer" : 1687,  "name" : "PartsofCause",  "uiName" : "Parts of Cause" }, 
        {"layer" : 1694,  "name" : "TypesofCause",  "uiName" : "Types of Cause" } ], 
      "LayerDefinition" : [1676,  1687,  1694 ], 
      "DocumentMetaData" : [
        {"sofa" : 1,  "end" : 504,  "language" : "x-unspecified",  "documentTitle" : "fable-21.txt",  "documentId" : "AYC",  "documentUri" : "file:/srv/inception/repository/project/2/document/2323/source/AYC",  "collectionId" : "file:/srv/inception/repository/project/2/document/2323/source/",  "documentBaseUri" : "file:/srv/inception/repository/project/2/document/2323/source/",  "isLastSegment" : false } ], 
      "TagsetDescription" : [
        {"sofa" : 1,  "layer" : "webanno.custom.PartsofCause",  "name" : "Parts of Cause",  "input" : false }, 
        {"sofa" : 1,  "layer" : "webanno.custom.TypesofCause",  "name" : "Causal Relations",  "input" : false } ], 
      "Sentence" : [
        {"sofa" : 1,  "end" : 79 }, 
        {"sofa" : 1,  "begin" : 80,  "end" : 208 }, 
        {"sofa" : 1,  "begin" : 209,  "end" : 332 }, 
        {"sofa" : 1,  "begin" : 333,  "end" : 407 }, 
        {"sofa" : 1,  "begin" : 408,  "end" : 445 }, 
        {"sofa" : 1,  "begin" : 446,  "end" : 504 } ], 
      "Token" : [
        {"sofa" : 1,  "end" : 4 }, 
        {"sofa" : 1,  "begin" : 5,  "end" : 9 }, 
        {"sofa" : 1,  "begin" : 10,  "end" : 11 }, 
        {"sofa" : 1,  "begin" : 12,  "end" : 19 }, 
        {"sofa" : 1,  "begin" : 20,  "end" : 24 }, 
        {"sofa" : 1,  "begin" : 25,  "end" : 26 }, 
        {"sofa" : 1,  "begin" : 27,  "end" : 31 }, 
        {"sofa" : 1,  "begin" : 32,  "end" : 33 }, 
        {"sofa" : 1,  "begin" : 34,  "end" : 37 }, 
        {"sofa" : 1,  "begin" : 38,  "end" : 39 }, 
        {"sofa" : 1,  "begin" : 40,  "end" : 46 }, 
        {"sofa" : 1,  "begin" : 47,  "end" : 49 }, 
        {"sofa" : 1,  "begin" : 50,  "end" : 55 }, 
        {"sofa" : 1,  "begin" : 56,  "end" : 64 }, 
        {"sofa" : 1,  "begin" : 65,  "end" : 67 }, 
        {"sofa" : 1,  "begin" : 68,  "end" : 71 }, 
        {"sofa" : 1,  "begin" : 72,  "end" : 77 }, 
        {"sofa" : 1,  "begin" : 78,  "end" : 79 }, 
        {"sofa" : 1,  "begin" : 80,  "end" : 81 }, 
        {"sofa" : 1,  "begin" : 82,  "end" : 85 }, 
        {"sofa" : 1,  "begin" : 86,  "end" : 88 }, 
        {"sofa" : 1,  "begin" : 89,  "end" : 92 }, 
        {"sofa" : 1,  "begin" : 93,  "end" : 95 }, 
        {"sofa" : 1,  "begin" : 96,  "end" : 98 }, 
        {"sofa" : 1,  "begin" : 99,  "end" : 102 }, 
        {"sofa" : 1,  "begin" : 103,  "end" : 106 }, 
        {"sofa" : 1,  "begin" : 107,  "end" : 111 }, 
        {"sofa" : 1,  "begin" : 112,  "end" : 113 }, 
        {"sofa" : 1,  "begin" : 114,  "end" : 116 }, 
        {"sofa" : 1,  "begin" : 117,  "end" : 119 }, 
        {"sofa" : 1,  "begin" : 120,  "end" : 125 }, 
        {"sofa" : 1,  "begin" : 126,  "end" : 129 }, 
        {"sofa" : 1,  "begin" : 130,  "end" : 132 }, 
        {"sofa" : 1,  "begin" : 133,  "end" : 137 }, 
        {"sofa" : 1,  "begin" : 138,  "end" : 142 }, 
        {"sofa" : 1,  "begin" : 143,  "end" : 147 }, 
        {"sofa" : 1,  "begin" : 148,  "end" : 149 }, 
        {"sofa" : 1,  "begin" : 150,  "end" : 151 }, 
        {"sofa" : 1,  "begin" : 152,  "end" : 156 }, 
        {"sofa" : 1,  "begin" : 157,  "end" : 160 }, 
        {"sofa" : 1,  "begin" : 161,  "end" : 162 }, 
        {"sofa" : 1,  "begin" : 163,  "end" : 166 }, 
        {"sofa" : 1,  "begin" : 167,  "end" : 171 }, 
        {"sofa" : 1,  "begin" : 172,  "end" : 175 }, 
        {"sofa" : 1,  "begin" : 176,  "end" : 181 }, 
        {"sofa" : 1,  "begin" : 182,  "end" : 184 }, 
        {"sofa" : 1,  "begin" : 185,  "end" : 189 }, 
        {"sofa" : 1,  "begin" : 190,  "end" : 194 }, 
        {"sofa" : 1,  "begin" : 195,  "end" : 199 }, 
        {"sofa" : 1,  "begin" : 200,  "end" : 206 }, 
        {"sofa" : 1,  "begin" : 207,  "end" : 208 }, 
        {"sofa" : 1,  "begin" : 209,  "end" : 211 }, 
        {"sofa" : 1,  "begin" : 212,  "end" : 216 }, 
        {"sofa" : 1,  "begin" : 217,  "end" : 218 }, 
        {"sofa" : 1,  "begin" : 219,  "end" : 224 }, 
        {"sofa" : 1,  "begin" : 225,  "end" : 232 }, 
        {"sofa" : 1,  "begin" : 233,  "end" : 238 }, 
        {"sofa" : 1,  "begin" : 239,  "end" : 242 }, 
        {"sofa" : 1,  "begin" : 243,  "end" : 247 }, 
        {"sofa" : 1,  "begin" : 248,  "end" : 251 }, 
        {"sofa" : 1,  "begin" : 252,  "end" : 253 }, 
        {"sofa" : 1,  "begin" : 254,  "end" : 257 }, 
        {"sofa" : 1,  "begin" : 258,  "end" : 260 }, 
        {"sofa" : 1,  "begin" : 261,  "end" : 265 }, 
        {"sofa" : 1,  "begin" : 266,  "end" : 269 }, 
        {"sofa" : 1,  "begin" : 270,  "end" : 273 }, 
        {"sofa" : 1,  "begin" : 274,  "end" : 278 }, 
        {"sofa" : 1,  "begin" : 279,  "end" : 281 }, 
        {"sofa" : 1,  "begin" : 282,  "end" : 285 }, 
        {"sofa" : 1,  "begin" : 286,  "end" : 288 }, 
        {"sofa" : 1,  "begin" : 289,  "end" : 292 }, 
        {"sofa" : 1,  "begin" : 293,  "end" : 298 }, 
        {"sofa" : 1,  "begin" : 299,  "end" : 300 }, 
        {"sofa" : 1,  "begin" : 301,  "end" : 304 }, 
        {"sofa" : 1,  "begin" : 305,  "end" : 309 }, 
        {"sofa" : 1,  "begin" : 310,  "end" : 311 }, 
        {"sofa" : 1,  "begin" : 312,  "end" : 313 }, 
        {"sofa" : 1,  "begin" : 314,  "end" : 318 }, 
        {"sofa" : 1,  "begin" : 319,  "end" : 323 }, 
        {"sofa" : 1,  "begin" : 324,  "end" : 325 }, 
        {"sofa" : 1,  "begin" : 326,  "end" : 330 }, 
        {"sofa" : 1,  "begin" : 331,  "end" : 332 }, 
        {"sofa" : 1,  "begin" : 333,  "end" : 341 }, 
        {"sofa" : 1,  "begin" : 342,  "end" : 348 }, 
        {"sofa" : 1,  "begin" : 349,  "end" : 351 }, 
        {"sofa" : 1,  "begin" : 352,  "end" : 354 }, 
        {"sofa" : 1,  "begin" : 355,  "end" : 358 }, 
        {"sofa" : 1,  "begin" : 359,  "end" : 361 }, 
        {"sofa" : 1,  "begin" : 362,  "end" : 367 }, 
        {"sofa" : 1,  "begin" : 368,  "end" : 373 }, 
        {"sofa" : 1,  "begin" : 374,  "end" : 377 }, 
        {"sofa" : 1,  "begin" : 378,  "end" : 381 }, 
        {"sofa" : 1,  "begin" : 382,  "end" : 383 }, 
        {"sofa" : 1,  "begin" : 384,  "end" : 387 }, 
        {"sofa" : 1,  "begin" : 388,  "end" : 390 }, 
        {"sofa" : 1,  "begin" : 391,  "end" : 393 }, 
        {"sofa" : 1,  "begin" : 394,  "end" : 399 }, 
        {"sofa" : 1,  "begin" : 400,  "end" : 402 }, 
        {"sofa" : 1,  "begin" : 403,  "end" : 405 }, 
        {"sofa" : 1,  "begin" : 406,  "end" : 407 }, 
        {"sofa" : 1,  "begin" : 408,  "end" : 410 }, 
        {"sofa" : 1,  "begin" : 411,  "end" : 415 }, 
        {"sofa" : 1,  "begin" : 416,  "end" : 420 }, 
        {"sofa" : 1,  "begin" : 421,  "end" : 424 }, 
        {"sofa" : 1,  "begin" : 425,  "end" : 427 }, 
        {"sofa" : 1,  "begin" : 428,  "end" : 432 }, 
        {"sofa" : 1,  "begin" : 433,  "end" : 434 }, 
        {"sofa" : 1,  "begin" : 435,  "end" : 438 }, 
        {"sofa" : 1,  "begin" : 439,  "end" : 443 }, 
        {"sofa" : 1,  "begin" : 444,  "end" : 445 }, 
        {"sofa" : 1,  "begin" : 446,  "end" : 449 }, 
        {"sofa" : 1,  "begin" : 450,  "end" : 454 }, 
        {"sofa" : 1,  "begin" : 455,  "end" : 462 }, 
        {"sofa" : 1,  "begin" : 463,  "end" : 469 }, 
        {"sofa" : 1,  "begin" : 470,  "end" : 472 }, 
        {"sofa" : 1,  "begin" : 473,  "end" : 480 }, 
        {"sofa" : 1,  "begin" : 481,  "end" : 486 }, 
        {"sofa" : 1,  "begin" : 487,  "end" : 489 }, 
        {"sofa" : 1,  "begin" : 490,  "end" : 493 }, 
        {"sofa" : 1,  "begin" : 494,  "end" : 500 }, 
        {"sofa" : 1,  "begin" : 501,  "end" : 502 }, 
        {"sofa" : 1,  "begin" : 503,  "end" : 504 } ], 
      "PartsofCause" : [1639,  1652 ], 
      "TypesofCause" : [
        {"sofa" : 1,  "begin" : 138,  "end" : 147,  "Dependent" : 1652,  "Governor" : 1639,  "TypesofCause" : "Effect" } ] } }, 
  "_referenced_fss" : {
    "1" : {"_type" : "Sofa",  "sofaNum" : 1,  "sofaID" : "_InitialView",  "mimeType" : "text",  "sofaString" : "SOME Boys , playing near a pond , saw a number of Frogs sporting in the water .\n“ Let us see if we can hit them ; it is great fun to make them dive , ” said one ; and they all began to pelt them with stones .\nAt last , after several Frogs had been hit , one of them put his head up out of the water , and said : “ Pray stop , Boys .\nThrowing stones at us may be great sport for you , but it is death to us .\nWe have done you no harm , and alas !\nyou have already killed or wounded three of our family . ”" }, 
    "1652" : {"_type" : "PartsofCause",  "sofa" : 1,  "begin" : 138,  "end" : 147,  "PartsofCause" : "Argument" }, 
    "1639" : {"_type" : "PartsofCause",  "sofa" : 1,  "begin" : 133,  "end" : 137,  "PartsofCause" : "Causing" }, 
    "1676" : {"_type" : "LayerDefinition",  "name" : "webanno.custom.DisjointCausalSpans",  "uiName" : "Disjoint Causal Spans" }, 
    "1694" : {"_type" : "LayerDefinition",  "name" : "webanno.custom.TypesofCause",  "uiName" : "Types of Cause" }, 
    "1687" : {"_type" : "LayerDefinition",  "name" : "webanno.custom.PartsofCause",  "uiName" : "Parts of Cause" } } }