{"_context" : {
    "_types" : {
      "DocumentMetaData" : {
        "_feature_types" : {"sofa" : "_ref" } }, 
      "FeatureDefinition" : {
        "_feature_types" : {"layer" : "_ref" } }, 
      "LayerDefinition" : { }, 
      "PartsofCause" : {
        "_feature_types" : {"sofa" : "_ref" } }, 
      "Sentence" : {
        "_feature_types" : {"sofa" : "_ref" } }, 
      "Sofa" : {
        "_feature_types" : {"sofaArray" : "_ref" } }, 
      "TagsetDescription" : {
        "_feature_types" : {"sofa" : "_ref",  "tags" : "_ref" } }, 
      "Token" : {
        "_feature_types" : {"sofa" : "_ref",  "parent" : "_ref",  "lemma" : "_ref",  "stem" : "_ref",  "pos" : "_ref",  "morph" : "_ref",  "form" : "_ref" } }, 
      "TypesofCause" : {
        "_feature_types" : {"sofa" : "_ref",  "Dependent" : "_ref",  "Governor" : "_ref" } }, 
      "DocumentAnnotation" : {
        "_feature_types" : {"sofa" : "_ref" }, 
        "_subtypes" : ["DocumentMetaData" ] }, 
      "Annotation" : {
        "_feature_types" : {"sofa" : "_ref" }, 
        "_subtypes" : ["DocumentAnnotation",  "PartsofCause",  "Sentence",  "TagsetDescription",  "Token",  "TypesofCause" ] }, 
      "AnnotationBase" : {
        "_feature_types" : {"sofa" : "_ref" }, 
        "_subtypes" : ["Annotation" ] }, 
      "TOP" : {
        "_subtypes" : ["AnnotationBase",  "FeatureDefinition",  "LayerDefinition",  "Sofa" ] } } }, 
  "_views" : {
    "_InitialView" : {
      "FeatureDefinition" : [
        {"layer" : 1959,  "name" : "referenceRelation",  "uiName" : "Reference Relation" }, 
        {"layer" : 1959,  "name" : "referenceType",  "uiName" : "Reference Type" }, 
        {"layer" : 1970,  "name" : "PartsofCause",  "uiName" : "Parts of Cause" }, 
        {"layer" : 1977,  "name" : "TypesofCause",  "uiName" : "Types of Cause" } ], 
      "LayerDefinition" : [1959,  1970,  1977 ], 
      "DocumentMetaData" : [
        {"sofa" : 1,  "end" : 591,  "language" : "x-unspecified",  "documentTitle" : "reddit-054.txt",  "documentId" : "AYC",  "documentUri" : "file:/srv/inception/repository/project/2/document/2456/source/AYC",  "collectionId" : "file:/srv/inception/repository/project/2/document/2456/source/",  "documentBaseUri" : "file:/srv/inception/repository/project/2/document/2456/source/",  "isLastSegment" : false } ], 
      "TagsetDescription" : [
        {"sofa" : 1,  "layer" : "webanno.custom.PartsofCause",  "name" : "Parts of Cause",  "input" : false }, 
        {"sofa" : 1,  "layer" : "webanno.custom.TypesofCause",  "name" : "Causal Relations",  "input" : false } ], 
      "Sentence" : [
        {"sofa" : 1,  "end" : 63 }, 
        {"sofa" : 1,  "begin" : 64,  "end" : 160 }, 
        {"sofa" : 1,  "begin" : 161,  "end" : 295 }, 
        {"sofa" : 1,  "begin" : 296,  "end" : 408 }, 
        {"sofa" : 1,  "begin" : 409,  "end" : 510 }, 
        {"sofa" : 1,  "begin" : 511,  "end" : 576 }, 
        {"sofa" : 1,  "begin" : 577,  "end" : 591 } ], 
      "Token" : [
        {"sofa" : 1,  "end" : 4 }, 
        {"sofa" : 1,  "begin" : 5,  "end" : 7 }, 
        {"sofa" : 1,  "begin" : 8,  "end" : 12 }, 
        {"sofa" : 1,  "begin" : 13,  "end" : 15 }, 
        {"sofa" : 1,  "begin" : 16,  "end" : 19 }, 
        {"sofa" : 1,  "begin" : 20,  "end" : 24 }, 
        {"sofa" : 1,  "begin" : 25,  "end" : 27 }, 
        {"sofa" : 1,  "begin" : 28,  "end" : 30 }, 
        {"sofa" : 1,  "begin" : 31,  "end" : 37 }, 
        {"sofa" : 1,  "begin" : 38,  "end" : 41 }, 
        {"sofa" : 1,  "begin" : 42,  "end" : 46 }, 
        {"sofa" : 1,  "begin" : 47,  "end" : 49 }, 
        {"sofa" : 1,  "begin" : 50,  "end" : 53 }, 
        {"sofa" : 1,  "begin" : 54,  "end" : 61 }, 
        {"sofa" : 1,  "begin" : 62,  "end" : 63 }, 
        {"sofa" : 1,  "begin" : 64,  "end" : 67 }, 
        {"sofa" : 1,  "begin" : 68,  "end" : 70 }, 
        {"sofa" : 1,  "begin" : 71,  "end" : 73 }, 
        {"sofa" : 1,  "begin" : 74,  "end" : 77 }, 
        {"sofa" : 1,  "begin" : 78,  "end" : 86 }, 
        {"sofa" : 1,  "begin" : 87,  "end" : 89 }, 
        {"sofa" : 1,  "begin" : 90,  "end" : 92 }, 
        {"sofa" : 1,  "begin" : 93,  "end" : 96 }, 
        {"sofa" : 1,  "begin" : 97,  "end" : 101 }, 
        {"sofa" : 1,  "begin" : 102,  "end" : 109 }, 
        {"sofa" : 1,  "begin" : 110,  "end" : 112 }, 
        {"sofa" : 1,  "begin" : 113,  "end" : 118 }, 
        {"sofa" : 1,  "begin" : 119,  "end" : 124 }, 
        {"sofa" : 1,  "begin" : 125,  "end" : 128 }, 
        {"sofa" : 1,  "begin" : 129,  "end" : 137 }, 
        {"sofa" : 1,  "begin" : 138,  "end" : 140 }, 
        {"sofa" : 1,  "begin" : 141,  "end" : 147 }, 
        {"sofa" : 1,  "begin" : 148,  "end" : 152 }, 
        {"sofa" : 1,  "begin" : 153,  "end" : 158 }, 
        {"sofa" : 1,  "begin" : 159,  "end" : 160 }, 
        {"sofa" : 1,  "begin" : 161,  "end" : 168 }, 
        {"sofa" : 1,  "begin" : 169,  "end" : 170 }, 
        {"sofa" : 1,  "begin" : 171,  "end" : 178 }, 
        {"sofa" : 1,  "begin" : 179,  "end" : 181 }, 
        {"sofa" : 1,  "begin" : 182,  "end" : 186 }, 
        {"sofa" : 1,  "begin" : 187,  "end" : 188 }, 
        {"sofa" : 1,  "begin" : 189,  "end" : 192 }, 
        {"sofa" : 1,  "begin" : 193,  "end" : 195 }, 
        {"sofa" : 1,  "begin" : 196,  "end" : 208 }, 
        {"sofa" : 1,  "begin" : 209,  "end" : 212 }, 
        {"sofa" : 1,  "begin" : 213,  "end" : 217 }, 
        {"sofa" : 1,  "begin" : 218,  "end" : 226 }, 
        {"sofa" : 1,  "begin" : 227,  "end" : 228 }, 
        {"sofa" : 1,  "begin" : 229,  "end" : 230 }, 
        {"sofa" : 1,  "begin" : 231,  "end" : 234 }, 
        {"sofa" : 1,  "begin" : 235,  "end" : 239 }, 
        {"sofa" : 1,  "begin" : 240,  "end" : 244 }, 
        {"sofa" : 1,  "begin" : 245,  "end" : 249 }, 
        {"sofa" : 1,  "begin" : 250,  "end" : 254 }, 
        {"sofa" : 1,  "begin" : 255,  "end" : 256 }, 
        {"sofa" : 1,  "begin" : 257,  "end" : 260 }, 
        {"sofa" : 1,  "begin" : 261,  "end" : 263 }, 
        {"sofa" : 1,  "begin" : 264,  "end" : 270 }, 
        {"sofa" : 1,  "begin" : 271,  "end" : 275 }, 
        {"sofa" : 1,  "begin" : 276,  "end" : 278 }, 
        {"sofa" : 1,  "begin" : 279,  "end" : 284 }, 
        {"sofa" : 1,  "begin" : 285,  "end" : 287 }, 
        {"sofa" : 1,  "begin" : 288,  "end" : 289 }, 
        {"sofa" : 1,  "begin" : 290,  "end" : 293 }, 
        {"sofa" : 1,  "begin" : 294,  "end" : 295 }, 
        {"sofa" : 1,  "begin" : 296,  "end" : 297 }, 
        {"sofa" : 1,  "begin" : 298,  "end" : 306 }, 
        {"sofa" : 1,  "begin" : 307,  "end" : 309 }, 
        {"sofa" : 1,  "begin" : 310,  "end" : 318 }, 
        {"sofa" : 1,  "begin" : 319,  "end" : 322 }, 
        {"sofa" : 1,  "begin" : 323,  "end" : 325 }, 
        {"sofa" : 1,  "begin" : 326,  "end" : 333 }, 
        {"sofa" : 1,  "begin" : 334,  "end" : 337 }, 
        {"sofa" : 1,  "begin" : 338,  "end" : 344 }, 
        {"sofa" : 1,  "begin" : 345,  "end" : 347 }, 
        {"sofa" : 1,  "begin" : 348,  "end" : 350 }, 
        {"sofa" : 1,  "begin" : 351,  "end" : 359 }, 
        {"sofa" : 1,  "begin" : 360,  "end" : 361 }, 
        {"sofa" : 1,  "begin" : 362,  "end" : 371 }, 
        {"sofa" : 1,  "begin" : 372,  "end" : 376 }, 
        {"sofa" : 1,  "begin" : 377,  "end" : 384 }, 
        {"sofa" : 1,  "begin" : 385,  "end" : 386 }, 
        {"sofa" : 1,  "begin" : 387,  "end" : 390 }, 
        {"sofa" : 1,  "begin" : 391,  "end" : 399 }, 
        {"sofa" : 1,  "begin" : 400,  "end" : 406 }, 
        {"sofa" : 1,  "begin" : 407,  "end" : 408 }, 
        {"sofa" : 1,  "begin" : 409,  "end" : 413 }, 
        {"sofa" : 1,  "begin" : 414,  "end" : 422 }, 
        {"sofa" : 1,  "begin" : 423,  "end" : 426 }, 
        {"sofa" : 1,  "begin" : 427,  "end" : 429 }, 
        {"sofa" : 1,  "begin" : 430,  "end" : 435 }, 
        {"sofa" : 1,  "begin" : 436,  "end" : 439 }, 
        {"sofa" : 1,  "begin" : 440,  "end" : 443 }, 
        {"sofa" : 1,  "begin" : 444,  "end" : 446 }, 
        {"sofa" : 1,  "begin" : 447,  "end" : 449 }, 
        {"sofa" : 1,  "begin" : 450,  "end" : 453 }, 
        {"sofa" : 1,  "begin" : 454,  "end" : 458 }, 
        {"sofa" : 1,  "begin" : 459,  "end" : 461 }, 
        {"sofa" : 1,  "begin" : 462,  "end" : 463 }, 
        {"sofa" : 1,  "begin" : 464,  "end" : 472 }, 
        {"sofa" : 1,  "begin" : 473,  "end" : 477 }, 
        {"sofa" : 1,  "begin" : 478,  "end" : 481 }, 
        {"sofa" : 1,  "begin" : 482,  "end" : 487 }, 
        {"sofa" : 1,  "begin" : 488,  "end" : 492 }, 
        {"sofa" : 1,  "begin" : 493,  "end" : 496 }, 
        {"sofa" : 1,  "begin" : 497,  "end" : 502 }, 
        {"sofa" : 1,  "begin" : 503,  "end" : 505 }, 
        {"sofa" : 1,  "begin" : 506,  "end" : 508 }, 
        {"sofa" : 1,  "begin" : 509,  "end" : 510 }, 
        {"sofa" : 1,  "begin" : 511,  "end" : 516 }, 
        {"sofa" : 1,  "begin" : 517,  "end" : 524 }, 
        {"sofa" : 1,  "begin" : 525,  "end" : 529 }, 
        {"sofa" : 1,  "begin" : 530,  "end" : 532 }, 
        {"sofa" : 1,  "begin" : 533,  "end" : 535 }, 
        {"sofa" : 1,  "begin" : 536,  "end" : 548 }, 
        {"sofa" : 1,  "begin" : 549,  "end" : 551 }, 
        {"sofa" : 1,  "begin" : 552,  "end" : 559 }, 
        {"sofa" : 1,  "begin" : 560,  "end" : 562 }, 
        {"sofa" : 1,  "begin" : 563,  "end" : 569 }, 
        {"sofa" : 1,  "begin" : 570,  "end" : 574 }, 
        {"sofa" : 1,  "begin" : 575,  "end" : 576 }, 
        {"sofa" : 1,  "begin" : 577,  "end" : 584 }, 
        {"sofa" : 1,  "begin" : 585,  "end" : 589 }, 
        {"sofa" : 1,  "begin" : 590,  "end" : 591 } ], 
      "PartsofCause" : [1711,  1670,  1683,  1894,  1907,  1920,  1739,  1752,  1778,  1851,  1821,  1838 ], 
      "TypesofCause" : [
        {"sofa" : 1,  "begin" : 64,  "end" : 86,  "Dependent" : 1711,  "Governor" : 1670,  "TypesofCause" : "Cause" }, 
        {"sofa" : 1,  "begin" : 90,  "end" : 158,  "Dependent" : 1683,  "Governor" : 1670,  "TypesofCause" : "Effect" }, 
        {"sofa" : 1,  "begin" : 113,  "end" : 137,  "Dependent" : 1894,  "Governor" : 1907,  "TypesofCause" : "Effect" }, 
        {"sofa" : 1,  "begin" : 141,  "end" : 158,  "Dependent" : 1920,  "Governor" : 1907,  "TypesofCause" : "Cause" }, 
        {"sofa" : 1,  "begin" : 179,  "end" : 226,  "Dependent" : 1752,  "Governor" : 1739,  "TypesofCause" : "Cause" }, 
        {"sofa" : 1,  "begin" : 229,  "end" : 293,  "Dependent" : 1778,  "Governor" : 1739,  "TypesofCause" : "Effect" }, 
        {"sofa" : 1,  "begin" : 296,  "end" : 322,  "Dependent" : 1851,  "Governor" : 1821,  "TypesofCause" : "Effect" }, 
        {"sofa" : 1,  "begin" : 326,  "end" : 406,  "Dependent" : 1838,  "Governor" : 1821,  "TypesofCause" : "Cause" } ] } }, 
  "_referenced_fss" : {
    "1" : {"_type" : "Sofa",  "sofaNum" : 1,  "sofaID" : "_InitialView",  "mimeType" : "text",  "sofaString" : "This is what my mom sent to me before she went to bed tonight .\nShe 's in the province so we 're just relying on video calls and messages to update each other .\nHowever , because we have a lot of requirements for this semester , I 've been very busy that I can no longer call as often as I did .\nI resorted to updating her by sending her photos of me studying , attending Zoom classes , and printing papers .\nThis semester may be tough for all of us but here 's a reminder that our loved ones are proud of us .\nTheir support will be of significance in helping us finish this !\nVirtual hugs !" }, 
    "1711" : {"_type" : "PartsofCause",  "sofa" : 1,  "begin" : 64,  "end" : 86,  "PartsofCause" : "Argument" }, 
    "1670" : {"_type" : "PartsofCause",  "sofa" : 1,  "begin" : 87,  "end" : 89,  "PartsofCause" : "Causing" }, 
    "1683" : {"_type" : "PartsofCause",  "sofa" : 1,  "begin" : 90,  "end" : 158,  "PartsofCause" : "Argument" }, 
    "1894" : {"_type" : "PartsofCause",  "sofa" : 1,  "begin" : 113,  "end" : 137,  "PartsofCause" : "Argument" }, 
    "1907" : {"_type" : "PartsofCause",  "sofa" : 1,  "begin" : 138,  "end" : 140,  "PartsofCause" : "Causing" }, 
    "1920" : {"_type" : "PartsofCause",  "sofa" : 1,  "begin" : 141,  "end" : 158,  "PartsofCause" : "Argument" }, 
    "1752" : {"_type" : "PartsofCause",  "sofa" : 1,  "begin" : 179,  "end" : 226,  "PartsofCause" : "Argument" }, 
    "1739" : {"_type" : "PartsofCause",  "sofa" : 1,  "begin" : 171,  "end" : 178,  "PartsofCause" : "Causing" }, 
    "1778" : {"_type" : "PartsofCause",  "sofa" : 1,  "begin" : 229,  "end" : 293,  "PartsofCause" : "Argument" }, 
    "1851" : {"_type" : "PartsofCause",  "sofa" : 1,  "begin" : 296,  "end" : 322,  "PartsofCause" : "Argument" }, 
    "1821" : {"_type" : "PartsofCause",  "sofa" : 1,  "begin" : 323,  "end" : 325,  "PartsofCause" : "Enabling" }, 
    "1838" : {"_type" : "PartsofCause",  "sofa" : 1,  "begin" : 326,  "end" : 406,  "PartsofCause" : "Argument" }, 
    "1970" : {"_type" : "LayerDefinition",  "name" : "webanno.custom.PartsofCause",  "uiName" : "Parts of Cause" }, 
    "1977" : {"_type" : "LayerDefinition",  "name" : "webanno.custom.TypesofCause",  "uiName" : "Types of Cause" }, 
    "1959" : {"_type" : "LayerDefinition",  "name" : "webanno.custom.DisjointCausalSpans",  "uiName" : "Disjoint Causal Spans" } } }