{"_context" : {
    "_types" : {
      "DocumentMetaData" : {
        "_feature_types" : {"sofa" : "_ref" } }, 
      "FeatureDefinition" : {
        "_feature_types" : {"layer" : "_ref" } }, 
      "LayerDefinition" : { }, 
      "Sentence" : {
        "_feature_types" : {"sofa" : "_ref" } }, 
      "Sofa" : {
        "_feature_types" : {"sofaArray" : "_ref" } }, 
      "TagsetDescription" : {
        "_feature_types" : {"sofa" : "_ref",  "tags" : "_ref" } }, 
      "Token" : {
        "_feature_types" : {"sofa" : "_ref",  "parent" : "_ref",  "lemma" : "_ref",  "stem" : "_ref",  "pos" : "_ref",  "morph" : "_ref",  "form" : "_ref" } }, 
      "DocumentAnnotation" : {
        "_feature_types" : {"sofa" : "_ref" }, 
        "_subtypes" : ["DocumentMetaData" ] }, 
      "Annotation" : {
        "_feature_types" : {"sofa" : "_ref" }, 
        "_subtypes" : ["DocumentAnnotation",  "Sentence",  "TagsetDescription",  "Token" ] }, 
      "AnnotationBase" : {
        "_feature_types" : {"sofa" : "_ref" }, 
        "_subtypes" : ["Annotation" ] }, 
      "TOP" : {
        "_subtypes" : ["AnnotationBase",  "FeatureDefinition",  "LayerDefinition",  "Sofa" ] } } }, 
  "_views" : {
    "_InitialView" : {
      "FeatureDefinition" : [
        {"layer" : 1464,  "name" : "referenceRelation",  "uiName" : "Reference Relation" }, 
        {"layer" : 1464,  "name" : "referenceType",  "uiName" : "Reference Type" }, 
        {"layer" : 1475,  "name" : "PartsofCause",  "uiName" : "Parts of Cause" }, 
        {"layer" : 1482,  "name" : "TypesofCause",  "uiName" : "Types of Cause" } ], 
      "LayerDefinition" : [1464,  1475,  1482 ], 
      "DocumentMetaData" : [
        {"sofa" : 1,  "end" : 513,  "language" : "x-unspecified",  "documentTitle" : "reddit-010.txt",  "documentId" : "CF",  "documentUri" : "file:/srv/inception/repository/project/2/document/2412/source/CF",  "collectionId" : "file:/srv/inception/repository/project/2/document/2412/source/",  "documentBaseUri" : "file:/srv/inception/repository/project/2/document/2412/source/",  "isLastSegment" : false } ], 
      "TagsetDescription" : [
        {"sofa" : 1,  "layer" : "webanno.custom.PartsofCause",  "name" : "Parts of Cause",  "input" : false }, 
        {"sofa" : 1,  "layer" : "webanno.custom.TypesofCause",  "name" : "Causal Relations",  "input" : false } ], 
      "Sentence" : [
        {"sofa" : 1,  "end" : 147 }, 
        {"sofa" : 1,  "begin" : 148,  "end" : 297 }, 
        {"sofa" : 1,  "begin" : 298,  "end" : 513 } ], 
      "Token" : [
        {"sofa" : 1,  "end" : 4 }, 
        {"sofa" : 1,  "begin" : 5,  "end" : 6 }, 
        {"sofa" : 1,  "begin" : 7,  "end" : 11 }, 
        {"sofa" : 1,  "begin" : 12,  "end" : 14 }, 
        {"sofa" : 1,  "begin" : 15,  "end" : 18 }, 
        {"sofa" : 1,  "begin" : 19,  "end" : 21 }, 
        {"sofa" : 1,  "begin" : 22,  "end" : 24 }, 
        {"sofa" : 1,  "begin" : 25,  "end" : 35 }, 
        {"sofa" : 1,  "begin" : 36,  "end" : 38 }, 
        {"sofa" : 1,  "begin" : 39,  "end" : 43 }, 
        {"sofa" : 1,  "begin" : 44,  "end" : 45 }, 
        {"sofa" : 1,  "begin" : 46,  "end" : 47 }, 
        {"sofa" : 1,  "begin" : 48,  "end" : 49 }, 
        {"sofa" : 1,  "begin" : 50,  "end" : 53 }, 
        {"sofa" : 1,  "begin" : 54,  "end" : 62 }, 
        {"sofa" : 1,  "begin" : 63,  "end" : 65 }, 
        {"sofa" : 1,  "begin" : 66,  "end" : 67 }, 
        {"sofa" : 1,  "begin" : 68,  "end" : 70 }, 
        {"sofa" : 1,  "begin" : 71,  "end" : 74 }, 
        {"sofa" : 1,  "begin" : 75,  "end" : 82 }, 
        {"sofa" : 1,  "begin" : 83,  "end" : 85 }, 
        {"sofa" : 1,  "begin" : 86,  "end" : 89 }, 
        {"sofa" : 1,  "begin" : 90,  "end" : 91 }, 
        {"sofa" : 1,  "begin" : 92,  "end" : 94 }, 
        {"sofa" : 1,  "begin" : 95,  "end" : 98 }, 
        {"sofa" : 1,  "begin" : 99,  "end" : 106 }, 
        {"sofa" : 1,  "begin" : 107,  "end" : 111 }, 
        {"sofa" : 1,  "begin" : 112,  "end" : 115 }, 
        {"sofa" : 1,  "begin" : 116,  "end" : 120 }, 
        {"sofa" : 1,  "begin" : 121,  "end" : 124 }, 
        {"sofa" : 1,  "begin" : 125,  "end" : 129 }, 
        {"sofa" : 1,  "begin" : 130,  "end" : 132 }, 
        {"sofa" : 1,  "begin" : 133,  "end" : 143 }, 
        {"sofa" : 1,  "begin" : 144,  "end" : 145 }, 
        {"sofa" : 1,  "begin" : 146,  "end" : 147 }, 
        {"sofa" : 1,  "begin" : 148,  "end" : 152 }, 
        {"sofa" : 1,  "begin" : 153,  "end" : 155 }, 
        {"sofa" : 1,  "begin" : 156,  "end" : 165 }, 
        {"sofa" : 1,  "begin" : 166,  "end" : 168 }, 
        {"sofa" : 1,  "begin" : 169,  "end" : 170 }, 
        {"sofa" : 1,  "begin" : 171,  "end" : 172 }, 
        {"sofa" : 1,  "begin" : 173,  "end" : 177 }, 
        {"sofa" : 1,  "begin" : 178,  "end" : 180 }, 
        {"sofa" : 1,  "begin" : 181,  "end" : 184 }, 
        {"sofa" : 1,  "begin" : 185,  "end" : 189 }, 
        {"sofa" : 1,  "begin" : 190,  "end" : 191 }, 
        {"sofa" : 1,  "begin" : 192,  "end" : 194 }, 
        {"sofa" : 1,  "begin" : 195,  "end" : 202 }, 
        {"sofa" : 1,  "begin" : 203,  "end" : 213 }, 
        {"sofa" : 1,  "begin" : 214,  "end" : 217 }, 
        {"sofa" : 1,  "begin" : 218,  "end" : 228 }, 
        {"sofa" : 1,  "begin" : 229,  "end" : 231 }, 
        {"sofa" : 1,  "begin" : 232,  "end" : 235 }, 
        {"sofa" : 1,  "begin" : 236,  "end" : 239 }, 
        {"sofa" : 1,  "begin" : 240,  "end" : 243 }, 
        {"sofa" : 1,  "begin" : 244,  "end" : 251 }, 
        {"sofa" : 1,  "begin" : 252,  "end" : 255 }, 
        {"sofa" : 1,  "begin" : 256,  "end" : 260 }, 
        {"sofa" : 1,  "begin" : 261,  "end" : 263 }, 
        {"sofa" : 1,  "begin" : 264,  "end" : 270 }, 
        {"sofa" : 1,  "begin" : 271,  "end" : 285 }, 
        {"sofa" : 1,  "begin" : 286,  "end" : 288 }, 
        {"sofa" : 1,  "begin" : 289,  "end" : 292 }, 
        {"sofa" : 1,  "begin" : 293,  "end" : 295 }, 
        {"sofa" : 1,  "begin" : 296,  "end" : 297 }, 
        {"sofa" : 1,  "begin" : 298,  "end" : 303 }, 
        {"sofa" : 1,  "begin" : 304,  "end" : 306 }, 
        {"sofa" : 1,  "begin" : 307,  "end" : 309 }, 
        {"sofa" : 1,  "begin" : 310,  "end" : 316 }, 
        {"sofa" : 1,  "begin" : 317,  "end" : 319 }, 
        {"sofa" : 1,  "begin" : 320,  "end" : 327 }, 
        {"sofa" : 1,  "begin" : 328,  "end" : 331 }, 
        {"sofa" : 1,  "begin" : 332,  "end" : 333 }, 
        {"sofa" : 1,  "begin" : 334,  "end" : 335 }, 
        {"sofa" : 1,  "begin" : 336,  "end" : 337 }, 
        {"sofa" : 1,  "begin" : 338,  "end" : 340 }, 
        {"sofa" : 1,  "begin" : 341,  "end" : 342 }, 
        {"sofa" : 1,  "begin" : 343,  "end" : 349 }, 
        {"sofa" : 1,  "begin" : 350,  "end" : 356 }, 
        {"sofa" : 1,  "begin" : 357,  "end" : 362 }, 
        {"sofa" : 1,  "begin" : 363,  "end" : 366 }, 
        {"sofa" : 1,  "begin" : 367,  "end" : 370 }, 
        {"sofa" : 1,  "begin" : 371,  "end" : 378 }, 
        {"sofa" : 1,  "begin" : 379,  "end" : 382 }, 
        {"sofa" : 1,  "begin" : 383,  "end" : 384 }, 
        {"sofa" : 1,  "begin" : 385,  "end" : 387 }, 
        {"sofa" : 1,  "begin" : 388,  "end" : 398 }, 
        {"sofa" : 1,  "begin" : 399,  "end" : 401 }, 
        {"sofa" : 1,  "begin" : 402,  "end" : 406 }, 
        {"sofa" : 1,  "begin" : 407,  "end" : 414 }, 
        {"sofa" : 1,  "begin" : 415,  "end" : 417 }, 
        {"sofa" : 1,  "begin" : 418,  "end" : 425 }, 
        {"sofa" : 1,  "begin" : 426,  "end" : 427 }, 
        {"sofa" : 1,  "begin" : 428,  "end" : 430 }, 
        {"sofa" : 1,  "begin" : 431,  "end" : 434 }, 
        {"sofa" : 1,  "begin" : 435,  "end" : 439 }, 
        {"sofa" : 1,  "begin" : 440,  "end" : 444 }, 
        {"sofa" : 1,  "begin" : 445,  "end" : 447 }, 
        {"sofa" : 1,  "begin" : 448,  "end" : 455 }, 
        {"sofa" : 1,  "begin" : 456,  "end" : 465 }, 
        {"sofa" : 1,  "begin" : 466,  "end" : 467 }, 
        {"sofa" : 1,  "begin" : 468,  "end" : 474 }, 
        {"sofa" : 1,  "begin" : 475,  "end" : 482 }, 
        {"sofa" : 1,  "begin" : 483,  "end" : 485 }, 
        {"sofa" : 1,  "begin" : 486,  "end" : 488 }, 
        {"sofa" : 1,  "begin" : 489,  "end" : 500 }, 
        {"sofa" : 1,  "begin" : 501,  "end" : 506 }, 
        {"sofa" : 1,  "begin" : 507,  "end" : 509 }, 
        {"sofa" : 1,  "begin" : 510,  "end" : 511 }, 
        {"sofa" : 1,  "begin" : 512,  "end" : 513 } ] } }, 
  "_referenced_fss" : {
    "1" : {"_type" : "Sofa",  "sofaNum" : 1,  "sofaID" : "_InitialView",  "mimeType" : "text",  "sofaString" : "What I want to say to my supervisor is this : > \" Bro straight up I am not feeling it and I 'm not jamming with the work and have no motivation \" .\nThat 's literally it , I want to say that I 'm lacking motivation and struggling to see the big picture but that 's really unprofessional is n't it ?\nWould it be better to perhaps say > \" I 'm a little unsure about the big picture and I 'm struggling to work towards it because I do n't feel that my current knowledge / output enables me to confidently reach it \" ?" }, 
    "1482" : {"_type" : "LayerDefinition",  "name" : "webanno.custom.TypesofCause",  "uiName" : "Types of Cause" }, 
    "1464" : {"_type" : "LayerDefinition",  "name" : "webanno.custom.DisjointCausalSpans",  "uiName" : "Disjoint Causal Spans" }, 
    "1475" : {"_type" : "LayerDefinition",  "name" : "webanno.custom.PartsofCause",  "uiName" : "Parts of Cause" } } }