{"_context" : {
    "_types" : {
      "DocumentMetaData" : {
        "_feature_types" : {"sofa" : "_ref" } }, 
      "FeatureDefinition" : {
        "_feature_types" : {"layer" : "_ref" } }, 
      "LayerDefinition" : { }, 
      "PartsofCause" : {
        "_feature_types" : {"sofa" : "_ref" } }, 
      "Sentence" : {
        "_feature_types" : {"sofa" : "_ref" } }, 
      "Sofa" : {
        "_feature_types" : {"sofaArray" : "_ref" } }, 
      "TagsetDescription" : {
        "_feature_types" : {"sofa" : "_ref",  "tags" : "_ref" } }, 
      "Token" : {
        "_feature_types" : {"sofa" : "_ref",  "parent" : "_ref",  "lemma" : "_ref",  "stem" : "_ref",  "pos" : "_ref",  "morph" : "_ref",  "form" : "_ref" } }, 
      "TypesofCause" : {
        "_feature_types" : {"sofa" : "_ref",  "Dependent" : "_ref",  "Governor" : "_ref" } }, 
      "DocumentAnnotation" : {
        "_feature_types" : {"sofa" : "_ref" }, 
        "_subtypes" : ["DocumentMetaData" ] }, 
      "Annotation" : {
        "_feature_types" : {"sofa" : "_ref" }, 
        "_subtypes" : ["DocumentAnnotation",  "PartsofCause",  "Sentence",  "TagsetDescription",  "Token",  "TypesofCause" ] }, 
      "AnnotationBase" : {
        "_feature_types" : {"sofa" : "_ref" }, 
        "_subtypes" : ["Annotation" ] }, 
      "TOP" : {
        "_subtypes" : ["AnnotationBase",  "FeatureDefinition",  "LayerDefinition",  "Sofa" ] } } }, 
  "_views" : {
    "_InitialView" : {
      "FeatureDefinition" : [
        {"layer" : 2511,  "name" : "referenceRelation",  "uiName" : "Reference Relation" }, 
        {"layer" : 2511,  "name" : "referenceType",  "uiName" : "Reference Type" }, 
        {"layer" : 2522,  "name" : "PartsofCause",  "uiName" : "Parts of Cause" }, 
        {"layer" : 2529,  "name" : "TypesofCause",  "uiName" : "Types of Cause" } ], 
      "LayerDefinition" : [2511,  2522,  2529 ], 
      "DocumentMetaData" : [
        {"sofa" : 1,  "end" : 870,  "language" : "x-unspecified",  "documentTitle" : "reddit-038.txt",  "documentId" : "AYC",  "documentUri" : "file:/srv/inception/repository/project/2/document/2440/source/AYC",  "collectionId" : "file:/srv/inception/repository/project/2/document/2440/source/",  "documentBaseUri" : "file:/srv/inception/repository/project/2/document/2440/source/",  "isLastSegment" : false } ], 
      "TagsetDescription" : [
        {"sofa" : 1,  "layer" : "webanno.custom.PartsofCause",  "name" : "Parts of Cause",  "input" : false }, 
        {"sofa" : 1,  "layer" : "webanno.custom.TypesofCause",  "name" : "Causal Relations",  "input" : false } ], 
      "Sentence" : [
        {"sofa" : 1,  "end" : 5 }, 
        {"sofa" : 1,  "begin" : 6,  "end" : 58 }, 
        {"sofa" : 1,  "begin" : 59,  "end" : 174 }, 
        {"sofa" : 1,  "begin" : 175,  "end" : 253 }, 
        {"sofa" : 1,  "begin" : 254,  "end" : 382 }, 
        {"sofa" : 1,  "begin" : 383,  "end" : 437 }, 
        {"sofa" : 1,  "begin" : 438,  "end" : 554 }, 
        {"sofa" : 1,  "begin" : 555,  "end" : 576 }, 
        {"sofa" : 1,  "begin" : 577,  "end" : 664 }, 
        {"sofa" : 1,  "begin" : 665,  "end" : 792 }, 
        {"sofa" : 1,  "begin" : 793,  "end" : 870 } ], 
      "Token" : [
        {"sofa" : 1,  "end" : 3 }, 
        {"sofa" : 1,  "begin" : 4,  "end" : 5 }, 
        {"sofa" : 1,  "begin" : 6,  "end" : 7 }, 
        {"sofa" : 1,  "begin" : 8,  "end" : 13 }, 
        {"sofa" : 1,  "begin" : 14,  "end" : 18 }, 
        {"sofa" : 1,  "begin" : 19,  "end" : 23 }, 
        {"sofa" : 1,  "begin" : 24,  "end" : 25 }, 
        {"sofa" : 1,  "begin" : 26,  "end" : 31 }, 
        {"sofa" : 1,  "begin" : 32,  "end" : 34 }, 
        {"sofa" : 1,  "begin" : 35,  "end" : 37 }, 
        {"sofa" : 1,  "begin" : 38,  "end" : 41 }, 
        {"sofa" : 1,  "begin" : 42,  "end" : 44 }, 
        {"sofa" : 1,  "begin" : 45,  "end" : 48 }, 
        {"sofa" : 1,  "begin" : 49,  "end" : 56 }, 
        {"sofa" : 1,  "begin" : 57,  "end" : 58 }, 
        {"sofa" : 1,  "begin" : 59,  "end" : 62 }, 
        {"sofa" : 1,  "begin" : 63,  "end" : 68 }, 
        {"sofa" : 1,  "begin" : 69,  "end" : 74 }, 
        {"sofa" : 1,  "begin" : 75,  "end" : 77 }, 
        {"sofa" : 1,  "begin" : 78,  "end" : 82 }, 
        {"sofa" : 1,  "begin" : 83,  "end" : 85 }, 
        {"sofa" : 1,  "begin" : 86,  "end" : 90 }, 
        {"sofa" : 1,  "begin" : 91,  "end" : 96 }, 
        {"sofa" : 1,  "begin" : 97,  "end" : 100 }, 
        {"sofa" : 1,  "begin" : 101,  "end" : 104 }, 
        {"sofa" : 1,  "begin" : 105,  "end" : 110 }, 
        {"sofa" : 1,  "begin" : 111,  "end" : 115 }, 
        {"sofa" : 1,  "begin" : 116,  "end" : 119 }, 
        {"sofa" : 1,  "begin" : 120,  "end" : 121 }, 
        {"sofa" : 1,  "begin" : 122,  "end" : 129 }, 
        {"sofa" : 1,  "begin" : 130,  "end" : 133 }, 
        {"sofa" : 1,  "begin" : 134,  "end" : 140 }, 
        {"sofa" : 1,  "begin" : 141,  "end" : 145 }, 
        {"sofa" : 1,  "begin" : 146,  "end" : 158 }, 
        {"sofa" : 1,  "begin" : 159,  "end" : 162 }, 
        {"sofa" : 1,  "begin" : 163,  "end" : 164 }, 
        {"sofa" : 1,  "begin" : 165,  "end" : 172 }, 
        {"sofa" : 1,  "begin" : 173,  "end" : 174 }, 
        {"sofa" : 1,  "begin" : 175,  "end" : 180 }, 
        {"sofa" : 1,  "begin" : 181,  "end" : 184 }, 
        {"sofa" : 1,  "begin" : 185,  "end" : 189 }, 
        {"sofa" : 1,  "begin" : 190,  "end" : 193 }, 
        {"sofa" : 1,  "begin" : 194,  "end" : 198 }, 
        {"sofa" : 1,  "begin" : 199,  "end" : 202 }, 
        {"sofa" : 1,  "begin" : 203,  "end" : 208 }, 
        {"sofa" : 1,  "begin" : 209,  "end" : 213 }, 
        {"sofa" : 1,  "begin" : 214,  "end" : 219 }, 
        {"sofa" : 1,  "begin" : 220,  "end" : 224 }, 
        {"sofa" : 1,  "begin" : 225,  "end" : 227 }, 
        {"sofa" : 1,  "begin" : 228,  "end" : 231 }, 
        {"sofa" : 1,  "begin" : 232,  "end" : 240 }, 
        {"sofa" : 1,  "begin" : 241,  "end" : 245 }, 
        {"sofa" : 1,  "begin" : 246,  "end" : 251 }, 
        {"sofa" : 1,  "begin" : 252,  "end" : 253 }, 
        {"sofa" : 1,  "begin" : 254,  "end" : 256 }, 
        {"sofa" : 1,  "begin" : 257,  "end" : 262 }, 
        {"sofa" : 1,  "begin" : 263,  "end" : 269 }, 
        {"sofa" : 1,  "begin" : 270,  "end" : 273 }, 
        {"sofa" : 1,  "begin" : 274,  "end" : 280 }, 
        {"sofa" : 1,  "begin" : 281,  "end" : 286 }, 
        {"sofa" : 1,  "begin" : 287,  "end" : 289 }, 
        {"sofa" : 1,  "begin" : 290,  "end" : 294 }, 
        {"sofa" : 1,  "begin" : 295,  "end" : 299 }, 
        {"sofa" : 1,  "begin" : 300,  "end" : 302 }, 
        {"sofa" : 1,  "begin" : 303,  "end" : 311 }, 
        {"sofa" : 1,  "begin" : 312,  "end" : 315 }, 
        {"sofa" : 1,  "begin" : 316,  "end" : 319 }, 
        {"sofa" : 1,  "begin" : 320,  "end" : 325 }, 
        {"sofa" : 1,  "begin" : 326,  "end" : 330 }, 
        {"sofa" : 1,  "begin" : 331,  "end" : 334 }, 
        {"sofa" : 1,  "begin" : 335,  "end" : 339 }, 
        {"sofa" : 1,  "begin" : 340,  "end" : 344 }, 
        {"sofa" : 1,  "begin" : 345,  "end" : 352 }, 
        {"sofa" : 1,  "begin" : 353,  "end" : 358 }, 
        {"sofa" : 1,  "begin" : 359,  "end" : 361 }, 
        {"sofa" : 1,  "begin" : 362,  "end" : 364 }, 
        {"sofa" : 1,  "begin" : 365,  "end" : 368 }, 
        {"sofa" : 1,  "begin" : 369,  "end" : 375 }, 
        {"sofa" : 1,  "begin" : 376,  "end" : 380 }, 
        {"sofa" : 1,  "begin" : 381,  "end" : 382 }, 
        {"sofa" : 1,  "begin" : 383,  "end" : 390 }, 
        {"sofa" : 1,  "begin" : 391,  "end" : 392 }, 
        {"sofa" : 1,  "begin" : 393,  "end" : 398 }, 
        {"sofa" : 1,  "begin" : 399,  "end" : 403 }, 
        {"sofa" : 1,  "begin" : 404,  "end" : 407 }, 
        {"sofa" : 1,  "begin" : 408,  "end" : 414 }, 
        {"sofa" : 1,  "begin" : 415,  "end" : 420 }, 
        {"sofa" : 1,  "begin" : 421,  "end" : 423 }, 
        {"sofa" : 1,  "begin" : 424,  "end" : 428 }, 
        {"sofa" : 1,  "begin" : 429,  "end" : 431 }, 
        {"sofa" : 1,  "begin" : 432,  "end" : 435 }, 
        {"sofa" : 1,  "begin" : 436,  "end" : 437 }, 
        {"sofa" : 1,  "begin" : 438,  "end" : 439 }, 
        {"sofa" : 1,  "begin" : 440,  "end" : 445 }, 
        {"sofa" : 1,  "begin" : 446,  "end" : 452 }, 
        {"sofa" : 1,  "begin" : 453,  "end" : 457 }, 
        {"sofa" : 1,  "begin" : 458,  "end" : 465 }, 
        {"sofa" : 1,  "begin" : 466,  "end" : 469 }, 
        {"sofa" : 1,  "begin" : 470,  "end" : 478 }, 
        {"sofa" : 1,  "begin" : 479,  "end" : 481 }, 
        {"sofa" : 1,  "begin" : 482,  "end" : 486 }, 
        {"sofa" : 1,  "begin" : 487,  "end" : 489 }, 
        {"sofa" : 1,  "begin" : 490,  "end" : 491 }, 
        {"sofa" : 1,  "begin" : 492,  "end" : 499 }, 
        {"sofa" : 1,  "begin" : 500,  "end" : 505 }, 
        {"sofa" : 1,  "begin" : 506,  "end" : 508 }, 
        {"sofa" : 1,  "begin" : 509,  "end" : 515 }, 
        {"sofa" : 1,  "begin" : 516,  "end" : 518 }, 
        {"sofa" : 1,  "begin" : 519,  "end" : 525 }, 
        {"sofa" : 1,  "begin" : 526,  "end" : 529 }, 
        {"sofa" : 1,  "begin" : 530,  "end" : 533 }, 
        {"sofa" : 1,  "begin" : 534,  "end" : 539 }, 
        {"sofa" : 1,  "begin" : 540,  "end" : 542 }, 
        {"sofa" : 1,  "begin" : 543,  "end" : 548 }, 
        {"sofa" : 1,  "begin" : 549,  "end" : 552 }, 
        {"sofa" : 1,  "begin" : 553,  "end" : 554 }, 
        {"sofa" : 1,  "begin" : 555,  "end" : 558 }, 
        {"sofa" : 1,  "begin" : 559,  "end" : 561 }, 
        {"sofa" : 1,  "begin" : 562,  "end" : 566 }, 
        {"sofa" : 1,  "begin" : 567,  "end" : 574 }, 
        {"sofa" : 1,  "begin" : 575,  "end" : 576 }, 
        {"sofa" : 1,  "begin" : 577,  "end" : 578 }, 
        {"sofa" : 1,  "begin" : 579,  "end" : 586 }, 
        {"sofa" : 1,  "begin" : 587,  "end" : 591 }, 
        {"sofa" : 1,  "begin" : 592,  "end" : 599 }, 
        {"sofa" : 1,  "begin" : 600,  "end" : 604 }, 
        {"sofa" : 1,  "begin" : 605,  "end" : 607 }, 
        {"sofa" : 1,  "begin" : 608,  "end" : 612 }, 
        {"sofa" : 1,  "begin" : 613,  "end" : 620 }, 
        {"sofa" : 1,  "begin" : 621,  "end" : 626 }, 
        {"sofa" : 1,  "begin" : 627,  "end" : 635 }, 
        {"sofa" : 1,  "begin" : 636,  "end" : 638 }, 
        {"sofa" : 1,  "begin" : 639,  "end" : 644 }, 
        {"sofa" : 1,  "begin" : 645,  "end" : 649 }, 
        {"sofa" : 1,  "begin" : 650,  "end" : 652 }, 
        {"sofa" : 1,  "begin" : 653,  "end" : 662 }, 
        {"sofa" : 1,  "begin" : 663,  "end" : 664 }, 
        {"sofa" : 1,  "begin" : 665,  "end" : 666 }, 
        {"sofa" : 1,  "begin" : 667,  "end" : 673 }, 
        {"sofa" : 1,  "begin" : 674,  "end" : 680 }, 
        {"sofa" : 1,  "begin" : 681,  "end" : 684 }, 
        {"sofa" : 1,  "begin" : 685,  "end" : 691 }, 
        {"sofa" : 1,  "begin" : 692,  "end" : 697 }, 
        {"sofa" : 1,  "begin" : 698,  "end" : 701 }, 
        {"sofa" : 1,  "begin" : 702,  "end" : 710 }, 
        {"sofa" : 1,  "begin" : 711,  "end" : 712 }, 
        {"sofa" : 1,  "begin" : 713,  "end" : 714 }, 
        {"sofa" : 1,  "begin" : 715,  "end" : 717 }, 
        {"sofa" : 1,  "begin" : 718,  "end" : 721 }, 
        {"sofa" : 1,  "begin" : 722,  "end" : 726 }, 
        {"sofa" : 1,  "begin" : 727,  "end" : 729 }, 
        {"sofa" : 1,  "begin" : 730,  "end" : 733 }, 
        {"sofa" : 1,  "begin" : 734,  "end" : 737 }, 
        {"sofa" : 1,  "begin" : 738,  "end" : 745 }, 
        {"sofa" : 1,  "begin" : 746,  "end" : 751 }, 
        {"sofa" : 1,  "begin" : 752,  "end" : 755 }, 
        {"sofa" : 1,  "begin" : 756,  "end" : 758 }, 
        {"sofa" : 1,  "begin" : 759,  "end" : 762 }, 
        {"sofa" : 1,  "begin" : 763,  "end" : 768 }, 
        {"sofa" : 1,  "begin" : 769,  "end" : 777 }, 
        {"sofa" : 1,  "begin" : 778,  "end" : 781 }, 
        {"sofa" : 1,  "begin" : 782,  "end" : 790 }, 
        {"sofa" : 1,  "begin" : 791,  "end" : 792 }, 
        {"sofa" : 1,  "begin" : 793,  "end" : 796 }, 
        {"sofa" : 1,  "begin" : 797,  "end" : 802 }, 
        {"sofa" : 1,  "begin" : 803,  "end" : 805 }, 
        {"sofa" : 1,  "begin" : 806,  "end" : 809 }, 
        {"sofa" : 1,  "begin" : 810,  "end" : 812 }, 
        {"sofa" : 1,  "begin" : 813,  "end" : 817 }, 
        {"sofa" : 1,  "begin" : 818,  "end" : 821 }, 
        {"sofa" : 1,  "begin" : 822,  "end" : 828 }, 
        {"sofa" : 1,  "begin" : 829,  "end" : 833 }, 
        {"sofa" : 1,  "begin" : 834,  "end" : 839 }, 
        {"sofa" : 1,  "begin" : 840,  "end" : 845 }, 
        {"sofa" : 1,  "begin" : 846,  "end" : 856 }, 
        {"sofa" : 1,  "begin" : 857,  "end" : 858 }, 
        {"sofa" : 1,  "begin" : 859,  "end" : 863 }, 
        {"sofa" : 1,  "begin" : 864,  "end" : 868 }, 
        {"sofa" : 1,  "begin" : 869,  "end" : 870 } ], 
      "PartsofCause" : [2405,  2418,  2446,  2459,  2472 ], 
      "TypesofCause" : [
        {"sofa" : 1,  "begin" : 562,  "end" : 566,  "Dependent" : 2405,  "Governor" : 2418,  "TypesofCause" : "Effect" }, 
        {"sofa" : 1,  "begin" : 810,  "end" : 833,  "Dependent" : 2446,  "Governor" : 2459,  "TypesofCause" : "Effect" }, 
        {"sofa" : 1,  "begin" : 846,  "end" : 868,  "Dependent" : 2472,  "Governor" : 2459,  "TypesofCause" : "Cause" } ] } }, 
  "_referenced_fss" : {
    "1" : {"_type" : "Sofa",  "sofaNum" : 1,  "sofaID" : "_InitialView",  "mimeType" : "text",  "sofaString" : "Wow .\nI never knew that I would be in one of the classes .\nThe first thing he does is talk about how the first exam had B average and second exam mysteriously has F average .\nTurns out this man gave the exact same first exam to the previous year class .\nIt seems almost the entire class of less than 20 students had the first exam and what they thought would be is the second exam .\nSomehow I never knew and nobody cared to help me out .\nI guess making zero friends and spending my days in a library ended up saving my career and was worth it after all .\nBut is that allowed ?\nI thought that classes need to have certain grade averages or curve will be mandatory .\nI assume almost the entire class now received a 0 on the exam is bad for average class GPA or are those students not included ?\nAnd lmfao at how he gave the second exam right after withdrawal / drop date ." }, 
    "2405" : {"_type" : "PartsofCause",  "sofa" : 1,  "begin" : 562,  "end" : 566,  "PartsofCause" : "Argument" }, 
    "2418" : {"_type" : "PartsofCause",  "sofa" : 1,  "begin" : 567,  "end" : 574,  "PartsofCause" : "Enabling" }, 
    "2446" : {"_type" : "PartsofCause",  "sofa" : 1,  "begin" : 810,  "end" : 833,  "PartsofCause" : "Argument" }, 
    "2459" : {"_type" : "PartsofCause",  "sofa" : 1,  "begin" : 840,  "end" : 845,  "PartsofCause" : "Causing" }, 
    "2472" : {"_type" : "PartsofCause",  "sofa" : 1,  "begin" : 846,  "end" : 868,  "PartsofCause" : "Argument" }, 
    "2522" : {"_type" : "LayerDefinition",  "name" : "webanno.custom.PartsofCause",  "uiName" : "Parts of Cause" }, 
    "2511" : {"_type" : "LayerDefinition",  "name" : "webanno.custom.DisjointCausalSpans",  "uiName" : "Disjoint Causal Spans" }, 
    "2529" : {"_type" : "LayerDefinition",  "name" : "webanno.custom.TypesofCause",  "uiName" : "Types of Cause" } } }