{"_context" : {
    "_types" : {
      "DisjointCausalSpansChain" : {
        "_feature_types" : {"sofa" : "_ref",  "first" : "_ref" } }, 
      "DisjointCausalSpansLink" : {
        "_feature_types" : {"sofa" : "_ref",  "next" : "_ref" } }, 
      "DocumentMetaData" : {
        "_feature_types" : {"sofa" : "_ref" } }, 
      "FeatureDefinition" : {
        "_feature_types" : {"layer" : "_ref" } }, 
      "LayerDefinition" : { }, 
      "PartsofCause" : {
        "_feature_types" : {"sofa" : "_ref" } }, 
      "Sentence" : {
        "_feature_types" : {"sofa" : "_ref" } }, 
      "Sofa" : {
        "_feature_types" : {"sofaArray" : "_ref" } }, 
      "TagsetDescription" : {
        "_feature_types" : {"sofa" : "_ref",  "tags" : "_ref" } }, 
      "Token" : {
        "_feature_types" : {"sofa" : "_ref",  "parent" : "_ref",  "lemma" : "_ref",  "stem" : "_ref",  "pos" : "_ref",  "morph" : "_ref",  "form" : "_ref" } }, 
      "TypesofCause" : {
        "_feature_types" : {"sofa" : "_ref",  "Dependent" : "_ref",  "Governor" : "_ref" } }, 
      "AnnotationBase" : {
        "_feature_types" : {"sofa" : "_ref" }, 
        "_subtypes" : ["DisjointCausalSpansChain",  "Annotation" ] }, 
      "TOP" : {
        "_subtypes" : ["AnnotationBase",  "FeatureDefinition",  "LayerDefinition",  "Sofa" ] }, 
      "Annotation" : {
        "_feature_types" : {"sofa" : "_ref" }, 
        "_subtypes" : ["DisjointCausalSpansLink",  "DocumentAnnotation",  "PartsofCause",  "Sentence",  "TagsetDescription",  "Token",  "TypesofCause" ] }, 
      "DocumentAnnotation" : {
        "_feature_types" : {"sofa" : "_ref" }, 
        "_subtypes" : ["DocumentMetaData" ] } } }, 
  "_views" : {
    "_InitialView" : {
      "FeatureDefinition" : [
        {"layer" : 2970,  "name" : "referenceRelation",  "uiName" : "Reference Relation" }, 
        {"layer" : 2970,  "name" : "referenceType",  "uiName" : "Reference Type" }, 
        {"layer" : 2981,  "name" : "PartsofCause",  "uiName" : "Parts of Cause" }, 
        {"layer" : 2988,  "name" : "TypesofCause",  "uiName" : "Types of Cause" } ], 
      "LayerDefinition" : [2970,  2981,  2988 ], 
      "DocumentMetaData" : [
        {"sofa" : 1,  "end" : 756,  "language" : "x-unspecified",  "documentTitle" : "fable-45.txt",  "documentId" : "GJW",  "documentUri" : "file:/srv/inception/repository/project/2/document/2347/source/GJW",  "collectionId" : "file:/srv/inception/repository/project/2/document/2347/source/",  "documentBaseUri" : "file:/srv/inception/repository/project/2/document/2347/source/",  "isLastSegment" : false } ], 
      "TagsetDescription" : [
        {"sofa" : 1,  "layer" : "webanno.custom.PartsofCause",  "name" : "Parts of Cause",  "input" : false }, 
        {"sofa" : 1,  "layer" : "webanno.custom.TypesofCause",  "name" : "Causal Relations",  "input" : false } ], 
      "Sentence" : [
        {"sofa" : 1,  "end" : 124 }, 
        {"sofa" : 1,  "begin" : 125,  "end" : 291 }, 
        {"sofa" : 1,  "begin" : 292,  "end" : 423 }, 
        {"sofa" : 1,  "begin" : 424,  "end" : 660 }, 
        {"sofa" : 1,  "begin" : 661,  "end" : 756 } ], 
      "Token" : [
        {"sofa" : 1,  "end" : 1 }, 
        {"sofa" : 1,  "begin" : 2,  "end" : 5 }, 
        {"sofa" : 1,  "begin" : 6,  "end" : 10 }, 
        {"sofa" : 1,  "begin" : 11,  "end" : 18 }, 
        {"sofa" : 1,  "begin" : 19,  "end" : 20 }, 
        {"sofa" : 1,  "begin" : 21,  "end" : 28 }, 
        {"sofa" : 1,  "begin" : 29,  "end" : 31 }, 
        {"sofa" : 1,  "begin" : 32,  "end" : 33 }, 
        {"sofa" : 1,  "begin" : 34,  "end" : 37 }, 
        {"sofa" : 1,  "begin" : 38,  "end" : 40 }, 
        {"sofa" : 1,  "begin" : 41,  "end" : 46 }, 
        {"sofa" : 1,  "begin" : 47,  "end" : 48 }, 
        {"sofa" : 1,  "begin" : 49,  "end" : 54 }, 
        {"sofa" : 1,  "begin" : 55,  "end" : 58 }, 
        {"sofa" : 1,  "begin" : 59,  "end" : 61 }, 
        {"sofa" : 1,  "begin" : 62,  "end" : 68 }, 
        {"sofa" : 1,  "begin" : 69,  "end" : 74 }, 
        {"sofa" : 1,  "begin" : 75,  "end" : 79 }, 
        {"sofa" : 1,  "begin" : 80,  "end" : 82 }, 
        {"sofa" : 1,  "begin" : 83,  "end" : 87 }, 
        {"sofa" : 1,  "begin" : 88,  "end" : 91 }, 
        {"sofa" : 1,  "begin" : 92,  "end" : 95 }, 
        {"sofa" : 1,  "begin" : 96,  "end" : 100 }, 
        {"sofa" : 1,  "begin" : 101,  "end" : 104 }, 
        {"sofa" : 1,  "begin" : 105,  "end" : 110 }, 
        {"sofa" : 1,  "begin" : 111,  "end" : 113 }, 
        {"sofa" : 1,  "begin" : 114,  "end" : 122 }, 
        {"sofa" : 1,  "begin" : 123,  "end" : 124 }, 
        {"sofa" : 1,  "begin" : 125,  "end" : 128 }, 
        {"sofa" : 1,  "begin" : 129,  "end" : 132 }, 
        {"sofa" : 1,  "begin" : 133,  "end" : 134 }, 
        {"sofa" : 1,  "begin" : 135,  "end" : 138 }, 
        {"sofa" : 1,  "begin" : 139,  "end" : 142 }, 
        {"sofa" : 1,  "begin" : 143,  "end" : 150 }, 
        {"sofa" : 1,  "begin" : 151,  "end" : 152 }, 
        {"sofa" : 1,  "begin" : 153,  "end" : 160 }, 
        {"sofa" : 1,  "begin" : 161,  "end" : 166 }, 
        {"sofa" : 1,  "begin" : 167,  "end" : 170 }, 
        {"sofa" : 1,  "begin" : 171,  "end" : 174 }, 
        {"sofa" : 1,  "begin" : 175,  "end" : 179 }, 
        {"sofa" : 1,  "begin" : 180,  "end" : 182 }, 
        {"sofa" : 1,  "begin" : 183,  "end" : 187 }, 
        {"sofa" : 1,  "begin" : 188,  "end" : 190 }, 
        {"sofa" : 1,  "begin" : 191,  "end" : 194 }, 
        {"sofa" : 1,  "begin" : 195,  "end" : 201 }, 
        {"sofa" : 1,  "begin" : 202,  "end" : 204 }, 
        {"sofa" : 1,  "begin" : 205,  "end" : 210 }, 
        {"sofa" : 1,  "begin" : 211,  "end" : 212 }, 
        {"sofa" : 1,  "begin" : 213,  "end" : 220 }, 
        {"sofa" : 1,  "begin" : 221,  "end" : 223 }, 
        {"sofa" : 1,  "begin" : 224,  "end" : 231 }, 
        {"sofa" : 1,  "begin" : 232,  "end" : 236 }, 
        {"sofa" : 1,  "begin" : 237,  "end" : 245 }, 
        {"sofa" : 1,  "begin" : 246,  "end" : 249 }, 
        {"sofa" : 1,  "begin" : 250,  "end" : 256 }, 
        {"sofa" : 1,  "begin" : 257,  "end" : 260 }, 
        {"sofa" : 1,  "begin" : 261,  "end" : 264 }, 
        {"sofa" : 1,  "begin" : 265,  "end" : 270 }, 
        {"sofa" : 1,  "begin" : 271,  "end" : 273 }, 
        {"sofa" : 1,  "begin" : 274,  "end" : 279 }, 
        {"sofa" : 1,  "begin" : 280,  "end" : 282 }, 
        {"sofa" : 1,  "begin" : 283,  "end" : 289 }, 
        {"sofa" : 1,  "begin" : 290,  "end" : 291 }, 
        {"sofa" : 1,  "begin" : 292,  "end" : 299 }, 
        {"sofa" : 1,  "begin" : 300,  "end" : 303 }, 
        {"sofa" : 1,  "begin" : 304,  "end" : 309 }, 
        {"sofa" : 1,  "begin" : 310,  "end" : 312 }, 
        {"sofa" : 1,  "begin" : 313,  "end" : 318 }, 
        {"sofa" : 1,  "begin" : 319,  "end" : 326 }, 
        {"sofa" : 1,  "begin" : 327,  "end" : 329 }, 
        {"sofa" : 1,  "begin" : 330,  "end" : 333 }, 
        {"sofa" : 1,  "begin" : 334,  "end" : 339 }, 
        {"sofa" : 1,  "begin" : 340,  "end" : 342 }, 
        {"sofa" : 1,  "begin" : 343,  "end" : 344 }, 
        {"sofa" : 1,  "begin" : 345,  "end" : 351 }, 
        {"sofa" : 1,  "begin" : 352,  "end" : 360 }, 
        {"sofa" : 1,  "begin" : 361,  "end" : 367 }, 
        {"sofa" : 1,  "begin" : 368,  "end" : 369 }, 
        {"sofa" : 1,  "begin" : 370,  "end" : 373 }, 
        {"sofa" : 1,  "begin" : 374,  "end" : 377 }, 
        {"sofa" : 1,  "begin" : 378,  "end" : 385 }, 
        {"sofa" : 1,  "begin" : 386,  "end" : 388 }, 
        {"sofa" : 1,  "begin" : 389,  "end" : 392 }, 
        {"sofa" : 1,  "begin" : 393,  "end" : 396 }, 
        {"sofa" : 1,  "begin" : 397,  "end" : 403 }, 
        {"sofa" : 1,  "begin" : 404,  "end" : 409 }, 
        {"sofa" : 1,  "begin" : 410,  "end" : 412 }, 
        {"sofa" : 1,  "begin" : 413,  "end" : 416 }, 
        {"sofa" : 1,  "begin" : 417,  "end" : 421 }, 
        {"sofa" : 1,  "begin" : 422,  "end" : 423 }, 
        {"sofa" : 1,  "begin" : 424,  "end" : 426 }, 
        {"sofa" : 1,  "begin" : 427,  "end" : 431 }, 
        {"sofa" : 1,  "begin" : 432,  "end" : 433 }, 
        {"sofa" : 1,  "begin" : 434,  "end" : 443 }, 
        {"sofa" : 1,  "begin" : 444,  "end" : 445 }, 
        {"sofa" : 1,  "begin" : 446,  "end" : 450 }, 
        {"sofa" : 1,  "begin" : 451,  "end" : 456 }, 
        {"sofa" : 1,  "begin" : 457,  "end" : 458 }, 
        {"sofa" : 1,  "begin" : 459,  "end" : 462 }, 
        {"sofa" : 1,  "begin" : 463,  "end" : 466 }, 
        {"sofa" : 1,  "begin" : 467,  "end" : 474 }, 
        {"sofa" : 1,  "begin" : 475,  "end" : 477 }, 
        {"sofa" : 1,  "begin" : 478,  "end" : 482 }, 
        {"sofa" : 1,  "begin" : 483,  "end" : 484 }, 
        {"sofa" : 1,  "begin" : 485,  "end" : 487 }, 
        {"sofa" : 1,  "begin" : 488,  "end" : 493 }, 
        {"sofa" : 1,  "begin" : 494,  "end" : 498 }, 
        {"sofa" : 1,  "begin" : 499,  "end" : 502 }, 
        {"sofa" : 1,  "begin" : 503,  "end" : 506 }, 
        {"sofa" : 1,  "begin" : 507,  "end" : 512 }, 
        {"sofa" : 1,  "begin" : 513,  "end" : 515 }, 
        {"sofa" : 1,  "begin" : 516,  "end" : 520 }, 
        {"sofa" : 1,  "begin" : 521,  "end" : 522 }, 
        {"sofa" : 1,  "begin" : 523,  "end" : 526 }, 
        {"sofa" : 1,  "begin" : 527,  "end" : 531 }, 
        {"sofa" : 1,  "begin" : 532,  "end" : 534 }, 
        {"sofa" : 1,  "begin" : 535,  "end" : 542 }, 
        {"sofa" : 1,  "begin" : 543,  "end" : 546 }, 
        {"sofa" : 1,  "begin" : 547,  "end" : 550 }, 
        {"sofa" : 1,  "begin" : 551,  "end" : 555 }, 
        {"sofa" : 1,  "begin" : 556,  "end" : 559 }, 
        {"sofa" : 1,  "begin" : 560,  "end" : 565 }, 
        {"sofa" : 1,  "begin" : 566,  "end" : 567 }, 
        {"sofa" : 1,  "begin" : 568,  "end" : 571 }, 
        {"sofa" : 1,  "begin" : 572,  "end" : 577 }, 
        {"sofa" : 1,  "begin" : 578,  "end" : 581 }, 
        {"sofa" : 1,  "begin" : 582,  "end" : 589 }, 
        {"sofa" : 1,  "begin" : 590,  "end" : 593 }, 
        {"sofa" : 1,  "begin" : 594,  "end" : 599 }, 
        {"sofa" : 1,  "begin" : 600,  "end" : 601 }, 
        {"sofa" : 1,  "begin" : 602,  "end" : 605 }, 
        {"sofa" : 1,  "begin" : 606,  "end" : 611 }, 
        {"sofa" : 1,  "begin" : 612,  "end" : 617 }, 
        {"sofa" : 1,  "begin" : 618,  "end" : 620 }, 
        {"sofa" : 1,  "begin" : 621,  "end" : 622 }, 
        {"sofa" : 1,  "begin" : 623,  "end" : 626 }, 
        {"sofa" : 1,  "begin" : 627,  "end" : 632 }, 
        {"sofa" : 1,  "begin" : 633,  "end" : 640 }, 
        {"sofa" : 1,  "begin" : 641,  "end" : 645 }, 
        {"sofa" : 1,  "begin" : 646,  "end" : 649 }, 
        {"sofa" : 1,  "begin" : 650,  "end" : 653 }, 
        {"sofa" : 1,  "begin" : 654,  "end" : 658 }, 
        {"sofa" : 1,  "begin" : 659,  "end" : 660 }, 
        {"sofa" : 1,  "begin" : 661,  "end" : 664 }, 
        {"sofa" : 1,  "begin" : 665,  "end" : 669 }, 
        {"sofa" : 1,  "begin" : 670,  "end" : 675 }, 
        {"sofa" : 1,  "begin" : 676,  "end" : 680 }, 
        {"sofa" : 1,  "begin" : 681,  "end" : 688 }, 
        {"sofa" : 1,  "begin" : 689,  "end" : 693 }, 
        {"sofa" : 1,  "begin" : 694,  "end" : 696 }, 
        {"sofa" : 1,  "begin" : 697,  "end" : 700 }, 
        {"sofa" : 1,  "begin" : 701,  "end" : 704 }, 
        {"sofa" : 1,  "begin" : 705,  "end" : 708 }, 
        {"sofa" : 1,  "begin" : 709,  "end" : 713 }, 
        {"sofa" : 1,  "begin" : 714,  "end" : 718 }, 
        {"sofa" : 1,  "begin" : 719,  "end" : 721 }, 
        {"sofa" : 1,  "begin" : 722,  "end" : 726 }, 
        {"sofa" : 1,  "begin" : 727,  "end" : 729 }, 
        {"sofa" : 1,  "begin" : 730,  "end" : 733 }, 
        {"sofa" : 1,  "begin" : 734,  "end" : 737 }, 
        {"sofa" : 1,  "begin" : 738,  "end" : 740 }, 
        {"sofa" : 1,  "begin" : 741,  "end" : 745 }, 
        {"sofa" : 1,  "begin" : 746,  "end" : 748 }, 
        {"sofa" : 1,  "begin" : 749,  "end" : 754 }, 
        {"sofa" : 1,  "begin" : 755,  "end" : 756 } ], 
      "DisjointCausalSpansChain" : [
        {"sofa" : 1,  "first" : 2378 }, 
        {"sofa" : 1,  "first" : 2857 } ], 
      "DisjointCausalSpansLink" : [2843,  2857,  2378,  2392 ], 
      "PartsofCause" : [2197,  2227,  2206,  2288,  2270,  2279,  2796,  2805,  2814,  2351,  2905,  2918,  2931,  2369,  2360,  2626,  2635,  2644,  2473,  2486,  2464,  2546,  2537,  2574,  2707,  2725,  2716 ], 
      "TypesofCause" : [
        {"sofa" : 1,  "begin" : 49,  "end" : 74,  "Dependent" : 2197,  "Governor" : 2227,  "TypesofCause" : "Cause" }, 
        {"sofa" : 1,  "begin" : 80,  "end" : 122,  "Dependent" : 2206,  "Governor" : 2227,  "TypesofCause" : "Effect" }, 
        {"sofa" : 1,  "begin" : 135,  "end" : 166,  "Dependent" : 2288,  "Governor" : 2270,  "TypesofCause" : "Effect" }, 
        {"sofa" : 1,  "begin" : 171,  "end" : 210,  "Dependent" : 2279,  "Governor" : 2270,  "TypesofCause" : "Cause" }, 
        {"sofa" : 1,  "begin" : 237,  "end" : 249,  "Dependent" : 2796,  "Governor" : 2805,  "TypesofCause" : "Cause" }, 
        {"sofa" : 1,  "begin" : 271,  "end" : 289,  "Dependent" : 2814,  "Governor" : 2805,  "TypesofCause" : "Effect" }, 
        {"sofa" : 1,  "begin" : 292,  "end" : 421,  "Dependent" : 2351,  "Governor" : 2360,  "TypesofCause" : "Cause" }, 
        {"sofa" : 1,  "begin" : 374,  "end" : 385,  "Dependent" : 2905,  "Governor" : 2918,  "TypesofCause" : "Effect" }, 
        {"sofa" : 1,  "begin" : 389,  "end" : 421,  "Dependent" : 2931,  "Governor" : 2918,  "TypesofCause" : "Cause" }, 
        {"sofa" : 1,  "begin" : 424,  "end" : 431,  "Dependent" : 2369,  "Governor" : 2360,  "TypesofCause" : "Effect" }, 
        {"sofa" : 1,  "begin" : 463,  "end" : 482,  "Dependent" : 2635,  "Governor" : 2626,  "TypesofCause" : "Cause" }, 
        {"sofa" : 1,  "begin" : 485,  "end" : 520,  "Dependent" : 2644,  "Governor" : 2626,  "TypesofCause" : "Effect" }, 
        {"sofa" : 1,  "begin" : 503,  "end" : 512,  "Dependent" : 2473,  "Governor" : 2486,  "TypesofCause" : "Cause" }, 
        {"sofa" : 1,  "begin" : 516,  "end" : 520,  "Dependent" : 2464,  "Governor" : 2486,  "TypesofCause" : "Effect" }, 
        {"sofa" : 1,  "begin" : 523,  "end" : 565,  "Dependent" : 2546,  "Governor" : 2537,  "TypesofCause" : "Effect" }, 
        {"sofa" : 1,  "begin" : 572,  "end" : 658,  "Dependent" : 2574,  "Governor" : 2537,  "TypesofCause" : "Cause" }, 
        {"sofa" : 1,  "begin" : 705,  "end" : 713,  "Dependent" : 2707,  "Governor" : 2725,  "TypesofCause" : "Effect" }, 
        {"sofa" : 1,  "begin" : 719,  "end" : 721,  "Dependent" : 2716,  "Governor" : 2725,  "TypesofCause" : "Cause" } ] } }, 
  "_referenced_fss" : {
    "1" : {"_type" : "Sofa",  "sofaNum" : 1,  "sofaID" : "_InitialView",  "mimeType" : "text",  "sofaString" : "A BEE made Jupiter a present of a pot of honey , which was so kindly taken that he bade her ask what she would in exchange .\nThe Bee , who was nursing a private spite for the loss of some of her winter ’s store , desired of Jupiter that wherever she should set her sting it might be mortal .\nJupiter was loath to leave mankind at the mercy of a little spiteful insect , and was annoyed at the ill nature shown in her wish .\nHe said , therefore , that while , for his promise ’s sake , he would give her the power to harm , she must be careful how she used the power , for where she planted her sting , she would leave it , and would thereby risk her own life .\nIll will often does greater harm to the one who acts from it than to the one on whom it falls ." }, 
    "2197" : {"_type" : "PartsofCause",  "sofa" : 1,  "begin" : 49,  "end" : 74,  "PartsofCause" : "Argument" }, 
    "2227" : {"_type" : "PartsofCause",  "sofa" : 1,  "begin" : 75,  "end" : 79,  "PartsofCause" : "Causing" }, 
    "2206" : {"_type" : "PartsofCause",  "sofa" : 1,  "begin" : 80,  "end" : 122,  "PartsofCause" : "Argument" }, 
    "2288" : {"_type" : "PartsofCause",  "sofa" : 1,  "begin" : 135,  "end" : 166,  "PartsofCause" : "Argument" }, 
    "2270" : {"_type" : "PartsofCause",  "sofa" : 1,  "begin" : 167,  "end" : 170,  "PartsofCause" : "Causing" }, 
    "2279" : {"_type" : "PartsofCause",  "sofa" : 1,  "begin" : 171,  "end" : 210,  "PartsofCause" : "Argument" }, 
    "2796" : {"_type" : "PartsofCause",  "sofa" : 1,  "begin" : 237,  "end" : 249,  "PartsofCause" : "Argument" }, 
    "2805" : {"_type" : "PartsofCause",  "sofa" : 1,  "begin" : 250,  "end" : 256,  "PartsofCause" : "Causing" }, 
    "2814" : {"_type" : "PartsofCause",  "sofa" : 1,  "begin" : 271,  "end" : 289,  "PartsofCause" : "Argument" }, 
    "2351" : {"_type" : "PartsofCause",  "sofa" : 1,  "begin" : 292,  "end" : 421,  "PartsofCause" : "Argument" }, 
    "2360" : {"_type" : "PartsofCause",  "sofa" : 1,  "begin" : 434,  "end" : 443,  "PartsofCause" : "Argument" }, 
    "2905" : {"_type" : "PartsofCause",  "sofa" : 1,  "begin" : 374,  "end" : 385,  "PartsofCause" : "Argument" }, 
    "2918" : {"_type" : "PartsofCause",  "sofa" : 1,  "begin" : 386,  "end" : 388,  "PartsofCause" : "Causing" }, 
    "2931" : {"_type" : "PartsofCause",  "sofa" : 1,  "begin" : 389,  "end" : 421,  "PartsofCause" : "Argument" }, 
    "2369" : {"_type" : "PartsofCause",  "sofa" : 1,  "begin" : 424,  "end" : 431,  "PartsofCause" : "Argument" }, 
    "2635" : {"_type" : "PartsofCause",  "sofa" : 1,  "begin" : 463,  "end" : 482,  "PartsofCause" : "Argument" }, 
    "2626" : {"_type" : "PartsofCause",  "sofa" : 1,  "begin" : 459,  "end" : 462,  "PartsofCause" : "Causing" }, 
    "2644" : {"_type" : "PartsofCause",  "sofa" : 1,  "begin" : 485,  "end" : 520,  "PartsofCause" : "Argument" }, 
    "2473" : {"_type" : "PartsofCause",  "sofa" : 1,  "begin" : 503,  "end" : 512,  "PartsofCause" : "Argument" }, 
    "2486" : {"_type" : "PartsofCause",  "sofa" : 1,  "begin" : 513,  "end" : 515,  "PartsofCause" : "Causing" }, 
    "2464" : {"_type" : "PartsofCause",  "sofa" : 1,  "begin" : 516,  "end" : 520,  "PartsofCause" : "Argument" }, 
    "2546" : {"_type" : "PartsofCause",  "sofa" : 1,  "begin" : 523,  "end" : 565,  "PartsofCause" : "Argument" }, 
    "2537" : {"_type" : "PartsofCause",  "sofa" : 1,  "begin" : 568,  "end" : 571,  "PartsofCause" : "Causing" }, 
    "2574" : {"_type" : "PartsofCause",  "sofa" : 1,  "begin" : 572,  "end" : 658,  "PartsofCause" : "Argument" }, 
    "2707" : {"_type" : "PartsofCause",  "sofa" : 1,  "begin" : 705,  "end" : 713,  "PartsofCause" : "Argument" }, 
    "2725" : {"_type" : "PartsofCause",  "sofa" : 1,  "begin" : 714,  "end" : 718,  "PartsofCause" : "Causing" }, 
    "2716" : {"_type" : "PartsofCause",  "sofa" : 1,  "begin" : 719,  "end" : 721,  "PartsofCause" : "Argument" }, 
    "2843" : {"_type" : "DisjointCausalSpansLink",  "sofa" : 1,  "begin" : 237,  "end" : 249 }, 
    "2392" : {"_type" : "DisjointCausalSpansLink",  "sofa" : 1,  "begin" : 446,  "end" : 658 }, 
    "2378" : {"_type" : "DisjointCausalSpansLink",  "sofa" : 1,  "begin" : 424,  "end" : 431,  "next" : 2392 }, 
    "2857" : {"_type" : "DisjointCausalSpansLink",  "sofa" : 1,  "begin" : 257,  "end" : 270,  "next" : 2843 }, 
    "2970" : {"_type" : "LayerDefinition",  "name" : "webanno.custom.DisjointCausalSpans",  "uiName" : "Disjoint Causal Spans" }, 
    "2981" : {"_type" : "LayerDefinition",  "name" : "webanno.custom.PartsofCause",  "uiName" : "Parts of Cause" }, 
    "2988" : {"_type" : "LayerDefinition",  "name" : "webanno.custom.TypesofCause",  "uiName" : "Types of Cause" } } }