{"_context" : {
    "_types" : {
      "DocumentMetaData" : {
        "_feature_types" : {"sofa" : "_ref" } }, 
      "FeatureDefinition" : {
        "_feature_types" : {"layer" : "_ref" } }, 
      "LayerDefinition" : { }, 
      "PartsofCause" : {
        "_feature_types" : {"sofa" : "_ref" } }, 
      "Sentence" : {
        "_feature_types" : {"sofa" : "_ref" } }, 
      "Sofa" : {
        "_feature_types" : {"sofaArray" : "_ref" } }, 
      "TagsetDescription" : {
        "_feature_types" : {"sofa" : "_ref",  "tags" : "_ref" } }, 
      "Token" : {
        "_feature_types" : {"sofa" : "_ref",  "parent" : "_ref",  "lemma" : "_ref",  "stem" : "_ref",  "pos" : "_ref",  "morph" : "_ref",  "form" : "_ref" } }, 
      "TypesofCause" : {
        "_feature_types" : {"sofa" : "_ref",  "Dependent" : "_ref",  "Governor" : "_ref" } }, 
      "DocumentAnnotation" : {
        "_feature_types" : {"sofa" : "_ref" }, 
        "_subtypes" : ["DocumentMetaData" ] }, 
      "Annotation" : {
        "_feature_types" : {"sofa" : "_ref" }, 
        "_subtypes" : ["DocumentAnnotation",  "PartsofCause",  "Sentence",  "TagsetDescription",  "Token",  "TypesofCause" ] }, 
      "AnnotationBase" : {
        "_feature_types" : {"sofa" : "_ref" }, 
        "_subtypes" : ["Annotation" ] }, 
      "TOP" : {
        "_subtypes" : ["AnnotationBase",  "FeatureDefinition",  "LayerDefinition",  "Sofa" ] } } }, 
  "_views" : {
    "_InitialView" : {
      "FeatureDefinition" : [
        {"layer" : 2606,  "name" : "referenceRelation",  "uiName" : "Reference Relation" }, 
        {"layer" : 2606,  "name" : "referenceType",  "uiName" : "Reference Type" }, 
        {"layer" : 2617,  "name" : "PartsofCause",  "uiName" : "Parts of Cause" }, 
        {"layer" : 2624,  "name" : "TypesofCause",  "uiName" : "Types of Cause" } ], 
      "LayerDefinition" : [2606,  2617,  2624 ], 
      "DocumentMetaData" : [
        {"sofa" : 1,  "end" : 791,  "language" : "x-unspecified",  "documentTitle" : "fable-29.txt",  "documentId" : "AYC",  "documentUri" : "file:/srv/inception/repository/project/2/document/2331/source/AYC",  "collectionId" : "file:/srv/inception/repository/project/2/document/2331/source/",  "documentBaseUri" : "file:/srv/inception/repository/project/2/document/2331/source/",  "isLastSegment" : false } ], 
      "TagsetDescription" : [
        {"sofa" : 1,  "layer" : "webanno.custom.PartsofCause",  "name" : "Parts of Cause",  "input" : false }, 
        {"sofa" : 1,  "layer" : "webanno.custom.TypesofCause",  "name" : "Causal Relations",  "input" : false } ], 
      "Sentence" : [
        {"sofa" : 1,  "end" : 75 }, 
        {"sofa" : 1,  "begin" : 76,  "end" : 167 }, 
        {"sofa" : 1,  "begin" : 168,  "end" : 365 }, 
        {"sofa" : 1,  "begin" : 366,  "end" : 441 }, 
        {"sofa" : 1,  "begin" : 442,  "end" : 646 }, 
        {"sofa" : 1,  "begin" : 647,  "end" : 787 }, 
        {"sofa" : 1,  "begin" : 788,  "end" : 791 } ], 
      "Token" : [
        {"sofa" : 1,  "end" : 3 }, 
        {"sofa" : 1,  "begin" : 4,  "end" : 7 }, 
        {"sofa" : 1,  "begin" : 8,  "end" : 12 }, 
        {"sofa" : 1,  "begin" : 13,  "end" : 22 }, 
        {"sofa" : 1,  "begin" : 23,  "end" : 31 }, 
        {"sofa" : 1,  "begin" : 32,  "end" : 33 }, 
        {"sofa" : 1,  "begin" : 34,  "end" : 38 }, 
        {"sofa" : 1,  "begin" : 39,  "end" : 40 }, 
        {"sofa" : 1,  "begin" : 41,  "end" : 45 }, 
        {"sofa" : 1,  "begin" : 46,  "end" : 54 }, 
        {"sofa" : 1,  "begin" : 55,  "end" : 62 }, 
        {"sofa" : 1,  "begin" : 63,  "end" : 68 }, 
        {"sofa" : 1,  "begin" : 69,  "end" : 73 }, 
        {"sofa" : 1,  "begin" : 74,  "end" : 75 }, 
        {"sofa" : 1,  "begin" : 76,  "end" : 79 }, 
        {"sofa" : 1,  "begin" : 80,  "end" : 82 }, 
        {"sofa" : 1,  "begin" : 83,  "end" : 86 }, 
        {"sofa" : 1,  "begin" : 87,  "end" : 90 }, 
        {"sofa" : 1,  "begin" : 91,  "end" : 98 }, 
        {"sofa" : 1,  "begin" : 99,  "end" : 106 }, 
        {"sofa" : 1,  "begin" : 107,  "end" : 111 }, 
        {"sofa" : 1,  "begin" : 112,  "end" : 113 }, 
        {"sofa" : 1,  "begin" : 114,  "end" : 118 }, 
        {"sofa" : 1,  "begin" : 119,  "end" : 120 }, 
        {"sofa" : 1,  "begin" : 121,  "end" : 124 }, 
        {"sofa" : 1,  "begin" : 125,  "end" : 130 }, 
        {"sofa" : 1,  "begin" : 131,  "end" : 133 }, 
        {"sofa" : 1,  "begin" : 134,  "end" : 141 }, 
        {"sofa" : 1,  "begin" : 142,  "end" : 149 }, 
        {"sofa" : 1,  "begin" : 150,  "end" : 152 }, 
        {"sofa" : 1,  "begin" : 153,  "end" : 156 }, 
        {"sofa" : 1,  "begin" : 157,  "end" : 165 }, 
        {"sofa" : 1,  "begin" : 166,  "end" : 167 }, 
        {"sofa" : 1,  "begin" : 168,  "end" : 174 }, 
        {"sofa" : 1,  "begin" : 175,  "end" : 179 }, 
        {"sofa" : 1,  "begin" : 180,  "end" : 182 }, 
        {"sofa" : 1,  "begin" : 183,  "end" : 187 }, 
        {"sofa" : 1,  "begin" : 188,  "end" : 190 }, 
        {"sofa" : 1,  "begin" : 191,  "end" : 199 }, 
        {"sofa" : 1,  "begin" : 200,  "end" : 201 }, 
        {"sofa" : 1,  "begin" : 202,  "end" : 205 }, 
        {"sofa" : 1,  "begin" : 206,  "end" : 211 }, 
        {"sofa" : 1,  "begin" : 212,  "end" : 215 }, 
        {"sofa" : 1,  "begin" : 216,  "end" : 220 }, 
        {"sofa" : 1,  "begin" : 221,  "end" : 225 }, 
        {"sofa" : 1,  "begin" : 226,  "end" : 230 }, 
        {"sofa" : 1,  "begin" : 231,  "end" : 234 }, 
        {"sofa" : 1,  "begin" : 235,  "end" : 241 }, 
        {"sofa" : 1,  "begin" : 242,  "end" : 243 }, 
        {"sofa" : 1,  "begin" : 244,  "end" : 247 }, 
        {"sofa" : 1,  "begin" : 248,  "end" : 252 }, 
        {"sofa" : 1,  "begin" : 253,  "end" : 256 }, 
        {"sofa" : 1,  "begin" : 257,  "end" : 261 }, 
        {"sofa" : 1,  "begin" : 262,  "end" : 266 }, 
        {"sofa" : 1,  "begin" : 267,  "end" : 269 }, 
        {"sofa" : 1,  "begin" : 270,  "end" : 271 }, 
        {"sofa" : 1,  "begin" : 272,  "end" : 276 }, 
        {"sofa" : 1,  "begin" : 277,  "end" : 280 }, 
        {"sofa" : 1,  "begin" : 281,  "end" : 285 }, 
        {"sofa" : 1,  "begin" : 286,  "end" : 289 }, 
        {"sofa" : 1,  "begin" : 290,  "end" : 295 }, 
        {"sofa" : 1,  "begin" : 296,  "end" : 297 }, 
        {"sofa" : 1,  "begin" : 298,  "end" : 301 }, 
        {"sofa" : 1,  "begin" : 302,  "end" : 307 }, 
        {"sofa" : 1,  "begin" : 308,  "end" : 311 }, 
        {"sofa" : 1,  "begin" : 312,  "end" : 315 }, 
        {"sofa" : 1,  "begin" : 316,  "end" : 320 }, 
        {"sofa" : 1,  "begin" : 321,  "end" : 322 }, 
        {"sofa" : 1,  "begin" : 323,  "end" : 326 }, 
        {"sofa" : 1,  "begin" : 327,  "end" : 330 }, 
        {"sofa" : 1,  "begin" : 331,  "end" : 335 }, 
        {"sofa" : 1,  "begin" : 336,  "end" : 339 }, 
        {"sofa" : 1,  "begin" : 340,  "end" : 346 }, 
        {"sofa" : 1,  "begin" : 347,  "end" : 348 }, 
        {"sofa" : 1,  "begin" : 349,  "end" : 357 }, 
        {"sofa" : 1,  "begin" : 358,  "end" : 363 }, 
        {"sofa" : 1,  "begin" : 364,  "end" : 365 }, 
        {"sofa" : 1,  "begin" : 366,  "end" : 369 }, 
        {"sofa" : 1,  "begin" : 370,  "end" : 374 }, 
        {"sofa" : 1,  "begin" : 375,  "end" : 379 }, 
        {"sofa" : 1,  "begin" : 380,  "end" : 384 }, 
        {"sofa" : 1,  "begin" : 385,  "end" : 388 }, 
        {"sofa" : 1,  "begin" : 389,  "end" : 390 }, 
        {"sofa" : 1,  "begin" : 391,  "end" : 394 }, 
        {"sofa" : 1,  "begin" : 395,  "end" : 397 }, 
        {"sofa" : 1,  "begin" : 398,  "end" : 400 }, 
        {"sofa" : 1,  "begin" : 401,  "end" : 405 }, 
        {"sofa" : 1,  "begin" : 406,  "end" : 407 }, 
        {"sofa" : 1,  "begin" : 408,  "end" : 412 }, 
        {"sofa" : 1,  "begin" : 413,  "end" : 417 }, 
        {"sofa" : 1,  "begin" : 418,  "end" : 421 }, 
        {"sofa" : 1,  "begin" : 422,  "end" : 427 }, 
        {"sofa" : 1,  "begin" : 428,  "end" : 429 }, 
        {"sofa" : 1,  "begin" : 430,  "end" : 434 }, 
        {"sofa" : 1,  "begin" : 435,  "end" : 439 }, 
        {"sofa" : 1,  "begin" : 440,  "end" : 441 }, 
        {"sofa" : 1,  "begin" : 442,  "end" : 446 }, 
        {"sofa" : 1,  "begin" : 447,  "end" : 450 }, 
        {"sofa" : 1,  "begin" : 451,  "end" : 455 }, 
        {"sofa" : 1,  "begin" : 456,  "end" : 459 }, 
        {"sofa" : 1,  "begin" : 460,  "end" : 464 }, 
        {"sofa" : 1,  "begin" : 465,  "end" : 466 }, 
        {"sofa" : 1,  "begin" : 467,  "end" : 470 }, 
        {"sofa" : 1,  "begin" : 471,  "end" : 474 }, 
        {"sofa" : 1,  "begin" : 475,  "end" : 477 }, 
        {"sofa" : 1,  "begin" : 478,  "end" : 481 }, 
        {"sofa" : 1,  "begin" : 482,  "end" : 486 }, 
        {"sofa" : 1,  "begin" : 487,  "end" : 491 }, 
        {"sofa" : 1,  "begin" : 492,  "end" : 496 }, 
        {"sofa" : 1,  "begin" : 497,  "end" : 499 }, 
        {"sofa" : 1,  "begin" : 500,  "end" : 504 }, 
        {"sofa" : 1,  "begin" : 505,  "end" : 508 }, 
        {"sofa" : 1,  "begin" : 509,  "end" : 518 }, 
        {"sofa" : 1,  "begin" : 519,  "end" : 520 }, 
        {"sofa" : 1,  "begin" : 521,  "end" : 524 }, 
        {"sofa" : 1,  "begin" : 525,  "end" : 526 }, 
        {"sofa" : 1,  "begin" : 527,  "end" : 529 }, 
        {"sofa" : 1,  "begin" : 530,  "end" : 531 }, 
        {"sofa" : 1,  "begin" : 532,  "end" : 540 }, 
        {"sofa" : 1,  "begin" : 541,  "end" : 545 }, 
        {"sofa" : 1,  "begin" : 546,  "end" : 547 }, 
        {"sofa" : 1,  "begin" : 548,  "end" : 556 }, 
        {"sofa" : 1,  "begin" : 557,  "end" : 558 }, 
        {"sofa" : 1,  "begin" : 559,  "end" : 560 }, 
        {"sofa" : 1,  "begin" : 561,  "end" : 565 }, 
        {"sofa" : 1,  "begin" : 566,  "end" : 569 }, 
        {"sofa" : 1,  "begin" : 570,  "end" : 572 }, 
        {"sofa" : 1,  "begin" : 573,  "end" : 577 }, 
        {"sofa" : 1,  "begin" : 578,  "end" : 581 }, 
        {"sofa" : 1,  "begin" : 582,  "end" : 586 }, 
        {"sofa" : 1,  "begin" : 587,  "end" : 596 }, 
        {"sofa" : 1,  "begin" : 597,  "end" : 599 }, 
        {"sofa" : 1,  "begin" : 600,  "end" : 604 }, 
        {"sofa" : 1,  "begin" : 605,  "end" : 608 }, 
        {"sofa" : 1,  "begin" : 609,  "end" : 613 }, 
        {"sofa" : 1,  "begin" : 614,  "end" : 616 }, 
        {"sofa" : 1,  "begin" : 617,  "end" : 621 }, 
        {"sofa" : 1,  "begin" : 622,  "end" : 626 }, 
        {"sofa" : 1,  "begin" : 627,  "end" : 630 }, 
        {"sofa" : 1,  "begin" : 631,  "end" : 634 }, 
        {"sofa" : 1,  "begin" : 635,  "end" : 637 }, 
        {"sofa" : 1,  "begin" : 638,  "end" : 642 }, 
        {"sofa" : 1,  "begin" : 643,  "end" : 644 }, 
        {"sofa" : 1,  "begin" : 645,  "end" : 646 }, 
        {"sofa" : 1,  "begin" : 647,  "end" : 650 }, 
        {"sofa" : 1,  "begin" : 651,  "end" : 657 }, 
        {"sofa" : 1,  "begin" : 658,  "end" : 665 }, 
        {"sofa" : 1,  "begin" : 666,  "end" : 670 }, 
        {"sofa" : 1,  "begin" : 671,  "end" : 678 }, 
        {"sofa" : 1,  "begin" : 679,  "end" : 680 }, 
        {"sofa" : 1,  "begin" : 681,  "end" : 682 }, 
        {"sofa" : 1,  "begin" : 683,  "end" : 685 }, 
        {"sofa" : 1,  "begin" : 686,  "end" : 690 }, 
        {"sofa" : 1,  "begin" : 691,  "end" : 693 }, 
        {"sofa" : 1,  "begin" : 694,  "end" : 698 }, 
        {"sofa" : 1,  "begin" : 699,  "end" : 702 }, 
        {"sofa" : 1,  "begin" : 703,  "end" : 705 }, 
        {"sofa" : 1,  "begin" : 706,  "end" : 712 }, 
        {"sofa" : 1,  "begin" : 713,  "end" : 714 }, 
        {"sofa" : 1,  "begin" : 715,  "end" : 716 }, 
        {"sofa" : 1,  "begin" : 717,  "end" : 722 }, 
        {"sofa" : 1,  "begin" : 723,  "end" : 729 }, 
        {"sofa" : 1,  "begin" : 730,  "end" : 734 }, 
        {"sofa" : 1,  "begin" : 735,  "end" : 736 }, 
        {"sofa" : 1,  "begin" : 737,  "end" : 743 }, 
        {"sofa" : 1,  "begin" : 744,  "end" : 747 }, 
        {"sofa" : 1,  "begin" : 748,  "end" : 755 }, 
        {"sofa" : 1,  "begin" : 756,  "end" : 759 }, 
        {"sofa" : 1,  "begin" : 760,  "end" : 762 }, 
        {"sofa" : 1,  "begin" : 763,  "end" : 766 }, 
        {"sofa" : 1,  "begin" : 767,  "end" : 775 }, 
        {"sofa" : 1,  "begin" : 776,  "end" : 778 }, 
        {"sofa" : 1,  "begin" : 779,  "end" : 785 }, 
        {"sofa" : 1,  "begin" : 786,  "end" : 787 }, 
        {"sofa" : 1,  "begin" : 788,  "end" : 789 }, 
        {"sofa" : 1,  "begin" : 790,  "end" : 791 } ], 
      "PartsofCause" : [2342,  2429,  2381,  2472,  2485,  2498,  2541,  2554,  2567 ], 
      "TypesofCause" : [
        {"sofa" : 1,  "begin" : 253,  "end" : 320,  "Dependent" : 2429,  "Governor" : 2342,  "TypesofCause" : "Cause" }, 
        {"sofa" : 1,  "begin" : 323,  "end" : 346,  "Dependent" : 2381,  "Governor" : 2342,  "TypesofCause" : "Effect" }, 
        {"sofa" : 1,  "begin" : 366,  "end" : 388,  "Dependent" : 2472,  "Governor" : 2485,  "TypesofCause" : "Effect" }, 
        {"sofa" : 1,  "begin" : 395,  "end" : 439,  "Dependent" : 2498,  "Governor" : 2485,  "TypesofCause" : "Cause" }, 
        {"sofa" : 1,  "begin" : 447,  "end" : 464,  "Dependent" : 2554,  "Governor" : 2541,  "TypesofCause" : "Cause" }, 
        {"sofa" : 1,  "begin" : 467,  "end" : 518,  "Dependent" : 2567,  "Governor" : 2541,  "TypesofCause" : "Effect" } ] } }, 
  "_referenced_fss" : {
    "1" : {"_type" : "Sofa",  "sofaNum" : 1,  "sofaID" : "_InitialView",  "mimeType" : "text",  "sofaString" : "TWO men were traveling together , when a Bear suddenly crossed their path .\nOne of the men climbed quickly into a tree , and tried to conceal himself in its branches .\nSeeing that he must be attacked , the other one fell flat upon the ground ; and when the Bear came up , felt him with his snout , and smelt him all over , the man held his breath , feigning death .\nThe Bear soon left him , for it is said a Bear will not touch a dead body .\nWhen the Bear had gone , the man in the tree came down to join his companion , and , as a pleasant joke , inquired , “ What was it that the Bear whispered in your ear when he bent over you for so long ? ”\nHis friend replied very gravely : “ He gave me this bit of advice , ‘ Never travel with a friend who deserts you at the approach of danger .\n’ ”" }, 
    "2429" : {"_type" : "PartsofCause",  "sofa" : 1,  "begin" : 253,  "end" : 320,  "PartsofCause" : "Argument" }, 
    "2342" : {"_type" : "PartsofCause",  "sofa" : 1,  "begin" : 248,  "end" : 252,  "PartsofCause" : "Causing" }, 
    "2381" : {"_type" : "PartsofCause",  "sofa" : 1,  "begin" : 323,  "end" : 346,  "PartsofCause" : "Argument" }, 
    "2472" : {"_type" : "PartsofCause",  "sofa" : 1,  "begin" : 366,  "end" : 388,  "PartsofCause" : "Argument" }, 
    "2485" : {"_type" : "PartsofCause",  "sofa" : 1,  "begin" : 391,  "end" : 394,  "PartsofCause" : "Causing" }, 
    "2498" : {"_type" : "PartsofCause",  "sofa" : 1,  "begin" : 395,  "end" : 439,  "PartsofCause" : "Argument" }, 
    "2554" : {"_type" : "PartsofCause",  "sofa" : 1,  "begin" : 447,  "end" : 464,  "PartsofCause" : "Argument" }, 
    "2541" : {"_type" : "PartsofCause",  "sofa" : 1,  "begin" : 442,  "end" : 446,  "PartsofCause" : "Enabling" }, 
    "2567" : {"_type" : "PartsofCause",  "sofa" : 1,  "begin" : 467,  "end" : 518,  "PartsofCause" : "Argument" }, 
    "2606" : {"_type" : "LayerDefinition",  "name" : "webanno.custom.DisjointCausalSpans",  "uiName" : "Disjoint Causal Spans" }, 
    "2617" : {"_type" : "LayerDefinition",  "name" : "webanno.custom.PartsofCause",  "uiName" : "Parts of Cause" }, 
    "2624" : {"_type" : "LayerDefinition",  "name" : "webanno.custom.TypesofCause",  "uiName" : "Types of Cause" } } }