{"_context" : {
    "_types" : {
      "DisjointCausalSpansChain" : {
        "_feature_types" : {"sofa" : "_ref",  "first" : "_ref" } }, 
      "DisjointCausalSpansLink" : {
        "_feature_types" : {"sofa" : "_ref",  "next" : "_ref" } }, 
      "DocumentMetaData" : {
        "_feature_types" : {"sofa" : "_ref" } }, 
      "FeatureDefinition" : {
        "_feature_types" : {"layer" : "_ref" } }, 
      "LayerDefinition" : { }, 
      "PartsofCause" : {
        "_feature_types" : {"sofa" : "_ref" } }, 
      "Sentence" : {
        "_feature_types" : {"sofa" : "_ref" } }, 
      "Sofa" : {
        "_feature_types" : {"sofaArray" : "_ref" } }, 
      "TagsetDescription" : {
        "_feature_types" : {"sofa" : "_ref",  "tags" : "_ref" } }, 
      "Token" : {
        "_feature_types" : {"sofa" : "_ref",  "parent" : "_ref",  "lemma" : "_ref",  "stem" : "_ref",  "pos" : "_ref",  "morph" : "_ref",  "form" : "_ref" } }, 
      "TypesofCause" : {
        "_feature_types" : {"sofa" : "_ref",  "Dependent" : "_ref",  "Governor" : "_ref" } }, 
      "AnnotationBase" : {
        "_feature_types" : {"sofa" : "_ref" }, 
        "_subtypes" : ["DisjointCausalSpansChain",  "Annotation" ] }, 
      "TOP" : {
        "_subtypes" : ["AnnotationBase",  "FeatureDefinition",  "LayerDefinition",  "Sofa" ] }, 
      "Annotation" : {
        "_feature_types" : {"sofa" : "_ref" }, 
        "_subtypes" : ["DisjointCausalSpansLink",  "DocumentAnnotation",  "PartsofCause",  "Sentence",  "TagsetDescription",  "Token",  "TypesofCause" ] }, 
      "DocumentAnnotation" : {
        "_feature_types" : {"sofa" : "_ref" }, 
        "_subtypes" : ["DocumentMetaData" ] } } }, 
  "_views" : {
    "_InitialView" : {
      "FeatureDefinition" : [
        {"layer" : 1838,  "name" : "referenceRelation",  "uiName" : "Reference Relation" }, 
        {"layer" : 1838,  "name" : "referenceType",  "uiName" : "Reference Type" }, 
        {"layer" : 1849,  "name" : "PartsofCause",  "uiName" : "Parts of Cause" }, 
        {"layer" : 1856,  "name" : "TypesofCause",  "uiName" : "Types of Cause" } ], 
      "LayerDefinition" : [1838,  1849,  1856 ], 
      "DocumentMetaData" : [
        {"sofa" : 1,  "end" : 525,  "language" : "x-unspecified",  "documentTitle" : "fable-43.txt",  "documentId" : "AYC",  "documentUri" : "file:/srv/inception/repository/project/2/document/2345/source/AYC",  "collectionId" : "file:/srv/inception/repository/project/2/document/2345/source/",  "documentBaseUri" : "file:/srv/inception/repository/project/2/document/2345/source/",  "isLastSegment" : false } ], 
      "TagsetDescription" : [
        {"sofa" : 1,  "layer" : "webanno.custom.PartsofCause",  "name" : "Parts of Cause",  "input" : false }, 
        {"sofa" : 1,  "layer" : "webanno.custom.TypesofCause",  "name" : "Causal Relations",  "input" : false } ], 
      "Sentence" : [
        {"sofa" : 1,  "end" : 132 }, 
        {"sofa" : 1,  "begin" : 133,  "end" : 291 }, 
        {"sofa" : 1,  "begin" : 292,  "end" : 364 }, 
        {"sofa" : 1,  "begin" : 365,  "end" : 400 }, 
        {"sofa" : 1,  "begin" : 401,  "end" : 459 }, 
        {"sofa" : 1,  "begin" : 460,  "end" : 525 } ], 
      "Token" : [
        {"sofa" : 1,  "end" : 2 }, 
        {"sofa" : 1,  "begin" : 3,  "end" : 4 }, 
        {"sofa" : 1,  "begin" : 5,  "end" : 12 }, 
        {"sofa" : 1,  "begin" : 13,  "end" : 18 }, 
        {"sofa" : 1,  "begin" : 19,  "end" : 22 }, 
        {"sofa" : 1,  "begin" : 23,  "end" : 28 }, 
        {"sofa" : 1,  "begin" : 29,  "end" : 36 }, 
        {"sofa" : 1,  "begin" : 37,  "end" : 38 }, 
        {"sofa" : 1,  "begin" : 39,  "end" : 43 }, 
        {"sofa" : 1,  "begin" : 44,  "end" : 48 }, 
        {"sofa" : 1,  "begin" : 49,  "end" : 50 }, 
        {"sofa" : 1,  "begin" : 51,  "end" : 54 }, 
        {"sofa" : 1,  "begin" : 55,  "end" : 61 }, 
        {"sofa" : 1,  "begin" : 62,  "end" : 67 }, 
        {"sofa" : 1,  "begin" : 68,  "end" : 72 }, 
        {"sofa" : 1,  "begin" : 73,  "end" : 75 }, 
        {"sofa" : 1,  "begin" : 76,  "end" : 79 }, 
        {"sofa" : 1,  "begin" : 80,  "end" : 84 }, 
        {"sofa" : 1,  "begin" : 85,  "end" : 86 }, 
        {"sofa" : 1,  "begin" : 87,  "end" : 89 }, 
        {"sofa" : 1,  "begin" : 90,  "end" : 94 }, 
        {"sofa" : 1,  "begin" : 95,  "end" : 98 }, 
        {"sofa" : 1,  "begin" : 99,  "end" : 105 }, 
        {"sofa" : 1,  "begin" : 106,  "end" : 111 }, 
        {"sofa" : 1,  "begin" : 112,  "end" : 119 }, 
        {"sofa" : 1,  "begin" : 120,  "end" : 122 }, 
        {"sofa" : 1,  "begin" : 123,  "end" : 130 }, 
        {"sofa" : 1,  "begin" : 131,  "end" : 132 }, 
        {"sofa" : 1,  "begin" : 133,  "end" : 136 }, 
        {"sofa" : 1,  "begin" : 137,  "end" : 140 }, 
        {"sofa" : 1,  "begin" : 141,  "end" : 142 }, 
        {"sofa" : 1,  "begin" : 143,  "end" : 150 }, 
        {"sofa" : 1,  "begin" : 151,  "end" : 157 }, 
        {"sofa" : 1,  "begin" : 158,  "end" : 161 }, 
        {"sofa" : 1,  "begin" : 162,  "end" : 167 }, 
        {"sofa" : 1,  "begin" : 168,  "end" : 174 }, 
        {"sofa" : 1,  "begin" : 175,  "end" : 177 }, 
        {"sofa" : 1,  "begin" : 178,  "end" : 184 }, 
        {"sofa" : 1,  "begin" : 185,  "end" : 188 }, 
        {"sofa" : 1,  "begin" : 189,  "end" : 195 }, 
        {"sofa" : 1,  "begin" : 196,  "end" : 197 }, 
        {"sofa" : 1,  "begin" : 198,  "end" : 202 }, 
        {"sofa" : 1,  "begin" : 203,  "end" : 207 }, 
        {"sofa" : 1,  "begin" : 208,  "end" : 211 }, 
        {"sofa" : 1,  "begin" : 212,  "end" : 217 }, 
        {"sofa" : 1,  "begin" : 218,  "end" : 221 }, 
        {"sofa" : 1,  "begin" : 222,  "end" : 227 }, 
        {"sofa" : 1,  "begin" : 228,  "end" : 230 }, 
        {"sofa" : 1,  "begin" : 231,  "end" : 235 }, 
        {"sofa" : 1,  "begin" : 236,  "end" : 240 }, 
        {"sofa" : 1,  "begin" : 241,  "end" : 249 }, 
        {"sofa" : 1,  "begin" : 250,  "end" : 252 }, 
        {"sofa" : 1,  "begin" : 253,  "end" : 257 }, 
        {"sofa" : 1,  "begin" : 258,  "end" : 261 }, 
        {"sofa" : 1,  "begin" : 262,  "end" : 266 }, 
        {"sofa" : 1,  "begin" : 267,  "end" : 270 }, 
        {"sofa" : 1,  "begin" : 271,  "end" : 274 }, 
        {"sofa" : 1,  "begin" : 275,  "end" : 277 }, 
        {"sofa" : 1,  "begin" : 278,  "end" : 281 }, 
        {"sofa" : 1,  "begin" : 282,  "end" : 289 }, 
        {"sofa" : 1,  "begin" : 290,  "end" : 291 }, 
        {"sofa" : 1,  "begin" : 292,  "end" : 293 }, 
        {"sofa" : 1,  "begin" : 294,  "end" : 298 }, 
        {"sofa" : 1,  "begin" : 299,  "end" : 305 }, 
        {"sofa" : 1,  "begin" : 306,  "end" : 307 }, 
        {"sofa" : 1,  "begin" : 308,  "end" : 309 }, 
        {"sofa" : 1,  "begin" : 310,  "end" : 314 }, 
        {"sofa" : 1,  "begin" : 315,  "end" : 323 }, 
        {"sofa" : 1,  "begin" : 324,  "end" : 325 }, 
        {"sofa" : 1,  "begin" : 326,  "end" : 327 }, 
        {"sofa" : 1,  "begin" : 328,  "end" : 331 }, 
        {"sofa" : 1,  "begin" : 332,  "end" : 336 }, 
        {"sofa" : 1,  "begin" : 337,  "end" : 340 }, 
        {"sofa" : 1,  "begin" : 341,  "end" : 349 }, 
        {"sofa" : 1,  "begin" : 350,  "end" : 352 }, 
        {"sofa" : 1,  "begin" : 353,  "end" : 356 }, 
        {"sofa" : 1,  "begin" : 357,  "end" : 362 }, 
        {"sofa" : 1,  "begin" : 363,  "end" : 364 }, 
        {"sofa" : 1,  "begin" : 365,  "end" : 369 }, 
        {"sofa" : 1,  "begin" : 370,  "end" : 378 }, 
        {"sofa" : 1,  "begin" : 379,  "end" : 382 }, 
        {"sofa" : 1,  "begin" : 383,  "end" : 385 }, 
        {"sofa" : 1,  "begin" : 386,  "end" : 390 }, 
        {"sofa" : 1,  "begin" : 391,  "end" : 394 }, 
        {"sofa" : 1,  "begin" : 395,  "end" : 398 }, 
        {"sofa" : 1,  "begin" : 399,  "end" : 400 }, 
        {"sofa" : 1,  "begin" : 401,  "end" : 405 }, 
        {"sofa" : 1,  "begin" : 406,  "end" : 407 }, 
        {"sofa" : 1,  "begin" : 408,  "end" : 410 }, 
        {"sofa" : 1,  "begin" : 411,  "end" : 414 }, 
        {"sofa" : 1,  "begin" : 415,  "end" : 419 }, 
        {"sofa" : 1,  "begin" : 420,  "end" : 423 }, 
        {"sofa" : 1,  "begin" : 424,  "end" : 428 }, 
        {"sofa" : 1,  "begin" : 429,  "end" : 432 }, 
        {"sofa" : 1,  "begin" : 433,  "end" : 437 }, 
        {"sofa" : 1,  "begin" : 438,  "end" : 439 }, 
        {"sofa" : 1,  "begin" : 440,  "end" : 443 }, 
        {"sofa" : 1,  "begin" : 444,  "end" : 449 }, 
        {"sofa" : 1,  "begin" : 450,  "end" : 454 }, 
        {"sofa" : 1,  "begin" : 455,  "end" : 457 }, 
        {"sofa" : 1,  "begin" : 458,  "end" : 459 }, 
        {"sofa" : 1,  "begin" : 460,  "end" : 468 }, 
        {"sofa" : 1,  "begin" : 469,  "end" : 472 }, 
        {"sofa" : 1,  "begin" : 473,  "end" : 480 }, 
        {"sofa" : 1,  "begin" : 481,  "end" : 482 }, 
        {"sofa" : 1,  "begin" : 483,  "end" : 489 }, 
        {"sofa" : 1,  "begin" : 490,  "end" : 495 }, 
        {"sofa" : 1,  "begin" : 496,  "end" : 501 }, 
        {"sofa" : 1,  "begin" : 502,  "end" : 505 }, 
        {"sofa" : 1,  "begin" : 506,  "end" : 510 }, 
        {"sofa" : 1,  "begin" : 511,  "end" : 521 }, 
        {"sofa" : 1,  "begin" : 522,  "end" : 523 }, 
        {"sofa" : 1,  "begin" : 524,  "end" : 525 } ], 
      "DisjointCausalSpansChain" : [
        {"sofa" : 1,  "first" : 1634 } ], 
      "DisjointCausalSpansLink" : [1634,  1648 ], 
      "PartsofCause" : [1765,  1778,  1814,  1567,  1522,  1535,  1595,  1608,  1621,  1696,  1709,  1722 ], 
      "TypesofCause" : [
        {"sofa" : 1,  "begin" : 3,  "end" : 48,  "Dependent" : 1778,  "Governor" : 1765,  "TypesofCause" : "Cause" }, 
        {"sofa" : 1,  "begin" : 51,  "end" : 130,  "Dependent" : 1814,  "Governor" : 1765,  "TypesofCause" : "Effect" }, 
        {"sofa" : 1,  "begin" : 51,  "end" : 84,  "Dependent" : 1567,  "Governor" : 1522,  "TypesofCause" : "Cause" }, 
        {"sofa" : 1,  "begin" : 95,  "end" : 130,  "Dependent" : 1535,  "Governor" : 1522,  "TypesofCause" : "Effect" }, 
        {"sofa" : 1,  "begin" : 222,  "end" : 249,  "Dependent" : 1595,  "Governor" : 1608,  "TypesofCause" : "Effect" }, 
        {"sofa" : 1,  "begin" : 253,  "end" : 289,  "Dependent" : 1621,  "Governor" : 1608,  "TypesofCause" : "Cause" }, 
        {"sofa" : 1,  "begin" : 411,  "end" : 437,  "Dependent" : 1709,  "Governor" : 1696,  "TypesofCause" : "Cause" }, 
        {"sofa" : 1,  "begin" : 440,  "end" : 457,  "Dependent" : 1722,  "Governor" : 1696,  "TypesofCause" : "Effect" } ] } }, 
  "_referenced_fss" : {
    "1" : {"_type" : "Sofa",  "sofaNum" : 1,  "sofaID" : "_InitialView",  "mimeType" : "text",  "sofaString" : "AS A WAGONER drove his wagon through a miry lane , the wheels stuck fast in the clay , so that the horses could proceed no further .\nThe Man , without making the least effort to remedy the matter , fell upon his knees and began to call upon Hercules to come and help him out of his trouble .\n“ Lazy fellow , ” said Hercules , “ lay your own shoulder to the wheel .\nStir yourself and do what you can .\nThen , if you want aid from the gods , you shall have it .\nRemember the proverb , Heaven helps those who help themselves . ”" }, 
    "1778" : {"_type" : "PartsofCause",  "sofa" : 1,  "begin" : 3,  "end" : 48,  "PartsofCause" : "Argument" }, 
    "1765" : {"_type" : "PartsofCause",  "sofa" : 1,  "end" : 2,  "PartsofCause" : "Causing" }, 
    "1814" : {"_type" : "PartsofCause",  "sofa" : 1,  "begin" : 51,  "end" : 130,  "PartsofCause" : "Argument" }, 
    "1567" : {"_type" : "PartsofCause",  "sofa" : 1,  "begin" : 51,  "end" : 84,  "PartsofCause" : "Argument" }, 
    "1522" : {"_type" : "PartsofCause",  "sofa" : 1,  "begin" : 87,  "end" : 89,  "PartsofCause" : "Causing" }, 
    "1535" : {"_type" : "PartsofCause",  "sofa" : 1,  "begin" : 95,  "end" : 130,  "PartsofCause" : "Argument" }, 
    "1595" : {"_type" : "PartsofCause",  "sofa" : 1,  "begin" : 222,  "end" : 249,  "PartsofCause" : "Argument" }, 
    "1608" : {"_type" : "PartsofCause",  "sofa" : 1,  "begin" : 250,  "end" : 252,  "PartsofCause" : "Causing" }, 
    "1621" : {"_type" : "PartsofCause",  "sofa" : 1,  "begin" : 253,  "end" : 289,  "PartsofCause" : "Argument" }, 
    "1709" : {"_type" : "PartsofCause",  "sofa" : 1,  "begin" : 411,  "end" : 437,  "PartsofCause" : "Argument" }, 
    "1696" : {"_type" : "PartsofCause",  "sofa" : 1,  "begin" : 408,  "end" : 410,  "PartsofCause" : "Causing" }, 
    "1722" : {"_type" : "PartsofCause",  "sofa" : 1,  "begin" : 440,  "end" : 457,  "PartsofCause" : "Argument" }, 
    "1648" : {"_type" : "DisjointCausalSpansLink",  "sofa" : 1,  "begin" : 222,  "end" : 249 }, 
    "1634" : {"_type" : "DisjointCausalSpansLink",  "sofa" : 1,  "begin" : 133,  "end" : 140,  "next" : 1648 }, 
    "1849" : {"_type" : "LayerDefinition",  "name" : "webanno.custom.PartsofCause",  "uiName" : "Parts of Cause" }, 
    "1838" : {"_type" : "LayerDefinition",  "name" : "webanno.custom.DisjointCausalSpans",  "uiName" : "Disjoint Causal Spans" }, 
    "1856" : {"_type" : "LayerDefinition",  "name" : "webanno.custom.TypesofCause",  "uiName" : "Types of Cause" } } }