{"_context" : {
    "_types" : {
      "DocumentMetaData" : {
        "_feature_types" : {"sofa" : "_ref" } }, 
      "FeatureDefinition" : {
        "_feature_types" : {"layer" : "_ref" } }, 
      "LayerDefinition" : { }, 
      "Sentence" : {
        "_feature_types" : {"sofa" : "_ref" } }, 
      "Sofa" : {
        "_feature_types" : {"sofaArray" : "_ref" } }, 
      "TagsetDescription" : {
        "_feature_types" : {"sofa" : "_ref",  "tags" : "_ref" } }, 
      "Token" : {
        "_feature_types" : {"sofa" : "_ref",  "parent" : "_ref",  "lemma" : "_ref",  "stem" : "_ref",  "pos" : "_ref",  "morph" : "_ref",  "form" : "_ref" } }, 
      "DocumentAnnotation" : {
        "_feature_types" : {"sofa" : "_ref" }, 
        "_subtypes" : ["DocumentMetaData" ] }, 
      "Annotation" : {
        "_feature_types" : {"sofa" : "_ref" }, 
        "_subtypes" : ["DocumentAnnotation",  "Sentence",  "TagsetDescription",  "Token" ] }, 
      "AnnotationBase" : {
        "_feature_types" : {"sofa" : "_ref" }, 
        "_subtypes" : ["Annotation" ] }, 
      "TOP" : {
        "_subtypes" : ["AnnotationBase",  "FeatureDefinition",  "LayerDefinition",  "Sofa" ] } } }, 
  "_views" : {
    "_InitialView" : {
      "FeatureDefinition" : [
        {"layer" : 1721,  "name" : "referenceRelation",  "uiName" : "Reference Relation" }, 
        {"layer" : 1721,  "name" : "referenceType",  "uiName" : "Reference Type" }, 
        {"layer" : 1732,  "name" : "PartsofCause",  "uiName" : "Parts of Cause" }, 
        {"layer" : 1739,  "name" : "TypesofCause",  "uiName" : "Types of Cause" } ], 
      "LayerDefinition" : [1721,  1732,  1739 ], 
      "DocumentMetaData" : [
        {"sofa" : 1,  "end" : 694,  "language" : "x-unspecified",  "documentTitle" : "cnn-35.txt",  "documentId" : "admin",  "documentUri" : "file:/srv/inception/repository/project/2/document/2387/source/admin",  "collectionId" : "file:/srv/inception/repository/project/2/document/2387/source/",  "documentBaseUri" : "file:/srv/inception/repository/project/2/document/2387/source/",  "isLastSegment" : false } ], 
      "TagsetDescription" : [
        {"sofa" : 1,  "layer" : "webanno.custom.PartsofCause",  "name" : "Parts of Cause",  "input" : false }, 
        {"sofa" : 1,  "layer" : "webanno.custom.TypesofCause",  "name" : "Causal Relations",  "input" : false } ], 
      "Sentence" : [
        {"sofa" : 1,  "end" : 124 }, 
        {"sofa" : 1,  "begin" : 125,  "end" : 252 }, 
        {"sofa" : 1,  "begin" : 253,  "end" : 395 }, 
        {"sofa" : 1,  "begin" : 396,  "end" : 538 }, 
        {"sofa" : 1,  "begin" : 539,  "end" : 694 } ], 
      "Token" : [
        {"sofa" : 1,  "end" : 1 }, 
        {"sofa" : 1,  "begin" : 2,  "end" : 10 }, 
        {"sofa" : 1,  "begin" : 11,  "end" : 21 }, 
        {"sofa" : 1,  "begin" : 22,  "end" : 26 }, 
        {"sofa" : 1,  "begin" : 27,  "end" : 29 }, 
        {"sofa" : 1,  "begin" : 30,  "end" : 36 }, 
        {"sofa" : 1,  "begin" : 37,  "end" : 39 }, 
        {"sofa" : 1,  "begin" : 40,  "end" : 46 }, 
        {"sofa" : 1,  "begin" : 47,  "end" : 48 }, 
        {"sofa" : 1,  "begin" : 49,  "end" : 57 }, 
        {"sofa" : 1,  "begin" : 58,  "end" : 63 }, 
        {"sofa" : 1,  "begin" : 64,  "end" : 66 }, 
        {"sofa" : 1,  "begin" : 67,  "end" : 73 }, 
        {"sofa" : 1,  "begin" : 74,  "end" : 77 }, 
        {"sofa" : 1,  "begin" : 78,  "end" : 83 }, 
        {"sofa" : 1,  "begin" : 84,  "end" : 86 }, 
        {"sofa" : 1,  "begin" : 87,  "end" : 90 }, 
        {"sofa" : 1,  "begin" : 91,  "end" : 98 }, 
        {"sofa" : 1,  "begin" : 99,  "end" : 101 }, 
        {"sofa" : 1,  "begin" : 102,  "end" : 105 }, 
        {"sofa" : 1,  "begin" : 106,  "end" : 113 }, 
        {"sofa" : 1,  "begin" : 114,  "end" : 116 }, 
        {"sofa" : 1,  "begin" : 117,  "end" : 122 }, 
        {"sofa" : 1,  "begin" : 123,  "end" : 124 }, 
        {"sofa" : 1,  "begin" : 125,  "end" : 128 }, 
        {"sofa" : 1,  "begin" : 129,  "end" : 137 }, 
        {"sofa" : 1,  "begin" : 138,  "end" : 148 }, 
        {"sofa" : 1,  "begin" : 149,  "end" : 155 }, 
        {"sofa" : 1,  "begin" : 156,  "end" : 157 }, 
        {"sofa" : 1,  "begin" : 158,  "end" : 166 }, 
        {"sofa" : 1,  "begin" : 167,  "end" : 172 }, 
        {"sofa" : 1,  "begin" : 173,  "end" : 180 }, 
        {"sofa" : 1,  "begin" : 181,  "end" : 189 }, 
        {"sofa" : 1,  "begin" : 190,  "end" : 197 }, 
        {"sofa" : 1,  "begin" : 198,  "end" : 201 }, 
        {"sofa" : 1,  "begin" : 202,  "end" : 210 }, 
        {"sofa" : 1,  "begin" : 211,  "end" : 213 }, 
        {"sofa" : 1,  "begin" : 214,  "end" : 217 }, 
        {"sofa" : 1,  "begin" : 218,  "end" : 225 }, 
        {"sofa" : 1,  "begin" : 226,  "end" : 229 }, 
        {"sofa" : 1,  "begin" : 230,  "end" : 233 }, 
        {"sofa" : 1,  "begin" : 234,  "end" : 239 }, 
        {"sofa" : 1,  "begin" : 240,  "end" : 243 }, 
        {"sofa" : 1,  "begin" : 244,  "end" : 250 }, 
        {"sofa" : 1,  "begin" : 251,  "end" : 252 }, 
        {"sofa" : 1,  "begin" : 253,  "end" : 256 }, 
        {"sofa" : 1,  "begin" : 257,  "end" : 270 }, 
        {"sofa" : 1,  "begin" : 271,  "end" : 279 }, 
        {"sofa" : 1,  "begin" : 280,  "end" : 284 }, 
        {"sofa" : 1,  "begin" : 285,  "end" : 289 }, 
        {"sofa" : 1,  "begin" : 290,  "end" : 298 }, 
        {"sofa" : 1,  "begin" : 299,  "end" : 302 }, 
        {"sofa" : 1,  "begin" : 303,  "end" : 308 }, 
        {"sofa" : 1,  "begin" : 309,  "end" : 311 }, 
        {"sofa" : 1,  "begin" : 312,  "end" : 313 }, 
        {"sofa" : 1,  "begin" : 314,  "end" : 317 }, 
        {"sofa" : 1,  "begin" : 318,  "end" : 319 }, 
        {"sofa" : 1,  "begin" : 320,  "end" : 326 }, 
        {"sofa" : 1,  "begin" : 327,  "end" : 328 }, 
        {"sofa" : 1,  "begin" : 329,  "end" : 332 }, 
        {"sofa" : 1,  "begin" : 333,  "end" : 337 }, 
        {"sofa" : 1,  "begin" : 338,  "end" : 341 }, 
        {"sofa" : 1,  "begin" : 342,  "end" : 346 }, 
        {"sofa" : 1,  "begin" : 347,  "end" : 350 }, 
        {"sofa" : 1,  "begin" : 351,  "end" : 353 }, 
        {"sofa" : 1,  "begin" : 354,  "end" : 356 }, 
        {"sofa" : 1,  "begin" : 357,  "end" : 359 }, 
        {"sofa" : 1,  "begin" : 360,  "end" : 366 }, 
        {"sofa" : 1,  "begin" : 367,  "end" : 369 }, 
        {"sofa" : 1,  "begin" : 370,  "end" : 378 }, 
        {"sofa" : 1,  "begin" : 379,  "end" : 382 }, 
        {"sofa" : 1,  "begin" : 383,  "end" : 393 }, 
        {"sofa" : 1,  "begin" : 394,  "end" : 395 }, 
        {"sofa" : 1,  "begin" : 396,  "end" : 405 }, 
        {"sofa" : 1,  "begin" : 406,  "end" : 408 }, 
        {"sofa" : 1,  "begin" : 409,  "end" : 412 }, 
        {"sofa" : 1,  "begin" : 413,  "end" : 417 }, 
        {"sofa" : 1,  "begin" : 418,  "end" : 426 }, 
        {"sofa" : 1,  "begin" : 427,  "end" : 436 }, 
        {"sofa" : 1,  "begin" : 437,  "end" : 443 }, 
        {"sofa" : 1,  "begin" : 444,  "end" : 452 }, 
        {"sofa" : 1,  "begin" : 453,  "end" : 458 }, 
        {"sofa" : 1,  "begin" : 459,  "end" : 460 }, 
        {"sofa" : 1,  "begin" : 461,  "end" : 464 }, 
        {"sofa" : 1,  "begin" : 465,  "end" : 470 }, 
        {"sofa" : 1,  "begin" : 471,  "end" : 473 }, 
        {"sofa" : 1,  "begin" : 474,  "end" : 480 }, 
        {"sofa" : 1,  "begin" : 481,  "end" : 483 }, 
        {"sofa" : 1,  "begin" : 484,  "end" : 488 }, 
        {"sofa" : 1,  "begin" : 489,  "end" : 493 }, 
        {"sofa" : 1,  "begin" : 494,  "end" : 498 }, 
        {"sofa" : 1,  "begin" : 499,  "end" : 501 }, 
        {"sofa" : 1,  "begin" : 502,  "end" : 505 }, 
        {"sofa" : 1,  "begin" : 506,  "end" : 512 }, 
        {"sofa" : 1,  "begin" : 513,  "end" : 519 }, 
        {"sofa" : 1,  "begin" : 520,  "end" : 521 }, 
        {"sofa" : 1,  "begin" : 522,  "end" : 530 }, 
        {"sofa" : 1,  "begin" : 531,  "end" : 536 }, 
        {"sofa" : 1,  "begin" : 537,  "end" : 538 }, 
        {"sofa" : 1,  "begin" : 539,  "end" : 546 }, 
        {"sofa" : 1,  "begin" : 547,  "end" : 548 }, 
        {"sofa" : 1,  "begin" : 549,  "end" : 553 }, 
        {"sofa" : 1,  "begin" : 554,  "end" : 558 }, 
        {"sofa" : 1,  "begin" : 559,  "end" : 562 }, 
        {"sofa" : 1,  "begin" : 563,  "end" : 567 }, 
        {"sofa" : 1,  "begin" : 568,  "end" : 570 }, 
        {"sofa" : 1,  "begin" : 571,  "end" : 580 }, 
        {"sofa" : 1,  "begin" : 581,  "end" : 585 }, 
        {"sofa" : 1,  "begin" : 586,  "end" : 589 }, 
        {"sofa" : 1,  "begin" : 590,  "end" : 598 }, 
        {"sofa" : 1,  "begin" : 599,  "end" : 603 }, 
        {"sofa" : 1,  "begin" : 604,  "end" : 609 }, 
        {"sofa" : 1,  "begin" : 610,  "end" : 614 }, 
        {"sofa" : 1,  "begin" : 615,  "end" : 619 }, 
        {"sofa" : 1,  "begin" : 620,  "end" : 625 }, 
        {"sofa" : 1,  "begin" : 626,  "end" : 632 }, 
        {"sofa" : 1,  "begin" : 633,  "end" : 635 }, 
        {"sofa" : 1,  "begin" : 636,  "end" : 640 }, 
        {"sofa" : 1,  "begin" : 641,  "end" : 645 }, 
        {"sofa" : 1,  "begin" : 646,  "end" : 649 }, 
        {"sofa" : 1,  "begin" : 650,  "end" : 653 }, 
        {"sofa" : 1,  "begin" : 654,  "end" : 662 }, 
        {"sofa" : 1,  "begin" : 663,  "end" : 665 }, 
        {"sofa" : 1,  "begin" : 666,  "end" : 671 }, 
        {"sofa" : 1,  "begin" : 672,  "end" : 677 }, 
        {"sofa" : 1,  "begin" : 678,  "end" : 681 }, 
        {"sofa" : 1,  "begin" : 682,  "end" : 686 }, 
        {"sofa" : 1,  "begin" : 687,  "end" : 692 }, 
        {"sofa" : 1,  "begin" : 693,  "end" : 694 } ] } }, 
  "_referenced_fss" : {
    "1" : {"_type" : "Sofa",  "sofaNum" : 1,  "sofaID" : "_InitialView",  "mimeType" : "text",  "sofaString" : "A tropical depression that is likely to become a tropical storm by Sunday has areas of the islands of the Bahamas on guard .\nThe Bahamian government issued a tropical storm warning Saturday evening for portions of the Bahamas and the Turks and Caicos .\nCNN Meteorologist Jennifer Gray said Saturday the storm is a bit \" ragged \" but over the next day or so is likely to organize and strengthen .\nAccording to the U.S. National Hurricane Center forecast track , the storm is likely to stay just east of the United States ' Atlantic coast .\nHowever , Gray said any sort of deviation from the forecast path later this week could result in high surf and rip currents in areas along the U.S. coast ." }, 
    "1739" : {"_type" : "LayerDefinition",  "name" : "webanno.custom.TypesofCause",  "uiName" : "Types of Cause" }, 
    "1732" : {"_type" : "LayerDefinition",  "name" : "webanno.custom.PartsofCause",  "uiName" : "Parts of Cause" }, 
    "1721" : {"_type" : "LayerDefinition",  "name" : "webanno.custom.DisjointCausalSpans",  "uiName" : "Disjoint Causal Spans" } } }