{"_context" : {
    "_types" : {
      "DocumentMetaData" : {
        "_feature_types" : {"sofa" : "_ref" } }, 
      "FeatureDefinition" : {
        "_feature_types" : {"layer" : "_ref" } }, 
      "LayerDefinition" : { }, 
      "PartsofCause" : {
        "_feature_types" : {"sofa" : "_ref" } }, 
      "Sentence" : {
        "_feature_types" : {"sofa" : "_ref" } }, 
      "Sofa" : {
        "_feature_types" : {"sofaArray" : "_ref" } }, 
      "TagsetDescription" : {
        "_feature_types" : {"sofa" : "_ref",  "tags" : "_ref" } }, 
      "Token" : {
        "_feature_types" : {"sofa" : "_ref",  "parent" : "_ref",  "lemma" : "_ref",  "stem" : "_ref",  "pos" : "_ref",  "morph" : "_ref",  "form" : "_ref" } }, 
      "TypesofCause" : {
        "_feature_types" : {"sofa" : "_ref",  "Dependent" : "_ref",  "Governor" : "_ref" } }, 
      "DocumentAnnotation" : {
        "_feature_types" : {"sofa" : "_ref" }, 
        "_subtypes" : ["DocumentMetaData" ] }, 
      "Annotation" : {
        "_feature_types" : {"sofa" : "_ref" }, 
        "_subtypes" : ["DocumentAnnotation",  "PartsofCause",  "Sentence",  "TagsetDescription",  "Token",  "TypesofCause" ] }, 
      "AnnotationBase" : {
        "_feature_types" : {"sofa" : "_ref" }, 
        "_subtypes" : ["Annotation" ] }, 
      "TOP" : {
        "_subtypes" : ["AnnotationBase",  "FeatureDefinition",  "LayerDefinition",  "Sofa" ] } } }, 
  "_views" : {
    "_InitialView" : {
      "FeatureDefinition" : [
        {"layer" : 2503,  "name" : "referenceRelation",  "uiName" : "Reference Relation" }, 
        {"layer" : 2503,  "name" : "referenceType",  "uiName" : "Reference Type" }, 
        {"layer" : 2514,  "name" : "PartsofCause",  "uiName" : "Parts of Cause" }, 
        {"layer" : 2521,  "name" : "TypesofCause",  "uiName" : "Types of Cause" } ], 
      "LayerDefinition" : [2503,  2514,  2521 ], 
      "DocumentMetaData" : [
        {"sofa" : 1,  "end" : 623,  "language" : "x-unspecified",  "documentTitle" : "fable-41.txt",  "documentId" : "GJW",  "documentUri" : "file:/srv/inception/repository/project/2/document/2343/source/GJW",  "collectionId" : "file:/srv/inception/repository/project/2/document/2343/source/",  "documentBaseUri" : "file:/srv/inception/repository/project/2/document/2343/source/",  "isLastSegment" : false } ], 
      "TagsetDescription" : [
        {"sofa" : 1,  "layer" : "webanno.custom.PartsofCause",  "name" : "Parts of Cause",  "input" : false }, 
        {"sofa" : 1,  "layer" : "webanno.custom.TypesofCause",  "name" : "Causal Relations",  "input" : false } ], 
      "Sentence" : [
        {"sofa" : 1,  "end" : 99 }, 
        {"sofa" : 1,  "begin" : 100,  "end" : 201 }, 
        {"sofa" : 1,  "begin" : 202,  "end" : 278 }, 
        {"sofa" : 1,  "begin" : 279,  "end" : 392 }, 
        {"sofa" : 1,  "begin" : 393,  "end" : 456 }, 
        {"sofa" : 1,  "begin" : 457,  "end" : 623 } ], 
      "Token" : [
        {"sofa" : 1,  "end" : 1 }, 
        {"sofa" : 1,  "begin" : 2,  "end" : 8 }, 
        {"sofa" : 1,  "begin" : 9,  "end" : 12 }, 
        {"sofa" : 1,  "begin" : 13,  "end" : 14 }, 
        {"sofa" : 1,  "begin" : 15,  "end" : 18 }, 
        {"sofa" : 1,  "begin" : 19,  "end" : 24 }, 
        {"sofa" : 1,  "begin" : 25,  "end" : 27 }, 
        {"sofa" : 1,  "begin" : 28,  "end" : 31 }, 
        {"sofa" : 1,  "begin" : 32,  "end" : 36 }, 
        {"sofa" : 1,  "begin" : 37,  "end" : 43 }, 
        {"sofa" : 1,  "begin" : 44,  "end" : 45 }, 
        {"sofa" : 1,  "begin" : 46,  "end" : 49 }, 
        {"sofa" : 1,  "begin" : 50,  "end" : 52 }, 
        {"sofa" : 1,  "begin" : 53,  "end" : 56 }, 
        {"sofa" : 1,  "begin" : 57,  "end" : 61 }, 
        {"sofa" : 1,  "begin" : 62,  "end" : 64 }, 
        {"sofa" : 1,  "begin" : 65,  "end" : 69 }, 
        {"sofa" : 1,  "begin" : 70,  "end" : 75 }, 
        {"sofa" : 1,  "begin" : 76,  "end" : 79 }, 
        {"sofa" : 1,  "begin" : 80,  "end" : 83 }, 
        {"sofa" : 1,  "begin" : 84,  "end" : 91 }, 
        {"sofa" : 1,  "begin" : 92,  "end" : 97 }, 
        {"sofa" : 1,  "begin" : 98,  "end" : 99 }, 
        {"sofa" : 1,  "begin" : 100,  "end" : 103 }, 
        {"sofa" : 1,  "begin" : 104,  "end" : 107 }, 
        {"sofa" : 1,  "begin" : 108,  "end" : 109 }, 
        {"sofa" : 1,  "begin" : 110,  "end" : 112 }, 
        {"sofa" : 1,  "begin" : 113,  "end" : 117 }, 
        {"sofa" : 1,  "begin" : 118,  "end" : 122 }, 
        {"sofa" : 1,  "begin" : 123,  "end" : 130 }, 
        {"sofa" : 1,  "begin" : 131,  "end" : 139 }, 
        {"sofa" : 1,  "begin" : 140,  "end" : 141 }, 
        {"sofa" : 1,  "begin" : 142,  "end" : 146 }, 
        {"sofa" : 1,  "begin" : 147,  "end" : 152 }, 
        {"sofa" : 1,  "begin" : 153,  "end" : 157 }, 
        {"sofa" : 1,  "begin" : 158,  "end" : 167 }, 
        {"sofa" : 1,  "begin" : 168,  "end" : 176 }, 
        {"sofa" : 1,  "begin" : 177,  "end" : 179 }, 
        {"sofa" : 1,  "begin" : 180,  "end" : 183 }, 
        {"sofa" : 1,  "begin" : 184,  "end" : 189 }, 
        {"sofa" : 1,  "begin" : 190,  "end" : 192 }, 
        {"sofa" : 1,  "begin" : 193,  "end" : 194 }, 
        {"sofa" : 1,  "begin" : 195,  "end" : 199 }, 
        {"sofa" : 1,  "begin" : 200,  "end" : 201 }, 
        {"sofa" : 1,  "begin" : 202,  "end" : 203 }, 
        {"sofa" : 1,  "begin" : 204,  "end" : 208 }, 
        {"sofa" : 1,  "begin" : 209,  "end" : 210 }, 
        {"sofa" : 1,  "begin" : 211,  "end" : 212 }, 
        {"sofa" : 1,  "begin" : 213,  "end" : 217 }, 
        {"sofa" : 1,  "begin" : 218,  "end" : 221 }, 
        {"sofa" : 1,  "begin" : 222,  "end" : 229 }, 
        {"sofa" : 1,  "begin" : 230,  "end" : 236 }, 
        {"sofa" : 1,  "begin" : 237,  "end" : 238 }, 
        {"sofa" : 1,  "begin" : 239,  "end" : 240 }, 
        {"sofa" : 1,  "begin" : 241,  "end" : 243 }, 
        {"sofa" : 1,  "begin" : 244,  "end" : 249 }, 
        {"sofa" : 1,  "begin" : 250,  "end" : 253 }, 
        {"sofa" : 1,  "begin" : 254,  "end" : 256 }, 
        {"sofa" : 1,  "begin" : 257,  "end" : 267 }, 
        {"sofa" : 1,  "begin" : 268,  "end" : 270 }, 
        {"sofa" : 1,  "begin" : 271,  "end" : 272 }, 
        {"sofa" : 1,  "begin" : 273,  "end" : 276 }, 
        {"sofa" : 1,  "begin" : 277,  "end" : 278 }, 
        {"sofa" : 1,  "begin" : 279,  "end" : 283 }, 
        {"sofa" : 1,  "begin" : 284,  "end" : 289 }, 
        {"sofa" : 1,  "begin" : 290,  "end" : 293 }, 
        {"sofa" : 1,  "begin" : 294,  "end" : 300 }, 
        {"sofa" : 1,  "begin" : 301,  "end" : 305 }, 
        {"sofa" : 1,  "begin" : 306,  "end" : 310 }, 
        {"sofa" : 1,  "begin" : 311,  "end" : 314 }, 
        {"sofa" : 1,  "begin" : 315,  "end" : 318 }, 
        {"sofa" : 1,  "begin" : 319,  "end" : 326 }, 
        {"sofa" : 1,  "begin" : 327,  "end" : 328 }, 
        {"sofa" : 1,  "begin" : 329,  "end" : 333 }, 
        {"sofa" : 1,  "begin" : 334,  "end" : 337 }, 
        {"sofa" : 1,  "begin" : 338,  "end" : 347 }, 
        {"sofa" : 1,  "begin" : 348,  "end" : 351 }, 
        {"sofa" : 1,  "begin" : 352,  "end" : 354 }, 
        {"sofa" : 1,  "begin" : 355,  "end" : 358 }, 
        {"sofa" : 1,  "begin" : 359,  "end" : 364 }, 
        {"sofa" : 1,  "begin" : 365,  "end" : 368 }, 
        {"sofa" : 1,  "begin" : 369,  "end" : 372 }, 
        {"sofa" : 1,  "begin" : 373,  "end" : 378 }, 
        {"sofa" : 1,  "begin" : 379,  "end" : 383 }, 
        {"sofa" : 1,  "begin" : 384,  "end" : 388 }, 
        {"sofa" : 1,  "begin" : 389,  "end" : 390 }, 
        {"sofa" : 1,  "begin" : 391,  "end" : 392 }, 
        {"sofa" : 1,  "begin" : 393,  "end" : 397 }, 
        {"sofa" : 1,  "begin" : 398,  "end" : 404 }, 
        {"sofa" : 1,  "begin" : 405,  "end" : 409 }, 
        {"sofa" : 1,  "begin" : 410,  "end" : 413 }, 
        {"sofa" : 1,  "begin" : 414,  "end" : 415 }, 
        {"sofa" : 1,  "begin" : 416,  "end" : 423 }, 
        {"sofa" : 1,  "begin" : 424,  "end" : 427 }, 
        {"sofa" : 1,  "begin" : 428,  "end" : 432 }, 
        {"sofa" : 1,  "begin" : 433,  "end" : 437 }, 
        {"sofa" : 1,  "begin" : 438,  "end" : 442 }, 
        {"sofa" : 1,  "begin" : 443,  "end" : 445 }, 
        {"sofa" : 1,  "begin" : 446,  "end" : 451 }, 
        {"sofa" : 1,  "begin" : 452,  "end" : 454 }, 
        {"sofa" : 1,  "begin" : 455,  "end" : 456 }, 
        {"sofa" : 1,  "begin" : 457,  "end" : 461 }, 
        {"sofa" : 1,  "begin" : 462,  "end" : 465 }, 
        {"sofa" : 1,  "begin" : 466,  "end" : 469 }, 
        {"sofa" : 1,  "begin" : 470,  "end" : 476 }, 
        {"sofa" : 1,  "begin" : 477,  "end" : 482 }, 
        {"sofa" : 1,  "begin" : 483,  "end" : 486 }, 
        {"sofa" : 1,  "begin" : 487,  "end" : 488 }, 
        {"sofa" : 1,  "begin" : 489,  "end" : 492 }, 
        {"sofa" : 1,  "begin" : 493,  "end" : 499 }, 
        {"sofa" : 1,  "begin" : 500,  "end" : 502 }, 
        {"sofa" : 1,  "begin" : 503,  "end" : 506 }, 
        {"sofa" : 1,  "begin" : 507,  "end" : 513 }, 
        {"sofa" : 1,  "begin" : 514,  "end" : 517 }, 
        {"sofa" : 1,  "begin" : 518,  "end" : 521 }, 
        {"sofa" : 1,  "begin" : 522,  "end" : 527 }, 
        {"sofa" : 1,  "begin" : 528,  "end" : 530 }, 
        {"sofa" : 1,  "begin" : 531,  "end" : 534 }, 
        {"sofa" : 1,  "begin" : 535,  "end" : 540 }, 
        {"sofa" : 1,  "begin" : 541,  "end" : 542 }, 
        {"sofa" : 1,  "begin" : 543,  "end" : 546 }, 
        {"sofa" : 1,  "begin" : 547,  "end" : 548 }, 
        {"sofa" : 1,  "begin" : 549,  "end" : 551 }, 
        {"sofa" : 1,  "begin" : 552,  "end" : 555 }, 
        {"sofa" : 1,  "begin" : 556,  "end" : 563 }, 
        {"sofa" : 1,  "begin" : 564,  "end" : 565 }, 
        {"sofa" : 1,  "begin" : 566,  "end" : 569 }, 
        {"sofa" : 1,  "begin" : 570,  "end" : 575 }, 
        {"sofa" : 1,  "begin" : 576,  "end" : 580 }, 
        {"sofa" : 1,  "begin" : 581,  "end" : 583 }, 
        {"sofa" : 1,  "begin" : 584,  "end" : 593 }, 
        {"sofa" : 1,  "begin" : 594,  "end" : 595 }, 
        {"sofa" : 1,  "begin" : 596,  "end" : 599 }, 
        {"sofa" : 1,  "begin" : 600,  "end" : 602 }, 
        {"sofa" : 1,  "begin" : 603,  "end" : 606 }, 
        {"sofa" : 1,  "begin" : 607,  "end" : 612 }, 
        {"sofa" : 1,  "begin" : 613,  "end" : 617 }, 
        {"sofa" : 1,  "begin" : 618,  "end" : 621 }, 
        {"sofa" : 1,  "begin" : 622,  "end" : 623 } ], 
      "PartsofCause" : [1860,  1869,  1882,  1925,  1895,  1904,  2051,  2033,  2042,  2127,  2140,  2114,  2183,  2196,  2217,  2260,  2273,  2286,  2342,  2351,  2333,  2414,  2447,  2464 ], 
      "TypesofCause" : [
        {"sofa" : 1,  "begin" : 113,  "end" : 139,  "Dependent" : 1869,  "Governor" : 1860,  "TypesofCause" : "Cause" }, 
        {"sofa" : 1,  "begin" : 142,  "end" : 199,  "Dependent" : 1882,  "Governor" : 1860,  "TypesofCause" : "Effect" }, 
        {"sofa" : 1,  "begin" : 153,  "end" : 176,  "Dependent" : 1925,  "Governor" : 1895,  "TypesofCause" : "Effect" }, 
        {"sofa" : 1,  "begin" : 180,  "end" : 199,  "Dependent" : 1904,  "Governor" : 1895,  "TypesofCause" : "Cause" }, 
        {"sofa" : 1,  "begin" : 279,  "end" : 310,  "Dependent" : 2051,  "Governor" : 2033,  "TypesofCause" : "Effect" }, 
        {"sofa" : 1,  "begin" : 315,  "end" : 326,  "Dependent" : 2042,  "Governor" : 2033,  "TypesofCause" : "Cause" }, 
        {"sofa" : 1,  "begin" : 416,  "end" : 442,  "Dependent" : 2127,  "Governor" : 2140,  "TypesofCause" : "Effect" }, 
        {"sofa" : 1,  "begin" : 446,  "end" : 454,  "Dependent" : 2114,  "Governor" : 2140,  "TypesofCause" : "Cause" }, 
        {"sofa" : 1,  "begin" : 462,  "end" : 486,  "Dependent" : 2196,  "Governor" : 2183,  "TypesofCause" : "Cause" }, 
        {"sofa" : 1,  "begin" : 489,  "end" : 540,  "Dependent" : 2217,  "Governor" : 2183,  "TypesofCause" : "Effect" }, 
        {"sofa" : 1,  "begin" : 489,  "end" : 513,  "Dependent" : 2260,  "Governor" : 2273,  "TypesofCause" : "Effect" }, 
        {"sofa" : 1,  "begin" : 518,  "end" : 540,  "Dependent" : 2286,  "Governor" : 2273,  "TypesofCause" : "Cause" }, 
        {"sofa" : 1,  "begin" : 552,  "end" : 563,  "Dependent" : 2351,  "Governor" : 2342,  "TypesofCause" : "Effect" }, 
        {"sofa" : 1,  "begin" : 566,  "end" : 593,  "Dependent" : 2333,  "Governor" : 2342,  "TypesofCause" : "Cause" }, 
        {"sofa" : 1,  "begin" : 566,  "end" : 593,  "Dependent" : 2414,  "Governor" : 2447,  "TypesofCause" : "Effect" }, 
        {"sofa" : 1,  "begin" : 600,  "end" : 621,  "Dependent" : 2464,  "Governor" : 2447,  "TypesofCause" : "Cause" } ] } }, 
  "_referenced_fss" : {
    "1" : {"_type" : "Sofa",  "sofaNum" : 1,  "sofaID" : "_InitialView",  "mimeType" : "text",  "sofaString" : "A MONKEY and a Cat lived in the same family , and it was hard to tell which was the greater thief .\nOne day , as they were roaming together , they spied some chestnuts roasting in the ashes of a fire .\n“ Come , ” said the cunning Monkey , “ we shall not go dinnerless to - day .\nYour claws are better than mine for the purpose ; pull the chestnuts out of the ashes and you shall have half . ”\nPuss pulled them out , burning her paws very much in doing so .\nWhen she had stolen every one , she turned to the Monkey for her share of the booty ; but , to her chagrin , she could find no chestnuts , for he had eaten them all ." }, 
    "1869" : {"_type" : "PartsofCause",  "sofa" : 1,  "begin" : 113,  "end" : 139,  "PartsofCause" : "Argument" }, 
    "1860" : {"_type" : "PartsofCause",  "sofa" : 1,  "begin" : 110,  "end" : 112,  "PartsofCause" : "Enabling" }, 
    "1882" : {"_type" : "PartsofCause",  "sofa" : 1,  "begin" : 142,  "end" : 199,  "PartsofCause" : "Argument" }, 
    "1925" : {"_type" : "PartsofCause",  "sofa" : 1,  "begin" : 153,  "end" : 176,  "PartsofCause" : "Argument" }, 
    "1895" : {"_type" : "PartsofCause",  "sofa" : 1,  "begin" : 177,  "end" : 179,  "PartsofCause" : "Enabling" }, 
    "1904" : {"_type" : "PartsofCause",  "sofa" : 1,  "begin" : 180,  "end" : 199,  "PartsofCause" : "Argument" }, 
    "2051" : {"_type" : "PartsofCause",  "sofa" : 1,  "begin" : 279,  "end" : 310,  "PartsofCause" : "Argument" }, 
    "2033" : {"_type" : "PartsofCause",  "sofa" : 1,  "begin" : 311,  "end" : 314,  "PartsofCause" : "Causing" }, 
    "2042" : {"_type" : "PartsofCause",  "sofa" : 1,  "begin" : 315,  "end" : 326,  "PartsofCause" : "Argument" }, 
    "2127" : {"_type" : "PartsofCause",  "sofa" : 1,  "begin" : 416,  "end" : 442,  "PartsofCause" : "Argument" }, 
    "2140" : {"_type" : "PartsofCause",  "sofa" : 1,  "begin" : 443,  "end" : 445,  "PartsofCause" : "Causing" }, 
    "2114" : {"_type" : "PartsofCause",  "sofa" : 1,  "begin" : 446,  "end" : 454,  "PartsofCause" : "Argument" }, 
    "2196" : {"_type" : "PartsofCause",  "sofa" : 1,  "begin" : 462,  "end" : 486,  "PartsofCause" : "Argument" }, 
    "2183" : {"_type" : "PartsofCause",  "sofa" : 1,  "begin" : 457,  "end" : 461,  "PartsofCause" : "Enabling" }, 
    "2217" : {"_type" : "PartsofCause",  "sofa" : 1,  "begin" : 489,  "end" : 540,  "PartsofCause" : "Argument" }, 
    "2260" : {"_type" : "PartsofCause",  "sofa" : 1,  "begin" : 489,  "end" : 513,  "PartsofCause" : "Argument" }, 
    "2273" : {"_type" : "PartsofCause",  "sofa" : 1,  "begin" : 514,  "end" : 517,  "PartsofCause" : "Causing" }, 
    "2286" : {"_type" : "PartsofCause",  "sofa" : 1,  "begin" : 518,  "end" : 540,  "PartsofCause" : "Argument" }, 
    "2351" : {"_type" : "PartsofCause",  "sofa" : 1,  "begin" : 552,  "end" : 563,  "PartsofCause" : "Argument" }, 
    "2342" : {"_type" : "PartsofCause",  "sofa" : 1,  "begin" : 549,  "end" : 551,  "PartsofCause" : "Causing" }, 
    "2333" : {"_type" : "PartsofCause",  "sofa" : 1,  "begin" : 566,  "end" : 593,  "PartsofCause" : "Argument" }, 
    "2414" : {"_type" : "PartsofCause",  "sofa" : 1,  "begin" : 566,  "end" : 593,  "PartsofCause" : "Argument" }, 
    "2447" : {"_type" : "PartsofCause",  "sofa" : 1,  "begin" : 596,  "end" : 599,  "PartsofCause" : "Causing" }, 
    "2464" : {"_type" : "PartsofCause",  "sofa" : 1,  "begin" : 600,  "end" : 621,  "PartsofCause" : "Argument" }, 
    "2503" : {"_type" : "LayerDefinition",  "name" : "webanno.custom.DisjointCausalSpans",  "uiName" : "Disjoint Causal Spans" }, 
    "2514" : {"_type" : "LayerDefinition",  "name" : "webanno.custom.PartsofCause",  "uiName" : "Parts of Cause" }, 
    "2521" : {"_type" : "LayerDefinition",  "name" : "webanno.custom.TypesofCause",  "uiName" : "Types of Cause" } } }