{"_context" : {
    "_types" : {
      "DisjointCausalSpansChain" : {
        "_feature_types" : {"sofa" : "_ref",  "first" : "_ref" } }, 
      "DisjointCausalSpansLink" : {
        "_feature_types" : {"sofa" : "_ref",  "next" : "_ref" } }, 
      "DocumentMetaData" : {
        "_feature_types" : {"sofa" : "_ref" } }, 
      "FeatureDefinition" : {
        "_feature_types" : {"layer" : "_ref" } }, 
      "LayerDefinition" : { }, 
      "PartsofCause" : {
        "_feature_types" : {"sofa" : "_ref" } }, 
      "Sentence" : {
        "_feature_types" : {"sofa" : "_ref" } }, 
      "Sofa" : {
        "_feature_types" : {"sofaArray" : "_ref" } }, 
      "TagsetDescription" : {
        "_feature_types" : {"sofa" : "_ref",  "tags" : "_ref" } }, 
      "Token" : {
        "_feature_types" : {"sofa" : "_ref",  "parent" : "_ref",  "lemma" : "_ref",  "stem" : "_ref",  "pos" : "_ref",  "morph" : "_ref",  "form" : "_ref" } }, 
      "TypesofCause" : {
        "_feature_types" : {"sofa" : "_ref",  "Dependent" : "_ref",  "Governor" : "_ref" } }, 
      "AnnotationBase" : {
        "_feature_types" : {"sofa" : "_ref" }, 
        "_subtypes" : ["DisjointCausalSpansChain",  "Annotation" ] }, 
      "TOP" : {
        "_subtypes" : ["AnnotationBase",  "FeatureDefinition",  "LayerDefinition",  "Sofa" ] }, 
      "Annotation" : {
        "_feature_types" : {"sofa" : "_ref" }, 
        "_subtypes" : ["DisjointCausalSpansLink",  "DocumentAnnotation",  "PartsofCause",  "Sentence",  "TagsetDescription",  "Token",  "TypesofCause" ] }, 
      "DocumentAnnotation" : {
        "_feature_types" : {"sofa" : "_ref" }, 
        "_subtypes" : ["DocumentMetaData" ] } } }, 
  "_views" : {
    "_InitialView" : {
      "FeatureDefinition" : [
        {"layer" : 2997,  "name" : "referenceRelation",  "uiName" : "Reference Relation" }, 
        {"layer" : 2997,  "name" : "referenceType",  "uiName" : "Reference Type" }, 
        {"layer" : 3008,  "name" : "PartsofCause",  "uiName" : "Parts of Cause" }, 
        {"layer" : 3015,  "name" : "TypesofCause",  "uiName" : "Types of Cause" } ], 
      "LayerDefinition" : [2997,  3008,  3015 ], 
      "DocumentMetaData" : [
        {"sofa" : 1,  "end" : 1073,  "language" : "x-unspecified",  "documentTitle" : "cnn-19.txt",  "documentId" : "GJW",  "documentUri" : "file:/srv/inception/repository/project/2/document/2371/source/GJW",  "collectionId" : "file:/srv/inception/repository/project/2/document/2371/source/",  "documentBaseUri" : "file:/srv/inception/repository/project/2/document/2371/source/",  "isLastSegment" : false } ], 
      "TagsetDescription" : [
        {"sofa" : 1,  "layer" : "webanno.custom.PartsofCause",  "name" : "Parts of Cause",  "input" : false }, 
        {"sofa" : 1,  "layer" : "webanno.custom.TypesofCause",  "name" : "Causal Relations",  "input" : false } ], 
      "Sentence" : [
        {"sofa" : 1,  "end" : 201 }, 
        {"sofa" : 1,  "begin" : 202,  "end" : 366 }, 
        {"sofa" : 1,  "begin" : 367,  "end" : 577 }, 
        {"sofa" : 1,  "begin" : 578,  "end" : 713 }, 
        {"sofa" : 1,  "begin" : 714,  "end" : 870 }, 
        {"sofa" : 1,  "begin" : 871,  "end" : 994 }, 
        {"sofa" : 1,  "begin" : 995,  "end" : 1019 }, 
        {"sofa" : 1,  "begin" : 1020,  "end" : 1073 } ], 
      "Token" : [
        {"sofa" : 1,  "end" : 5 }, 
        {"sofa" : 1,  "begin" : 6,  "end" : 8 }, 
        {"sofa" : 1,  "begin" : 9,  "end" : 19 }, 
        {"sofa" : 1,  "begin" : 20,  "end" : 25 }, 
        {"sofa" : 1,  "begin" : 26,  "end" : 28 }, 
        {"sofa" : 1,  "begin" : 29,  "end" : 34 }, 
        {"sofa" : 1,  "begin" : 35,  "end" : 36 }, 
        {"sofa" : 1,  "begin" : 37,  "end" : 40 }, 
        {"sofa" : 1,  "begin" : 41,  "end" : 46 }, 
        {"sofa" : 1,  "begin" : 47,  "end" : 53 }, 
        {"sofa" : 1,  "begin" : 54,  "end" : 66 }, 
        {"sofa" : 1,  "begin" : 67,  "end" : 75 }, 
        {"sofa" : 1,  "begin" : 76,  "end" : 83 }, 
        {"sofa" : 1,  "begin" : 84,  "end" : 85 }, 
        {"sofa" : 1,  "begin" : 86,  "end" : 91 }, 
        {"sofa" : 1,  "begin" : 92,  "end" : 94 }, 
        {"sofa" : 1,  "begin" : 95,  "end" : 98 }, 
        {"sofa" : 1,  "begin" : 99,  "end" : 104 }, 
        {"sofa" : 1,  "begin" : 105,  "end" : 109 }, 
        {"sofa" : 1,  "begin" : 110,  "end" : 118 }, 
        {"sofa" : 1,  "begin" : 119,  "end" : 124 }, 
        {"sofa" : 1,  "begin" : 125,  "end" : 126 }, 
        {"sofa" : 1,  "begin" : 127,  "end" : 132 }, 
        {"sofa" : 1,  "begin" : 133,  "end" : 135 }, 
        {"sofa" : 1,  "begin" : 136,  "end" : 145 }, 
        {"sofa" : 1,  "begin" : 146,  "end" : 149 }, 
        {"sofa" : 1,  "begin" : 150,  "end" : 160 }, 
        {"sofa" : 1,  "begin" : 161,  "end" : 164 }, 
        {"sofa" : 1,  "begin" : 165,  "end" : 170 }, 
        {"sofa" : 1,  "begin" : 171,  "end" : 176 }, 
        {"sofa" : 1,  "begin" : 177,  "end" : 183 }, 
        {"sofa" : 1,  "begin" : 184,  "end" : 192 }, 
        {"sofa" : 1,  "begin" : 193,  "end" : 196 }, 
        {"sofa" : 1,  "begin" : 197,  "end" : 199 }, 
        {"sofa" : 1,  "begin" : 200,  "end" : 201 }, 
        {"sofa" : 1,  "begin" : 202,  "end" : 207 }, 
        {"sofa" : 1,  "begin" : 208,  "end" : 212 }, 
        {"sofa" : 1,  "begin" : 213,  "end" : 214 }, 
        {"sofa" : 1,  "begin" : 215,  "end" : 217 }, 
        {"sofa" : 1,  "begin" : 218,  "end" : 222 }, 
        {"sofa" : 1,  "begin" : 223,  "end" : 227 }, 
        {"sofa" : 1,  "begin" : 228,  "end" : 234 }, 
        {"sofa" : 1,  "begin" : 235,  "end" : 237 }, 
        {"sofa" : 1,  "begin" : 238,  "end" : 244 }, 
        {"sofa" : 1,  "begin" : 245,  "end" : 248 }, 
        {"sofa" : 1,  "begin" : 249,  "end" : 256 }, 
        {"sofa" : 1,  "begin" : 257,  "end" : 262 }, 
        {"sofa" : 1,  "begin" : 263,  "end" : 273 }, 
        {"sofa" : 1,  "begin" : 274,  "end" : 280 }, 
        {"sofa" : 1,  "begin" : 281,  "end" : 284 }, 
        {"sofa" : 1,  "begin" : 285,  "end" : 288 }, 
        {"sofa" : 1,  "begin" : 289,  "end" : 294 }, 
        {"sofa" : 1,  "begin" : 295,  "end" : 297 }, 
        {"sofa" : 1,  "begin" : 298,  "end" : 305 }, 
        {"sofa" : 1,  "begin" : 306,  "end" : 313 }, 
        {"sofa" : 1,  "begin" : 314,  "end" : 318 }, 
        {"sofa" : 1,  "begin" : 319,  "end" : 320 }, 
        {"sofa" : 1,  "begin" : 321,  "end" : 329 }, 
        {"sofa" : 1,  "begin" : 330,  "end" : 335 }, 
        {"sofa" : 1,  "begin" : 336,  "end" : 338 }, 
        {"sofa" : 1,  "begin" : 339,  "end" : 341 }, 
        {"sofa" : 1,  "begin" : 342,  "end" : 350 }, 
        {"sofa" : 1,  "begin" : 351,  "end" : 355 }, 
        {"sofa" : 1,  "begin" : 356,  "end" : 358 }, 
        {"sofa" : 1,  "begin" : 359,  "end" : 364 }, 
        {"sofa" : 1,  "begin" : 365,  "end" : 366 }, 
        {"sofa" : 1,  "begin" : 367,  "end" : 374 }, 
        {"sofa" : 1,  "begin" : 375,  "end" : 386 }, 
        {"sofa" : 1,  "begin" : 387,  "end" : 390 }, 
        {"sofa" : 1,  "begin" : 391,  "end" : 395 }, 
        {"sofa" : 1,  "begin" : 396,  "end" : 406 }, 
        {"sofa" : 1,  "begin" : 407,  "end" : 409 }, 
        {"sofa" : 1,  "begin" : 410,  "end" : 416 }, 
        {"sofa" : 1,  "begin" : 417,  "end" : 420 }, 
        {"sofa" : 1,  "begin" : 421,  "end" : 425 }, 
        {"sofa" : 1,  "begin" : 426,  "end" : 430 }, 
        {"sofa" : 1,  "begin" : 431,  "end" : 438 }, 
        {"sofa" : 1,  "begin" : 439,  "end" : 443 }, 
        {"sofa" : 1,  "begin" : 444,  "end" : 454 }, 
        {"sofa" : 1,  "begin" : 455,  "end" : 461 }, 
        {"sofa" : 1,  "begin" : 462,  "end" : 468 }, 
        {"sofa" : 1,  "begin" : 469,  "end" : 475 }, 
        {"sofa" : 1,  "begin" : 476,  "end" : 481 }, 
        {"sofa" : 1,  "begin" : 482,  "end" : 483 }, 
        {"sofa" : 1,  "begin" : 484,  "end" : 486 }, 
        {"sofa" : 1,  "begin" : 487,  "end" : 489 }, 
        {"sofa" : 1,  "begin" : 490,  "end" : 494 }, 
        {"sofa" : 1,  "begin" : 495,  "end" : 499 }, 
        {"sofa" : 1,  "begin" : 500,  "end" : 510 }, 
        {"sofa" : 1,  "begin" : 511,  "end" : 515 }, 
        {"sofa" : 1,  "begin" : 516,  "end" : 517 }, 
        {"sofa" : 1,  "begin" : 518,  "end" : 522 }, 
        {"sofa" : 1,  "begin" : 523,  "end" : 526 }, 
        {"sofa" : 1,  "begin" : 527,  "end" : 531 }, 
        {"sofa" : 1,  "begin" : 532,  "end" : 543 }, 
        {"sofa" : 1,  "begin" : 544,  "end" : 546 }, 
        {"sofa" : 1,  "begin" : 547,  "end" : 548 }, 
        {"sofa" : 1,  "begin" : 549,  "end" : 555 }, 
        {"sofa" : 1,  "begin" : 556,  "end" : 564 }, 
        {"sofa" : 1,  "begin" : 565,  "end" : 566 }, 
        {"sofa" : 1,  "begin" : 567,  "end" : 570 }, 
        {"sofa" : 1,  "begin" : 571,  "end" : 575 }, 
        {"sofa" : 1,  "begin" : 576,  "end" : 577 }, 
        {"sofa" : 1,  "begin" : 578,  "end" : 585 }, 
        {"sofa" : 1,  "begin" : 586,  "end" : 589 }, 
        {"sofa" : 1,  "begin" : 590,  "end" : 598 }, 
        {"sofa" : 1,  "begin" : 599,  "end" : 608 }, 
        {"sofa" : 1,  "begin" : 609,  "end" : 612 }, 
        {"sofa" : 1,  "begin" : 613,  "end" : 619 }, 
        {"sofa" : 1,  "begin" : 620,  "end" : 624 }, 
        {"sofa" : 1,  "begin" : 625,  "end" : 628 }, 
        {"sofa" : 1,  "begin" : 629,  "end" : 635 }, 
        {"sofa" : 1,  "begin" : 636,  "end" : 642 }, 
        {"sofa" : 1,  "begin" : 643,  "end" : 646 }, 
        {"sofa" : 1,  "begin" : 647,  "end" : 652 }, 
        {"sofa" : 1,  "begin" : 653,  "end" : 654 }, 
        {"sofa" : 1,  "begin" : 655,  "end" : 659 }, 
        {"sofa" : 1,  "begin" : 660,  "end" : 664 }, 
        {"sofa" : 1,  "begin" : 665,  "end" : 667 }, 
        {"sofa" : 1,  "begin" : 668,  "end" : 671 }, 
        {"sofa" : 1,  "begin" : 672,  "end" : 678 }, 
        {"sofa" : 1,  "begin" : 679,  "end" : 682 }, 
        {"sofa" : 1,  "begin" : 683,  "end" : 691 }, 
        {"sofa" : 1,  "begin" : 692,  "end" : 696 }, 
        {"sofa" : 1,  "begin" : 697,  "end" : 701 }, 
        {"sofa" : 1,  "begin" : 702,  "end" : 711 }, 
        {"sofa" : 1,  "begin" : 712,  "end" : 713 }, 
        {"sofa" : 1,  "begin" : 714,  "end" : 717 }, 
        {"sofa" : 1,  "begin" : 718,  "end" : 721 }, 
        {"sofa" : 1,  "begin" : 722,  "end" : 731 }, 
        {"sofa" : 1,  "begin" : 732,  "end" : 736 }, 
        {"sofa" : 1,  "begin" : 737,  "end" : 739 }, 
        {"sofa" : 1,  "begin" : 740,  "end" : 741 }, 
        {"sofa" : 1,  "begin" : 742,  "end" : 750 }, 
        {"sofa" : 1,  "begin" : 751,  "end" : 756 }, 
        {"sofa" : 1,  "begin" : 757,  "end" : 760 }, 
        {"sofa" : 1,  "begin" : 761,  "end" : 764 }, 
        {"sofa" : 1,  "begin" : 765,  "end" : 773 }, 
        {"sofa" : 1,  "begin" : 774,  "end" : 777 }, 
        {"sofa" : 1,  "begin" : 778,  "end" : 780 }, 
        {"sofa" : 1,  "begin" : 781,  "end" : 786 }, 
        {"sofa" : 1,  "begin" : 787,  "end" : 789 }, 
        {"sofa" : 1,  "begin" : 790,  "end" : 798 }, 
        {"sofa" : 1,  "begin" : 799,  "end" : 808 }, 
        {"sofa" : 1,  "begin" : 809,  "end" : 814 }, 
        {"sofa" : 1,  "begin" : 815,  "end" : 818 }, 
        {"sofa" : 1,  "begin" : 819,  "end" : 826 }, 
        {"sofa" : 1,  "begin" : 827,  "end" : 834 }, 
        {"sofa" : 1,  "begin" : 835,  "end" : 847 }, 
        {"sofa" : 1,  "begin" : 848,  "end" : 850 }, 
        {"sofa" : 1,  "begin" : 851,  "end" : 854 }, 
        {"sofa" : 1,  "begin" : 855,  "end" : 860 }, 
        {"sofa" : 1,  "begin" : 861,  "end" : 866 }, 
        {"sofa" : 1,  "begin" : 867,  "end" : 868 }, 
        {"sofa" : 1,  "begin" : 869,  "end" : 870 }, 
        {"sofa" : 1,  "begin" : 871,  "end" : 877 }, 
        {"sofa" : 1,  "begin" : 878,  "end" : 888 }, 
        {"sofa" : 1,  "begin" : 889,  "end" : 892 }, 
        {"sofa" : 1,  "begin" : 893,  "end" : 900 }, 
        {"sofa" : 1,  "begin" : 901,  "end" : 906 }, 
        {"sofa" : 1,  "begin" : 907,  "end" : 914 }, 
        {"sofa" : 1,  "begin" : 915,  "end" : 917 }, 
        {"sofa" : 1,  "begin" : 918,  "end" : 922 }, 
        {"sofa" : 1,  "begin" : 923,  "end" : 926 }, 
        {"sofa" : 1,  "begin" : 927,  "end" : 929 }, 
        {"sofa" : 1,  "begin" : 930,  "end" : 938 }, 
        {"sofa" : 1,  "begin" : 939,  "end" : 949 }, 
        {"sofa" : 1,  "begin" : 950,  "end" : 953 }, 
        {"sofa" : 1,  "begin" : 954,  "end" : 957 }, 
        {"sofa" : 1,  "begin" : 958,  "end" : 962 }, 
        {"sofa" : 1,  "begin" : 963,  "end" : 970 }, 
        {"sofa" : 1,  "begin" : 971,  "end" : 975 }, 
        {"sofa" : 1,  "begin" : 976,  "end" : 980 }, 
        {"sofa" : 1,  "begin" : 981,  "end" : 985 }, 
        {"sofa" : 1,  "begin" : 986,  "end" : 992 }, 
        {"sofa" : 1,  "begin" : 993,  "end" : 994 }, 
        {"sofa" : 1,  "begin" : 995,  "end" : 997 }, 
        {"sofa" : 1,  "begin" : 998,  "end" : 1002 }, 
        {"sofa" : 1,  "begin" : 1003,  "end" : 1005 }, 
        {"sofa" : 1,  "begin" : 1006,  "end" : 1009 }, 
        {"sofa" : 1,  "begin" : 1010,  "end" : 1017 }, 
        {"sofa" : 1,  "begin" : 1018,  "end" : 1019 }, 
        {"sofa" : 1,  "begin" : 1020,  "end" : 1023 }, 
        {"sofa" : 1,  "begin" : 1024,  "end" : 1026 }, 
        {"sofa" : 1,  "begin" : 1027,  "end" : 1031 }, 
        {"sofa" : 1,  "begin" : 1032,  "end" : 1036 }, 
        {"sofa" : 1,  "begin" : 1037,  "end" : 1044 }, 
        {"sofa" : 1,  "begin" : 1045,  "end" : 1056 }, 
        {"sofa" : 1,  "begin" : 1057,  "end" : 1059 }, 
        {"sofa" : 1,  "begin" : 1060,  "end" : 1064 }, 
        {"sofa" : 1,  "begin" : 1065,  "end" : 1071 }, 
        {"sofa" : 1,  "begin" : 1072,  "end" : 1073 } ], 
      "DisjointCausalSpansChain" : [
        {"sofa" : 1,  "first" : 2595 }, 
        {"sofa" : 1,  "first" : 2671 } ], 
      "DisjointCausalSpansLink" : [2595,  2671,  2581,  2653 ], 
      "PartsofCause" : [2933,  2924,  2942,  2689,  2559,  2621,  2717,  2726,  2735,  2757,  2744,  2770,  2855,  2881,  2864 ], 
      "TypesofCause" : [
        {"sofa" : 1,  "end" : 83,  "Dependent" : 2933,  "Governor" : 2924,  "TypesofCause" : "Effect" }, 
        {"sofa" : 1,  "begin" : 92,  "end" : 199,  "Dependent" : 2942,  "Governor" : 2924,  "TypesofCause" : "Cause" }, 
        {"sofa" : 1,  "begin" : 215,  "end" : 318,  "Dependent" : 2689,  "Governor" : 2559,  "TypesofCause" : "Cause" }, 
        {"sofa" : 1,  "begin" : 330,  "end" : 335,  "Dependent" : 2621,  "Governor" : 2559,  "TypesofCause" : "Effect" }, 
        {"sofa" : 1,  "begin" : 737,  "end" : 756,  "Dependent" : 2717,  "Governor" : 2726,  "TypesofCause" : "Effect" }, 
        {"sofa" : 1,  "begin" : 761,  "end" : 866,  "Dependent" : 2735,  "Governor" : 2726,  "TypesofCause" : "Cause" }, 
        {"sofa" : 1,  "begin" : 761,  "end" : 786,  "Dependent" : 2757,  "Governor" : 2744,  "TypesofCause" : "Effect" }, 
        {"sofa" : 1,  "begin" : 790,  "end" : 866,  "Dependent" : 2770,  "Governor" : 2744,  "TypesofCause" : "Cause" }, 
        {"sofa" : 1,  "begin" : 871,  "end" : 900,  "Dependent" : 2855,  "Governor" : 2881,  "TypesofCause" : "Effect" }, 
        {"sofa" : 1,  "begin" : 907,  "end" : 992,  "Dependent" : 2864,  "Governor" : 2881,  "TypesofCause" : "Cause" } ] } }, 
  "_referenced_fss" : {
    "1" : {"_type" : "Sofa",  "sofaNum" : 1,  "sofaID" : "_InitialView",  "mimeType" : "text",  "sofaString" : "Spain is officially clear of Ebola , the World Health Organization declared Tuesday , after no new cases were reported since a nurse 's assistant who contracted the virus there tested negative for it .\nSince then , 42 days have passed -- double the maximum known incubation period for the virus -- without another case , allowing Spain to be declared free of Ebola .\nSpanish authorities had been monitoring 87 people who came into contact with healthcare worker Teresa Romero Ramos , 15 of whom were considered high - risk and were quarantined at a Madrid hospital , WHO said .\nAnother 145 hospital employees who helped care for Romero during her month - long stay at the Carlos III Hospital were also monitored .\nThe WHO statement said it \" commends Spain for the measures put in place to identify potential cases and prevent further transmission of the Ebola virus . \"\nRomero contracted the illness while helping to care for an infected missionary who had been brought back from West Africa .\nHe died of the disease .\nCNN 's Anna Maja Rappard contributed to this report ." }, 
    "2581" : {"_type" : "DisjointCausalSpansLink",  "sofa" : 1,  "begin" : 336,  "end" : 338 }, 
    "2653" : {"_type" : "DisjointCausalSpansLink",  "sofa" : 1,  "begin" : 339,  "end" : 364 }, 
    "2671" : {"_type" : "DisjointCausalSpansLink",  "sofa" : 1,  "begin" : 330,  "end" : 335,  "next" : 2653 }, 
    "2595" : {"_type" : "DisjointCausalSpansLink",  "sofa" : 1,  "begin" : 321,  "end" : 329,  "next" : 2581 }, 
    "2933" : {"_type" : "PartsofCause",  "sofa" : 1,  "end" : 83,  "PartsofCause" : "Argument" }, 
    "2924" : {"_type" : "PartsofCause",  "sofa" : 1,  "begin" : 86,  "end" : 91,  "PartsofCause" : "Causing" }, 
    "2942" : {"_type" : "PartsofCause",  "sofa" : 1,  "begin" : 92,  "end" : 199,  "PartsofCause" : "Argument" }, 
    "2689" : {"_type" : "PartsofCause",  "sofa" : 1,  "begin" : 215,  "end" : 318,  "PartsofCause" : "Argument" }, 
    "2559" : {"_type" : "PartsofCause",  "sofa" : 1,  "begin" : 321,  "end" : 329,  "PartsofCause" : "Enabling" }, 
    "2621" : {"_type" : "PartsofCause",  "sofa" : 1,  "begin" : 330,  "end" : 335,  "PartsofCause" : "Argument" }, 
    "2717" : {"_type" : "PartsofCause",  "sofa" : 1,  "begin" : 737,  "end" : 756 }, 
    "2726" : {"_type" : "PartsofCause",  "sofa" : 1,  "begin" : 757,  "end" : 760 }, 
    "2735" : {"_type" : "PartsofCause",  "sofa" : 1,  "begin" : 761,  "end" : 866,  "PartsofCause" : "Argument" }, 
    "2757" : {"_type" : "PartsofCause",  "sofa" : 1,  "begin" : 761,  "end" : 786,  "PartsofCause" : "Argument" }, 
    "2744" : {"_type" : "PartsofCause",  "sofa" : 1,  "begin" : 787,  "end" : 789,  "PartsofCause" : "Causing" }, 
    "2770" : {"_type" : "PartsofCause",  "sofa" : 1,  "begin" : 790,  "end" : 866,  "PartsofCause" : "Argument" }, 
    "2855" : {"_type" : "PartsofCause",  "sofa" : 1,  "begin" : 871,  "end" : 900 }, 
    "2881" : {"_type" : "PartsofCause",  "sofa" : 1,  "begin" : 901,  "end" : 906,  "PartsofCause" : "Causing" }, 
    "2864" : {"_type" : "PartsofCause",  "sofa" : 1,  "begin" : 907,  "end" : 992,  "PartsofCause" : "Argument" }, 
    "2997" : {"_type" : "LayerDefinition",  "name" : "webanno.custom.DisjointCausalSpans",  "uiName" : "Disjoint Causal Spans" }, 
    "3008" : {"_type" : "LayerDefinition",  "name" : "webanno.custom.PartsofCause",  "uiName" : "Parts of Cause" }, 
    "3015" : {"_type" : "LayerDefinition",  "name" : "webanno.custom.TypesofCause",  "uiName" : "Types of Cause" } } }