{"_context" : {
    "_types" : {
      "DocumentMetaData" : {
        "_feature_types" : {"sofa" : "_ref" } }, 
      "FeatureDefinition" : {
        "_feature_types" : {"layer" : "_ref" } }, 
      "LayerDefinition" : { }, 
      "PartsofCause" : {
        "_feature_types" : {"sofa" : "_ref" } }, 
      "Sentence" : {
        "_feature_types" : {"sofa" : "_ref" } }, 
      "Sofa" : {
        "_feature_types" : {"sofaArray" : "_ref" } }, 
      "TagsetDescription" : {
        "_feature_types" : {"sofa" : "_ref",  "tags" : "_ref" } }, 
      "Token" : {
        "_feature_types" : {"sofa" : "_ref",  "parent" : "_ref",  "lemma" : "_ref",  "stem" : "_ref",  "pos" : "_ref",  "morph" : "_ref",  "form" : "_ref" } }, 
      "TypesofCause" : {
        "_feature_types" : {"sofa" : "_ref",  "Dependent" : "_ref",  "Governor" : "_ref" } }, 
      "DocumentAnnotation" : {
        "_feature_types" : {"sofa" : "_ref" }, 
        "_subtypes" : ["DocumentMetaData" ] }, 
      "Annotation" : {
        "_feature_types" : {"sofa" : "_ref" }, 
        "_subtypes" : ["DocumentAnnotation",  "PartsofCause",  "Sentence",  "TagsetDescription",  "Token",  "TypesofCause" ] }, 
      "AnnotationBase" : {
        "_feature_types" : {"sofa" : "_ref" }, 
        "_subtypes" : ["Annotation" ] }, 
      "TOP" : {
        "_subtypes" : ["AnnotationBase",  "FeatureDefinition",  "LayerDefinition",  "Sofa" ] } } }, 
  "_views" : {
    "_InitialView" : {
      "FeatureDefinition" : [
        {"layer" : 1733,  "name" : "referenceRelation",  "uiName" : "Reference Relation" }, 
        {"layer" : 1733,  "name" : "referenceType",  "uiName" : "Reference Type" }, 
        {"layer" : 1744,  "name" : "PartsofCause",  "uiName" : "Parts of Cause" }, 
        {"layer" : 1751,  "name" : "TypesofCause",  "uiName" : "Types of Cause" } ], 
      "LayerDefinition" : [1733,  1744,  1751 ], 
      "DocumentMetaData" : [
        {"sofa" : 1,  "end" : 508,  "language" : "x-unspecified",  "documentTitle" : "reddit-011.txt",  "documentId" : "GJW",  "documentUri" : "file:/srv/inception/repository/project/2/document/2413/source/GJW",  "collectionId" : "file:/srv/inception/repository/project/2/document/2413/source/",  "documentBaseUri" : "file:/srv/inception/repository/project/2/document/2413/source/",  "isLastSegment" : false } ], 
      "TagsetDescription" : [
        {"sofa" : 1,  "layer" : "webanno.custom.PartsofCause",  "name" : "Parts of Cause",  "input" : false }, 
        {"sofa" : 1,  "layer" : "webanno.custom.TypesofCause",  "name" : "Causal Relations",  "input" : false } ], 
      "Sentence" : [
        {"sofa" : 1,  "end" : 77 }, 
        {"sofa" : 1,  "begin" : 78,  "end" : 149 }, 
        {"sofa" : 1,  "begin" : 150,  "end" : 217 }, 
        {"sofa" : 1,  "begin" : 218,  "end" : 358 }, 
        {"sofa" : 1,  "begin" : 359,  "end" : 473 }, 
        {"sofa" : 1,  "begin" : 474,  "end" : 508 } ], 
      "Token" : [
        {"sofa" : 1,  "end" : 7 }, 
        {"sofa" : 1,  "begin" : 8,  "end" : 10 }, 
        {"sofa" : 1,  "begin" : 11,  "end" : 13 }, 
        {"sofa" : 1,  "begin" : 14,  "end" : 20 }, 
        {"sofa" : 1,  "begin" : 21,  "end" : 22 }, 
        {"sofa" : 1,  "begin" : 23,  "end" : 29 }, 
        {"sofa" : 1,  "begin" : 30,  "end" : 39 }, 
        {"sofa" : 1,  "begin" : 40,  "end" : 42 }, 
        {"sofa" : 1,  "begin" : 43,  "end" : 47 }, 
        {"sofa" : 1,  "begin" : 48,  "end" : 51 }, 
        {"sofa" : 1,  "begin" : 52,  "end" : 59 }, 
        {"sofa" : 1,  "begin" : 60,  "end" : 63 }, 
        {"sofa" : 1,  "begin" : 64,  "end" : 66 }, 
        {"sofa" : 1,  "begin" : 67,  "end" : 75 }, 
        {"sofa" : 1,  "begin" : 76,  "end" : 77 }, 
        {"sofa" : 1,  "begin" : 78,  "end" : 83 }, 
        {"sofa" : 1,  "begin" : 84,  "end" : 85 }, 
        {"sofa" : 1,  "begin" : 86,  "end" : 89 }, 
        {"sofa" : 1,  "begin" : 90,  "end" : 93 }, 
        {"sofa" : 1,  "begin" : 94,  "end" : 99 }, 
        {"sofa" : 1,  "begin" : 100,  "end" : 102 }, 
        {"sofa" : 1,  "begin" : 103,  "end" : 108 }, 
        {"sofa" : 1,  "begin" : 109,  "end" : 116 }, 
        {"sofa" : 1,  "begin" : 117,  "end" : 118 }, 
        {"sofa" : 1,  "begin" : 119,  "end" : 121 }, 
        {"sofa" : 1,  "begin" : 122,  "end" : 125 }, 
        {"sofa" : 1,  "begin" : 126,  "end" : 130 }, 
        {"sofa" : 1,  "begin" : 131,  "end" : 134 }, 
        {"sofa" : 1,  "begin" : 135,  "end" : 139 }, 
        {"sofa" : 1,  "begin" : 140,  "end" : 147 }, 
        {"sofa" : 1,  "begin" : 148,  "end" : 149 }, 
        {"sofa" : 1,  "begin" : 150,  "end" : 155 }, 
        {"sofa" : 1,  "begin" : 156,  "end" : 162 }, 
        {"sofa" : 1,  "begin" : 163,  "end" : 165 }, 
        {"sofa" : 1,  "begin" : 166,  "end" : 172 }, 
        {"sofa" : 1,  "begin" : 173,  "end" : 177 }, 
        {"sofa" : 1,  "begin" : 178,  "end" : 181 }, 
        {"sofa" : 1,  "begin" : 182,  "end" : 185 }, 
        {"sofa" : 1,  "begin" : 186,  "end" : 190 }, 
        {"sofa" : 1,  "begin" : 191,  "end" : 194 }, 
        {"sofa" : 1,  "begin" : 195,  "end" : 199 }, 
        {"sofa" : 1,  "begin" : 200,  "end" : 205 }, 
        {"sofa" : 1,  "begin" : 206,  "end" : 208 }, 
        {"sofa" : 1,  "begin" : 209,  "end" : 215 }, 
        {"sofa" : 1,  "begin" : 216,  "end" : 217 }, 
        {"sofa" : 1,  "begin" : 218,  "end" : 222 }, 
        {"sofa" : 1,  "begin" : 223,  "end" : 226 }, 
        {"sofa" : 1,  "begin" : 227,  "end" : 231 }, 
        {"sofa" : 1,  "begin" : 232,  "end" : 236 }, 
        {"sofa" : 1,  "begin" : 237,  "end" : 244 }, 
        {"sofa" : 1,  "begin" : 245,  "end" : 248 }, 
        {"sofa" : 1,  "begin" : 249,  "end" : 252 }, 
        {"sofa" : 1,  "begin" : 253,  "end" : 258 }, 
        {"sofa" : 1,  "begin" : 259,  "end" : 262 }, 
        {"sofa" : 1,  "begin" : 263,  "end" : 266 }, 
        {"sofa" : 1,  "begin" : 267,  "end" : 268 }, 
        {"sofa" : 1,  "begin" : 269,  "end" : 273 }, 
        {"sofa" : 1,  "begin" : 274,  "end" : 276 }, 
        {"sofa" : 1,  "begin" : 277,  "end" : 280 }, 
        {"sofa" : 1,  "begin" : 281,  "end" : 285 }, 
        {"sofa" : 1,  "begin" : 286,  "end" : 291 }, 
        {"sofa" : 1,  "begin" : 292,  "end" : 294 }, 
        {"sofa" : 1,  "begin" : 295,  "end" : 298 }, 
        {"sofa" : 1,  "begin" : 299,  "end" : 303 }, 
        {"sofa" : 1,  "begin" : 304,  "end" : 306 }, 
        {"sofa" : 1,  "begin" : 307,  "end" : 311 }, 
        {"sofa" : 1,  "begin" : 312,  "end" : 314 }, 
        {"sofa" : 1,  "begin" : 315,  "end" : 320 }, 
        {"sofa" : 1,  "begin" : 321,  "end" : 328 }, 
        {"sofa" : 1,  "begin" : 329,  "end" : 334 }, 
        {"sofa" : 1,  "begin" : 335,  "end" : 342 }, 
        {"sofa" : 1,  "begin" : 343,  "end" : 346 }, 
        {"sofa" : 1,  "begin" : 347,  "end" : 356 }, 
        {"sofa" : 1,  "begin" : 357,  "end" : 358 }, 
        {"sofa" : 1,  "begin" : 359,  "end" : 360 }, 
        {"sofa" : 1,  "begin" : 361,  "end" : 365 }, 
        {"sofa" : 1,  "begin" : 366,  "end" : 374 }, 
        {"sofa" : 1,  "begin" : 375,  "end" : 382 }, 
        {"sofa" : 1,  "begin" : 383,  "end" : 384 }, 
        {"sofa" : 1,  "begin" : 385,  "end" : 387 }, 
        {"sofa" : 1,  "begin" : 388,  "end" : 390 }, 
        {"sofa" : 1,  "begin" : 391,  "end" : 392 }, 
        {"sofa" : 1,  "begin" : 393,  "end" : 399 }, 
        {"sofa" : 1,  "begin" : 400,  "end" : 407 }, 
        {"sofa" : 1,  "begin" : 408,  "end" : 411 }, 
        {"sofa" : 1,  "begin" : 412,  "end" : 414 }, 
        {"sofa" : 1,  "begin" : 415,  "end" : 416 }, 
        {"sofa" : 1,  "begin" : 417,  "end" : 419 }, 
        {"sofa" : 1,  "begin" : 420,  "end" : 422 }, 
        {"sofa" : 1,  "begin" : 423,  "end" : 430 }, 
        {"sofa" : 1,  "begin" : 431,  "end" : 432 }, 
        {"sofa" : 1,  "begin" : 433,  "end" : 436 }, 
        {"sofa" : 1,  "begin" : 437,  "end" : 443 }, 
        {"sofa" : 1,  "begin" : 444,  "end" : 445 }, 
        {"sofa" : 1,  "begin" : 446,  "end" : 451 }, 
        {"sofa" : 1,  "begin" : 452,  "end" : 456 }, 
        {"sofa" : 1,  "begin" : 457,  "end" : 463 }, 
        {"sofa" : 1,  "begin" : 464,  "end" : 466 }, 
        {"sofa" : 1,  "begin" : 467,  "end" : 471 }, 
        {"sofa" : 1,  "begin" : 472,  "end" : 473 }, 
        {"sofa" : 1,  "begin" : 474,  "end" : 477 }, 
        {"sofa" : 1,  "begin" : 478,  "end" : 480 }, 
        {"sofa" : 1,  "begin" : 481,  "end" : 482 }, 
        {"sofa" : 1,  "begin" : 483,  "end" : 489 }, 
        {"sofa" : 1,  "begin" : 490,  "end" : 497 }, 
        {"sofa" : 1,  "begin" : 498,  "end" : 502 }, 
        {"sofa" : 1,  "begin" : 503,  "end" : 506 }, 
        {"sofa" : 1,  "begin" : 507,  "end" : 508 } ], 
      "PartsofCause" : [1480,  1471,  1636,  1502,  1511,  1520 ], 
      "TypesofCause" : [
        {"sofa" : 1,  "begin" : 359,  "end" : 374,  "Dependent" : 1480,  "Governor" : 1471,  "TypesofCause" : "Effect" }, 
        {"sofa" : 1,  "begin" : 383,  "end" : 471,  "Dependent" : 1636,  "Governor" : 1471,  "TypesofCause" : "Cause" }, 
        {"sofa" : 1,  "begin" : 415,  "end" : 443,  "Dependent" : 1511,  "Governor" : 1502,  "TypesofCause" : "Cause" }, 
        {"sofa" : 1,  "begin" : 444,  "end" : 471,  "Dependent" : 1520,  "Governor" : 1502,  "TypesofCause" : "Effect" } ] } }, 
  "_referenced_fss" : {
    "1" : {"_type" : "Sofa",  "sofaNum" : 1,  "sofaID" : "_InitialView",  "mimeType" : "text",  "sofaString" : "Tonight at my school 3 people committed to yale and another two to Stanford .\nWhile I did n’t apply to these schools I ca n’t help but feel jealous .\nTheir future is pretty much set and they can just focus on school .\nThey all have such amazing ECs and grade but all I have is two jobs which do n’t look as cool as being student board members and musicians .\nI feel stressed because i ’m in a magnet program and if I do nt attempt a top school I would have wasted my time .\nHow do I combat feeling this way ?" }, 
    "1480" : {"_type" : "PartsofCause",  "sofa" : 1,  "begin" : 359,  "end" : 374,  "PartsofCause" : "Argument" }, 
    "1471" : {"_type" : "PartsofCause",  "sofa" : 1,  "begin" : 375,  "end" : 382,  "PartsofCause" : "Causing" }, 
    "1636" : {"_type" : "PartsofCause",  "sofa" : 1,  "begin" : 383,  "end" : 471,  "PartsofCause" : "Argument" }, 
    "1511" : {"_type" : "PartsofCause",  "sofa" : 1,  "begin" : 415,  "end" : 443,  "PartsofCause" : "Argument" }, 
    "1502" : {"_type" : "PartsofCause",  "sofa" : 1,  "begin" : 412,  "end" : 414,  "PartsofCause" : "Causing" }, 
    "1520" : {"_type" : "PartsofCause",  "sofa" : 1,  "begin" : 444,  "end" : 471,  "PartsofCause" : "Argument" }, 
    "1751" : {"_type" : "LayerDefinition",  "name" : "webanno.custom.TypesofCause",  "uiName" : "Types of Cause" }, 
    "1733" : {"_type" : "LayerDefinition",  "name" : "webanno.custom.DisjointCausalSpans",  "uiName" : "Disjoint Causal Spans" }, 
    "1744" : {"_type" : "LayerDefinition",  "name" : "webanno.custom.PartsofCause",  "uiName" : "Parts of Cause" } } }