{"_context" : {
    "_types" : {
      "DocumentMetaData" : {
        "_feature_types" : {"sofa" : "_ref" } }, 
      "FeatureDefinition" : {
        "_feature_types" : {"layer" : "_ref" } }, 
      "LayerDefinition" : { }, 
      "PartsofCause" : {
        "_feature_types" : {"sofa" : "_ref" } }, 
      "Sentence" : {
        "_feature_types" : {"sofa" : "_ref" } }, 
      "Sofa" : {
        "_feature_types" : {"sofaArray" : "_ref" } }, 
      "TagsetDescription" : {
        "_feature_types" : {"sofa" : "_ref",  "tags" : "_ref" } }, 
      "Token" : {
        "_feature_types" : {"sofa" : "_ref",  "parent" : "_ref",  "lemma" : "_ref",  "stem" : "_ref",  "pos" : "_ref",  "morph" : "_ref",  "form" : "_ref" } }, 
      "TypesofCause" : {
        "_feature_types" : {"sofa" : "_ref",  "Dependent" : "_ref",  "Governor" : "_ref" } }, 
      "DocumentAnnotation" : {
        "_feature_types" : {"sofa" : "_ref" }, 
        "_subtypes" : ["DocumentMetaData" ] }, 
      "Annotation" : {
        "_feature_types" : {"sofa" : "_ref" }, 
        "_subtypes" : ["DocumentAnnotation",  "PartsofCause",  "Sentence",  "TagsetDescription",  "Token",  "TypesofCause" ] }, 
      "AnnotationBase" : {
        "_feature_types" : {"sofa" : "_ref" }, 
        "_subtypes" : ["Annotation" ] }, 
      "TOP" : {
        "_subtypes" : ["AnnotationBase",  "FeatureDefinition",  "LayerDefinition",  "Sofa" ] } } }, 
  "_views" : {
    "_InitialView" : {
      "FeatureDefinition" : [
        {"layer" : 1852,  "name" : "referenceRelation",  "uiName" : "Reference Relation" }, 
        {"layer" : 1852,  "name" : "referenceType",  "uiName" : "Reference Type" }, 
        {"layer" : 1863,  "name" : "PartsofCause",  "uiName" : "Parts of Cause" }, 
        {"layer" : 1870,  "name" : "TypesofCause",  "uiName" : "Types of Cause" } ], 
      "LayerDefinition" : [1852,  1863,  1870 ], 
      "DocumentMetaData" : [
        {"sofa" : 1,  "end" : 494,  "language" : "x-unspecified",  "documentTitle" : "fable-16.txt",  "documentId" : "AYC",  "documentUri" : "file:/srv/inception/repository/project/2/document/2318/source/AYC",  "collectionId" : "file:/srv/inception/repository/project/2/document/2318/source/",  "documentBaseUri" : "file:/srv/inception/repository/project/2/document/2318/source/",  "isLastSegment" : false } ], 
      "TagsetDescription" : [
        {"sofa" : 1,  "layer" : "webanno.custom.PartsofCause",  "name" : "Parts of Cause",  "input" : false }, 
        {"sofa" : 1,  "layer" : "webanno.custom.TypesofCause",  "name" : "Causal Relations",  "input" : false } ], 
      "Sentence" : [
        {"sofa" : 1,  "end" : 90 }, 
        {"sofa" : 1,  "begin" : 91,  "end" : 154 }, 
        {"sofa" : 1,  "begin" : 155,  "end" : 273 }, 
        {"sofa" : 1,  "begin" : 274,  "end" : 314 }, 
        {"sofa" : 1,  "begin" : 315,  "end" : 403 }, 
        {"sofa" : 1,  "begin" : 404,  "end" : 494 } ], 
      "Token" : [
        {"sofa" : 1,  "end" : 1 }, 
        {"sofa" : 1,  "begin" : 2,  "end" : 6 }, 
        {"sofa" : 1,  "begin" : 7,  "end" : 8 }, 
        {"sofa" : 1,  "begin" : 9,  "end" : 12 }, 
        {"sofa" : 1,  "begin" : 13,  "end" : 16 }, 
        {"sofa" : 1,  "begin" : 17,  "end" : 22 }, 
        {"sofa" : 1,  "begin" : 23,  "end" : 28 }, 
        {"sofa" : 1,  "begin" : 29,  "end" : 34 }, 
        {"sofa" : 1,  "begin" : 35,  "end" : 37 }, 
        {"sofa" : 1,  "begin" : 38,  "end" : 41 }, 
        {"sofa" : 1,  "begin" : 42,  "end" : 47 }, 
        {"sofa" : 1,  "begin" : 48,  "end" : 49 }, 
        {"sofa" : 1,  "begin" : 50,  "end" : 53 }, 
        {"sofa" : 1,  "begin" : 54,  "end" : 58 }, 
        {"sofa" : 1,  "begin" : 59,  "end" : 61 }, 
        {"sofa" : 1,  "begin" : 62,  "end" : 66 }, 
        {"sofa" : 1,  "begin" : 67,  "end" : 69 }, 
        {"sofa" : 1,  "begin" : 70,  "end" : 73 }, 
        {"sofa" : 1,  "begin" : 74,  "end" : 78 }, 
        {"sofa" : 1,  "begin" : 79,  "end" : 81 }, 
        {"sofa" : 1,  "begin" : 82,  "end" : 83 }, 
        {"sofa" : 1,  "begin" : 84,  "end" : 88 }, 
        {"sofa" : 1,  "begin" : 89,  "end" : 90 }, 
        {"sofa" : 1,  "begin" : 91,  "end" : 96 }, 
        {"sofa" : 1,  "begin" : 97,  "end" : 104 }, 
        {"sofa" : 1,  "begin" : 105,  "end" : 110 }, 
        {"sofa" : 1,  "begin" : 111,  "end" : 112 }, 
        {"sofa" : 1,  "begin" : 113,  "end" : 117 }, 
        {"sofa" : 1,  "begin" : 118,  "end" : 122 }, 
        {"sofa" : 1,  "begin" : 123,  "end" : 124 }, 
        {"sofa" : 1,  "begin" : 125,  "end" : 127 }, 
        {"sofa" : 1,  "begin" : 128,  "end" : 135 }, 
        {"sofa" : 1,  "begin" : 136,  "end" : 138 }, 
        {"sofa" : 1,  "begin" : 139,  "end" : 144 }, 
        {"sofa" : 1,  "begin" : 145,  "end" : 147 }, 
        {"sofa" : 1,  "begin" : 148,  "end" : 152 }, 
        {"sofa" : 1,  "begin" : 153,  "end" : 154 }, 
        {"sofa" : 1,  "begin" : 155,  "end" : 157 }, 
        {"sofa" : 1,  "begin" : 158,  "end" : 160 }, 
        {"sofa" : 1,  "begin" : 161,  "end" : 165 }, 
        {"sofa" : 1,  "begin" : 166,  "end" : 167 }, 
        {"sofa" : 1,  "begin" : 168,  "end" : 172 }, 
        {"sofa" : 1,  "begin" : 173,  "end" : 180 }, 
        {"sofa" : 1,  "begin" : 181,  "end" : 186 }, 
        {"sofa" : 1,  "begin" : 187,  "end" : 190 }, 
        {"sofa" : 1,  "begin" : 191,  "end" : 195 }, 
        {"sofa" : 1,  "begin" : 196,  "end" : 198 }, 
        {"sofa" : 1,  "begin" : 199,  "end" : 202 }, 
        {"sofa" : 1,  "begin" : 203,  "end" : 207 }, 
        {"sofa" : 1,  "begin" : 208,  "end" : 209 }, 
        {"sofa" : 1,  "begin" : 210,  "end" : 211 }, 
        {"sofa" : 1,  "begin" : 212,  "end" : 217 }, 
        {"sofa" : 1,  "begin" : 218,  "end" : 221 }, 
        {"sofa" : 1,  "begin" : 222,  "end" : 226 }, 
        {"sofa" : 1,  "begin" : 227,  "end" : 229 }, 
        {"sofa" : 1,  "begin" : 230,  "end" : 234 }, 
        {"sofa" : 1,  "begin" : 235,  "end" : 237 }, 
        {"sofa" : 1,  "begin" : 238,  "end" : 242 }, 
        {"sofa" : 1,  "begin" : 243,  "end" : 249 }, 
        {"sofa" : 1,  "begin" : 250,  "end" : 251 }, 
        {"sofa" : 1,  "begin" : 252,  "end" : 254 }, 
        {"sofa" : 1,  "begin" : 255,  "end" : 260 }, 
        {"sofa" : 1,  "begin" : 261,  "end" : 262 }, 
        {"sofa" : 1,  "begin" : 263,  "end" : 265 }, 
        {"sofa" : 1,  "begin" : 266,  "end" : 269 }, 
        {"sofa" : 1,  "begin" : 270,  "end" : 271 }, 
        {"sofa" : 1,  "begin" : 272,  "end" : 273 }, 
        {"sofa" : 1,  "begin" : 274,  "end" : 275 }, 
        {"sofa" : 1,  "begin" : 276,  "end" : 280 }, 
        {"sofa" : 1,  "begin" : 281,  "end" : 283 }, 
        {"sofa" : 1,  "begin" : 284,  "end" : 287 }, 
        {"sofa" : 1,  "begin" : 288,  "end" : 294 }, 
        {"sofa" : 1,  "begin" : 295,  "end" : 296 }, 
        {"sofa" : 1,  "begin" : 297,  "end" : 298 }, 
        {"sofa" : 1,  "begin" : 299,  "end" : 303 }, 
        {"sofa" : 1,  "begin" : 304,  "end" : 307 }, 
        {"sofa" : 1,  "begin" : 308,  "end" : 312 }, 
        {"sofa" : 1,  "begin" : 313,  "end" : 314 }, 
        {"sofa" : 1,  "begin" : 315,  "end" : 316 }, 
        {"sofa" : 1,  "begin" : 317,  "end" : 318 }, 
        {"sofa" : 1,  "begin" : 319,  "end" : 322 }, 
        {"sofa" : 1,  "begin" : 323,  "end" : 326 }, 
        {"sofa" : 1,  "begin" : 327,  "end" : 331 }, 
        {"sofa" : 1,  "begin" : 332,  "end" : 336 }, 
        {"sofa" : 1,  "begin" : 337,  "end" : 340 }, 
        {"sofa" : 1,  "begin" : 341,  "end" : 345 }, 
        {"sofa" : 1,  "begin" : 346,  "end" : 347 }, 
        {"sofa" : 1,  "begin" : 348,  "end" : 351 }, 
        {"sofa" : 1,  "begin" : 352,  "end" : 353 }, 
        {"sofa" : 1,  "begin" : 354,  "end" : 356 }, 
        {"sofa" : 1,  "begin" : 357,  "end" : 361 }, 
        {"sofa" : 1,  "begin" : 362,  "end" : 363 }, 
        {"sofa" : 1,  "begin" : 364,  "end" : 369 }, 
        {"sofa" : 1,  "begin" : 370,  "end" : 373 }, 
        {"sofa" : 1,  "begin" : 374,  "end" : 378 }, 
        {"sofa" : 1,  "begin" : 379,  "end" : 382 }, 
        {"sofa" : 1,  "begin" : 383,  "end" : 387 }, 
        {"sofa" : 1,  "begin" : 388,  "end" : 391 }, 
        {"sofa" : 1,  "begin" : 392,  "end" : 394 }, 
        {"sofa" : 1,  "begin" : 395,  "end" : 399 }, 
        {"sofa" : 1,  "begin" : 400,  "end" : 401 }, 
        {"sofa" : 1,  "begin" : 402,  "end" : 403 }, 
        {"sofa" : 1,  "begin" : 404,  "end" : 405 }, 
        {"sofa" : 1,  "begin" : 406,  "end" : 410 }, 
        {"sofa" : 1,  "begin" : 411,  "end" : 413 }, 
        {"sofa" : 1,  "begin" : 414,  "end" : 420 }, 
        {"sofa" : 1,  "begin" : 421,  "end" : 423 }, 
        {"sofa" : 1,  "begin" : 424,  "end" : 439 }, 
        {"sofa" : 1,  "begin" : 440,  "end" : 443 }, 
        {"sofa" : 1,  "begin" : 444,  "end" : 448 }, 
        {"sofa" : 1,  "begin" : 449,  "end" : 450 }, 
        {"sofa" : 1,  "begin" : 451,  "end" : 455 }, 
        {"sofa" : 1,  "begin" : 456,  "end" : 464 }, 
        {"sofa" : 1,  "begin" : 465,  "end" : 466 }, 
        {"sofa" : 1,  "begin" : 467,  "end" : 468 }, 
        {"sofa" : 1,  "begin" : 469,  "end" : 476 }, 
        {"sofa" : 1,  "begin" : 477,  "end" : 480 }, 
        {"sofa" : 1,  "begin" : 481,  "end" : 487 }, 
        {"sofa" : 1,  "begin" : 488,  "end" : 492 }, 
        {"sofa" : 1,  "begin" : 493,  "end" : 494 } ], 
      "PartsofCause" : [1654,  1613,  1626,  1723,  1682,  1828,  1764,  1751,  1777 ], 
      "TypesofCause" : [
        {"sofa" : 1,  "begin" : 9,  "end" : 28,  "Dependent" : 1654,  "Governor" : 1613,  "TypesofCause" : "Effect" }, 
        {"sofa" : 1,  "begin" : 35,  "end" : 47,  "Dependent" : 1626,  "Governor" : 1613,  "TypesofCause" : "Cause" }, 
        {"sofa" : 1,  "begin" : 50,  "end" : 58,  "Dependent" : 1723,  "Governor" : 1682,  "TypesofCause" : "Effect" }, 
        {"sofa" : 1,  "begin" : 62,  "end" : 66,  "Dependent" : 1828,  "Governor" : 1682,  "TypesofCause" : "Cause" }, 
        {"sofa" : 1,  "begin" : 125,  "end" : 152,  "Dependent" : 1764,  "Governor" : 1751,  "TypesofCause" : "Cause" }, 
        {"sofa" : 1,  "begin" : 158,  "end" : 269,  "Dependent" : 1777,  "Governor" : 1751,  "TypesofCause" : "Effect" } ] } }, 
  "_referenced_fss" : {
    "1" : {"_type" : "Sofa",  "sofaNum" : 1,  "sofaID" : "_InitialView",  "mimeType" : "text",  "sofaString" : "A GNAT , who had flown about until he was tired , sat down to rest on the horn of a Bull .\nAfter sitting there a long time , he thought he would go home .\nSo he made a loud buzzing noise and said to the Bull , “ Would you like to have me stay longer , or shall I go now ? ”\n“ Just as you please , ” said the Bull .\n“ I did not know when you came , and I am sure I shall not miss you when you go away . ”\n“ What an amount of self-importance for such a tiny creature , ” thought the sleepy Bull ." }, 
    "1654" : {"_type" : "PartsofCause",  "sofa" : 1,  "begin" : 9,  "end" : 28,  "PartsofCause" : "Causing" }, 
    "1613" : {"_type" : "PartsofCause",  "sofa" : 1,  "begin" : 29,  "end" : 34,  "PartsofCause" : "Preventing" }, 
    "1626" : {"_type" : "PartsofCause",  "sofa" : 1,  "begin" : 35,  "end" : 47,  "PartsofCause" : "Argument" }, 
    "1723" : {"_type" : "PartsofCause",  "sofa" : 1,  "begin" : 50,  "end" : 58,  "PartsofCause" : "Argument" }, 
    "1682" : {"_type" : "PartsofCause",  "sofa" : 1,  "begin" : 59,  "end" : 61,  "PartsofCause" : "Causing" }, 
    "1828" : {"_type" : "PartsofCause",  "sofa" : 1,  "begin" : 62,  "end" : 66,  "PartsofCause" : "Argument" }, 
    "1764" : {"_type" : "PartsofCause",  "sofa" : 1,  "begin" : 125,  "end" : 152,  "PartsofCause" : "Argument" }, 
    "1751" : {"_type" : "PartsofCause",  "sofa" : 1,  "begin" : 155,  "end" : 157,  "PartsofCause" : "Causing" }, 
    "1777" : {"_type" : "PartsofCause",  "sofa" : 1,  "begin" : 158,  "end" : 269,  "PartsofCause" : "Argument" }, 
    "1863" : {"_type" : "LayerDefinition",  "name" : "webanno.custom.PartsofCause",  "uiName" : "Parts of Cause" }, 
    "1870" : {"_type" : "LayerDefinition",  "name" : "webanno.custom.TypesofCause",  "uiName" : "Types of Cause" }, 
    "1852" : {"_type" : "LayerDefinition",  "name" : "webanno.custom.DisjointCausalSpans",  "uiName" : "Disjoint Causal Spans" } } }