{"_context" : {
    "_types" : {
      "DisjointCausalSpansChain" : {
        "_feature_types" : {"sofa" : "_ref",  "first" : "_ref" } }, 
      "DisjointCausalSpansLink" : {
        "_feature_types" : {"sofa" : "_ref",  "next" : "_ref" } }, 
      "DocumentMetaData" : {
        "_feature_types" : {"sofa" : "_ref" } }, 
      "FeatureDefinition" : {
        "_feature_types" : {"layer" : "_ref" } }, 
      "LayerDefinition" : { }, 
      "PartsofCause" : {
        "_feature_types" : {"sofa" : "_ref" } }, 
      "Sentence" : {
        "_feature_types" : {"sofa" : "_ref" } }, 
      "Sofa" : {
        "_feature_types" : {"sofaArray" : "_ref" } }, 
      "TagsetDescription" : {
        "_feature_types" : {"sofa" : "_ref",  "tags" : "_ref" } }, 
      "Token" : {
        "_feature_types" : {"sofa" : "_ref",  "parent" : "_ref",  "lemma" : "_ref",  "stem" : "_ref",  "pos" : "_ref",  "morph" : "_ref",  "form" : "_ref" } }, 
      "TypesofCause" : {
        "_feature_types" : {"sofa" : "_ref",  "Dependent" : "_ref",  "Governor" : "_ref" } }, 
      "AnnotationBase" : {
        "_feature_types" : {"sofa" : "_ref" }, 
        "_subtypes" : ["DisjointCausalSpansChain",  "Annotation" ] }, 
      "TOP" : {
        "_subtypes" : ["AnnotationBase",  "FeatureDefinition",  "LayerDefinition",  "Sofa" ] }, 
      "Annotation" : {
        "_feature_types" : {"sofa" : "_ref" }, 
        "_subtypes" : ["DisjointCausalSpansLink",  "DocumentAnnotation",  "PartsofCause",  "Sentence",  "TagsetDescription",  "Token",  "TypesofCause" ] }, 
      "DocumentAnnotation" : {
        "_feature_types" : {"sofa" : "_ref" }, 
        "_subtypes" : ["DocumentMetaData" ] } } }, 
  "_views" : {
    "_InitialView" : {
      "FeatureDefinition" : [
        {"layer" : 1848,  "name" : "referenceRelation",  "uiName" : "Reference Relation" }, 
        {"layer" : 1848,  "name" : "referenceType",  "uiName" : "Reference Type" }, 
        {"layer" : 1859,  "name" : "PartsofCause",  "uiName" : "Parts of Cause" }, 
        {"layer" : 1866,  "name" : "TypesofCause",  "uiName" : "Types of Cause" } ], 
      "LayerDefinition" : [1848,  1859,  1866 ], 
      "DocumentMetaData" : [
        {"sofa" : 1,  "end" : 494,  "language" : "x-unspecified",  "documentTitle" : "reddit-045.txt",  "documentId" : "AYC",  "documentUri" : "file:/srv/inception/repository/project/2/document/2447/source/AYC",  "collectionId" : "file:/srv/inception/repository/project/2/document/2447/source/",  "documentBaseUri" : "file:/srv/inception/repository/project/2/document/2447/source/",  "isLastSegment" : false } ], 
      "TagsetDescription" : [
        {"sofa" : 1,  "layer" : "webanno.custom.PartsofCause",  "name" : "Parts of Cause",  "input" : false }, 
        {"sofa" : 1,  "layer" : "webanno.custom.TypesofCause",  "name" : "Causal Relations",  "input" : false } ], 
      "Sentence" : [
        {"sofa" : 1,  "end" : 494 } ], 
      "Token" : [
        {"sofa" : 1,  "end" : 4 }, 
        {"sofa" : 1,  "begin" : 5,  "end" : 7 }, 
        {"sofa" : 1,  "begin" : 8,  "end" : 11 }, 
        {"sofa" : 1,  "begin" : 12,  "end" : 13 }, 
        {"sofa" : 1,  "begin" : 14,  "end" : 15 }, 
        {"sofa" : 1,  "begin" : 16,  "end" : 18 }, 
        {"sofa" : 1,  "begin" : 19,  "end" : 22 }, 
        {"sofa" : 1,  "begin" : 23,  "end" : 26 }, 
        {"sofa" : 1,  "begin" : 27,  "end" : 32 }, 
        {"sofa" : 1,  "begin" : 33,  "end" : 36 }, 
        {"sofa" : 1,  "begin" : 37,  "end" : 38 }, 
        {"sofa" : 1,  "begin" : 39,  "end" : 43 }, 
        {"sofa" : 1,  "begin" : 44,  "end" : 48 }, 
        {"sofa" : 1,  "begin" : 49,  "end" : 51 }, 
        {"sofa" : 1,  "begin" : 52,  "end" : 55 }, 
        {"sofa" : 1,  "begin" : 56,  "end" : 59 }, 
        {"sofa" : 1,  "begin" : 60,  "end" : 61 }, 
        {"sofa" : 1,  "begin" : 62,  "end" : 63 }, 
        {"sofa" : 1,  "begin" : 64,  "end" : 70 }, 
        {"sofa" : 1,  "begin" : 71,  "end" : 74 }, 
        {"sofa" : 1,  "begin" : 75,  "end" : 83 }, 
        {"sofa" : 1,  "begin" : 84,  "end" : 86 }, 
        {"sofa" : 1,  "begin" : 87,  "end" : 97 }, 
        {"sofa" : 1,  "begin" : 98,  "end" : 99 }, 
        {"sofa" : 1,  "begin" : 100,  "end" : 103 }, 
        {"sofa" : 1,  "begin" : 104,  "end" : 108 }, 
        {"sofa" : 1,  "begin" : 109,  "end" : 111 }, 
        {"sofa" : 1,  "begin" : 112,  "end" : 115 }, 
        {"sofa" : 1,  "begin" : 116,  "end" : 118 }, 
        {"sofa" : 1,  "begin" : 119,  "end" : 122 }, 
        {"sofa" : 1,  "begin" : 123,  "end" : 124 }, 
        {"sofa" : 1,  "begin" : 125,  "end" : 130 }, 
        {"sofa" : 1,  "begin" : 131,  "end" : 132 }, 
        {"sofa" : 1,  "begin" : 133,  "end" : 134 }, 
        {"sofa" : 1,  "begin" : 135,  "end" : 136 }, 
        {"sofa" : 1,  "begin" : 137,  "end" : 141 }, 
        {"sofa" : 1,  "begin" : 142,  "end" : 145 }, 
        {"sofa" : 1,  "begin" : 146,  "end" : 152 }, 
        {"sofa" : 1,  "begin" : 153,  "end" : 155 }, 
        {"sofa" : 1,  "begin" : 156,  "end" : 159 }, 
        {"sofa" : 1,  "begin" : 160,  "end" : 163 }, 
        {"sofa" : 1,  "begin" : 164,  "end" : 168 }, 
        {"sofa" : 1,  "begin" : 169,  "end" : 170 }, 
        {"sofa" : 1,  "begin" : 171,  "end" : 174 }, 
        {"sofa" : 1,  "begin" : 175,  "end" : 181 }, 
        {"sofa" : 1,  "begin" : 182,  "end" : 189 }, 
        {"sofa" : 1,  "begin" : 190,  "end" : 191 }, 
        {"sofa" : 1,  "begin" : 192,  "end" : 196 }, 
        {"sofa" : 1,  "begin" : 197,  "end" : 199 }, 
        {"sofa" : 1,  "begin" : 200,  "end" : 208 }, 
        {"sofa" : 1,  "begin" : 209,  "end" : 210 }, 
        {"sofa" : 1,  "begin" : 211,  "end" : 212 }, 
        {"sofa" : 1,  "begin" : 213,  "end" : 215 }, 
        {"sofa" : 1,  "begin" : 216,  "end" : 219 }, 
        {"sofa" : 1,  "begin" : 220,  "end" : 224 }, 
        {"sofa" : 1,  "begin" : 225,  "end" : 233 }, 
        {"sofa" : 1,  "begin" : 234,  "end" : 235 }, 
        {"sofa" : 1,  "begin" : 236,  "end" : 240 }, 
        {"sofa" : 1,  "begin" : 241,  "end" : 243 }, 
        {"sofa" : 1,  "begin" : 244,  "end" : 246 }, 
        {"sofa" : 1,  "begin" : 247,  "end" : 249 }, 
        {"sofa" : 1,  "begin" : 250,  "end" : 258 }, 
        {"sofa" : 1,  "begin" : 259,  "end" : 261 }, 
        {"sofa" : 1,  "begin" : 262,  "end" : 266 }, 
        {"sofa" : 1,  "begin" : 267,  "end" : 270 }, 
        {"sofa" : 1,  "begin" : 271,  "end" : 274 }, 
        {"sofa" : 1,  "begin" : 275,  "end" : 276 }, 
        {"sofa" : 1,  "begin" : 277,  "end" : 280 }, 
        {"sofa" : 1,  "begin" : 281,  "end" : 283 }, 
        {"sofa" : 1,  "begin" : 284,  "end" : 286 }, 
        {"sofa" : 1,  "begin" : 287,  "end" : 295 }, 
        {"sofa" : 1,  "begin" : 296,  "end" : 297 }, 
        {"sofa" : 1,  "begin" : 298,  "end" : 301 }, 
        {"sofa" : 1,  "begin" : 302,  "end" : 306 }, 
        {"sofa" : 1,  "begin" : 307,  "end" : 309 }, 
        {"sofa" : 1,  "begin" : 310,  "end" : 312 }, 
        {"sofa" : 1,  "begin" : 313,  "end" : 316 }, 
        {"sofa" : 1,  "begin" : 317,  "end" : 318 }, 
        {"sofa" : 1,  "begin" : 319,  "end" : 323 }, 
        {"sofa" : 1,  "begin" : 324,  "end" : 328 }, 
        {"sofa" : 1,  "begin" : 329,  "end" : 336 }, 
        {"sofa" : 1,  "begin" : 337,  "end" : 339 }, 
        {"sofa" : 1,  "begin" : 340,  "end" : 346 }, 
        {"sofa" : 1,  "begin" : 347,  "end" : 350 }, 
        {"sofa" : 1,  "begin" : 351,  "end" : 352 }, 
        {"sofa" : 1,  "begin" : 353,  "end" : 355 }, 
        {"sofa" : 1,  "begin" : 356,  "end" : 359 }, 
        {"sofa" : 1,  "begin" : 360,  "end" : 363 }, 
        {"sofa" : 1,  "begin" : 364,  "end" : 365 }, 
        {"sofa" : 1,  "begin" : 366,  "end" : 371 }, 
        {"sofa" : 1,  "begin" : 372,  "end" : 379 }, 
        {"sofa" : 1,  "begin" : 380,  "end" : 383 }, 
        {"sofa" : 1,  "begin" : 384,  "end" : 388 }, 
        {"sofa" : 1,  "begin" : 389,  "end" : 393 }, 
        {"sofa" : 1,  "begin" : 394,  "end" : 397 }, 
        {"sofa" : 1,  "begin" : 398,  "end" : 403 }, 
        {"sofa" : 1,  "begin" : 404,  "end" : 408 }, 
        {"sofa" : 1,  "begin" : 409,  "end" : 410 }, 
        {"sofa" : 1,  "begin" : 411,  "end" : 416 }, 
        {"sofa" : 1,  "begin" : 417,  "end" : 421 }, 
        {"sofa" : 1,  "begin" : 422,  "end" : 426 }, 
        {"sofa" : 1,  "begin" : 427,  "end" : 429 }, 
        {"sofa" : 1,  "begin" : 430,  "end" : 431 }, 
        {"sofa" : 1,  "begin" : 432,  "end" : 433 }, 
        {"sofa" : 1,  "begin" : 434,  "end" : 439 }, 
        {"sofa" : 1,  "begin" : 440,  "end" : 441 }, 
        {"sofa" : 1,  "begin" : 442,  "end" : 449 }, 
        {"sofa" : 1,  "begin" : 450,  "end" : 454 }, 
        {"sofa" : 1,  "begin" : 455,  "end" : 464 }, 
        {"sofa" : 1,  "begin" : 465,  "end" : 467 }, 
        {"sofa" : 1,  "begin" : 468,  "end" : 473 }, 
        {"sofa" : 1,  "begin" : 474,  "end" : 479 }, 
        {"sofa" : 1,  "begin" : 480,  "end" : 481 }, 
        {"sofa" : 1,  "begin" : 482,  "end" : 487 }, 
        {"sofa" : 1,  "begin" : 488,  "end" : 489 }, 
        {"sofa" : 1,  "begin" : 490,  "end" : 494 } ], 
      "DisjointCausalSpansChain" : [
        {"sofa" : 1,  "first" : 1721 } ], 
      "DisjointCausalSpansLink" : [1721,  1735 ], 
      "PartsofCause" : [1562,  1536,  1549,  1783,  1796,  1809,  1605,  1618,  1631,  1644,  1657,  1670 ], 
      "TypesofCause" : [
        {"sofa" : 1,  "begin" : 135,  "end" : 152,  "Dependent" : 1562,  "Governor" : 1536,  "TypesofCause" : "Effect" }, 
        {"sofa" : 1,  "begin" : 156,  "end" : 189,  "Dependent" : 1549,  "Governor" : 1536,  "TypesofCause" : "Cause" }, 
        {"sofa" : 1,  "begin" : 250,  "end" : 258,  "Dependent" : 1783,  "Governor" : 1796,  "TypesofCause" : "Effect" }, 
        {"sofa" : 1,  "begin" : 262,  "end" : 323,  "Dependent" : 1809,  "Governor" : 1796,  "TypesofCause" : "Cause" }, 
        {"sofa" : 1,  "begin" : 356,  "end" : 383,  "Dependent" : 1618,  "Governor" : 1605,  "TypesofCause" : "Cause" }, 
        {"sofa" : 1,  "begin" : 389,  "end" : 403,  "Dependent" : 1631,  "Governor" : 1605,  "TypesofCause" : "Effect" }, 
        {"sofa" : 1,  "begin" : 417,  "end" : 429,  "Dependent" : 1657,  "Governor" : 1644,  "TypesofCause" : "Cause" }, 
        {"sofa" : 1,  "begin" : 432,  "end" : 487,  "Dependent" : 1670,  "Governor" : 1644,  "TypesofCause" : "Effect" } ] } }, 
  "_referenced_fss" : {
    "1" : {"_type" : "Sofa",  "sofaNum" : 1,  "sofaID" : "_InitialView",  "mimeType" : "text",  "sofaString" : "Here 's why : \" My SAT was kinda low \" gets 1590 on the sat \" I barely did anything in highschool \" has like 10 ecs on one \" spike \" \" I does n't matter if you get into a low ranked college \" goes to Stanford \" I do n't like studying \" does 10 AP 's Attempts to give off the \" did nt do anything , yet went to an IVY \" vibe Poor attempt at humour Bro , if you got a BELOW AVERAGE SAT THEN MAKE THE VIDEO Edit : Since this blew up , I think I finally have something to write under \" Honor \" haha" }, 
    "1562" : {"_type" : "PartsofCause",  "sofa" : 1,  "begin" : 135,  "end" : 152,  "PartsofCause" : "Argument" }, 
    "1536" : {"_type" : "PartsofCause",  "sofa" : 1,  "begin" : 153,  "end" : 155,  "PartsofCause" : "Causing" }, 
    "1549" : {"_type" : "PartsofCause",  "sofa" : 1,  "begin" : 156,  "end" : 189,  "PartsofCause" : "Argument" }, 
    "1783" : {"_type" : "PartsofCause",  "sofa" : 1,  "begin" : 250,  "end" : 258,  "PartsofCause" : "Argument" }, 
    "1796" : {"_type" : "PartsofCause",  "sofa" : 1,  "begin" : 259,  "end" : 261,  "PartsofCause" : "Causing" }, 
    "1809" : {"_type" : "PartsofCause",  "sofa" : 1,  "begin" : 262,  "end" : 323,  "PartsofCause" : "Argument" }, 
    "1618" : {"_type" : "PartsofCause",  "sofa" : 1,  "begin" : 356,  "end" : 383,  "PartsofCause" : "Argument" }, 
    "1605" : {"_type" : "PartsofCause",  "sofa" : 1,  "begin" : 353,  "end" : 355,  "PartsofCause" : "Causing" }, 
    "1631" : {"_type" : "PartsofCause",  "sofa" : 1,  "begin" : 389,  "end" : 403,  "PartsofCause" : "Argument" }, 
    "1657" : {"_type" : "PartsofCause",  "sofa" : 1,  "begin" : 417,  "end" : 429,  "PartsofCause" : "Argument" }, 
    "1644" : {"_type" : "PartsofCause",  "sofa" : 1,  "begin" : 411,  "end" : 416,  "PartsofCause" : "Enabling" }, 
    "1670" : {"_type" : "PartsofCause",  "sofa" : 1,  "begin" : 432,  "end" : 487,  "PartsofCause" : "Argument" }, 
    "1735" : {"_type" : "DisjointCausalSpansLink",  "sofa" : 1,  "begin" : 384,  "end" : 388 }, 
    "1721" : {"_type" : "DisjointCausalSpansLink",  "sofa" : 1,  "begin" : 353,  "end" : 355,  "next" : 1735 }, 
    "1859" : {"_type" : "LayerDefinition",  "name" : "webanno.custom.PartsofCause",  "uiName" : "Parts of Cause" }, 
    "1866" : {"_type" : "LayerDefinition",  "name" : "webanno.custom.TypesofCause",  "uiName" : "Types of Cause" }, 
    "1848" : {"_type" : "LayerDefinition",  "name" : "webanno.custom.DisjointCausalSpans",  "uiName" : "Disjoint Causal Spans" } } }