{"_context" : {
    "_types" : {
      "DocumentMetaData" : {
        "_feature_types" : {"sofa" : "_ref" } }, 
      "FeatureDefinition" : {
        "_feature_types" : {"layer" : "_ref" } }, 
      "LayerDefinition" : { }, 
      "PartsofCause" : {
        "_feature_types" : {"sofa" : "_ref" } }, 
      "Sentence" : {
        "_feature_types" : {"sofa" : "_ref" } }, 
      "Sofa" : {
        "_feature_types" : {"sofaArray" : "_ref" } }, 
      "TagsetDescription" : {
        "_feature_types" : {"sofa" : "_ref",  "tags" : "_ref" } }, 
      "Token" : {
        "_feature_types" : {"sofa" : "_ref",  "parent" : "_ref",  "lemma" : "_ref",  "stem" : "_ref",  "pos" : "_ref",  "morph" : "_ref",  "form" : "_ref" } }, 
      "TypesofCause" : {
        "_feature_types" : {"sofa" : "_ref",  "Dependent" : "_ref",  "Governor" : "_ref" } }, 
      "DocumentAnnotation" : {
        "_feature_types" : {"sofa" : "_ref" }, 
        "_subtypes" : ["DocumentMetaData" ] }, 
      "Annotation" : {
        "_feature_types" : {"sofa" : "_ref" }, 
        "_subtypes" : ["DocumentAnnotation",  "PartsofCause",  "Sentence",  "TagsetDescription",  "Token",  "TypesofCause" ] }, 
      "AnnotationBase" : {
        "_feature_types" : {"sofa" : "_ref" }, 
        "_subtypes" : ["Annotation" ] }, 
      "TOP" : {
        "_subtypes" : ["AnnotationBase",  "FeatureDefinition",  "LayerDefinition",  "Sofa" ] } } }, 
  "_views" : {
    "_InitialView" : {
      "FeatureDefinition" : [
        {"layer" : 1481,  "name" : "referenceRelation",  "uiName" : "Reference Relation" }, 
        {"layer" : 1481,  "name" : "referenceType",  "uiName" : "Reference Type" }, 
        {"layer" : 1492,  "name" : "PartsofCause",  "uiName" : "Parts of Cause" }, 
        {"layer" : 1499,  "name" : "TypesofCause",  "uiName" : "Types of Cause" } ], 
      "LayerDefinition" : [1481,  1492,  1499 ], 
      "DocumentMetaData" : [
        {"sofa" : 1,  "end" : 590,  "language" : "x-unspecified",  "documentTitle" : "cnn-23.txt",  "documentId" : "GJW",  "documentUri" : "file:/srv/inception/repository/project/2/document/2375/source/GJW",  "collectionId" : "file:/srv/inception/repository/project/2/document/2375/source/",  "documentBaseUri" : "file:/srv/inception/repository/project/2/document/2375/source/",  "isLastSegment" : false } ], 
      "TagsetDescription" : [
        {"sofa" : 1,  "layer" : "webanno.custom.PartsofCause",  "name" : "Parts of Cause",  "input" : false }, 
        {"sofa" : 1,  "layer" : "webanno.custom.TypesofCause",  "name" : "Causal Relations",  "input" : false } ], 
      "Sentence" : [
        {"sofa" : 1,  "end" : 177 }, 
        {"sofa" : 1,  "begin" : 178,  "end" : 311 }, 
        {"sofa" : 1,  "begin" : 312,  "end" : 436 }, 
        {"sofa" : 1,  "begin" : 437,  "end" : 506 }, 
        {"sofa" : 1,  "begin" : 507,  "end" : 590 } ], 
      "Token" : [
        {"sofa" : 1,  "end" : 2 }, 
        {"sofa" : 1,  "begin" : 3,  "end" : 12 }, 
        {"sofa" : 1,  "begin" : 13,  "end" : 16 }, 
        {"sofa" : 1,  "begin" : 17,  "end" : 21 }, 
        {"sofa" : 1,  "begin" : 22,  "end" : 24 }, 
        {"sofa" : 1,  "begin" : 25,  "end" : 26 }, 
        {"sofa" : 1,  "begin" : 27,  "end" : 37 }, 
        {"sofa" : 1,  "begin" : 38,  "end" : 47 }, 
        {"sofa" : 1,  "begin" : 48,  "end" : 56 }, 
        {"sofa" : 1,  "begin" : 57,  "end" : 62 }, 
        {"sofa" : 1,  "begin" : 63,  "end" : 65 }, 
        {"sofa" : 1,  "begin" : 66,  "end" : 73 }, 
        {"sofa" : 1,  "begin" : 74,  "end" : 79 }, 
        {"sofa" : 1,  "begin" : 80,  "end" : 82 }, 
        {"sofa" : 1,  "begin" : 83,  "end" : 91 }, 
        {"sofa" : 1,  "begin" : 92,  "end" : 101 }, 
        {"sofa" : 1,  "begin" : 102,  "end" : 108 }, 
        {"sofa" : 1,  "begin" : 109,  "end" : 113 }, 
        {"sofa" : 1,  "begin" : 114,  "end" : 120 }, 
        {"sofa" : 1,  "begin" : 121,  "end" : 124 }, 
        {"sofa" : 1,  "begin" : 125,  "end" : 132 }, 
        {"sofa" : 1,  "begin" : 133,  "end" : 135 }, 
        {"sofa" : 1,  "begin" : 136,  "end" : 141 }, 
        {"sofa" : 1,  "begin" : 142,  "end" : 144 }, 
        {"sofa" : 1,  "begin" : 145,  "end" : 151 }, 
        {"sofa" : 1,  "begin" : 152,  "end" : 153 }, 
        {"sofa" : 1,  "begin" : 154,  "end" : 163 }, 
        {"sofa" : 1,  "begin" : 164,  "end" : 170 }, 
        {"sofa" : 1,  "begin" : 171,  "end" : 175 }, 
        {"sofa" : 1,  "begin" : 176,  "end" : 177 }, 
        {"sofa" : 1,  "begin" : 178,  "end" : 184 }, 
        {"sofa" : 1,  "begin" : 185,  "end" : 186 }, 
        {"sofa" : 1,  "begin" : 187,  "end" : 190 }, 
        {"sofa" : 1,  "begin" : 191,  "end" : 200 }, 
        {"sofa" : 1,  "begin" : 201,  "end" : 205 }, 
        {"sofa" : 1,  "begin" : 206,  "end" : 216 }, 
        {"sofa" : 1,  "begin" : 217,  "end" : 220 }, 
        {"sofa" : 1,  "begin" : 221,  "end" : 229 }, 
        {"sofa" : 1,  "begin" : 230,  "end" : 234 }, 
        {"sofa" : 1,  "begin" : 235,  "end" : 237 }, 
        {"sofa" : 1,  "begin" : 238,  "end" : 244 }, 
        {"sofa" : 1,  "begin" : 245,  "end" : 248 }, 
        {"sofa" : 1,  "begin" : 249,  "end" : 253 }, 
        {"sofa" : 1,  "begin" : 254,  "end" : 261 }, 
        {"sofa" : 1,  "begin" : 262,  "end" : 263 }, 
        {"sofa" : 1,  "begin" : 264,  "end" : 268 }, 
        {"sofa" : 1,  "begin" : 269,  "end" : 279 }, 
        {"sofa" : 1,  "begin" : 280,  "end" : 283 }, 
        {"sofa" : 1,  "begin" : 284,  "end" : 287 }, 
        {"sofa" : 1,  "begin" : 288,  "end" : 291 }, 
        {"sofa" : 1,  "begin" : 292,  "end" : 298 }, 
        {"sofa" : 1,  "begin" : 299,  "end" : 302 }, 
        {"sofa" : 1,  "begin" : 303,  "end" : 309 }, 
        {"sofa" : 1,  "begin" : 310,  "end" : 311 }, 
        {"sofa" : 1,  "begin" : 312,  "end" : 315 }, 
        {"sofa" : 1,  "begin" : 316,  "end" : 324 }, 
        {"sofa" : 1,  "begin" : 325,  "end" : 333 }, 
        {"sofa" : 1,  "begin" : 334,  "end" : 340 }, 
        {"sofa" : 1,  "begin" : 341,  "end" : 342 }, 
        {"sofa" : 1,  "begin" : 343,  "end" : 354 }, 
        {"sofa" : 1,  "begin" : 355,  "end" : 358 }, 
        {"sofa" : 1,  "begin" : 359,  "end" : 367 }, 
        {"sofa" : 1,  "begin" : 368,  "end" : 377 }, 
        {"sofa" : 1,  "begin" : 378,  "end" : 380 }, 
        {"sofa" : 1,  "begin" : 381,  "end" : 384 }, 
        {"sofa" : 1,  "begin" : 385,  "end" : 390 }, 
        {"sofa" : 1,  "begin" : 391,  "end" : 392 }, 
        {"sofa" : 1,  "begin" : 393,  "end" : 396 }, 
        {"sofa" : 1,  "begin" : 397,  "end" : 400 }, 
        {"sofa" : 1,  "begin" : 401,  "end" : 411 }, 
        {"sofa" : 1,  "begin" : 412,  "end" : 418 }, 
        {"sofa" : 1,  "begin" : 419,  "end" : 429 }, 
        {"sofa" : 1,  "begin" : 430,  "end" : 434 }, 
        {"sofa" : 1,  "begin" : 435,  "end" : 436 }, 
        {"sofa" : 1,  "begin" : 437,  "end" : 438 }, 
        {"sofa" : 1,  "begin" : 439,  "end" : 443 }, 
        {"sofa" : 1,  "begin" : 444,  "end" : 448 }, 
        {"sofa" : 1,  "begin" : 449,  "end" : 452 }, 
        {"sofa" : 1,  "begin" : 453,  "end" : 458 }, 
        {"sofa" : 1,  "begin" : 459,  "end" : 465 }, 
        {"sofa" : 1,  "begin" : 466,  "end" : 471 }, 
        {"sofa" : 1,  "begin" : 472,  "end" : 474 }, 
        {"sofa" : 1,  "begin" : 475,  "end" : 482 }, 
        {"sofa" : 1,  "begin" : 483,  "end" : 484 }, 
        {"sofa" : 1,  "begin" : 485,  "end" : 494 }, 
        {"sofa" : 1,  "begin" : 495,  "end" : 497 }, 
        {"sofa" : 1,  "begin" : 498,  "end" : 504 }, 
        {"sofa" : 1,  "begin" : 505,  "end" : 506 }, 
        {"sofa" : 1,  "begin" : 507,  "end" : 516 }, 
        {"sofa" : 1,  "begin" : 517,  "end" : 519 }, 
        {"sofa" : 1,  "begin" : 520,  "end" : 527 }, 
        {"sofa" : 1,  "begin" : 528,  "end" : 533 }, 
        {"sofa" : 1,  "begin" : 534,  "end" : 537 }, 
        {"sofa" : 1,  "begin" : 538,  "end" : 548 }, 
        {"sofa" : 1,  "begin" : 549,  "end" : 550 }, 
        {"sofa" : 1,  "begin" : 551,  "end" : 554 }, 
        {"sofa" : 1,  "begin" : 555,  "end" : 560 }, 
        {"sofa" : 1,  "begin" : 561,  "end" : 562 }, 
        {"sofa" : 1,  "begin" : 563,  "end" : 567 }, 
        {"sofa" : 1,  "begin" : 568,  "end" : 569 }, 
        {"sofa" : 1,  "begin" : 570,  "end" : 579 }, 
        {"sofa" : 1,  "begin" : 580,  "end" : 582 }, 
        {"sofa" : 1,  "begin" : 583,  "end" : 588 }, 
        {"sofa" : 1,  "begin" : 589,  "end" : 590 } ], 
      "PartsofCause" : [1421,  1412,  1449 ], 
      "TypesofCause" : [
        {"sofa" : 1,  "begin" : 312,  "end" : 333,  "Dependent" : 1421,  "Governor" : 1412,  "TypesofCause" : "Effect" }, 
        {"sofa" : 1,  "begin" : 341,  "end" : 390,  "Dependent" : 1449,  "Governor" : 1412,  "TypesofCause" : "Cause" } ] } }, 
  "_referenced_fss" : {
    "1" : {"_type" : "Sofa",  "sofaNum" : 1,  "sofaID" : "_InitialView",  "mimeType" : "text",  "sofaString" : "An explosion and fire at a Mitsubishi Materials chemical plant in central Japan on Thursday afternoon killed five people and injured at least 12 others , Yokkaichi police said .\nEalier , the Yokkaichi Fire Department had reported that 17 people had been injured , five critically but did not report any deaths .\nThe incident happened during a maintenance and cleaning operation at the plant , the Mie Prefecture Police Department said .\nA fire from the blast lasted about 10 minutes , according to police .\nYokkaichi is located about 320 Kilometers ( 200 miles ) west - southwest of Tokyo ." }, 
    "1421" : {"_type" : "PartsofCause",  "sofa" : 1,  "begin" : 312,  "end" : 333,  "PartsofCause" : "Argument" }, 
    "1412" : {"_type" : "PartsofCause",  "sofa" : 1,  "begin" : 334,  "end" : 340,  "PartsofCause" : "Causing" }, 
    "1449" : {"_type" : "PartsofCause",  "sofa" : 1,  "begin" : 341,  "end" : 390,  "PartsofCause" : "Argument" }, 
    "1499" : {"_type" : "LayerDefinition",  "name" : "webanno.custom.TypesofCause",  "uiName" : "Types of Cause" }, 
    "1492" : {"_type" : "LayerDefinition",  "name" : "webanno.custom.PartsofCause",  "uiName" : "Parts of Cause" }, 
    "1481" : {"_type" : "LayerDefinition",  "name" : "webanno.custom.DisjointCausalSpans",  "uiName" : "Disjoint Causal Spans" } } }