{"_context" : {
    "_types" : {
      "DocumentMetaData" : {
        "_feature_types" : {"sofa" : "_ref" } }, 
      "FeatureDefinition" : {
        "_feature_types" : {"layer" : "_ref" } }, 
      "LayerDefinition" : { }, 
      "PartsofCause" : {
        "_feature_types" : {"sofa" : "_ref" } }, 
      "Sentence" : {
        "_feature_types" : {"sofa" : "_ref" } }, 
      "Sofa" : {
        "_feature_types" : {"sofaArray" : "_ref" } }, 
      "TagsetDescription" : {
        "_feature_types" : {"sofa" : "_ref",  "tags" : "_ref" } }, 
      "Token" : {
        "_feature_types" : {"sofa" : "_ref",  "parent" : "_ref",  "lemma" : "_ref",  "stem" : "_ref",  "pos" : "_ref",  "morph" : "_ref",  "form" : "_ref" } }, 
      "TypesofCause" : {
        "_feature_types" : {"sofa" : "_ref",  "Dependent" : "_ref",  "Governor" : "_ref" } }, 
      "DocumentAnnotation" : {
        "_feature_types" : {"sofa" : "_ref" }, 
        "_subtypes" : ["DocumentMetaData" ] }, 
      "Annotation" : {
        "_feature_types" : {"sofa" : "_ref" }, 
        "_subtypes" : ["DocumentAnnotation",  "PartsofCause",  "Sentence",  "TagsetDescription",  "Token",  "TypesofCause" ] }, 
      "AnnotationBase" : {
        "_feature_types" : {"sofa" : "_ref" }, 
        "_subtypes" : ["Annotation" ] }, 
      "TOP" : {
        "_subtypes" : ["AnnotationBase",  "FeatureDefinition",  "LayerDefinition",  "Sofa" ] } } }, 
  "_views" : {
    "_InitialView" : {
      "FeatureDefinition" : [
        {"layer" : 1661,  "name" : "referenceRelation",  "uiName" : "Reference Relation" }, 
        {"layer" : 1661,  "name" : "referenceType",  "uiName" : "Reference Type" }, 
        {"layer" : 1672,  "name" : "PartsofCause",  "uiName" : "Parts of Cause" }, 
        {"layer" : 1679,  "name" : "TypesofCause",  "uiName" : "Types of Cause" } ], 
      "LayerDefinition" : [1661,  1672,  1679 ], 
      "DocumentMetaData" : [
        {"sofa" : 1,  "end" : 545,  "language" : "x-unspecified",  "documentTitle" : "reddit-037.txt",  "documentId" : "GJW",  "documentUri" : "file:/srv/inception/repository/project/2/document/2439/source/GJW",  "collectionId" : "file:/srv/inception/repository/project/2/document/2439/source/",  "documentBaseUri" : "file:/srv/inception/repository/project/2/document/2439/source/",  "isLastSegment" : false } ], 
      "TagsetDescription" : [
        {"sofa" : 1,  "layer" : "webanno.custom.PartsofCause",  "name" : "Parts of Cause",  "input" : false }, 
        {"sofa" : 1,  "layer" : "webanno.custom.TypesofCause",  "name" : "Causal Relations",  "input" : false } ], 
      "Sentence" : [
        {"sofa" : 1,  "end" : 34 }, 
        {"sofa" : 1,  "begin" : 35,  "end" : 53 }, 
        {"sofa" : 1,  "begin" : 54,  "end" : 81 }, 
        {"sofa" : 1,  "begin" : 82,  "end" : 173 }, 
        {"sofa" : 1,  "begin" : 174,  "end" : 274 }, 
        {"sofa" : 1,  "begin" : 275,  "end" : 298 }, 
        {"sofa" : 1,  "begin" : 299,  "end" : 403 }, 
        {"sofa" : 1,  "begin" : 404,  "end" : 491 }, 
        {"sofa" : 1,  "begin" : 492,  "end" : 545 } ], 
      "Token" : [
        {"sofa" : 1,  "end" : 1 }, 
        {"sofa" : 1,  "begin" : 2,  "end" : 4 }, 
        {"sofa" : 1,  "begin" : 5,  "end" : 10 }, 
        {"sofa" : 1,  "begin" : 11,  "end" : 13 }, 
        {"sofa" : 1,  "begin" : 14,  "end" : 20 }, 
        {"sofa" : 1,  "begin" : 21,  "end" : 26 }, 
        {"sofa" : 1,  "begin" : 27,  "end" : 32 }, 
        {"sofa" : 1,  "begin" : 33,  "end" : 34 }, 
        {"sofa" : 1,  "begin" : 35,  "end" : 38 }, 
        {"sofa" : 1,  "begin" : 39,  "end" : 42 }, 
        {"sofa" : 1,  "begin" : 43,  "end" : 51 }, 
        {"sofa" : 1,  "begin" : 52,  "end" : 53 }, 
        {"sofa" : 1,  "begin" : 54,  "end" : 58 }, 
        {"sofa" : 1,  "begin" : 59,  "end" : 61 }, 
        {"sofa" : 1,  "begin" : 62,  "end" : 65 }, 
        {"sofa" : 1,  "begin" : 66,  "end" : 69 }, 
        {"sofa" : 1,  "begin" : 70,  "end" : 73 }, 
        {"sofa" : 1,  "begin" : 74,  "end" : 79 }, 
        {"sofa" : 1,  "begin" : 80,  "end" : 81 }, 
        {"sofa" : 1,  "begin" : 82,  "end" : 91 }, 
        {"sofa" : 1,  "begin" : 92,  "end" : 97 }, 
        {"sofa" : 1,  "begin" : 98,  "end" : 101 }, 
        {"sofa" : 1,  "begin" : 102,  "end" : 108 }, 
        {"sofa" : 1,  "begin" : 109,  "end" : 111 }, 
        {"sofa" : 1,  "begin" : 112,  "end" : 114 }, 
        {"sofa" : 1,  "begin" : 115,  "end" : 116 }, 
        {"sofa" : 1,  "begin" : 117,  "end" : 119 }, 
        {"sofa" : 1,  "begin" : 120,  "end" : 123 }, 
        {"sofa" : 1,  "begin" : 124,  "end" : 128 }, 
        {"sofa" : 1,  "begin" : 129,  "end" : 132 }, 
        {"sofa" : 1,  "begin" : 133,  "end" : 136 }, 
        {"sofa" : 1,  "begin" : 137,  "end" : 144 }, 
        {"sofa" : 1,  "begin" : 145,  "end" : 148 }, 
        {"sofa" : 1,  "begin" : 149,  "end" : 152 }, 
        {"sofa" : 1,  "begin" : 153,  "end" : 157 }, 
        {"sofa" : 1,  "begin" : 158,  "end" : 161 }, 
        {"sofa" : 1,  "begin" : 162,  "end" : 165 }, 
        {"sofa" : 1,  "begin" : 166,  "end" : 171 }, 
        {"sofa" : 1,  "begin" : 172,  "end" : 173 }, 
        {"sofa" : 1,  "begin" : 174,  "end" : 179 }, 
        {"sofa" : 1,  "begin" : 180,  "end" : 182 }, 
        {"sofa" : 1,  "begin" : 183,  "end" : 185 }, 
        {"sofa" : 1,  "begin" : 186,  "end" : 193 }, 
        {"sofa" : 1,  "begin" : 194,  "end" : 197 }, 
        {"sofa" : 1,  "begin" : 198,  "end" : 200 }, 
        {"sofa" : 1,  "begin" : 201,  "end" : 207 }, 
        {"sofa" : 1,  "begin" : 208,  "end" : 212 }, 
        {"sofa" : 1,  "begin" : 213,  "end" : 217 }, 
        {"sofa" : 1,  "begin" : 218,  "end" : 222 }, 
        {"sofa" : 1,  "begin" : 223,  "end" : 224 }, 
        {"sofa" : 1,  "begin" : 225,  "end" : 232 }, 
        {"sofa" : 1,  "begin" : 233,  "end" : 237 }, 
        {"sofa" : 1,  "begin" : 238,  "end" : 242 }, 
        {"sofa" : 1,  "begin" : 243,  "end" : 244 }, 
        {"sofa" : 1,  "begin" : 245,  "end" : 247 }, 
        {"sofa" : 1,  "begin" : 248,  "end" : 250 }, 
        {"sofa" : 1,  "begin" : 251,  "end" : 255 }, 
        {"sofa" : 1,  "begin" : 256,  "end" : 263 }, 
        {"sofa" : 1,  "begin" : 264,  "end" : 268 }, 
        {"sofa" : 1,  "begin" : 269,  "end" : 272 }, 
        {"sofa" : 1,  "begin" : 273,  "end" : 274 }, 
        {"sofa" : 1,  "begin" : 275,  "end" : 279 }, 
        {"sofa" : 1,  "begin" : 280,  "end" : 282 }, 
        {"sofa" : 1,  "begin" : 283,  "end" : 287 }, 
        {"sofa" : 1,  "begin" : 288,  "end" : 296 }, 
        {"sofa" : 1,  "begin" : 297,  "end" : 298 }, 
        {"sofa" : 1,  "begin" : 299,  "end" : 302 }, 
        {"sofa" : 1,  "begin" : 303,  "end" : 306 }, 
        {"sofa" : 1,  "begin" : 307,  "end" : 312 }, 
        {"sofa" : 1,  "begin" : 313,  "end" : 315 }, 
        {"sofa" : 1,  "begin" : 316,  "end" : 324 }, 
        {"sofa" : 1,  "begin" : 325,  "end" : 327 }, 
        {"sofa" : 1,  "begin" : 328,  "end" : 331 }, 
        {"sofa" : 1,  "begin" : 332,  "end" : 339 }, 
        {"sofa" : 1,  "begin" : 340,  "end" : 344 }, 
        {"sofa" : 1,  "begin" : 345,  "end" : 353 }, 
        {"sofa" : 1,  "begin" : 354,  "end" : 356 }, 
        {"sofa" : 1,  "begin" : 357,  "end" : 364 }, 
        {"sofa" : 1,  "begin" : 365,  "end" : 371 }, 
        {"sofa" : 1,  "begin" : 372,  "end" : 376 }, 
        {"sofa" : 1,  "begin" : 377,  "end" : 380 }, 
        {"sofa" : 1,  "begin" : 381,  "end" : 384 }, 
        {"sofa" : 1,  "begin" : 385,  "end" : 388 }, 
        {"sofa" : 1,  "begin" : 389,  "end" : 392 }, 
        {"sofa" : 1,  "begin" : 393,  "end" : 401 }, 
        {"sofa" : 1,  "begin" : 402,  "end" : 403 }, 
        {"sofa" : 1,  "begin" : 404,  "end" : 408 }, 
        {"sofa" : 1,  "begin" : 409,  "end" : 416 }, 
        {"sofa" : 1,  "begin" : 417,  "end" : 420 }, 
        {"sofa" : 1,  "begin" : 421,  "end" : 428 }, 
        {"sofa" : 1,  "begin" : 429,  "end" : 433 }, 
        {"sofa" : 1,  "begin" : 434,  "end" : 439 }, 
        {"sofa" : 1,  "begin" : 440,  "end" : 444 }, 
        {"sofa" : 1,  "begin" : 445,  "end" : 448 }, 
        {"sofa" : 1,  "begin" : 449,  "end" : 453 }, 
        {"sofa" : 1,  "begin" : 454,  "end" : 461 }, 
        {"sofa" : 1,  "begin" : 462,  "end" : 464 }, 
        {"sofa" : 1,  "begin" : 465,  "end" : 472 }, 
        {"sofa" : 1,  "begin" : 473,  "end" : 476 }, 
        {"sofa" : 1,  "begin" : 477,  "end" : 480 }, 
        {"sofa" : 1,  "begin" : 481,  "end" : 489 }, 
        {"sofa" : 1,  "begin" : 490,  "end" : 491 }, 
        {"sofa" : 1,  "begin" : 492,  "end" : 500 }, 
        {"sofa" : 1,  "begin" : 501,  "end" : 512 }, 
        {"sofa" : 1,  "begin" : 513,  "end" : 516 }, 
        {"sofa" : 1,  "begin" : 517,  "end" : 520 }, 
        {"sofa" : 1,  "begin" : 521,  "end" : 524 }, 
        {"sofa" : 1,  "begin" : 525,  "end" : 527 }, 
        {"sofa" : 1,  "begin" : 528,  "end" : 536 }, 
        {"sofa" : 1,  "begin" : 537,  "end" : 543 }, 
        {"sofa" : 1,  "begin" : 544,  "end" : 545 } ], 
      "PartsofCause" : [1529,  1511,  1520,  1588,  1601,  1610 ], 
      "TypesofCause" : [
        {"sofa" : 1,  "begin" : 299,  "end" : 324,  "Dependent" : 1529,  "Governor" : 1511,  "TypesofCause" : "Effect" }, 
        {"sofa" : 1,  "begin" : 328,  "end" : 401,  "Dependent" : 1520,  "Governor" : 1511,  "TypesofCause" : "Cause" }, 
        {"sofa" : 1,  "begin" : 417,  "end" : 439,  "Dependent" : 1601,  "Governor" : 1588,  "TypesofCause" : "Cause" }, 
        {"sofa" : 1,  "begin" : 440,  "end" : 489,  "Dependent" : 1610,  "Governor" : 1588,  "TypesofCause" : "Effect" } ] } }, 
  "_referenced_fss" : {
    "1" : {"_type" : "Sofa",  "sofaNum" : 1,  "sofaID" : "_InitialView",  "mimeType" : "text",  "sofaString" : "i ’m tired of seeing these posts .\nYou are bragging .\nthat ’s all you are doing .\ncelebrate where you choose to go , do n’t list all the schools you got into for the clout .\nthere ’s no benefit you or anyone else gets from u posting that info , it ’s just feeding your ego .\nthat ’s just boastful .\nyou ’re lying to yourself if you justify your bragging by telling people they ’ll get off the waitlist .\njust because you decline your offer does n’t mean someone is getting off the waitlist .\nwaitlist acceptances are not 1:1 to declined offers ." }, 
    "1529" : {"_type" : "PartsofCause",  "sofa" : 1,  "begin" : 299,  "end" : 324,  "PartsofCause" : "Argument" }, 
    "1511" : {"_type" : "PartsofCause",  "sofa" : 1,  "begin" : 325,  "end" : 327,  "PartsofCause" : "Enabling" }, 
    "1520" : {"_type" : "PartsofCause",  "sofa" : 1,  "begin" : 328,  "end" : 401,  "PartsofCause" : "Argument" }, 
    "1601" : {"_type" : "PartsofCause",  "sofa" : 1,  "begin" : 417,  "end" : 439,  "PartsofCause" : "Argument" }, 
    "1588" : {"_type" : "PartsofCause",  "sofa" : 1,  "begin" : 409,  "end" : 416,  "PartsofCause" : "Causing" }, 
    "1610" : {"_type" : "PartsofCause",  "sofa" : 1,  "begin" : 440,  "end" : 489,  "PartsofCause" : "Argument" }, 
    "1679" : {"_type" : "LayerDefinition",  "name" : "webanno.custom.TypesofCause",  "uiName" : "Types of Cause" }, 
    "1661" : {"_type" : "LayerDefinition",  "name" : "webanno.custom.DisjointCausalSpans",  "uiName" : "Disjoint Causal Spans" }, 
    "1672" : {"_type" : "LayerDefinition",  "name" : "webanno.custom.PartsofCause",  "uiName" : "Parts of Cause" } } }