{"_context" : {
    "_types" : {
      "DocumentMetaData" : {
        "_feature_types" : {"sofa" : "_ref" } }, 
      "FeatureDefinition" : {
        "_feature_types" : {"layer" : "_ref" } }, 
      "LayerDefinition" : { }, 
      "PartsofCause" : {
        "_feature_types" : {"sofa" : "_ref" } }, 
      "Sentence" : {
        "_feature_types" : {"sofa" : "_ref" } }, 
      "Sofa" : {
        "_feature_types" : {"sofaArray" : "_ref" } }, 
      "TagsetDescription" : {
        "_feature_types" : {"sofa" : "_ref",  "tags" : "_ref" } }, 
      "Token" : {
        "_feature_types" : {"sofa" : "_ref",  "parent" : "_ref",  "lemma" : "_ref",  "stem" : "_ref",  "pos" : "_ref",  "morph" : "_ref",  "form" : "_ref" } }, 
      "TypesofCause" : {
        "_feature_types" : {"sofa" : "_ref",  "Dependent" : "_ref",  "Governor" : "_ref" } }, 
      "DocumentAnnotation" : {
        "_feature_types" : {"sofa" : "_ref" }, 
        "_subtypes" : ["DocumentMetaData" ] }, 
      "Annotation" : {
        "_feature_types" : {"sofa" : "_ref" }, 
        "_subtypes" : ["DocumentAnnotation",  "PartsofCause",  "Sentence",  "TagsetDescription",  "Token",  "TypesofCause" ] }, 
      "AnnotationBase" : {
        "_feature_types" : {"sofa" : "_ref" }, 
        "_subtypes" : ["Annotation" ] }, 
      "TOP" : {
        "_subtypes" : ["AnnotationBase",  "FeatureDefinition",  "LayerDefinition",  "Sofa" ] } } }, 
  "_views" : {
    "_InitialView" : {
      "FeatureDefinition" : [
        {"layer" : 2555,  "name" : "referenceRelation",  "uiName" : "Reference Relation" }, 
        {"layer" : 2555,  "name" : "referenceType",  "uiName" : "Reference Type" }, 
        {"layer" : 2566,  "name" : "PartsofCause",  "uiName" : "Parts of Cause" }, 
        {"layer" : 2573,  "name" : "TypesofCause",  "uiName" : "Types of Cause" } ], 
      "LayerDefinition" : [2555,  2566,  2573 ], 
      "DocumentMetaData" : [
        {"sofa" : 1,  "end" : 875,  "language" : "x-unspecified",  "documentTitle" : "cnn-00.txt",  "documentId" : "AYC",  "documentUri" : "file:/srv/inception/repository/project/2/document/2352/source/AYC",  "collectionId" : "file:/srv/inception/repository/project/2/document/2352/source/",  "documentBaseUri" : "file:/srv/inception/repository/project/2/document/2352/source/",  "isLastSegment" : false } ], 
      "TagsetDescription" : [
        {"sofa" : 1,  "layer" : "webanno.custom.PartsofCause",  "name" : "Parts of Cause",  "input" : false }, 
        {"sofa" : 1,  "layer" : "webanno.custom.TypesofCause",  "name" : "Causal Relations",  "input" : false } ], 
      "Sentence" : [
        {"sofa" : 1,  "end" : 75 }, 
        {"sofa" : 1,  "begin" : 76,  "end" : 259 }, 
        {"sofa" : 1,  "begin" : 260,  "end" : 425 }, 
        {"sofa" : 1,  "begin" : 426,  "end" : 491 }, 
        {"sofa" : 1,  "begin" : 492,  "end" : 540 }, 
        {"sofa" : 1,  "begin" : 541,  "end" : 625 }, 
        {"sofa" : 1,  "begin" : 626,  "end" : 739 }, 
        {"sofa" : 1,  "begin" : 740,  "end" : 830 }, 
        {"sofa" : 1,  "begin" : 831,  "end" : 875 } ], 
      "Token" : [
        {"sofa" : 1,  "end" : 7 }, 
        {"sofa" : 1,  "begin" : 8,  "end" : 17 }, 
        {"sofa" : 1,  "begin" : 18,  "end" : 22 }, 
        {"sofa" : 1,  "begin" : 23,  "end" : 26 }, 
        {"sofa" : 1,  "begin" : 27,  "end" : 30 }, 
        {"sofa" : 1,  "begin" : 31,  "end" : 35 }, 
        {"sofa" : 1,  "begin" : 36,  "end" : 38 }, 
        {"sofa" : 1,  "begin" : 39,  "end" : 45 }, 
        {"sofa" : 1,  "begin" : 46,  "end" : 54 }, 
        {"sofa" : 1,  "begin" : 55,  "end" : 57 }, 
        {"sofa" : 1,  "begin" : 58,  "end" : 62 }, 
        {"sofa" : 1,  "begin" : 63,  "end" : 68 }, 
        {"sofa" : 1,  "begin" : 69,  "end" : 73 }, 
        {"sofa" : 1,  "begin" : 74,  "end" : 75 }, 
        {"sofa" : 1,  "begin" : 76,  "end" : 80 }, 
        {"sofa" : 1,  "begin" : 81,  "end" : 84 }, 
        {"sofa" : 1,  "begin" : 85,  "end" : 92 }, 
        {"sofa" : 1,  "begin" : 93,  "end" : 95 }, 
        {"sofa" : 1,  "begin" : 96,  "end" : 98 }, 
        {"sofa" : 1,  "begin" : 99,  "end" : 102 }, 
        {"sofa" : 1,  "begin" : 103,  "end" : 111 }, 
        {"sofa" : 1,  "begin" : 112,  "end" : 114 }, 
        {"sofa" : 1,  "begin" : 115,  "end" : 119 }, 
        {"sofa" : 1,  "begin" : 120,  "end" : 123 }, 
        {"sofa" : 1,  "begin" : 124,  "end" : 129 }, 
        {"sofa" : 1,  "begin" : 130,  "end" : 140 }, 
        {"sofa" : 1,  "begin" : 141,  "end" : 143 }, 
        {"sofa" : 1,  "begin" : 144,  "end" : 147 }, 
        {"sofa" : 1,  "begin" : 148,  "end" : 153 }, 
        {"sofa" : 1,  "begin" : 154,  "end" : 160 }, 
        {"sofa" : 1,  "begin" : 161,  "end" : 162 }, 
        {"sofa" : 1,  "begin" : 163,  "end" : 170 }, 
        {"sofa" : 1,  "begin" : 171,  "end" : 175 }, 
        {"sofa" : 1,  "begin" : 176,  "end" : 185 }, 
        {"sofa" : 1,  "begin" : 186,  "end" : 189 }, 
        {"sofa" : 1,  "begin" : 190,  "end" : 197 }, 
        {"sofa" : 1,  "begin" : 198,  "end" : 200 }, 
        {"sofa" : 1,  "begin" : 201,  "end" : 204 }, 
        {"sofa" : 1,  "begin" : 205,  "end" : 208 }, 
        {"sofa" : 1,  "begin" : 209,  "end" : 214 }, 
        {"sofa" : 1,  "begin" : 215,  "end" : 218 }, 
        {"sofa" : 1,  "begin" : 219,  "end" : 222 }, 
        {"sofa" : 1,  "begin" : 223,  "end" : 227 }, 
        {"sofa" : 1,  "begin" : 228,  "end" : 229 }, 
        {"sofa" : 1,  "begin" : 230,  "end" : 234 }, 
        {"sofa" : 1,  "begin" : 235,  "end" : 238 }, 
        {"sofa" : 1,  "begin" : 239,  "end" : 248 }, 
        {"sofa" : 1,  "begin" : 249,  "end" : 257 }, 
        {"sofa" : 1,  "begin" : 258,  "end" : 259 }, 
        {"sofa" : 1,  "begin" : 260,  "end" : 263 }, 
        {"sofa" : 1,  "begin" : 264,  "end" : 268 }, 
        {"sofa" : 1,  "begin" : 269,  "end" : 275 }, 
        {"sofa" : 1,  "begin" : 276,  "end" : 279 }, 
        {"sofa" : 1,  "begin" : 280,  "end" : 284 }, 
        {"sofa" : 1,  "begin" : 285,  "end" : 287 }, 
        {"sofa" : 1,  "begin" : 288,  "end" : 291 }, 
        {"sofa" : 1,  "begin" : 292,  "end" : 297 }, 
        {"sofa" : 1,  "begin" : 298,  "end" : 303 }, 
        {"sofa" : 1,  "begin" : 304,  "end" : 306 }, 
        {"sofa" : 1,  "begin" : 307,  "end" : 312 }, 
        {"sofa" : 1,  "begin" : 313,  "end" : 317 }, 
        {"sofa" : 1,  "begin" : 318,  "end" : 319 }, 
        {"sofa" : 1,  "begin" : 320,  "end" : 324 }, 
        {"sofa" : 1,  "begin" : 325,  "end" : 329 }, 
        {"sofa" : 1,  "begin" : 330,  "end" : 339 }, 
        {"sofa" : 1,  "begin" : 340,  "end" : 344 }, 
        {"sofa" : 1,  "begin" : 345,  "end" : 351 }, 
        {"sofa" : 1,  "begin" : 352,  "end" : 357 }, 
        {"sofa" : 1,  "begin" : 358,  "end" : 363 }, 
        {"sofa" : 1,  "begin" : 364,  "end" : 365 }, 
        {"sofa" : 1,  "begin" : 366,  "end" : 370 }, 
        {"sofa" : 1,  "begin" : 371,  "end" : 376 }, 
        {"sofa" : 1,  "begin" : 377,  "end" : 379 }, 
        {"sofa" : 1,  "begin" : 380,  "end" : 386 }, 
        {"sofa" : 1,  "begin" : 387,  "end" : 395 }, 
        {"sofa" : 1,  "begin" : 396,  "end" : 398 }, 
        {"sofa" : 1,  "begin" : 399,  "end" : 403 }, 
        {"sofa" : 1,  "begin" : 404,  "end" : 405 }, 
        {"sofa" : 1,  "begin" : 406,  "end" : 413 }, 
        {"sofa" : 1,  "begin" : 414,  "end" : 423 }, 
        {"sofa" : 1,  "begin" : 424,  "end" : 425 }, 
        {"sofa" : 1,  "begin" : 426,  "end" : 430 }, 
        {"sofa" : 1,  "begin" : 431,  "end" : 433 }, 
        {"sofa" : 1,  "begin" : 434,  "end" : 437 }, 
        {"sofa" : 1,  "begin" : 438,  "end" : 444 }, 
        {"sofa" : 1,  "begin" : 445,  "end" : 452 }, 
        {"sofa" : 1,  "begin" : 453,  "end" : 462 }, 
        {"sofa" : 1,  "begin" : 463,  "end" : 465 }, 
        {"sofa" : 1,  "begin" : 466,  "end" : 470 }, 
        {"sofa" : 1,  "begin" : 471,  "end" : 475 }, 
        {"sofa" : 1,  "begin" : 476,  "end" : 479 }, 
        {"sofa" : 1,  "begin" : 480,  "end" : 484 }, 
        {"sofa" : 1,  "begin" : 485,  "end" : 489 }, 
        {"sofa" : 1,  "begin" : 490,  "end" : 491 }, 
        {"sofa" : 1,  "begin" : 492,  "end" : 500 }, 
        {"sofa" : 1,  "begin" : 501,  "end" : 509 }, 
        {"sofa" : 1,  "begin" : 510,  "end" : 513 }, 
        {"sofa" : 1,  "begin" : 514,  "end" : 518 }, 
        {"sofa" : 1,  "begin" : 519,  "end" : 525 }, 
        {"sofa" : 1,  "begin" : 526,  "end" : 529 }, 
        {"sofa" : 1,  "begin" : 530,  "end" : 533 }, 
        {"sofa" : 1,  "begin" : 534,  "end" : 538 }, 
        {"sofa" : 1,  "begin" : 539,  "end" : 540 }, 
        {"sofa" : 1,  "begin" : 541,  "end" : 544 }, 
        {"sofa" : 1,  "begin" : 545,  "end" : 554 }, 
        {"sofa" : 1,  "begin" : 555,  "end" : 563 }, 
        {"sofa" : 1,  "begin" : 564,  "end" : 569 }, 
        {"sofa" : 1,  "begin" : 570,  "end" : 574 }, 
        {"sofa" : 1,  "begin" : 575,  "end" : 582 }, 
        {"sofa" : 1,  "begin" : 583,  "end" : 587 }, 
        {"sofa" : 1,  "begin" : 588,  "end" : 591 }, 
        {"sofa" : 1,  "begin" : 592,  "end" : 600 }, 
        {"sofa" : 1,  "begin" : 601,  "end" : 604 }, 
        {"sofa" : 1,  "begin" : 605,  "end" : 610 }, 
        {"sofa" : 1,  "begin" : 611,  "end" : 623 }, 
        {"sofa" : 1,  "begin" : 624,  "end" : 625 }, 
        {"sofa" : 1,  "begin" : 626,  "end" : 635 }, 
        {"sofa" : 1,  "begin" : 636,  "end" : 638 }, 
        {"sofa" : 1,  "begin" : 639,  "end" : 646 }, 
        {"sofa" : 1,  "begin" : 647,  "end" : 648 }, 
        {"sofa" : 1,  "begin" : 649,  "end" : 653 }, 
        {"sofa" : 1,  "begin" : 654,  "end" : 659 }, 
        {"sofa" : 1,  "begin" : 660,  "end" : 662 }, 
        {"sofa" : 1,  "begin" : 663,  "end" : 668 }, 
        {"sofa" : 1,  "begin" : 669,  "end" : 675 }, 
        {"sofa" : 1,  "begin" : 676,  "end" : 681 }, 
        {"sofa" : 1,  "begin" : 682,  "end" : 685 }, 
        {"sofa" : 1,  "begin" : 686,  "end" : 689 }, 
        {"sofa" : 1,  "begin" : 690,  "end" : 694 }, 
        {"sofa" : 1,  "begin" : 695,  "end" : 697 }, 
        {"sofa" : 1,  "begin" : 698,  "end" : 703 }, 
        {"sofa" : 1,  "begin" : 704,  "end" : 711 }, 
        {"sofa" : 1,  "begin" : 712,  "end" : 713 }, 
        {"sofa" : 1,  "begin" : 714,  "end" : 718 }, 
        {"sofa" : 1,  "begin" : 719,  "end" : 720 }, 
        {"sofa" : 1,  "begin" : 721,  "end" : 726 }, 
        {"sofa" : 1,  "begin" : 727,  "end" : 737 }, 
        {"sofa" : 1,  "begin" : 738,  "end" : 739 }, 
        {"sofa" : 1,  "begin" : 740,  "end" : 743 }, 
        {"sofa" : 1,  "begin" : 744,  "end" : 748 }, 
        {"sofa" : 1,  "begin" : 749,  "end" : 751 }, 
        {"sofa" : 1,  "begin" : 752,  "end" : 754 }, 
        {"sofa" : 1,  "begin" : 755,  "end" : 757 }, 
        {"sofa" : 1,  "begin" : 758,  "end" : 766 }, 
        {"sofa" : 1,  "begin" : 767,  "end" : 769 }, 
        {"sofa" : 1,  "begin" : 770,  "end" : 775 }, 
        {"sofa" : 1,  "begin" : 776,  "end" : 781 }, 
        {"sofa" : 1,  "begin" : 782,  "end" : 783 }, 
        {"sofa" : 1,  "begin" : 784,  "end" : 787 }, 
        {"sofa" : 1,  "begin" : 788,  "end" : 791 }, 
        {"sofa" : 1,  "begin" : 792,  "end" : 794 }, 
        {"sofa" : 1,  "begin" : 795,  "end" : 800 }, 
        {"sofa" : 1,  "begin" : 801,  "end" : 804 }, 
        {"sofa" : 1,  "begin" : 805,  "end" : 806 }, 
        {"sofa" : 1,  "begin" : 807,  "end" : 814 }, 
        {"sofa" : 1,  "begin" : 815,  "end" : 826 }, 
        {"sofa" : 1,  "begin" : 827,  "end" : 828 }, 
        {"sofa" : 1,  "begin" : 829,  "end" : 830 }, 
        {"sofa" : 1,  "begin" : 831,  "end" : 838 }, 
        {"sofa" : 1,  "begin" : 839,  "end" : 842 }, 
        {"sofa" : 1,  "begin" : 843,  "end" : 852 }, 
        {"sofa" : 1,  "begin" : 853,  "end" : 855 }, 
        {"sofa" : 1,  "begin" : 856,  "end" : 861 }, 
        {"sofa" : 1,  "begin" : 862,  "end" : 866 }, 
        {"sofa" : 1,  "begin" : 867,  "end" : 873 }, 
        {"sofa" : 1,  "begin" : 874,  "end" : 875 } ], 
      "PartsofCause" : [2248,  2222,  2235,  2300,  2291,  2313,  2436,  2406,  2393 ], 
      "TypesofCause" : [
        {"sofa" : 1,  "begin" : 492,  "end" : 525,  "Dependent" : 2248,  "Governor" : 2222,  "TypesofCause" : "Effect" }, 
        {"sofa" : 1,  "begin" : 530,  "end" : 538,  "Dependent" : 2235,  "Governor" : 2222,  "TypesofCause" : "Cause" }, 
        {"sofa" : 1,  "begin" : 649,  "end" : 681,  "Dependent" : 2300,  "Governor" : 2291,  "TypesofCause" : "Effect" }, 
        {"sofa" : 1,  "begin" : 686,  "end" : 737,  "Dependent" : 2313,  "Governor" : 2291,  "TypesofCause" : "Cause" }, 
        {"sofa" : 1,  "begin" : 784,  "end" : 800,  "Dependent" : 2436,  "Governor" : 2406,  "TypesofCause" : "Effect" }, 
        {"sofa" : 1,  "begin" : 807,  "end" : 826,  "Dependent" : 2393,  "Governor" : 2406,  "TypesofCause" : "Cause" } ] } }, 
  "_referenced_fss" : {
    "1" : {"_type" : "Sofa",  "sofaNum" : 1,  "sofaID" : "_InitialView",  "mimeType" : "text",  "sofaString" : "Scratch Christian Bale off the list of actors supposed to play Steve Jobs .\nBale was rumored to be the finalist to play the Apple co-founder in the Aaron Sorkin - written film biography but decided he was n't right for the part , said The Hollywood Reporter .\nThe Jobs biopic has been in the works since at least 2012 , when Sony announced that Sorkin would write a film based on Walter Isaacson 's best - selling biography .\nBale is the second notable performer to turn down the Jobs role .\nLeonardo DiCaprio was also pegged for the film .\nThe Hollywood Reporter noted that neither Bale nor DiCaprio had begun negotiations .\nAccording to Variety , Seth Rogen is being talked about for the part of Steve Wozniak , Jobs ' Apple co-founder .\nThe film is to be directed by Danny Boyle , who won an Oscar for \" Slumdog Millionaire . \"\nFilming was scheduled to begin this winter ." }, 
    "2248" : {"_type" : "PartsofCause",  "sofa" : 1,  "begin" : 492,  "end" : 525,  "PartsofCause" : "Argument" }, 
    "2222" : {"_type" : "PartsofCause",  "sofa" : 1,  "begin" : 526,  "end" : 529,  "PartsofCause" : "Causing" }, 
    "2235" : {"_type" : "PartsofCause",  "sofa" : 1,  "begin" : 530,  "end" : 538,  "PartsofCause" : "Argument" }, 
    "2300" : {"_type" : "PartsofCause",  "sofa" : 1,  "begin" : 649,  "end" : 681,  "PartsofCause" : "Argument" }, 
    "2291" : {"_type" : "PartsofCause",  "sofa" : 1,  "begin" : 682,  "end" : 685,  "PartsofCause" : "Causing" }, 
    "2313" : {"_type" : "PartsofCause",  "sofa" : 1,  "begin" : 686,  "end" : 737,  "PartsofCause" : "Argument" }, 
    "2436" : {"_type" : "PartsofCause",  "sofa" : 1,  "begin" : 784,  "end" : 800,  "PartsofCause" : "Argument" }, 
    "2406" : {"_type" : "PartsofCause",  "sofa" : 1,  "begin" : 801,  "end" : 804,  "PartsofCause" : "Causing" }, 
    "2393" : {"_type" : "PartsofCause",  "sofa" : 1,  "begin" : 807,  "end" : 826,  "PartsofCause" : "Argument" }, 
    "2555" : {"_type" : "LayerDefinition",  "name" : "webanno.custom.DisjointCausalSpans",  "uiName" : "Disjoint Causal Spans" }, 
    "2573" : {"_type" : "LayerDefinition",  "name" : "webanno.custom.TypesofCause",  "uiName" : "Types of Cause" }, 
    "2566" : {"_type" : "LayerDefinition",  "name" : "webanno.custom.PartsofCause",  "uiName" : "Parts of Cause" } } }