{"_context" : {
    "_types" : {
      "DocumentMetaData" : {
        "_feature_types" : {"sofa" : "_ref" } }, 
      "FeatureDefinition" : {
        "_feature_types" : {"layer" : "_ref" } }, 
      "LayerDefinition" : { }, 
      "PartsofCause" : {
        "_feature_types" : {"sofa" : "_ref" } }, 
      "Sentence" : {
        "_feature_types" : {"sofa" : "_ref" } }, 
      "Sofa" : {
        "_feature_types" : {"sofaArray" : "_ref" } }, 
      "TagsetDescription" : {
        "_feature_types" : {"sofa" : "_ref",  "tags" : "_ref" } }, 
      "Token" : {
        "_feature_types" : {"sofa" : "_ref",  "parent" : "_ref",  "lemma" : "_ref",  "stem" : "_ref",  "pos" : "_ref",  "morph" : "_ref",  "form" : "_ref" } }, 
      "TypesofCause" : {
        "_feature_types" : {"sofa" : "_ref",  "Dependent" : "_ref",  "Governor" : "_ref" } }, 
      "DocumentAnnotation" : {
        "_feature_types" : {"sofa" : "_ref" }, 
        "_subtypes" : ["DocumentMetaData" ] }, 
      "Annotation" : {
        "_feature_types" : {"sofa" : "_ref" }, 
        "_subtypes" : ["DocumentAnnotation",  "PartsofCause",  "Sentence",  "TagsetDescription",  "Token",  "TypesofCause" ] }, 
      "AnnotationBase" : {
        "_feature_types" : {"sofa" : "_ref" }, 
        "_subtypes" : ["Annotation" ] }, 
      "TOP" : {
        "_subtypes" : ["AnnotationBase",  "FeatureDefinition",  "LayerDefinition",  "Sofa" ] } } }, 
  "_views" : {
    "_InitialView" : {
      "FeatureDefinition" : [
        {"layer" : 2584,  "name" : "referenceRelation",  "uiName" : "Reference Relation" }, 
        {"layer" : 2584,  "name" : "referenceType",  "uiName" : "Reference Type" }, 
        {"layer" : 2595,  "name" : "PartsofCause",  "uiName" : "Parts of Cause" }, 
        {"layer" : 2602,  "name" : "TypesofCause",  "uiName" : "Types of Cause" } ], 
      "LayerDefinition" : [2584,  2595,  2602 ], 
      "DocumentMetaData" : [
        {"sofa" : 1,  "end" : 910,  "language" : "x-unspecified",  "documentTitle" : "cnn-22.txt",  "documentId" : "GJW",  "documentUri" : "file:/srv/inception/repository/project/2/document/2374/source/GJW",  "collectionId" : "file:/srv/inception/repository/project/2/document/2374/source/",  "documentBaseUri" : "file:/srv/inception/repository/project/2/document/2374/source/",  "isLastSegment" : false } ], 
      "TagsetDescription" : [
        {"sofa" : 1,  "layer" : "webanno.custom.PartsofCause",  "name" : "Parts of Cause",  "input" : false }, 
        {"sofa" : 1,  "layer" : "webanno.custom.TypesofCause",  "name" : "Causal Relations",  "input" : false } ], 
      "Sentence" : [
        {"sofa" : 1,  "end" : 132 }, 
        {"sofa" : 1,  "begin" : 133,  "end" : 269 }, 
        {"sofa" : 1,  "begin" : 270,  "end" : 369 }, 
        {"sofa" : 1,  "begin" : 370,  "end" : 500 }, 
        {"sofa" : 1,  "begin" : 501,  "end" : 587 }, 
        {"sofa" : 1,  "begin" : 588,  "end" : 668 }, 
        {"sofa" : 1,  "begin" : 669,  "end" : 748 }, 
        {"sofa" : 1,  "begin" : 749,  "end" : 864 }, 
        {"sofa" : 1,  "begin" : 865,  "end" : 910 } ], 
      "Token" : [
        {"sofa" : 1,  "end" : 1 }, 
        {"sofa" : 1,  "begin" : 2,  "end" : 8 }, 
        {"sofa" : 1,  "begin" : 9,  "end" : 12 }, 
        {"sofa" : 1,  "begin" : 13,  "end" : 16 }, 
        {"sofa" : 1,  "begin" : 17,  "end" : 25 }, 
        {"sofa" : 1,  "begin" : 26,  "end" : 33 }, 
        {"sofa" : 1,  "begin" : 34,  "end" : 40 }, 
        {"sofa" : 1,  "begin" : 41,  "end" : 42 }, 
        {"sofa" : 1,  "begin" : 43,  "end" : 46 }, 
        {"sofa" : 1,  "begin" : 47,  "end" : 53 }, 
        {"sofa" : 1,  "begin" : 54,  "end" : 59 }, 
        {"sofa" : 1,  "begin" : 60,  "end" : 70 }, 
        {"sofa" : 1,  "begin" : 71,  "end" : 77 }, 
        {"sofa" : 1,  "begin" : 78,  "end" : 83 }, 
        {"sofa" : 1,  "begin" : 84,  "end" : 91 }, 
        {"sofa" : 1,  "begin" : 92,  "end" : 96 }, 
        {"sofa" : 1,  "begin" : 97,  "end" : 98 }, 
        {"sofa" : 1,  "begin" : 99,  "end" : 100 }, 
        {"sofa" : 1,  "begin" : 101,  "end" : 111 }, 
        {"sofa" : 1,  "begin" : 112,  "end" : 116 }, 
        {"sofa" : 1,  "begin" : 117,  "end" : 125 }, 
        {"sofa" : 1,  "begin" : 126,  "end" : 130 }, 
        {"sofa" : 1,  "begin" : 131,  "end" : 132 }, 
        {"sofa" : 1,  "begin" : 133,  "end" : 136 }, 
        {"sofa" : 1,  "begin" : 137,  "end" : 141 }, 
        {"sofa" : 1,  "begin" : 142,  "end" : 153 }, 
        {"sofa" : 1,  "begin" : 154,  "end" : 155 }, 
        {"sofa" : 1,  "begin" : 156,  "end" : 161 }, 
        {"sofa" : 1,  "begin" : 162,  "end" : 167 }, 
        {"sofa" : 1,  "begin" : 168,  "end" : 171 }, 
        {"sofa" : 1,  "begin" : 172,  "end" : 180 }, 
        {"sofa" : 1,  "begin" : 181,  "end" : 188 }, 
        {"sofa" : 1,  "begin" : 189,  "end" : 194 }, 
        {"sofa" : 1,  "begin" : 195,  "end" : 196 }, 
        {"sofa" : 1,  "begin" : 197,  "end" : 201 }, 
        {"sofa" : 1,  "begin" : 202,  "end" : 208 }, 
        {"sofa" : 1,  "begin" : 209,  "end" : 210 }, 
        {"sofa" : 1,  "begin" : 211,  "end" : 215 }, 
        {"sofa" : 1,  "begin" : 216,  "end" : 223 }, 
        {"sofa" : 1,  "begin" : 224,  "end" : 228 }, 
        {"sofa" : 1,  "begin" : 229,  "end" : 230 }, 
        {"sofa" : 1,  "begin" : 231,  "end" : 241 }, 
        {"sofa" : 1,  "begin" : 242,  "end" : 250 }, 
        {"sofa" : 1,  "begin" : 251,  "end" : 253 }, 
        {"sofa" : 1,  "begin" : 254,  "end" : 260 }, 
        {"sofa" : 1,  "begin" : 261,  "end" : 267 }, 
        {"sofa" : 1,  "begin" : 268,  "end" : 269 }, 
        {"sofa" : 1,  "begin" : 270,  "end" : 271 }, 
        {"sofa" : 1,  "begin" : 272,  "end" : 275 }, 
        {"sofa" : 1,  "begin" : 276,  "end" : 283 }, 
        {"sofa" : 1,  "begin" : 284,  "end" : 290 }, 
        {"sofa" : 1,  "begin" : 291,  "end" : 296 }, 
        {"sofa" : 1,  "begin" : 297,  "end" : 299 }, 
        {"sofa" : 1,  "begin" : 300,  "end" : 304 }, 
        {"sofa" : 1,  "begin" : 305,  "end" : 309 }, 
        {"sofa" : 1,  "begin" : 310,  "end" : 313 }, 
        {"sofa" : 1,  "begin" : 314,  "end" : 318 }, 
        {"sofa" : 1,  "begin" : 319,  "end" : 321 }, 
        {"sofa" : 1,  "begin" : 322,  "end" : 327 }, 
        {"sofa" : 1,  "begin" : 328,  "end" : 329 }, 
        {"sofa" : 1,  "begin" : 330,  "end" : 333 }, 
        {"sofa" : 1,  "begin" : 334,  "end" : 337 }, 
        {"sofa" : 1,  "begin" : 338,  "end" : 345 }, 
        {"sofa" : 1,  "begin" : 346,  "end" : 353 }, 
        {"sofa" : 1,  "begin" : 354,  "end" : 355 }, 
        {"sofa" : 1,  "begin" : 356,  "end" : 357 }, 
        {"sofa" : 1,  "begin" : 358,  "end" : 362 }, 
        {"sofa" : 1,  "begin" : 363,  "end" : 367 }, 
        {"sofa" : 1,  "begin" : 368,  "end" : 369 }, 
        {"sofa" : 1,  "begin" : 370,  "end" : 373 }, 
        {"sofa" : 1,  "begin" : 374,  "end" : 383 }, 
        {"sofa" : 1,  "begin" : 384,  "end" : 388 }, 
        {"sofa" : 1,  "begin" : 389,  "end" : 397 }, 
        {"sofa" : 1,  "begin" : 398,  "end" : 402 }, 
        {"sofa" : 1,  "begin" : 403,  "end" : 406 }, 
        {"sofa" : 1,  "begin" : 407,  "end" : 415 }, 
        {"sofa" : 1,  "begin" : 416,  "end" : 420 }, 
        {"sofa" : 1,  "begin" : 421,  "end" : 426 }, 
        {"sofa" : 1,  "begin" : 427,  "end" : 429 }, 
        {"sofa" : 1,  "begin" : 430,  "end" : 433 }, 
        {"sofa" : 1,  "begin" : 434,  "end" : 441 }, 
        {"sofa" : 1,  "begin" : 442,  "end" : 452 }, 
        {"sofa" : 1,  "begin" : 453,  "end" : 465 }, 
        {"sofa" : 1,  "begin" : 466,  "end" : 468 }, 
        {"sofa" : 1,  "begin" : 469,  "end" : 477 }, 
        {"sofa" : 1,  "begin" : 478,  "end" : 482 }, 
        {"sofa" : 1,  "begin" : 483,  "end" : 485 }, 
        {"sofa" : 1,  "begin" : 486,  "end" : 498 }, 
        {"sofa" : 1,  "begin" : 499,  "end" : 500 }, 
        {"sofa" : 1,  "begin" : 501,  "end" : 505 }, 
        {"sofa" : 1,  "begin" : 506,  "end" : 510 }, 
        {"sofa" : 1,  "begin" : 511,  "end" : 514 }, 
        {"sofa" : 1,  "begin" : 515,  "end" : 521 }, 
        {"sofa" : 1,  "begin" : 522,  "end" : 524 }, 
        {"sofa" : 1,  "begin" : 525,  "end" : 532 }, 
        {"sofa" : 1,  "begin" : 533,  "end" : 539 }, 
        {"sofa" : 1,  "begin" : 540,  "end" : 544 }, 
        {"sofa" : 1,  "begin" : 545,  "end" : 548 }, 
        {"sofa" : 1,  "begin" : 549,  "end" : 556 }, 
        {"sofa" : 1,  "begin" : 557,  "end" : 560 }, 
        {"sofa" : 1,  "begin" : 561,  "end" : 564 }, 
        {"sofa" : 1,  "begin" : 565,  "end" : 570 }, 
        {"sofa" : 1,  "begin" : 571,  "end" : 575 }, 
        {"sofa" : 1,  "begin" : 576,  "end" : 578 }, 
        {"sofa" : 1,  "begin" : 579,  "end" : 580 }, 
        {"sofa" : 1,  "begin" : 581,  "end" : 585 }, 
        {"sofa" : 1,  "begin" : 586,  "end" : 587 }, 
        {"sofa" : 1,  "begin" : 588,  "end" : 589 }, 
        {"sofa" : 1,  "begin" : 590,  "end" : 593 }, 
        {"sofa" : 1,  "begin" : 594,  "end" : 599 }, 
        {"sofa" : 1,  "begin" : 600,  "end" : 605 }, 
        {"sofa" : 1,  "begin" : 606,  "end" : 609 }, 
        {"sofa" : 1,  "begin" : 610,  "end" : 613 }, 
        {"sofa" : 1,  "begin" : 614,  "end" : 617 }, 
        {"sofa" : 1,  "begin" : 618,  "end" : 620 }, 
        {"sofa" : 1,  "begin" : 621,  "end" : 624 }, 
        {"sofa" : 1,  "begin" : 625,  "end" : 628 }, 
        {"sofa" : 1,  "begin" : 629,  "end" : 635 }, 
        {"sofa" : 1,  "begin" : 636,  "end" : 638 }, 
        {"sofa" : 1,  "begin" : 639,  "end" : 642 }, 
        {"sofa" : 1,  "begin" : 643,  "end" : 652 }, 
        {"sofa" : 1,  "begin" : 653,  "end" : 654 }, 
        {"sofa" : 1,  "begin" : 655,  "end" : 656 }, 
        {"sofa" : 1,  "begin" : 657,  "end" : 661 }, 
        {"sofa" : 1,  "begin" : 662,  "end" : 666 }, 
        {"sofa" : 1,  "begin" : 667,  "end" : 668 }, 
        {"sofa" : 1,  "begin" : 669,  "end" : 670 }, 
        {"sofa" : 1,  "begin" : 671,  "end" : 674 }, 
        {"sofa" : 1,  "begin" : 675,  "end" : 680 }, 
        {"sofa" : 1,  "begin" : 681,  "end" : 684 }, 
        {"sofa" : 1,  "begin" : 685,  "end" : 686 }, 
        {"sofa" : 1,  "begin" : 687,  "end" : 690 }, 
        {"sofa" : 1,  "begin" : 691,  "end" : 693 }, 
        {"sofa" : 1,  "begin" : 694,  "end" : 699 }, 
        {"sofa" : 1,  "begin" : 700,  "end" : 706 }, 
        {"sofa" : 1,  "begin" : 707,  "end" : 708 }, 
        {"sofa" : 1,  "begin" : 709,  "end" : 711 }, 
        {"sofa" : 1,  "begin" : 712,  "end" : 713 }, 
        {"sofa" : 1,  "begin" : 714,  "end" : 715 }, 
        {"sofa" : 1,  "begin" : 716,  "end" : 719 }, 
        {"sofa" : 1,  "begin" : 720,  "end" : 723 }, 
        {"sofa" : 1,  "begin" : 724,  "end" : 729 }, 
        {"sofa" : 1,  "begin" : 730,  "end" : 736 }, 
        {"sofa" : 1,  "begin" : 737,  "end" : 744 }, 
        {"sofa" : 1,  "begin" : 745,  "end" : 746 }, 
        {"sofa" : 1,  "begin" : 747,  "end" : 748 }, 
        {"sofa" : 1,  "begin" : 749,  "end" : 751 }, 
        {"sofa" : 1,  "begin" : 752,  "end" : 760 }, 
        {"sofa" : 1,  "begin" : 761,  "end" : 762 }, 
        {"sofa" : 1,  "begin" : 763,  "end" : 767 }, 
        {"sofa" : 1,  "begin" : 768,  "end" : 772 }, 
        {"sofa" : 1,  "begin" : 773,  "end" : 774 }, 
        {"sofa" : 1,  "begin" : 775,  "end" : 776 }, 
        {"sofa" : 1,  "begin" : 777,  "end" : 779 }, 
        {"sofa" : 1,  "begin" : 780,  "end" : 784 }, 
        {"sofa" : 1,  "begin" : 785,  "end" : 788 }, 
        {"sofa" : 1,  "begin" : 789,  "end" : 795 }, 
        {"sofa" : 1,  "begin" : 796,  "end" : 801 }, 
        {"sofa" : 1,  "begin" : 802,  "end" : 805 }, 
        {"sofa" : 1,  "begin" : 806,  "end" : 809 }, 
        {"sofa" : 1,  "begin" : 810,  "end" : 817 }, 
        {"sofa" : 1,  "begin" : 818,  "end" : 819 }, 
        {"sofa" : 1,  "begin" : 820,  "end" : 823 }, 
        {"sofa" : 1,  "begin" : 824,  "end" : 828 }, 
        {"sofa" : 1,  "begin" : 829,  "end" : 835 }, 
        {"sofa" : 1,  "begin" : 836,  "end" : 838 }, 
        {"sofa" : 1,  "begin" : 839,  "end" : 844 }, 
        {"sofa" : 1,  "begin" : 845,  "end" : 856 }, 
        {"sofa" : 1,  "begin" : 857,  "end" : 860 }, 
        {"sofa" : 1,  "begin" : 861,  "end" : 862 }, 
        {"sofa" : 1,  "begin" : 863,  "end" : 864 }, 
        {"sofa" : 1,  "begin" : 865,  "end" : 869 }, 
        {"sofa" : 1,  "begin" : 870,  "end" : 875 }, 
        {"sofa" : 1,  "begin" : 876,  "end" : 880 }, 
        {"sofa" : 1,  "begin" : 881,  "end" : 890 }, 
        {"sofa" : 1,  "begin" : 891,  "end" : 895 }, 
        {"sofa" : 1,  "begin" : 896,  "end" : 902 }, 
        {"sofa" : 1,  "begin" : 903,  "end" : 908 }, 
        {"sofa" : 1,  "begin" : 909,  "end" : 910 } ], 
      "PartsofCause" : [2413,  2395,  2404,  2509,  2472,  2481 ], 
      "TypesofCause" : [
        {"sofa" : 1,  "end" : 53,  "Dependent" : 2413,  "Governor" : 2395,  "TypesofCause" : "Effect" }, 
        {"sofa" : 1,  "begin" : 60,  "end" : 96,  "Dependent" : 2404,  "Governor" : 2395,  "TypesofCause" : "Cause" }, 
        {"sofa" : 1,  "begin" : 272,  "end" : 304,  "Dependent" : 2509,  "Governor" : 2472,  "TypesofCause" : "Effect" }, 
        {"sofa" : 1,  "begin" : 310,  "end" : 327,  "Dependent" : 2481,  "Governor" : 2472,  "TypesofCause" : "Cause" } ] } }, 
  "_referenced_fss" : {
    "1" : {"_type" : "Sofa",  "sofaNum" : 1,  "sofaID" : "_InitialView",  "mimeType" : "text",  "sofaString" : "A mother and two children drowned inside a car Friday after floodwater washed their vehicle away , a Pittsburgh city official said .\nThe city experienced a heavy storm and flooding shortly after 4 p.m. Friday , said Michael Huss , Pittsburgh director of Public Safety .\n\" The manhole covers began to lift from the rush of water , and the roadway flooded , \" Huss said .\nCNN affiliate WTAE reported that the incident took place in the eastern Pittsburgh neighborhood of Highland Park in Pennsylvania .\nHuss said the family 's vehicle washed down the roadway and got stuck next to a tree .\n\" The three could not get out of the car before it was submerged , \" Huss said .\n\" The water had a lot of force behind ( it ) , and all three inside drowned . \"\nIn addition , Huss said , \" We have one person whose car was located , but that person is still unaccounted for . \"\nDive units were searching late Friday night ." }, 
    "2413" : {"_type" : "PartsofCause",  "sofa" : 1,  "end" : 53,  "PartsofCause" : "Argument" }, 
    "2395" : {"_type" : "PartsofCause",  "sofa" : 1,  "begin" : 54,  "end" : 59,  "PartsofCause" : "Causing" }, 
    "2404" : {"_type" : "PartsofCause",  "sofa" : 1,  "begin" : 60,  "end" : 96,  "PartsofCause" : "Argument" }, 
    "2509" : {"_type" : "PartsofCause",  "sofa" : 1,  "begin" : 272,  "end" : 304 }, 
    "2472" : {"_type" : "PartsofCause",  "sofa" : 1,  "begin" : 305,  "end" : 309,  "PartsofCause" : "Causing" }, 
    "2481" : {"_type" : "PartsofCause",  "sofa" : 1,  "begin" : 310,  "end" : 327,  "PartsofCause" : "Argument" }, 
    "2584" : {"_type" : "LayerDefinition",  "name" : "webanno.custom.DisjointCausalSpans",  "uiName" : "Disjoint Causal Spans" }, 
    "2595" : {"_type" : "LayerDefinition",  "name" : "webanno.custom.PartsofCause",  "uiName" : "Parts of Cause" }, 
    "2602" : {"_type" : "LayerDefinition",  "name" : "webanno.custom.TypesofCause",  "uiName" : "Types of Cause" } } }