{"_context" : {
    "_types" : {
      "DocumentMetaData" : {
        "_feature_types" : {"sofa" : "_ref" } }, 
      "FeatureDefinition" : {
        "_feature_types" : {"layer" : "_ref" } }, 
      "LayerDefinition" : { }, 
      "PartsofCause" : {
        "_feature_types" : {"sofa" : "_ref" } }, 
      "Sentence" : {
        "_feature_types" : {"sofa" : "_ref" } }, 
      "Sofa" : {
        "_feature_types" : {"sofaArray" : "_ref" } }, 
      "TagsetDescription" : {
        "_feature_types" : {"sofa" : "_ref",  "tags" : "_ref" } }, 
      "Token" : {
        "_feature_types" : {"sofa" : "_ref",  "parent" : "_ref",  "lemma" : "_ref",  "stem" : "_ref",  "pos" : "_ref",  "morph" : "_ref",  "form" : "_ref" } }, 
      "TypesofCause" : {
        "_feature_types" : {"sofa" : "_ref",  "Dependent" : "_ref",  "Governor" : "_ref" } }, 
      "DocumentAnnotation" : {
        "_feature_types" : {"sofa" : "_ref" }, 
        "_subtypes" : ["DocumentMetaData" ] }, 
      "Annotation" : {
        "_feature_types" : {"sofa" : "_ref" }, 
        "_subtypes" : ["DocumentAnnotation",  "PartsofCause",  "Sentence",  "TagsetDescription",  "Token",  "TypesofCause" ] }, 
      "AnnotationBase" : {
        "_feature_types" : {"sofa" : "_ref" }, 
        "_subtypes" : ["Annotation" ] }, 
      "TOP" : {
        "_subtypes" : ["AnnotationBase",  "FeatureDefinition",  "LayerDefinition",  "Sofa" ] } } }, 
  "_views" : {
    "_InitialView" : {
      "FeatureDefinition" : [
        {"layer" : 1629,  "name" : "referenceRelation",  "uiName" : "Reference Relation" }, 
        {"layer" : 1629,  "name" : "referenceType",  "uiName" : "Reference Type" }, 
        {"layer" : 1640,  "name" : "PartsofCause",  "uiName" : "Parts of Cause" }, 
        {"layer" : 1647,  "name" : "TypesofCause",  "uiName" : "Types of Cause" } ], 
      "LayerDefinition" : [1629,  1640,  1647 ], 
      "DocumentMetaData" : [
        {"sofa" : 1,  "end" : 518,  "language" : "x-unspecified",  "documentTitle" : "reddit-016.txt",  "documentId" : "AYC",  "documentUri" : "file:/srv/inception/repository/project/2/document/2418/source/AYC",  "collectionId" : "file:/srv/inception/repository/project/2/document/2418/source/",  "documentBaseUri" : "file:/srv/inception/repository/project/2/document/2418/source/",  "isLastSegment" : false } ], 
      "TagsetDescription" : [
        {"sofa" : 1,  "layer" : "webanno.custom.PartsofCause",  "name" : "Parts of Cause",  "input" : false }, 
        {"sofa" : 1,  "layer" : "webanno.custom.TypesofCause",  "name" : "Causal Relations",  "input" : false } ], 
      "Sentence" : [
        {"sofa" : 1,  "end" : 63 }, 
        {"sofa" : 1,  "begin" : 64,  "end" : 134 }, 
        {"sofa" : 1,  "begin" : 135,  "end" : 324 }, 
        {"sofa" : 1,  "begin" : 325,  "end" : 480 }, 
        {"sofa" : 1,  "begin" : 481,  "end" : 518 } ], 
      "Token" : [
        {"sofa" : 1,  "end" : 3 }, 
        {"sofa" : 1,  "begin" : 4,  "end" : 9 }, 
        {"sofa" : 1,  "begin" : 10,  "end" : 11 }, 
        {"sofa" : 1,  "begin" : 12,  "end" : 14 }, 
        {"sofa" : 1,  "begin" : 15,  "end" : 16 }, 
        {"sofa" : 1,  "begin" : 17,  "end" : 24 }, 
        {"sofa" : 1,  "begin" : 25,  "end" : 32 }, 
        {"sofa" : 1,  "begin" : 33,  "end" : 35 }, 
        {"sofa" : 1,  "begin" : 36,  "end" : 39 }, 
        {"sofa" : 1,  "begin" : 40,  "end" : 42 }, 
        {"sofa" : 1,  "begin" : 43,  "end" : 44 }, 
        {"sofa" : 1,  "begin" : 45,  "end" : 47 }, 
        {"sofa" : 1,  "begin" : 48,  "end" : 56 }, 
        {"sofa" : 1,  "begin" : 57,  "end" : 61 }, 
        {"sofa" : 1,  "begin" : 62,  "end" : 63 }, 
        {"sofa" : 1,  "begin" : 64,  "end" : 65 }, 
        {"sofa" : 1,  "begin" : 66,  "end" : 75 }, 
        {"sofa" : 1,  "begin" : 76,  "end" : 80 }, 
        {"sofa" : 1,  "begin" : 81,  "end" : 87 }, 
        {"sofa" : 1,  "begin" : 88,  "end" : 91 }, 
        {"sofa" : 1,  "begin" : 92,  "end" : 94 }, 
        {"sofa" : 1,  "begin" : 95,  "end" : 111 }, 
        {"sofa" : 1,  "begin" : 112,  "end" : 113 }, 
        {"sofa" : 1,  "begin" : 114,  "end" : 117 }, 
        {"sofa" : 1,  "begin" : 118,  "end" : 120 }, 
        {"sofa" : 1,  "begin" : 121,  "end" : 125 }, 
        {"sofa" : 1,  "begin" : 126,  "end" : 128 }, 
        {"sofa" : 1,  "begin" : 129,  "end" : 132 }, 
        {"sofa" : 1,  "begin" : 133,  "end" : 134 }, 
        {"sofa" : 1,  "begin" : 135,  "end" : 139 }, 
        {"sofa" : 1,  "begin" : 140,  "end" : 141 }, 
        {"sofa" : 1,  "begin" : 142,  "end" : 144 }, 
        {"sofa" : 1,  "begin" : 145,  "end" : 147 }, 
        {"sofa" : 1,  "begin" : 148,  "end" : 152 }, 
        {"sofa" : 1,  "begin" : 153,  "end" : 156 }, 
        {"sofa" : 1,  "begin" : 157,  "end" : 163 }, 
        {"sofa" : 1,  "begin" : 164,  "end" : 166 }, 
        {"sofa" : 1,  "begin" : 167,  "end" : 169 }, 
        {"sofa" : 1,  "begin" : 170,  "end" : 176 }, 
        {"sofa" : 1,  "begin" : 177,  "end" : 181 }, 
        {"sofa" : 1,  "begin" : 182,  "end" : 183 }, 
        {"sofa" : 1,  "begin" : 184,  "end" : 187 }, 
        {"sofa" : 1,  "begin" : 188,  "end" : 191 }, 
        {"sofa" : 1,  "begin" : 192,  "end" : 194 }, 
        {"sofa" : 1,  "begin" : 195,  "end" : 197 }, 
        {"sofa" : 1,  "begin" : 198,  "end" : 202 }, 
        {"sofa" : 1,  "begin" : 203,  "end" : 211 }, 
        {"sofa" : 1,  "begin" : 212,  "end" : 215 }, 
        {"sofa" : 1,  "begin" : 216,  "end" : 220 }, 
        {"sofa" : 1,  "begin" : 221,  "end" : 225 }, 
        {"sofa" : 1,  "begin" : 226,  "end" : 230 }, 
        {"sofa" : 1,  "begin" : 231,  "end" : 240 }, 
        {"sofa" : 1,  "begin" : 241,  "end" : 242 }, 
        {"sofa" : 1,  "begin" : 243,  "end" : 251 }, 
        {"sofa" : 1,  "begin" : 252,  "end" : 258 }, 
        {"sofa" : 1,  "begin" : 259,  "end" : 264 }, 
        {"sofa" : 1,  "begin" : 265,  "end" : 267 }, 
        {"sofa" : 1,  "begin" : 268,  "end" : 275 }, 
        {"sofa" : 1,  "begin" : 276,  "end" : 277 }, 
        {"sofa" : 1,  "begin" : 278,  "end" : 283 }, 
        {"sofa" : 1,  "begin" : 284,  "end" : 288 }, 
        {"sofa" : 1,  "begin" : 289,  "end" : 290 }, 
        {"sofa" : 1,  "begin" : 291,  "end" : 296 }, 
        {"sofa" : 1,  "begin" : 297,  "end" : 306 }, 
        {"sofa" : 1,  "begin" : 307,  "end" : 312 }, 
        {"sofa" : 1,  "begin" : 313,  "end" : 317 }, 
        {"sofa" : 1,  "begin" : 318,  "end" : 322 }, 
        {"sofa" : 1,  "begin" : 323,  "end" : 324 }, 
        {"sofa" : 1,  "begin" : 325,  "end" : 326 }, 
        {"sofa" : 1,  "begin" : 327,  "end" : 331 }, 
        {"sofa" : 1,  "begin" : 332,  "end" : 336 }, 
        {"sofa" : 1,  "begin" : 337,  "end" : 341 }, 
        {"sofa" : 1,  "begin" : 342,  "end" : 343 }, 
        {"sofa" : 1,  "begin" : 344,  "end" : 351 }, 
        {"sofa" : 1,  "begin" : 352,  "end" : 353 }, 
        {"sofa" : 1,  "begin" : 354,  "end" : 362 }, 
        {"sofa" : 1,  "begin" : 363,  "end" : 365 }, 
        {"sofa" : 1,  "begin" : 366,  "end" : 373 }, 
        {"sofa" : 1,  "begin" : 374,  "end" : 377 }, 
        {"sofa" : 1,  "begin" : 378,  "end" : 383 }, 
        {"sofa" : 1,  "begin" : 384,  "end" : 386 }, 
        {"sofa" : 1,  "begin" : 387,  "end" : 395 }, 
        {"sofa" : 1,  "begin" : 396,  "end" : 399 }, 
        {"sofa" : 1,  "begin" : 400,  "end" : 401 }, 
        {"sofa" : 1,  "begin" : 402,  "end" : 406 }, 
        {"sofa" : 1,  "begin" : 407,  "end" : 410 }, 
        {"sofa" : 1,  "begin" : 411,  "end" : 413 }, 
        {"sofa" : 1,  "begin" : 414,  "end" : 417 }, 
        {"sofa" : 1,  "begin" : 418,  "end" : 421 }, 
        {"sofa" : 1,  "begin" : 422,  "end" : 426 }, 
        {"sofa" : 1,  "begin" : 427,  "end" : 429 }, 
        {"sofa" : 1,  "begin" : 430,  "end" : 435 }, 
        {"sofa" : 1,  "begin" : 436,  "end" : 437 }, 
        {"sofa" : 1,  "begin" : 438,  "end" : 441 }, 
        {"sofa" : 1,  "begin" : 442,  "end" : 449 }, 
        {"sofa" : 1,  "begin" : 450,  "end" : 451 }, 
        {"sofa" : 1,  "begin" : 452,  "end" : 455 }, 
        {"sofa" : 1,  "begin" : 456,  "end" : 460 }, 
        {"sofa" : 1,  "begin" : 461,  "end" : 468 }, 
        {"sofa" : 1,  "begin" : 469,  "end" : 473 }, 
        {"sofa" : 1,  "begin" : 474,  "end" : 478 }, 
        {"sofa" : 1,  "begin" : 479,  "end" : 480 }, 
        {"sofa" : 1,  "begin" : 481,  "end" : 487 }, 
        {"sofa" : 1,  "begin" : 488,  "end" : 492 }, 
        {"sofa" : 1,  "begin" : 493,  "end" : 495 }, 
        {"sofa" : 1,  "begin" : 496,  "end" : 497 }, 
        {"sofa" : 1,  "begin" : 498,  "end" : 500 }, 
        {"sofa" : 1,  "begin" : 501,  "end" : 504 }, 
        {"sofa" : 1,  "begin" : 505,  "end" : 510 }, 
        {"sofa" : 1,  "begin" : 511,  "end" : 513 }, 
        {"sofa" : 1,  "begin" : 514,  "end" : 518 } ], 
      "PartsofCause" : [1517,  1491,  1504,  1560,  1573,  1586 ], 
      "TypesofCause" : [
        {"sofa" : 1,  "begin" : 64,  "end" : 87,  "Dependent" : 1517,  "Governor" : 1491,  "TypesofCause" : "Effect" }, 
        {"sofa" : 1,  "begin" : 95,  "end" : 111,  "Dependent" : 1504,  "Governor" : 1491,  "TypesofCause" : "Cause" }, 
        {"sofa" : 1,  "begin" : 195,  "end" : 275,  "Dependent" : 1573,  "Governor" : 1560,  "TypesofCause" : "Cause" }, 
        {"sofa" : 1,  "begin" : 276,  "end" : 322,  "Dependent" : 1586,  "Governor" : 1560,  "TypesofCause" : "Effect" } ] } }, 
  "_referenced_fss" : {
    "1" : {"_type" : "Sofa",  "sofaNum" : 1,  "sofaID" : "_InitialView",  "mimeType" : "text",  "sofaString" : "Hey y’all , so I started college in the 18 - 19 academic year .\nI performed very poorly due to irresponsibility , and it hurt me bad .\nHere I am in what now should be my senior year , and due to my past failures and some part time semesters / changing majors early in college I still have 2 years remaining after this year .\nI feel like such a failure , watching my friends all about to graduate and I just wan na get out into my field , get married , and stop feeling like this .\nPlease tell me I ’m not alone in this" }, 
    "1517" : {"_type" : "PartsofCause",  "sofa" : 1,  "begin" : 64,  "end" : 87,  "PartsofCause" : "Argument" }, 
    "1491" : {"_type" : "PartsofCause",  "sofa" : 1,  "begin" : 88,  "end" : 94,  "PartsofCause" : "Causing" }, 
    "1504" : {"_type" : "PartsofCause",  "sofa" : 1,  "begin" : 95,  "end" : 111,  "PartsofCause" : "Argument" }, 
    "1573" : {"_type" : "PartsofCause",  "sofa" : 1,  "begin" : 195,  "end" : 275,  "PartsofCause" : "Argument" }, 
    "1560" : {"_type" : "PartsofCause",  "sofa" : 1,  "begin" : 188,  "end" : 194,  "PartsofCause" : "Causing" }, 
    "1586" : {"_type" : "PartsofCause",  "sofa" : 1,  "begin" : 276,  "end" : 322,  "PartsofCause" : "Argument" }, 
    "1629" : {"_type" : "LayerDefinition",  "name" : "webanno.custom.DisjointCausalSpans",  "uiName" : "Disjoint Causal Spans" }, 
    "1647" : {"_type" : "LayerDefinition",  "name" : "webanno.custom.TypesofCause",  "uiName" : "Types of Cause" }, 
    "1640" : {"_type" : "LayerDefinition",  "name" : "webanno.custom.PartsofCause",  "uiName" : "Parts of Cause" } } }