{"_context" : {
    "_types" : {
      "DocumentMetaData" : {
        "_feature_types" : {"sofa" : "_ref" } }, 
      "FeatureDefinition" : {
        "_feature_types" : {"layer" : "_ref" } }, 
      "LayerDefinition" : { }, 
      "PartsofCause" : {
        "_feature_types" : {"sofa" : "_ref" } }, 
      "Sentence" : {
        "_feature_types" : {"sofa" : "_ref" } }, 
      "Sofa" : {
        "_feature_types" : {"sofaArray" : "_ref" } }, 
      "TagsetDescription" : {
        "_feature_types" : {"sofa" : "_ref",  "tags" : "_ref" } }, 
      "Token" : {
        "_feature_types" : {"sofa" : "_ref",  "parent" : "_ref",  "lemma" : "_ref",  "stem" : "_ref",  "pos" : "_ref",  "morph" : "_ref",  "form" : "_ref" } }, 
      "TypesofCause" : {
        "_feature_types" : {"sofa" : "_ref",  "Dependent" : "_ref",  "Governor" : "_ref" } }, 
      "DocumentAnnotation" : {
        "_feature_types" : {"sofa" : "_ref" }, 
        "_subtypes" : ["DocumentMetaData" ] }, 
      "Annotation" : {
        "_feature_types" : {"sofa" : "_ref" }, 
        "_subtypes" : ["DocumentAnnotation",  "PartsofCause",  "Sentence",  "TagsetDescription",  "Token",  "TypesofCause" ] }, 
      "AnnotationBase" : {
        "_feature_types" : {"sofa" : "_ref" }, 
        "_subtypes" : ["Annotation" ] }, 
      "TOP" : {
        "_subtypes" : ["AnnotationBase",  "FeatureDefinition",  "LayerDefinition",  "Sofa" ] } } }, 
  "_views" : {
    "_InitialView" : {
      "FeatureDefinition" : [
        {"layer" : 2604,  "name" : "referenceRelation",  "uiName" : "Reference Relation" }, 
        {"layer" : 2604,  "name" : "referenceType",  "uiName" : "Reference Type" }, 
        {"layer" : 2615,  "name" : "PartsofCause",  "uiName" : "Parts of Cause" }, 
        {"layer" : 2622,  "name" : "TypesofCause",  "uiName" : "Types of Cause" } ], 
      "LayerDefinition" : [2604,  2615,  2622 ], 
      "DocumentMetaData" : [
        {"sofa" : 1,  "end" : 845,  "language" : "x-unspecified",  "documentTitle" : "cnn-13.txt",  "documentId" : "AYC",  "documentUri" : "file:/srv/inception/repository/project/2/document/2365/source/AYC",  "collectionId" : "file:/srv/inception/repository/project/2/document/2365/source/",  "documentBaseUri" : "file:/srv/inception/repository/project/2/document/2365/source/",  "isLastSegment" : false } ], 
      "TagsetDescription" : [
        {"sofa" : 1,  "layer" : "webanno.custom.PartsofCause",  "name" : "Parts of Cause",  "input" : false }, 
        {"sofa" : 1,  "layer" : "webanno.custom.TypesofCause",  "name" : "Causal Relations",  "input" : false } ], 
      "Sentence" : [
        {"sofa" : 1,  "end" : 93 }, 
        {"sofa" : 1,  "begin" : 94,  "end" : 187 }, 
        {"sofa" : 1,  "begin" : 188,  "end" : 245 }, 
        {"sofa" : 1,  "begin" : 246,  "end" : 369 }, 
        {"sofa" : 1,  "begin" : 370,  "end" : 459 }, 
        {"sofa" : 1,  "begin" : 460,  "end" : 487 }, 
        {"sofa" : 1,  "begin" : 488,  "end" : 634 }, 
        {"sofa" : 1,  "begin" : 635,  "end" : 731 }, 
        {"sofa" : 1,  "begin" : 732,  "end" : 807 }, 
        {"sofa" : 1,  "begin" : 808,  "end" : 845 } ], 
      "Token" : [
        {"sofa" : 1,  "end" : 1 }, 
        {"sofa" : 1,  "begin" : 2,  "end" : 10 }, 
        {"sofa" : 1,  "begin" : 11,  "end" : 12 }, 
        {"sofa" : 1,  "begin" : 13,  "end" : 15 }, 
        {"sofa" : 1,  "begin" : 16,  "end" : 20 }, 
        {"sofa" : 1,  "begin" : 21,  "end" : 23 }, 
        {"sofa" : 1,  "begin" : 24,  "end" : 27 }, 
        {"sofa" : 1,  "begin" : 28,  "end" : 31 }, 
        {"sofa" : 1,  "begin" : 32,  "end" : 34 }, 
        {"sofa" : 1,  "begin" : 35,  "end" : 39 }, 
        {"sofa" : 1,  "begin" : 40,  "end" : 44 }, 
        {"sofa" : 1,  "begin" : 45,  "end" : 51 }, 
        {"sofa" : 1,  "begin" : 52,  "end" : 58 }, 
        {"sofa" : 1,  "begin" : 59,  "end" : 60 }, 
        {"sofa" : 1,  "begin" : 61,  "end" : 66 }, 
        {"sofa" : 1,  "begin" : 67,  "end" : 68 }, 
        {"sofa" : 1,  "begin" : 69,  "end" : 72 }, 
        {"sofa" : 1,  "begin" : 73,  "end" : 80 }, 
        {"sofa" : 1,  "begin" : 81,  "end" : 84 }, 
        {"sofa" : 1,  "begin" : 85,  "end" : 91 }, 
        {"sofa" : 1,  "begin" : 92,  "end" : 93 }, 
        {"sofa" : 1,  "begin" : 94,  "end" : 95 }, 
        {"sofa" : 1,  "begin" : 96,  "end" : 104 }, 
        {"sofa" : 1,  "begin" : 105,  "end" : 111 }, 
        {"sofa" : 1,  "begin" : 112,  "end" : 114 }, 
        {"sofa" : 1,  "begin" : 115,  "end" : 119 }, 
        {"sofa" : 1,  "begin" : 120,  "end" : 128 }, 
        {"sofa" : 1,  "begin" : 129,  "end" : 140 }, 
        {"sofa" : 1,  "begin" : 141,  "end" : 143 }, 
        {"sofa" : 1,  "begin" : 144,  "end" : 147 }, 
        {"sofa" : 1,  "begin" : 148,  "end" : 154 }, 
        {"sofa" : 1,  "begin" : 155,  "end" : 163 }, 
        {"sofa" : 1,  "begin" : 164,  "end" : 174 }, 
        {"sofa" : 1,  "begin" : 175,  "end" : 185 }, 
        {"sofa" : 1,  "begin" : 186,  "end" : 187 }, 
        {"sofa" : 1,  "begin" : 188,  "end" : 190 }, 
        {"sofa" : 1,  "begin" : 191,  "end" : 197 }, 
        {"sofa" : 1,  "begin" : 198,  "end" : 201 }, 
        {"sofa" : 1,  "begin" : 202,  "end" : 209 }, 
        {"sofa" : 1,  "begin" : 210,  "end" : 211 }, 
        {"sofa" : 1,  "begin" : 212,  "end" : 213 }, 
        {"sofa" : 1,  "begin" : 214,  "end" : 220 }, 
        {"sofa" : 1,  "begin" : 221,  "end" : 223 }, 
        {"sofa" : 1,  "begin" : 224,  "end" : 230 }, 
        {"sofa" : 1,  "begin" : 231,  "end" : 233 }, 
        {"sofa" : 1,  "begin" : 234,  "end" : 237 }, 
        {"sofa" : 1,  "begin" : 238,  "end" : 243 }, 
        {"sofa" : 1,  "begin" : 244,  "end" : 245 }, 
        {"sofa" : 1,  "begin" : 246,  "end" : 247 }, 
        {"sofa" : 1,  "begin" : 248,  "end" : 251 }, 
        {"sofa" : 1,  "begin" : 252,  "end" : 262 }, 
        {"sofa" : 1,  "begin" : 263,  "end" : 265 }, 
        {"sofa" : 1,  "begin" : 266,  "end" : 273 }, 
        {"sofa" : 1,  "begin" : 274,  "end" : 281 }, 
        {"sofa" : 1,  "begin" : 282,  "end" : 287 }, 
        {"sofa" : 1,  "begin" : 288,  "end" : 292 }, 
        {"sofa" : 1,  "begin" : 293,  "end" : 296 }, 
        {"sofa" : 1,  "begin" : 297,  "end" : 299 }, 
        {"sofa" : 1,  "begin" : 300,  "end" : 304 }, 
        {"sofa" : 1,  "begin" : 305,  "end" : 320 }, 
        {"sofa" : 1,  "begin" : 321,  "end" : 327 }, 
        {"sofa" : 1,  "begin" : 328,  "end" : 331 }, 
        {"sofa" : 1,  "begin" : 332,  "end" : 335 }, 
        {"sofa" : 1,  "begin" : 336,  "end" : 340 }, 
        {"sofa" : 1,  "begin" : 341,  "end" : 344 }, 
        {"sofa" : 1,  "begin" : 345,  "end" : 352 }, 
        {"sofa" : 1,  "begin" : 353,  "end" : 361 }, 
        {"sofa" : 1,  "begin" : 362,  "end" : 367 }, 
        {"sofa" : 1,  "begin" : 368,  "end" : 369 }, 
        {"sofa" : 1,  "begin" : 370,  "end" : 371 }, 
        {"sofa" : 1,  "begin" : 372,  "end" : 373 }, 
        {"sofa" : 1,  "begin" : 374,  "end" : 379 }, 
        {"sofa" : 1,  "begin" : 380,  "end" : 384 }, 
        {"sofa" : 1,  "begin" : 385,  "end" : 389 }, 
        {"sofa" : 1,  "begin" : 390,  "end" : 395 }, 
        {"sofa" : 1,  "begin" : 396,  "end" : 402 }, 
        {"sofa" : 1,  "begin" : 403,  "end" : 409 }, 
        {"sofa" : 1,  "begin" : 410,  "end" : 411 }, 
        {"sofa" : 1,  "begin" : 412,  "end" : 413 }, 
        {"sofa" : 1,  "begin" : 414,  "end" : 422 }, 
        {"sofa" : 1,  "begin" : 423,  "end" : 433 }, 
        {"sofa" : 1,  "begin" : 434,  "end" : 438 }, 
        {"sofa" : 1,  "begin" : 439,  "end" : 447 }, 
        {"sofa" : 1,  "begin" : 448,  "end" : 457 }, 
        {"sofa" : 1,  "begin" : 458,  "end" : 459 }, 
        {"sofa" : 1,  "begin" : 460,  "end" : 469 }, 
        {"sofa" : 1,  "begin" : 470,  "end" : 471 }, 
        {"sofa" : 1,  "begin" : 472,  "end" : 473 }, 
        {"sofa" : 1,  "begin" : 474,  "end" : 478 }, 
        {"sofa" : 1,  "begin" : 479,  "end" : 485 }, 
        {"sofa" : 1,  "begin" : 486,  "end" : 487 }, 
        {"sofa" : 1,  "begin" : 488,  "end" : 491 }, 
        {"sofa" : 1,  "begin" : 492,  "end" : 495 }, 
        {"sofa" : 1,  "begin" : 496,  "end" : 500 }, 
        {"sofa" : 1,  "begin" : 501,  "end" : 503 }, 
        {"sofa" : 1,  "begin" : 504,  "end" : 511 }, 
        {"sofa" : 1,  "begin" : 512,  "end" : 513 }, 
        {"sofa" : 1,  "begin" : 514,  "end" : 522 }, 
        {"sofa" : 1,  "begin" : 523,  "end" : 526 }, 
        {"sofa" : 1,  "begin" : 527,  "end" : 538 }, 
        {"sofa" : 1,  "begin" : 539,  "end" : 547 }, 
        {"sofa" : 1,  "begin" : 548,  "end" : 558 }, 
        {"sofa" : 1,  "begin" : 559,  "end" : 565 }, 
        {"sofa" : 1,  "begin" : 566,  "end" : 569 }, 
        {"sofa" : 1,  "begin" : 570,  "end" : 574 }, 
        {"sofa" : 1,  "begin" : 575,  "end" : 577 }, 
        {"sofa" : 1,  "begin" : 578,  "end" : 579 }, 
        {"sofa" : 1,  "begin" : 580,  "end" : 588 }, 
        {"sofa" : 1,  "begin" : 589,  "end" : 591 }, 
        {"sofa" : 1,  "begin" : 592,  "end" : 598 }, 
        {"sofa" : 1,  "begin" : 599,  "end" : 601 }, 
        {"sofa" : 1,  "begin" : 602,  "end" : 608 }, 
        {"sofa" : 1,  "begin" : 609,  "end" : 617 }, 
        {"sofa" : 1,  "begin" : 618,  "end" : 624 }, 
        {"sofa" : 1,  "begin" : 625,  "end" : 626 }, 
        {"sofa" : 1,  "begin" : 627,  "end" : 632 }, 
        {"sofa" : 1,  "begin" : 633,  "end" : 634 }, 
        {"sofa" : 1,  "begin" : 635,  "end" : 639 }, 
        {"sofa" : 1,  "begin" : 640,  "end" : 642 }, 
        {"sofa" : 1,  "begin" : 643,  "end" : 647 }, 
        {"sofa" : 1,  "begin" : 648,  "end" : 651 }, 
        {"sofa" : 1,  "begin" : 652,  "end" : 657 }, 
        {"sofa" : 1,  "begin" : 658,  "end" : 660 }, 
        {"sofa" : 1,  "begin" : 661,  "end" : 665 }, 
        {"sofa" : 1,  "begin" : 666,  "end" : 674 }, 
        {"sofa" : 1,  "begin" : 675,  "end" : 679 }, 
        {"sofa" : 1,  "begin" : 680,  "end" : 684 }, 
        {"sofa" : 1,  "begin" : 685,  "end" : 694 }, 
        {"sofa" : 1,  "begin" : 695,  "end" : 703 }, 
        {"sofa" : 1,  "begin" : 704,  "end" : 706 }, 
        {"sofa" : 1,  "begin" : 707,  "end" : 716 }, 
        {"sofa" : 1,  "begin" : 717,  "end" : 721 }, 
        {"sofa" : 1,  "begin" : 722,  "end" : 729 }, 
        {"sofa" : 1,  "begin" : 730,  "end" : 731 }, 
        {"sofa" : 1,  "begin" : 732,  "end" : 738 }, 
        {"sofa" : 1,  "begin" : 739,  "end" : 743 }, 
        {"sofa" : 1,  "begin" : 744,  "end" : 745 }, 
        {"sofa" : 1,  "begin" : 746,  "end" : 749 }, 
        {"sofa" : 1,  "begin" : 750,  "end" : 754 }, 
        {"sofa" : 1,  "begin" : 755,  "end" : 759 }, 
        {"sofa" : 1,  "begin" : 760,  "end" : 761 }, 
        {"sofa" : 1,  "begin" : 762,  "end" : 766 }, 
        {"sofa" : 1,  "begin" : 767,  "end" : 769 }, 
        {"sofa" : 1,  "begin" : 770,  "end" : 775 }, 
        {"sofa" : 1,  "begin" : 776,  "end" : 784 }, 
        {"sofa" : 1,  "begin" : 785,  "end" : 787 }, 
        {"sofa" : 1,  "begin" : 788,  "end" : 793 }, 
        {"sofa" : 1,  "begin" : 794,  "end" : 796 }, 
        {"sofa" : 1,  "begin" : 797,  "end" : 805 }, 
        {"sofa" : 1,  "begin" : 806,  "end" : 807 }, 
        {"sofa" : 1,  "begin" : 808,  "end" : 811 }, 
        {"sofa" : 1,  "begin" : 812,  "end" : 816 }, 
        {"sofa" : 1,  "begin" : 817,  "end" : 821 }, 
        {"sofa" : 1,  "begin" : 822,  "end" : 823 }, 
        {"sofa" : 1,  "begin" : 824,  "end" : 829 }, 
        {"sofa" : 1,  "begin" : 830,  "end" : 833 }, 
        {"sofa" : 1,  "begin" : 834,  "end" : 837 }, 
        {"sofa" : 1,  "begin" : 838,  "end" : 843 }, 
        {"sofa" : 1,  "begin" : 844,  "end" : 845 } ], 
      "PartsofCause" : [2179,  2246,  2259,  2481,  2494,  2539,  2552,  2565,  2440,  2453,  2397,  2371,  2384,  2302,  2315,  2343 ], 
      "TypesofCause" : [
        {"sofa" : 1,  "begin" : 24,  "end" : 31,  "Dependent" : 2179,  "Governor" : 2246,  "TypesofCause" : "Cause" }, 
        {"sofa" : 1,  "begin" : 35,  "end" : 66,  "Dependent" : 2259,  "Governor" : 2246,  "TypesofCause" : "Effect" }, 
        {"sofa" : 1,  "begin" : 40,  "end" : 66,  "Dependent" : 2494,  "Governor" : 2481,  "TypesofCause" : "Effect" }, 
        {"sofa" : 1,  "begin" : 69,  "end" : 80,  "Dependent" : 2539,  "Governor" : 2552,  "TypesofCause" : "Effect" }, 
        {"sofa" : 1,  "begin" : 85,  "end" : 91,  "Dependent" : 2565,  "Governor" : 2552,  "TypesofCause" : "Cause" }, 
        {"sofa" : 1,  "begin" : 599,  "end" : 632,  "Dependent" : 2453,  "Governor" : 2440,  "TypesofCause" : "Effect" }, 
        {"sofa" : 1,  "begin" : 770,  "end" : 784,  "Dependent" : 2397,  "Governor" : 2371,  "TypesofCause" : "Effect" }, 
        {"sofa" : 1,  "begin" : 788,  "end" : 805,  "Dependent" : 2384,  "Governor" : 2371,  "TypesofCause" : "Cause" }, 
        {"sofa" : 1,  "begin" : 812,  "end" : 821,  "Dependent" : 2315,  "Governor" : 2302,  "TypesofCause" : "Cause" }, 
        {"sofa" : 1,  "begin" : 824,  "end" : 843,  "Dependent" : 2343,  "Governor" : 2302,  "TypesofCause" : "Effect" } ] } }, 
  "_referenced_fss" : {
    "1" : {"_type" : "Sofa",  "sofaNum" : 1,  "sofaID" : "_InitialView",  "mimeType" : "text",  "sofaString" : "( CNNMoney ) -- Here 's one way to make your iPhone hacker - proof : Ask hackers for advice .\nI recently caught up with security researchers at the online security conference Infiltrate .\nAt dinner one evening , I placed my iPhone on the table .\nI was surrounded by ethical hackers whose jobs are to find vulnerabilities before the bad guys and exploit security flaws .\n\" I could hack your phone pretty easily , \" security researcher Tomi Tuominen mentioned .\nObviously , I took notice .\nFor the next 20 minutes , Tuominen and information security researcher Robert Lee gave me a tutorial on making my iPhone settings hacker - proof .\nSome of them are basic -- like changing your four character password to something more complex .\nOthers take a bit more work , such as using settings to limit ad tracking .\nFor more tips , check out the video ." }, 
    "2179" : {"_type" : "PartsofCause",  "sofa" : 1,  "begin" : 24,  "end" : 31,  "PartsofCause" : "Argument" }, 
    "2246" : {"_type" : "PartsofCause",  "sofa" : 1,  "begin" : 32,  "end" : 34,  "PartsofCause" : "Causing" }, 
    "2259" : {"_type" : "PartsofCause",  "sofa" : 1,  "begin" : 35,  "end" : 66,  "PartsofCause" : "Argument" }, 
    "2494" : {"_type" : "PartsofCause",  "sofa" : 1,  "begin" : 40,  "end" : 66,  "PartsofCause" : "Argument" }, 
    "2481" : {"_type" : "PartsofCause",  "sofa" : 1,  "begin" : 35,  "end" : 39,  "PartsofCause" : "Causing" }, 
    "2539" : {"_type" : "PartsofCause",  "sofa" : 1,  "begin" : 69,  "end" : 80,  "PartsofCause" : "Argument" }, 
    "2552" : {"_type" : "PartsofCause",  "sofa" : 1,  "begin" : 81,  "end" : 84,  "PartsofCause" : "Causing" }, 
    "2565" : {"_type" : "PartsofCause",  "sofa" : 1,  "begin" : 85,  "end" : 91,  "PartsofCause" : "Argument" }, 
    "2453" : {"_type" : "PartsofCause",  "sofa" : 1,  "begin" : 599,  "end" : 632,  "PartsofCause" : "Argument" }, 
    "2440" : {"_type" : "PartsofCause",  "sofa" : 1,  "begin" : 592,  "end" : 598,  "PartsofCause" : "Causing" }, 
    "2397" : {"_type" : "PartsofCause",  "sofa" : 1,  "begin" : 770,  "end" : 784,  "PartsofCause" : "Argument" }, 
    "2371" : {"_type" : "PartsofCause",  "sofa" : 1,  "begin" : 785,  "end" : 787,  "PartsofCause" : "Causing" }, 
    "2384" : {"_type" : "PartsofCause",  "sofa" : 1,  "begin" : 788,  "end" : 805,  "PartsofCause" : "Argument" }, 
    "2315" : {"_type" : "PartsofCause",  "sofa" : 1,  "begin" : 812,  "end" : 821,  "PartsofCause" : "Argument" }, 
    "2302" : {"_type" : "PartsofCause",  "sofa" : 1,  "begin" : 808,  "end" : 811,  "PartsofCause" : "Causing" }, 
    "2343" : {"_type" : "PartsofCause",  "sofa" : 1,  "begin" : 824,  "end" : 843,  "PartsofCause" : "Argument" }, 
    "2604" : {"_type" : "LayerDefinition",  "name" : "webanno.custom.DisjointCausalSpans",  "uiName" : "Disjoint Causal Spans" }, 
    "2615" : {"_type" : "LayerDefinition",  "name" : "webanno.custom.PartsofCause",  "uiName" : "Parts of Cause" }, 
    "2622" : {"_type" : "LayerDefinition",  "name" : "webanno.custom.TypesofCause",  "uiName" : "Types of Cause" } } }