{"_context" : {
    "_types" : {
      "DocumentMetaData" : {
        "_feature_types" : {"sofa" : "_ref" } }, 
      "FeatureDefinition" : {
        "_feature_types" : {"layer" : "_ref" } }, 
      "LayerDefinition" : { }, 
      "PartsofCause" : {
        "_feature_types" : {"sofa" : "_ref" } }, 
      "Sentence" : {
        "_feature_types" : {"sofa" : "_ref" } }, 
      "Sofa" : {
        "_feature_types" : {"sofaArray" : "_ref" } }, 
      "TagsetDescription" : {
        "_feature_types" : {"sofa" : "_ref",  "tags" : "_ref" } }, 
      "Token" : {
        "_feature_types" : {"sofa" : "_ref",  "parent" : "_ref",  "lemma" : "_ref",  "stem" : "_ref",  "pos" : "_ref",  "morph" : "_ref",  "form" : "_ref" } }, 
      "TypesofCause" : {
        "_feature_types" : {"sofa" : "_ref",  "Dependent" : "_ref",  "Governor" : "_ref" } }, 
      "DocumentAnnotation" : {
        "_feature_types" : {"sofa" : "_ref" }, 
        "_subtypes" : ["DocumentMetaData" ] }, 
      "Annotation" : {
        "_feature_types" : {"sofa" : "_ref" }, 
        "_subtypes" : ["DocumentAnnotation",  "PartsofCause",  "Sentence",  "TagsetDescription",  "Token",  "TypesofCause" ] }, 
      "AnnotationBase" : {
        "_feature_types" : {"sofa" : "_ref" }, 
        "_subtypes" : ["Annotation" ] }, 
      "TOP" : {
        "_subtypes" : ["AnnotationBase",  "FeatureDefinition",  "LayerDefinition",  "Sofa" ] } } }, 
  "_views" : {
    "_InitialView" : {
      "FeatureDefinition" : [
        {"layer" : 2479,  "name" : "referenceRelation",  "uiName" : "Reference Relation" }, 
        {"layer" : 2479,  "name" : "referenceType",  "uiName" : "Reference Type" }, 
        {"layer" : 2490,  "name" : "PartsofCause",  "uiName" : "Parts of Cause" }, 
        {"layer" : 2497,  "name" : "TypesofCause",  "uiName" : "Types of Cause" } ], 
      "LayerDefinition" : [2479,  2490,  2497 ], 
      "DocumentMetaData" : [
        {"sofa" : 1,  "end" : 724,  "language" : "x-unspecified",  "documentTitle" : "fable-28.txt",  "documentId" : "AYC",  "documentUri" : "file:/srv/inception/repository/project/2/document/2330/source/AYC",  "collectionId" : "file:/srv/inception/repository/project/2/document/2330/source/",  "documentBaseUri" : "file:/srv/inception/repository/project/2/document/2330/source/",  "isLastSegment" : false } ], 
      "TagsetDescription" : [
        {"sofa" : 1,  "layer" : "webanno.custom.PartsofCause",  "name" : "Parts of Cause",  "input" : false }, 
        {"sofa" : 1,  "layer" : "webanno.custom.TypesofCause",  "name" : "Causal Relations",  "input" : false } ], 
      "Sentence" : [
        {"sofa" : 1,  "end" : 92 }, 
        {"sofa" : 1,  "begin" : 93,  "end" : 191 }, 
        {"sofa" : 1,  "begin" : 192,  "end" : 244 }, 
        {"sofa" : 1,  "begin" : 245,  "end" : 313 }, 
        {"sofa" : 1,  "begin" : 314,  "end" : 468 }, 
        {"sofa" : 1,  "begin" : 469,  "end" : 626 }, 
        {"sofa" : 1,  "begin" : 627,  "end" : 724 } ], 
      "Token" : [
        {"sofa" : 1,  "end" : 3 }, 
        {"sofa" : 1,  "begin" : 4,  "end" : 11 }, 
        {"sofa" : 1,  "begin" : 12,  "end" : 13 }, 
        {"sofa" : 1,  "begin" : 14,  "end" : 23 }, 
        {"sofa" : 1,  "begin" : 24,  "end" : 26 }, 
        {"sofa" : 1,  "begin" : 27,  "end" : 30 }, 
        {"sofa" : 1,  "begin" : 31,  "end" : 39 }, 
        {"sofa" : 1,  "begin" : 40,  "end" : 50 }, 
        {"sofa" : 1,  "begin" : 51,  "end" : 53 }, 
        {"sofa" : 1,  "begin" : 54,  "end" : 55 }, 
        {"sofa" : 1,  "begin" : 56,  "end" : 60 }, 
        {"sofa" : 1,  "begin" : 61,  "end" : 62 }, 
        {"sofa" : 1,  "begin" : 63,  "end" : 68 }, 
        {"sofa" : 1,  "begin" : 69,  "end" : 72 }, 
        {"sofa" : 1,  "begin" : 73,  "end" : 77 }, 
        {"sofa" : 1,  "begin" : 78,  "end" : 80 }, 
        {"sofa" : 1,  "begin" : 81,  "end" : 85 }, 
        {"sofa" : 1,  "begin" : 86,  "end" : 90 }, 
        {"sofa" : 1,  "begin" : 91,  "end" : 92 }, 
        {"sofa" : 1,  "begin" : 93,  "end" : 94 }, 
        {"sofa" : 1,  "begin" : 95,  "end" : 98 }, 
        {"sofa" : 1,  "begin" : 99,  "end" : 102 }, 
        {"sofa" : 1,  "begin" : 103,  "end" : 106 }, 
        {"sofa" : 1,  "begin" : 107,  "end" : 111 }, 
        {"sofa" : 1,  "begin" : 112,  "end" : 116 }, 
        {"sofa" : 1,  "begin" : 117,  "end" : 119 }, 
        {"sofa" : 1,  "begin" : 120,  "end" : 123 }, 
        {"sofa" : 1,  "begin" : 124,  "end" : 136 }, 
        {"sofa" : 1,  "begin" : 137,  "end" : 138 }, 
        {"sofa" : 1,  "begin" : 139,  "end" : 140 }, 
        {"sofa" : 1,  "begin" : 141,  "end" : 145 }, 
        {"sofa" : 1,  "begin" : 146,  "end" : 150 }, 
        {"sofa" : 1,  "begin" : 151,  "end" : 152 }, 
        {"sofa" : 1,  "begin" : 153,  "end" : 154 }, 
        {"sofa" : 1,  "begin" : 155,  "end" : 159 }, 
        {"sofa" : 1,  "begin" : 160,  "end" : 163 }, 
        {"sofa" : 1,  "begin" : 164,  "end" : 171 }, 
        {"sofa" : 1,  "begin" : 172,  "end" : 174 }, 
        {"sofa" : 1,  "begin" : 175,  "end" : 179 }, 
        {"sofa" : 1,  "begin" : 180,  "end" : 183 }, 
        {"sofa" : 1,  "begin" : 184,  "end" : 189 }, 
        {"sofa" : 1,  "begin" : 190,  "end" : 191 }, 
        {"sofa" : 1,  "begin" : 192,  "end" : 194 }, 
        {"sofa" : 1,  "begin" : 195,  "end" : 198 }, 
        {"sofa" : 1,  "begin" : 199,  "end" : 203 }, 
        {"sofa" : 1,  "begin" : 204,  "end" : 208 }, 
        {"sofa" : 1,  "begin" : 209,  "end" : 213 }, 
        {"sofa" : 1,  "begin" : 214,  "end" : 216 }, 
        {"sofa" : 1,  "begin" : 217,  "end" : 219 }, 
        {"sofa" : 1,  "begin" : 220,  "end" : 221 }, 
        {"sofa" : 1,  "begin" : 222,  "end" : 224 }, 
        {"sofa" : 1,  "begin" : 225,  "end" : 230 }, 
        {"sofa" : 1,  "begin" : 231,  "end" : 235 }, 
        {"sofa" : 1,  "begin" : 236,  "end" : 240 }, 
        {"sofa" : 1,  "begin" : 241,  "end" : 242 }, 
        {"sofa" : 1,  "begin" : 243,  "end" : 244 }, 
        {"sofa" : 1,  "begin" : 245,  "end" : 248 }, 
        {"sofa" : 1,  "begin" : 249,  "end" : 253 }, 
        {"sofa" : 1,  "begin" : 254,  "end" : 256 }, 
        {"sofa" : 1,  "begin" : 257,  "end" : 261 }, 
        {"sofa" : 1,  "begin" : 262,  "end" : 271 }, 
        {"sofa" : 1,  "begin" : 272,  "end" : 273 }, 
        {"sofa" : 1,  "begin" : 274,  "end" : 277 }, 
        {"sofa" : 1,  "begin" : 278,  "end" : 282 }, 
        {"sofa" : 1,  "begin" : 283,  "end" : 285 }, 
        {"sofa" : 1,  "begin" : 286,  "end" : 289 }, 
        {"sofa" : 1,  "begin" : 290,  "end" : 295 }, 
        {"sofa" : 1,  "begin" : 296,  "end" : 298 }, 
        {"sofa" : 1,  "begin" : 299,  "end" : 302 }, 
        {"sofa" : 1,  "begin" : 303,  "end" : 311 }, 
        {"sofa" : 1,  "begin" : 312,  "end" : 313 }, 
        {"sofa" : 1,  "begin" : 314,  "end" : 317 }, 
        {"sofa" : 1,  "begin" : 318,  "end" : 322 }, 
        {"sofa" : 1,  "begin" : 323,  "end" : 326 }, 
        {"sofa" : 1,  "begin" : 327,  "end" : 334 }, 
        {"sofa" : 1,  "begin" : 335,  "end" : 338 }, 
        {"sofa" : 1,  "begin" : 339,  "end" : 342 }, 
        {"sofa" : 1,  "begin" : 343,  "end" : 346 }, 
        {"sofa" : 1,  "begin" : 347,  "end" : 351 }, 
        {"sofa" : 1,  "begin" : 352,  "end" : 354 }, 
        {"sofa" : 1,  "begin" : 355,  "end" : 356 }, 
        {"sofa" : 1,  "begin" : 357,  "end" : 361 }, 
        {"sofa" : 1,  "begin" : 362,  "end" : 367 }, 
        {"sofa" : 1,  "begin" : 368,  "end" : 372 }, 
        {"sofa" : 1,  "begin" : 373,  "end" : 375 }, 
        {"sofa" : 1,  "begin" : 376,  "end" : 380 }, 
        {"sofa" : 1,  "begin" : 381,  "end" : 385 }, 
        {"sofa" : 1,  "begin" : 386,  "end" : 388 }, 
        {"sofa" : 1,  "begin" : 389,  "end" : 393 }, 
        {"sofa" : 1,  "begin" : 394,  "end" : 396 }, 
        {"sofa" : 1,  "begin" : 397,  "end" : 398 }, 
        {"sofa" : 1,  "begin" : 399,  "end" : 405 }, 
        {"sofa" : 1,  "begin" : 406,  "end" : 409 }, 
        {"sofa" : 1,  "begin" : 410,  "end" : 414 }, 
        {"sofa" : 1,  "begin" : 415,  "end" : 418 }, 
        {"sofa" : 1,  "begin" : 419,  "end" : 423 }, 
        {"sofa" : 1,  "begin" : 424,  "end" : 429 }, 
        {"sofa" : 1,  "begin" : 430,  "end" : 438 }, 
        {"sofa" : 1,  "begin" : 439,  "end" : 445 }, 
        {"sofa" : 1,  "begin" : 446,  "end" : 450 }, 
        {"sofa" : 1,  "begin" : 451,  "end" : 453 }, 
        {"sofa" : 1,  "begin" : 454,  "end" : 455 }, 
        {"sofa" : 1,  "begin" : 456,  "end" : 461 }, 
        {"sofa" : 1,  "begin" : 462,  "end" : 466 }, 
        {"sofa" : 1,  "begin" : 467,  "end" : 468 }, 
        {"sofa" : 1,  "begin" : 469,  "end" : 472 }, 
        {"sofa" : 1,  "begin" : 473,  "end" : 479 }, 
        {"sofa" : 1,  "begin" : 480,  "end" : 481 }, 
        {"sofa" : 1,  "begin" : 482,  "end" : 488 }, 
        {"sofa" : 1,  "begin" : 489,  "end" : 495 }, 
        {"sofa" : 1,  "begin" : 496,  "end" : 501 }, 
        {"sofa" : 1,  "begin" : 502,  "end" : 506 }, 
        {"sofa" : 1,  "begin" : 507,  "end" : 511 }, 
        {"sofa" : 1,  "begin" : 512,  "end" : 513 }, 
        {"sofa" : 1,  "begin" : 514,  "end" : 515 }, 
        {"sofa" : 1,  "begin" : 516,  "end" : 520 }, 
        {"sofa" : 1,  "begin" : 521,  "end" : 523 }, 
        {"sofa" : 1,  "begin" : 524,  "end" : 527 }, 
        {"sofa" : 1,  "begin" : 528,  "end" : 530 }, 
        {"sofa" : 1,  "begin" : 531,  "end" : 538 }, 
        {"sofa" : 1,  "begin" : 539,  "end" : 540 }, 
        {"sofa" : 1,  "begin" : 541,  "end" : 543 }, 
        {"sofa" : 1,  "begin" : 544,  "end" : 548 }, 
        {"sofa" : 1,  "begin" : 549,  "end" : 552 }, 
        {"sofa" : 1,  "begin" : 553,  "end" : 559 }, 
        {"sofa" : 1,  "begin" : 560,  "end" : 564 }, 
        {"sofa" : 1,  "begin" : 565,  "end" : 570 }, 
        {"sofa" : 1,  "begin" : 571,  "end" : 574 }, 
        {"sofa" : 1,  "begin" : 575,  "end" : 580 }, 
        {"sofa" : 1,  "begin" : 581,  "end" : 588 }, 
        {"sofa" : 1,  "begin" : 589,  "end" : 593 }, 
        {"sofa" : 1,  "begin" : 594,  "end" : 597 }, 
        {"sofa" : 1,  "begin" : 598,  "end" : 602 }, 
        {"sofa" : 1,  "begin" : 603,  "end" : 605 }, 
        {"sofa" : 1,  "begin" : 606,  "end" : 609 }, 
        {"sofa" : 1,  "begin" : 610,  "end" : 619 }, 
        {"sofa" : 1,  "begin" : 620,  "end" : 624 }, 
        {"sofa" : 1,  "begin" : 625,  "end" : 626 }, 
        {"sofa" : 1,  "begin" : 627,  "end" : 632 }, 
        {"sofa" : 1,  "begin" : 633,  "end" : 635 }, 
        {"sofa" : 1,  "begin" : 636,  "end" : 637 }, 
        {"sofa" : 1,  "begin" : 638,  "end" : 645 }, 
        {"sofa" : 1,  "begin" : 646,  "end" : 651 }, 
        {"sofa" : 1,  "begin" : 652,  "end" : 655 }, 
        {"sofa" : 1,  "begin" : 656,  "end" : 660 }, 
        {"sofa" : 1,  "begin" : 661,  "end" : 666 }, 
        {"sofa" : 1,  "begin" : 667,  "end" : 671 }, 
        {"sofa" : 1,  "begin" : 672,  "end" : 674 }, 
        {"sofa" : 1,  "begin" : 675,  "end" : 680 }, 
        {"sofa" : 1,  "begin" : 681,  "end" : 682 }, 
        {"sofa" : 1,  "begin" : 683,  "end" : 689 }, 
        {"sofa" : 1,  "begin" : 690,  "end" : 694 }, 
        {"sofa" : 1,  "begin" : 695,  "end" : 697 }, 
        {"sofa" : 1,  "begin" : 698,  "end" : 703 }, 
        {"sofa" : 1,  "begin" : 704,  "end" : 708 }, 
        {"sofa" : 1,  "begin" : 709,  "end" : 712 }, 
        {"sofa" : 1,  "begin" : 713,  "end" : 720 }, 
        {"sofa" : 1,  "begin" : 721,  "end" : 722 }, 
        {"sofa" : 1,  "begin" : 723,  "end" : 724 } ], 
      "PartsofCause" : [2179,  2125,  2138,  2207,  2220,  2233,  2276,  2289,  2302,  2414,  2427,  2345,  2358,  2371,  2455 ], 
      "TypesofCause" : [
        {"sofa" : 1,  "end" : 23,  "Dependent" : 2179,  "Governor" : 2125,  "TypesofCause" : "Effect" }, 
        {"sofa" : 1,  "begin" : 27,  "end" : 60,  "Dependent" : 2138,  "Governor" : 2125,  "TypesofCause" : "Cause" }, 
        {"sofa" : 1,  "begin" : 63,  "end" : 77,  "Dependent" : 2207,  "Governor" : 2220,  "TypesofCause" : "Effect" }, 
        {"sofa" : 1,  "begin" : 81,  "end" : 90,  "Dependent" : 2233,  "Governor" : 2220,  "TypesofCause" : "Cause" }, 
        {"sofa" : 1,  "begin" : 195,  "end" : 219,  "Dependent" : 2289,  "Governor" : 2276,  "TypesofCause" : "Cause" }, 
        {"sofa" : 1,  "begin" : 222,  "end" : 240,  "Dependent" : 2302,  "Governor" : 2276,  "TypesofCause" : "Effect" }, 
        {"sofa" : 1,  "begin" : 323,  "end" : 354,  "Dependent" : 2427,  "Governor" : 2414,  "TypesofCause" : "Cause" }, 
        {"sofa" : 1,  "begin" : 327,  "end" : 334,  "Dependent" : 2345,  "Governor" : 2358,  "TypesofCause" : "Cause" }, 
        {"sofa" : 1,  "begin" : 343,  "end" : 354,  "Dependent" : 2371,  "Governor" : 2358,  "TypesofCause" : "Effect" }, 
        {"sofa" : 1,  "begin" : 357,  "end" : 466,  "Dependent" : 2455,  "Governor" : 2414,  "TypesofCause" : "Effect" } ] } }, 
  "_referenced_fss" : {
    "1" : {"_type" : "Sofa",  "sofaNum" : 1,  "sofaID" : "_InitialView",  "mimeType" : "text",  "sofaString" : "THE Pigeons , terrified by the frequent appearance of a Kite , asked the Hawk to help them .\n“ You are the only bird of our acquaintance , ” they said , “ that can protect us from our enemy .\nIf you will take care of us , we shall feel safe . ”\nThe Hawk at once consented , and took up his abode in the dovecote .\nBut when the Pigeons had let him come in , they found that he slew more of them in a single day than the Kite could possibly pounce upon in a whole year .\nThe oldest , wisest pigeon among them said : “ When we are in trouble , we must not forget that there are other dangers than the ones we are suffering from .\nThere is a proverb among men that tells them to avoid a remedy that is worse than the disease . ”" }, 
    "2179" : {"_type" : "PartsofCause",  "sofa" : 1,  "end" : 23,  "PartsofCause" : "Argument" }, 
    "2125" : {"_type" : "PartsofCause",  "sofa" : 1,  "begin" : 24,  "end" : 26,  "PartsofCause" : "Causing" }, 
    "2138" : {"_type" : "PartsofCause",  "sofa" : 1,  "begin" : 27,  "end" : 60,  "PartsofCause" : "Argument" }, 
    "2207" : {"_type" : "PartsofCause",  "sofa" : 1,  "begin" : 63,  "end" : 77,  "PartsofCause" : "Argument" }, 
    "2220" : {"_type" : "PartsofCause",  "sofa" : 1,  "begin" : 78,  "end" : 80,  "PartsofCause" : "Causing" }, 
    "2233" : {"_type" : "PartsofCause",  "sofa" : 1,  "begin" : 81,  "end" : 90,  "PartsofCause" : "Argument" }, 
    "2289" : {"_type" : "PartsofCause",  "sofa" : 1,  "begin" : 195,  "end" : 219,  "PartsofCause" : "Argument" }, 
    "2276" : {"_type" : "PartsofCause",  "sofa" : 1,  "begin" : 192,  "end" : 194,  "PartsofCause" : "Causing" }, 
    "2302" : {"_type" : "PartsofCause",  "sofa" : 1,  "begin" : 222,  "end" : 240,  "PartsofCause" : "Argument" }, 
    "2427" : {"_type" : "PartsofCause",  "sofa" : 1,  "begin" : 323,  "end" : 354,  "PartsofCause" : "Argument" }, 
    "2414" : {"_type" : "PartsofCause",  "sofa" : 1,  "begin" : 318,  "end" : 322,  "PartsofCause" : "Enabling" }, 
    "2345" : {"_type" : "PartsofCause",  "sofa" : 1,  "begin" : 327,  "end" : 334,  "PartsofCause" : "Argument" }, 
    "2358" : {"_type" : "PartsofCause",  "sofa" : 1,  "begin" : 339,  "end" : 342,  "PartsofCause" : "Enabling" }, 
    "2371" : {"_type" : "PartsofCause",  "sofa" : 1,  "begin" : 343,  "end" : 354,  "PartsofCause" : "Argument" }, 
    "2455" : {"_type" : "PartsofCause",  "sofa" : 1,  "begin" : 357,  "end" : 466,  "PartsofCause" : "Argument" }, 
    "2479" : {"_type" : "LayerDefinition",  "name" : "webanno.custom.DisjointCausalSpans",  "uiName" : "Disjoint Causal Spans" }, 
    "2497" : {"_type" : "LayerDefinition",  "name" : "webanno.custom.TypesofCause",  "uiName" : "Types of Cause" }, 
    "2490" : {"_type" : "LayerDefinition",  "name" : "webanno.custom.PartsofCause",  "uiName" : "Parts of Cause" } } }