{"_context" : {
    "_types" : {
      "DocumentMetaData" : {
        "_feature_types" : {"sofa" : "_ref" } }, 
      "FeatureDefinition" : {
        "_feature_types" : {"layer" : "_ref" } }, 
      "LayerDefinition" : { }, 
      "PartsofCause" : {
        "_feature_types" : {"sofa" : "_ref" } }, 
      "Sentence" : {
        "_feature_types" : {"sofa" : "_ref" } }, 
      "Sofa" : {
        "_feature_types" : {"sofaArray" : "_ref" } }, 
      "TagsetDescription" : {
        "_feature_types" : {"sofa" : "_ref",  "tags" : "_ref" } }, 
      "Token" : {
        "_feature_types" : {"sofa" : "_ref",  "parent" : "_ref",  "lemma" : "_ref",  "stem" : "_ref",  "pos" : "_ref",  "morph" : "_ref",  "form" : "_ref" } }, 
      "TypesofCause" : {
        "_feature_types" : {"sofa" : "_ref",  "Dependent" : "_ref",  "Governor" : "_ref" } }, 
      "DocumentAnnotation" : {
        "_feature_types" : {"sofa" : "_ref" }, 
        "_subtypes" : ["DocumentMetaData" ] }, 
      "Annotation" : {
        "_feature_types" : {"sofa" : "_ref" }, 
        "_subtypes" : ["DocumentAnnotation",  "PartsofCause",  "Sentence",  "TagsetDescription",  "Token",  "TypesofCause" ] }, 
      "AnnotationBase" : {
        "_feature_types" : {"sofa" : "_ref" }, 
        "_subtypes" : ["Annotation" ] }, 
      "TOP" : {
        "_subtypes" : ["AnnotationBase",  "FeatureDefinition",  "LayerDefinition",  "Sofa" ] } } }, 
  "_views" : {
    "_InitialView" : {
      "FeatureDefinition" : [
        {"layer" : 1622,  "name" : "referenceRelation",  "uiName" : "Reference Relation" }, 
        {"layer" : 1622,  "name" : "referenceType",  "uiName" : "Reference Type" }, 
        {"layer" : 1633,  "name" : "PartsofCause",  "uiName" : "Parts of Cause" }, 
        {"layer" : 1640,  "name" : "TypesofCause",  "uiName" : "Types of Cause" } ], 
      "LayerDefinition" : [1622,  1633,  1640 ], 
      "DocumentMetaData" : [
        {"sofa" : 1,  "end" : 485,  "language" : "x-unspecified",  "documentTitle" : "fable-17.txt",  "documentId" : "AYC",  "documentUri" : "file:/srv/inception/repository/project/2/document/2319/source/AYC",  "collectionId" : "file:/srv/inception/repository/project/2/document/2319/source/",  "documentBaseUri" : "file:/srv/inception/repository/project/2/document/2319/source/",  "isLastSegment" : false } ], 
      "TagsetDescription" : [
        {"sofa" : 1,  "layer" : "webanno.custom.PartsofCause",  "name" : "Parts of Cause",  "input" : false }, 
        {"sofa" : 1,  "layer" : "webanno.custom.TypesofCause",  "name" : "Causal Relations",  "input" : false } ], 
      "Sentence" : [
        {"sofa" : 1,  "end" : 115 }, 
        {"sofa" : 1,  "begin" : 116,  "end" : 133 }, 
        {"sofa" : 1,  "begin" : 134,  "end" : 199 }, 
        {"sofa" : 1,  "begin" : 200,  "end" : 273 }, 
        {"sofa" : 1,  "begin" : 274,  "end" : 321 }, 
        {"sofa" : 1,  "begin" : 322,  "end" : 420 }, 
        {"sofa" : 1,  "begin" : 421,  "end" : 485 } ], 
      "Token" : [
        {"sofa" : 1,  "end" : 1 }, 
        {"sofa" : 1,  "begin" : 2,  "end" : 8 }, 
        {"sofa" : 1,  "begin" : 9,  "end" : 12 }, 
        {"sofa" : 1,  "begin" : 13,  "end" : 16 }, 
        {"sofa" : 1,  "begin" : 17,  "end" : 20 }, 
        {"sofa" : 1,  "begin" : 21,  "end" : 28 }, 
        {"sofa" : 1,  "begin" : 29,  "end" : 36 }, 
        {"sofa" : 1,  "begin" : 37,  "end" : 38 }, 
        {"sofa" : 1,  "begin" : 39,  "end" : 43 }, 
        {"sofa" : 1,  "begin" : 44,  "end" : 45 }, 
        {"sofa" : 1,  "begin" : 46,  "end" : 50 }, 
        {"sofa" : 1,  "begin" : 51,  "end" : 52 }, 
        {"sofa" : 1,  "begin" : 53,  "end" : 57 }, 
        {"sofa" : 1,  "begin" : 58,  "end" : 60 }, 
        {"sofa" : 1,  "begin" : 61,  "end" : 65 }, 
        {"sofa" : 1,  "begin" : 66,  "end" : 68 }, 
        {"sofa" : 1,  "begin" : 69,  "end" : 72 }, 
        {"sofa" : 1,  "begin" : 73,  "end" : 77 }, 
        {"sofa" : 1,  "begin" : 78,  "end" : 79 }, 
        {"sofa" : 1,  "begin" : 80,  "end" : 84 }, 
        {"sofa" : 1,  "begin" : 85,  "end" : 88 }, 
        {"sofa" : 1,  "begin" : 89,  "end" : 93 }, 
        {"sofa" : 1,  "begin" : 94,  "end" : 101 }, 
        {"sofa" : 1,  "begin" : 102,  "end" : 105 }, 
        {"sofa" : 1,  "begin" : 106,  "end" : 108 }, 
        {"sofa" : 1,  "begin" : 109,  "end" : 113 }, 
        {"sofa" : 1,  "begin" : 114,  "end" : 115 }, 
        {"sofa" : 1,  "begin" : 116,  "end" : 117 }, 
        {"sofa" : 1,  "begin" : 118,  "end" : 122 }, 
        {"sofa" : 1,  "begin" : 123,  "end" : 124 }, 
        {"sofa" : 1,  "begin" : 125,  "end" : 129 }, 
        {"sofa" : 1,  "begin" : 130,  "end" : 131 }, 
        {"sofa" : 1,  "begin" : 132,  "end" : 133 }, 
        {"sofa" : 1,  "begin" : 134,  "end" : 139 }, 
        {"sofa" : 1,  "begin" : 140,  "end" : 143 }, 
        {"sofa" : 1,  "begin" : 144,  "end" : 148 }, 
        {"sofa" : 1,  "begin" : 149,  "end" : 155 }, 
        {"sofa" : 1,  "begin" : 156,  "end" : 157 }, 
        {"sofa" : 1,  "begin" : 158,  "end" : 160 }, 
        {"sofa" : 1,  "begin" : 161,  "end" : 163 }, 
        {"sofa" : 1,  "begin" : 164,  "end" : 173 }, 
        {"sofa" : 1,  "begin" : 174,  "end" : 177 }, 
        {"sofa" : 1,  "begin" : 178,  "end" : 184 }, 
        {"sofa" : 1,  "begin" : 185,  "end" : 187 }, 
        {"sofa" : 1,  "begin" : 188,  "end" : 191 }, 
        {"sofa" : 1,  "begin" : 192,  "end" : 197 }, 
        {"sofa" : 1,  "begin" : 198,  "end" : 199 }, 
        {"sofa" : 1,  "begin" : 200,  "end" : 203 }, 
        {"sofa" : 1,  "begin" : 204,  "end" : 207 }, 
        {"sofa" : 1,  "begin" : 208,  "end" : 212 }, 
        {"sofa" : 1,  "begin" : 213,  "end" : 216 }, 
        {"sofa" : 1,  "begin" : 217,  "end" : 219 }, 
        {"sofa" : 1,  "begin" : 220,  "end" : 225 }, 
        {"sofa" : 1,  "begin" : 226,  "end" : 230 }, 
        {"sofa" : 1,  "begin" : 231,  "end" : 233 }, 
        {"sofa" : 1,  "begin" : 234,  "end" : 239 }, 
        {"sofa" : 1,  "begin" : 240,  "end" : 243 }, 
        {"sofa" : 1,  "begin" : 244,  "end" : 248 }, 
        {"sofa" : 1,  "begin" : 249,  "end" : 250 }, 
        {"sofa" : 1,  "begin" : 251,  "end" : 254 }, 
        {"sofa" : 1,  "begin" : 255,  "end" : 257 }, 
        {"sofa" : 1,  "begin" : 258,  "end" : 265 }, 
        {"sofa" : 1,  "begin" : 266,  "end" : 271 }, 
        {"sofa" : 1,  "begin" : 272,  "end" : 273 }, 
        {"sofa" : 1,  "begin" : 274,  "end" : 277 }, 
        {"sofa" : 1,  "begin" : 278,  "end" : 283 }, 
        {"sofa" : 1,  "begin" : 284,  "end" : 289 }, 
        {"sofa" : 1,  "begin" : 290,  "end" : 293 }, 
        {"sofa" : 1,  "begin" : 294,  "end" : 300 }, 
        {"sofa" : 1,  "begin" : 301,  "end" : 304 }, 
        {"sofa" : 1,  "begin" : 305,  "end" : 311 }, 
        {"sofa" : 1,  "begin" : 312,  "end" : 314 }, 
        {"sofa" : 1,  "begin" : 315,  "end" : 319 }, 
        {"sofa" : 1,  "begin" : 320,  "end" : 321 }, 
        {"sofa" : 1,  "begin" : 322,  "end" : 323 }, 
        {"sofa" : 1,  "begin" : 324,  "end" : 328 }, 
        {"sofa" : 1,  "begin" : 329,  "end" : 330 }, 
        {"sofa" : 1,  "begin" : 331,  "end" : 338 }, 
        {"sofa" : 1,  "begin" : 339,  "end" : 345 }, 
        {"sofa" : 1,  "begin" : 346,  "end" : 347 }, 
        {"sofa" : 1,  "begin" : 348,  "end" : 349 }, 
        {"sofa" : 1,  "begin" : 350,  "end" : 354 }, 
        {"sofa" : 1,  "begin" : 355,  "end" : 359 }, 
        {"sofa" : 1,  "begin" : 360,  "end" : 361 }, 
        {"sofa" : 1,  "begin" : 362,  "end" : 363 }, 
        {"sofa" : 1,  "begin" : 364,  "end" : 366 }, 
        {"sofa" : 1,  "begin" : 367,  "end" : 371 }, 
        {"sofa" : 1,  "begin" : 372,  "end" : 376 }, 
        {"sofa" : 1,  "begin" : 377,  "end" : 378 }, 
        {"sofa" : 1,  "begin" : 379,  "end" : 383 }, 
        {"sofa" : 1,  "begin" : 384,  "end" : 389 }, 
        {"sofa" : 1,  "begin" : 390,  "end" : 391 }, 
        {"sofa" : 1,  "begin" : 392,  "end" : 398 }, 
        {"sofa" : 1,  "begin" : 399,  "end" : 403 }, 
        {"sofa" : 1,  "begin" : 404,  "end" : 408 }, 
        {"sofa" : 1,  "begin" : 409,  "end" : 412 }, 
        {"sofa" : 1,  "begin" : 413,  "end" : 418 }, 
        {"sofa" : 1,  "begin" : 419,  "end" : 420 }, 
        {"sofa" : 1,  "begin" : 421,  "end" : 425 }, 
        {"sofa" : 1,  "begin" : 426,  "end" : 431 }, 
        {"sofa" : 1,  "begin" : 432,  "end" : 435 }, 
        {"sofa" : 1,  "begin" : 436,  "end" : 439 }, 
        {"sofa" : 1,  "begin" : 440,  "end" : 442 }, 
        {"sofa" : 1,  "begin" : 443,  "end" : 446 }, 
        {"sofa" : 1,  "begin" : 447,  "end" : 450 }, 
        {"sofa" : 1,  "begin" : 451,  "end" : 453 }, 
        {"sofa" : 1,  "begin" : 454,  "end" : 458 }, 
        {"sofa" : 1,  "begin" : 459,  "end" : 463 }, 
        {"sofa" : 1,  "begin" : 464,  "end" : 470 }, 
        {"sofa" : 1,  "begin" : 471,  "end" : 472 }, 
        {"sofa" : 1,  "begin" : 473,  "end" : 475 }, 
        {"sofa" : 1,  "begin" : 476,  "end" : 478 }, 
        {"sofa" : 1,  "begin" : 479,  "end" : 481 }, 
        {"sofa" : 1,  "begin" : 482,  "end" : 483 }, 
        {"sofa" : 1,  "begin" : 484,  "end" : 485 } ], 
      "PartsofCause" : [1583,  1553,  1570 ], 
      "TypesofCause" : [
        {"sofa" : 1,  "begin" : 324,  "end" : 345,  "Dependent" : 1583,  "Governor" : 1553,  "TypesofCause" : "Effect" }, 
        {"sofa" : 1,  "begin" : 367,  "end" : 418,  "Dependent" : 1570,  "Governor" : 1553,  "TypesofCause" : "Cause" } ] } }, 
  "_referenced_fss" : {
    "1" : {"_type" : "Sofa",  "sofaNum" : 1,  "sofaID" : "_InitialView",  "mimeType" : "text",  "sofaString" : "A DONKEY was one day walking through a pond , with a load of wood on his back , when his foot slipped and he fell .\n“ Help , help ! ”\ncried the poor Donkey , as he struggled and kicked in the water .\nBut his load was so heavy that he could not rise , and he groaned aloud .\nThe Frogs heard his groans but showed no pity .\n“ What a foolish fellow , ” said they , “ to make such a fuss about a little fall into the water .\nWhat would you say if you had to live here always , as we do ? ”" }, 
    "1583" : {"_type" : "PartsofCause",  "sofa" : 1,  "begin" : 324,  "end" : 345,  "PartsofCause" : "Argument" }, 
    "1553" : {"_type" : "PartsofCause",  "sofa" : 1,  "begin" : 364,  "end" : 366,  "PartsofCause" : "Causing" }, 
    "1570" : {"_type" : "PartsofCause",  "sofa" : 1,  "begin" : 367,  "end" : 418,  "PartsofCause" : "Argument" }, 
    "1633" : {"_type" : "LayerDefinition",  "name" : "webanno.custom.PartsofCause",  "uiName" : "Parts of Cause" }, 
    "1622" : {"_type" : "LayerDefinition",  "name" : "webanno.custom.DisjointCausalSpans",  "uiName" : "Disjoint Causal Spans" }, 
    "1640" : {"_type" : "LayerDefinition",  "name" : "webanno.custom.TypesofCause",  "uiName" : "Types of Cause" } } }