{"_context" : {
    "_types" : {
      "DocumentMetaData" : {
        "_feature_types" : {"sofa" : "_ref" } }, 
      "FeatureDefinition" : {
        "_feature_types" : {"layer" : "_ref" } }, 
      "LayerDefinition" : { }, 
      "PartsofCause" : {
        "_feature_types" : {"sofa" : "_ref" } }, 
      "Sentence" : {
        "_feature_types" : {"sofa" : "_ref" } }, 
      "Sofa" : {
        "_feature_types" : {"sofaArray" : "_ref" } }, 
      "TagsetDescription" : {
        "_feature_types" : {"sofa" : "_ref",  "tags" : "_ref" } }, 
      "Token" : {
        "_feature_types" : {"sofa" : "_ref",  "parent" : "_ref",  "lemma" : "_ref",  "stem" : "_ref",  "pos" : "_ref",  "morph" : "_ref",  "form" : "_ref" } }, 
      "TypesofCause" : {
        "_feature_types" : {"sofa" : "_ref",  "Dependent" : "_ref",  "Governor" : "_ref" } }, 
      "DocumentAnnotation" : {
        "_feature_types" : {"sofa" : "_ref" }, 
        "_subtypes" : ["DocumentMetaData" ] }, 
      "Annotation" : {
        "_feature_types" : {"sofa" : "_ref" }, 
        "_subtypes" : ["DocumentAnnotation",  "PartsofCause",  "Sentence",  "TagsetDescription",  "Token",  "TypesofCause" ] }, 
      "AnnotationBase" : {
        "_feature_types" : {"sofa" : "_ref" }, 
        "_subtypes" : ["Annotation" ] }, 
      "TOP" : {
        "_subtypes" : ["AnnotationBase",  "FeatureDefinition",  "LayerDefinition",  "Sofa" ] } } }, 
  "_views" : {
    "_InitialView" : {
      "FeatureDefinition" : [
        {"layer" : 2095,  "name" : "referenceRelation",  "uiName" : "Reference Relation" }, 
        {"layer" : 2095,  "name" : "referenceType",  "uiName" : "Reference Type" }, 
        {"layer" : 2106,  "name" : "PartsofCause",  "uiName" : "Parts of Cause" }, 
        {"layer" : 2113,  "name" : "TypesofCause",  "uiName" : "Types of Cause" } ], 
      "LayerDefinition" : [2095,  2106,  2113 ], 
      "DocumentMetaData" : [
        {"sofa" : 1,  "end" : 561,  "language" : "x-unspecified",  "documentTitle" : "reddit-032.txt",  "documentId" : "GJW",  "documentUri" : "file:/srv/inception/repository/project/2/document/2434/source/GJW",  "collectionId" : "file:/srv/inception/repository/project/2/document/2434/source/",  "documentBaseUri" : "file:/srv/inception/repository/project/2/document/2434/source/",  "isLastSegment" : false } ], 
      "TagsetDescription" : [
        {"sofa" : 1,  "layer" : "webanno.custom.PartsofCause",  "name" : "Parts of Cause",  "input" : false }, 
        {"sofa" : 1,  "layer" : "webanno.custom.TypesofCause",  "name" : "Causal Relations",  "input" : false } ], 
      "Sentence" : [
        {"sofa" : 1,  "end" : 96 }, 
        {"sofa" : 1,  "begin" : 97,  "end" : 261 }, 
        {"sofa" : 1,  "begin" : 262,  "end" : 424 }, 
        {"sofa" : 1,  "begin" : 425,  "end" : 532 }, 
        {"sofa" : 1,  "begin" : 533,  "end" : 561 } ], 
      "Token" : [
        {"sofa" : 1,  "end" : 5 }, 
        {"sofa" : 1,  "begin" : 6,  "end" : 12 }, 
        {"sofa" : 1,  "begin" : 13,  "end" : 15 }, 
        {"sofa" : 1,  "begin" : 16,  "end" : 24 }, 
        {"sofa" : 1,  "begin" : 25,  "end" : 29 }, 
        {"sofa" : 1,  "begin" : 30,  "end" : 32 }, 
        {"sofa" : 1,  "begin" : 33,  "end" : 38 }, 
        {"sofa" : 1,  "begin" : 39,  "end" : 40 }, 
        {"sofa" : 1,  "begin" : 41,  "end" : 45 }, 
        {"sofa" : 1,  "begin" : 46,  "end" : 52 }, 
        {"sofa" : 1,  "begin" : 53,  "end" : 55 }, 
        {"sofa" : 1,  "begin" : 56,  "end" : 60 }, 
        {"sofa" : 1,  "begin" : 61,  "end" : 65 }, 
        {"sofa" : 1,  "begin" : 66,  "end" : 70 }, 
        {"sofa" : 1,  "begin" : 71,  "end" : 73 }, 
        {"sofa" : 1,  "begin" : 74,  "end" : 78 }, 
        {"sofa" : 1,  "begin" : 79,  "end" : 82 }, 
        {"sofa" : 1,  "begin" : 83,  "end" : 87 }, 
        {"sofa" : 1,  "begin" : 88,  "end" : 94 }, 
        {"sofa" : 1,  "begin" : 95,  "end" : 96 }, 
        {"sofa" : 1,  "begin" : 97,  "end" : 99 }, 
        {"sofa" : 1,  "begin" : 100,  "end" : 103 }, 
        {"sofa" : 1,  "begin" : 104,  "end" : 107 }, 
        {"sofa" : 1,  "begin" : 108,  "end" : 111 }, 
        {"sofa" : 1,  "begin" : 112,  "end" : 113 }, 
        {"sofa" : 1,  "begin" : 114,  "end" : 121 }, 
        {"sofa" : 1,  "begin" : 122,  "end" : 124 }, 
        {"sofa" : 1,  "begin" : 125,  "end" : 132 }, 
        {"sofa" : 1,  "begin" : 133,  "end" : 135 }, 
        {"sofa" : 1,  "begin" : 136,  "end" : 139 }, 
        {"sofa" : 1,  "begin" : 140,  "end" : 144 }, 
        {"sofa" : 1,  "begin" : 145,  "end" : 149 }, 
        {"sofa" : 1,  "begin" : 150,  "end" : 153 }, 
        {"sofa" : 1,  "begin" : 154,  "end" : 158 }, 
        {"sofa" : 1,  "begin" : 159,  "end" : 161 }, 
        {"sofa" : 1,  "begin" : 162,  "end" : 164 }, 
        {"sofa" : 1,  "begin" : 165,  "end" : 168 }, 
        {"sofa" : 1,  "begin" : 169,  "end" : 172 }, 
        {"sofa" : 1,  "begin" : 173,  "end" : 175 }, 
        {"sofa" : 1,  "begin" : 176,  "end" : 181 }, 
        {"sofa" : 1,  "begin" : 182,  "end" : 188 }, 
        {"sofa" : 1,  "begin" : 189,  "end" : 196 }, 
        {"sofa" : 1,  "begin" : 197,  "end" : 198 }, 
        {"sofa" : 1,  "begin" : 199,  "end" : 207 }, 
        {"sofa" : 1,  "begin" : 208,  "end" : 212 }, 
        {"sofa" : 1,  "begin" : 213,  "end" : 215 }, 
        {"sofa" : 1,  "begin" : 216,  "end" : 221 }, 
        {"sofa" : 1,  "begin" : 222,  "end" : 224 }, 
        {"sofa" : 1,  "begin" : 225,  "end" : 228 }, 
        {"sofa" : 1,  "begin" : 229,  "end" : 231 }, 
        {"sofa" : 1,  "begin" : 232,  "end" : 234 }, 
        {"sofa" : 1,  "begin" : 235,  "end" : 239 }, 
        {"sofa" : 1,  "begin" : 240,  "end" : 242 }, 
        {"sofa" : 1,  "begin" : 243,  "end" : 246 }, 
        {"sofa" : 1,  "begin" : 247,  "end" : 257 }, 
        {"sofa" : 1,  "begin" : 258,  "end" : 259 }, 
        {"sofa" : 1,  "begin" : 260,  "end" : 261 }, 
        {"sofa" : 1,  "begin" : 262,  "end" : 265 }, 
        {"sofa" : 1,  "begin" : 266,  "end" : 274 }, 
        {"sofa" : 1,  "begin" : 275,  "end" : 277 }, 
        {"sofa" : 1,  "begin" : 278,  "end" : 283 }, 
        {"sofa" : 1,  "begin" : 284,  "end" : 286 }, 
        {"sofa" : 1,  "begin" : 287,  "end" : 288 }, 
        {"sofa" : 1,  "begin" : 289,  "end" : 295 }, 
        {"sofa" : 1,  "begin" : 296,  "end" : 298 }, 
        {"sofa" : 1,  "begin" : 299,  "end" : 305 }, 
        {"sofa" : 1,  "begin" : 306,  "end" : 308 }, 
        {"sofa" : 1,  "begin" : 309,  "end" : 312 }, 
        {"sofa" : 1,  "begin" : 313,  "end" : 318 }, 
        {"sofa" : 1,  "begin" : 319,  "end" : 321 }, 
        {"sofa" : 1,  "begin" : 322,  "end" : 324 }, 
        {"sofa" : 1,  "begin" : 325,  "end" : 328 }, 
        {"sofa" : 1,  "begin" : 329,  "end" : 337 }, 
        {"sofa" : 1,  "begin" : 338,  "end" : 341 }, 
        {"sofa" : 1,  "begin" : 342,  "end" : 346 }, 
        {"sofa" : 1,  "begin" : 347,  "end" : 352 }, 
        {"sofa" : 1,  "begin" : 353,  "end" : 357 }, 
        {"sofa" : 1,  "begin" : 358,  "end" : 361 }, 
        {"sofa" : 1,  "begin" : 362,  "end" : 363 }, 
        {"sofa" : 1,  "begin" : 364,  "end" : 368 }, 
        {"sofa" : 1,  "begin" : 369,  "end" : 374 }, 
        {"sofa" : 1,  "begin" : 375,  "end" : 379 }, 
        {"sofa" : 1,  "begin" : 380,  "end" : 387 }, 
        {"sofa" : 1,  "begin" : 388,  "end" : 391 }, 
        {"sofa" : 1,  "begin" : 392,  "end" : 396 }, 
        {"sofa" : 1,  "begin" : 397,  "end" : 402 }, 
        {"sofa" : 1,  "begin" : 403,  "end" : 407 }, 
        {"sofa" : 1,  "begin" : 408,  "end" : 413 }, 
        {"sofa" : 1,  "begin" : 414,  "end" : 422 }, 
        {"sofa" : 1,  "begin" : 423,  "end" : 424 }, 
        {"sofa" : 1,  "begin" : 425,  "end" : 427 }, 
        {"sofa" : 1,  "begin" : 428,  "end" : 431 }, 
        {"sofa" : 1,  "begin" : 432,  "end" : 436 }, 
        {"sofa" : 1,  "begin" : 437,  "end" : 446 }, 
        {"sofa" : 1,  "begin" : 447,  "end" : 449 }, 
        {"sofa" : 1,  "begin" : 450,  "end" : 452 }, 
        {"sofa" : 1,  "begin" : 453,  "end" : 458 }, 
        {"sofa" : 1,  "begin" : 459,  "end" : 462 }, 
        {"sofa" : 1,  "begin" : 463,  "end" : 468 }, 
        {"sofa" : 1,  "begin" : 469,  "end" : 472 }, 
        {"sofa" : 1,  "begin" : 473,  "end" : 481 }, 
        {"sofa" : 1,  "begin" : 482,  "end" : 484 }, 
        {"sofa" : 1,  "begin" : 485,  "end" : 492 }, 
        {"sofa" : 1,  "begin" : 493,  "end" : 497 }, 
        {"sofa" : 1,  "begin" : 498,  "end" : 506 }, 
        {"sofa" : 1,  "begin" : 507,  "end" : 509 }, 
        {"sofa" : 1,  "begin" : 510,  "end" : 517 }, 
        {"sofa" : 1,  "begin" : 518,  "end" : 521 }, 
        {"sofa" : 1,  "begin" : 522,  "end" : 527 }, 
        {"sofa" : 1,  "begin" : 528,  "end" : 530 }, 
        {"sofa" : 1,  "begin" : 531,  "end" : 532 }, 
        {"sofa" : 1,  "begin" : 533,  "end" : 535 }, 
        {"sofa" : 1,  "begin" : 536,  "end" : 538 }, 
        {"sofa" : 1,  "begin" : 539,  "end" : 543 }, 
        {"sofa" : 1,  "begin" : 544,  "end" : 546 }, 
        {"sofa" : 1,  "begin" : 547,  "end" : 551 }, 
        {"sofa" : 1,  "begin" : 552,  "end" : 556 }, 
        {"sofa" : 1,  "begin" : 557,  "end" : 559 }, 
        {"sofa" : 1,  "begin" : 560,  "end" : 561 } ], 
      "PartsofCause" : [1604,  1595,  1613,  1622,  1631,  1640,  1772,  1781,  1790,  1808,  1799,  1817,  2047,  1954,  1963 ], 
      "TypesofCause" : [
        {"sofa" : 1,  "begin" : 6,  "end" : 38,  "Dependent" : 1595,  "Governor" : 1604,  "TypesofCause" : "Cause" }, 
        {"sofa" : 1,  "begin" : 39,  "end" : 94,  "Dependent" : 1613,  "Governor" : 1604,  "TypesofCause" : "Effect" }, 
        {"sofa" : 1,  "begin" : 39,  "end" : 70,  "Dependent" : 1622,  "Governor" : 1631,  "TypesofCause" : "Effect" }, 
        {"sofa" : 1,  "begin" : 74,  "end" : 94,  "Dependent" : 1640,  "Governor" : 1631,  "TypesofCause" : "Cause" }, 
        {"sofa" : 1,  "begin" : 100,  "end" : 132,  "Dependent" : 1781,  "Governor" : 1772,  "TypesofCause" : "Cause" }, 
        {"sofa" : 1,  "begin" : 133,  "end" : 257,  "Dependent" : 1790,  "Governor" : 1772,  "TypesofCause" : "Effect" }, 
        {"sofa" : 1,  "begin" : 140,  "end" : 188,  "Dependent" : 1808,  "Governor" : 1790,  "TypesofCause" : "Effect" }, 
        {"sofa" : 1,  "begin" : 199,  "end" : 257,  "Dependent" : 1817,  "Governor" : 1799,  "TypesofCause" : "Cause" }, 
        {"sofa" : 1,  "begin" : 450,  "end" : 484,  "Dependent" : 2047,  "Governor" : 1954,  "TypesofCause" : "Effect" }, 
        {"sofa" : 1,  "begin" : 493,  "end" : 530,  "Dependent" : 1963,  "Governor" : 1954,  "TypesofCause" : "Cause" } ] } }, 
  "_referenced_fss" : {
    "1" : {"_type" : "Sofa",  "sofaNum" : 1,  "sofaID" : "_InitialView",  "mimeType" : "text",  "sofaString" : "Since school is starting back up again I just wanted to make this post to help and warn people .\nIf you 're not a drinker or partier do n't feel like you have to go out and do those things because \" everyone else is doing it and it 's part of the experience \" .\nNot everyone is doing it , plenty of people do n't drink or go out partying and they still have fun , they still make friends and they still have great memories .\nDo n't feel obligated to do stuff you would n't normally do because your roommate or friends are doing it .\nIt 's okay to tell them no !" }, 
    "1595" : {"_type" : "PartsofCause",  "sofa" : 1,  "begin" : 6,  "end" : 38,  "PartsofCause" : "Argument" }, 
    "1604" : {"_type" : "PartsofCause",  "sofa" : 1,  "end" : 5,  "PartsofCause" : "Causing" }, 
    "1613" : {"_type" : "PartsofCause",  "sofa" : 1,  "begin" : 39,  "end" : 94,  "PartsofCause" : "Argument" }, 
    "1622" : {"_type" : "PartsofCause",  "sofa" : 1,  "begin" : 39,  "end" : 70,  "PartsofCause" : "Argument" }, 
    "1631" : {"_type" : "PartsofCause",  "sofa" : 1,  "begin" : 71,  "end" : 73,  "PartsofCause" : "Causing" }, 
    "1640" : {"_type" : "PartsofCause",  "sofa" : 1,  "begin" : 74,  "end" : 94,  "PartsofCause" : "Argument" }, 
    "1781" : {"_type" : "PartsofCause",  "sofa" : 1,  "begin" : 100,  "end" : 132,  "PartsofCause" : "Argument" }, 
    "1772" : {"_type" : "PartsofCause",  "sofa" : 1,  "begin" : 97,  "end" : 99,  "PartsofCause" : "Causing" }, 
    "1790" : {"_type" : "PartsofCause",  "sofa" : 1,  "begin" : 133,  "end" : 257,  "PartsofCause" : "Argument" }, 
    "1808" : {"_type" : "PartsofCause",  "sofa" : 1,  "begin" : 140,  "end" : 188,  "PartsofCause" : "Argument" }, 
    "1817" : {"_type" : "PartsofCause",  "sofa" : 1,  "begin" : 199,  "end" : 257 }, 
    "1799" : {"_type" : "PartsofCause",  "sofa" : 1,  "begin" : 189,  "end" : 196,  "PartsofCause" : "Causing" }, 
    "2047" : {"_type" : "PartsofCause",  "sofa" : 1,  "begin" : 450,  "end" : 484,  "PartsofCause" : "Argument" }, 
    "1954" : {"_type" : "PartsofCause",  "sofa" : 1,  "begin" : 485,  "end" : 492,  "PartsofCause" : "Causing" }, 
    "1963" : {"_type" : "PartsofCause",  "sofa" : 1,  "begin" : 493,  "end" : 530,  "PartsofCause" : "Argument" }, 
    "2106" : {"_type" : "LayerDefinition",  "name" : "webanno.custom.PartsofCause",  "uiName" : "Parts of Cause" }, 
    "2095" : {"_type" : "LayerDefinition",  "name" : "webanno.custom.DisjointCausalSpans",  "uiName" : "Disjoint Causal Spans" }, 
    "2113" : {"_type" : "LayerDefinition",  "name" : "webanno.custom.TypesofCause",  "uiName" : "Types of Cause" } } }