{"_context" : {
    "_types" : {
      "DocumentMetaData" : {
        "_feature_types" : {"sofa" : "_ref" } }, 
      "FeatureDefinition" : {
        "_feature_types" : {"layer" : "_ref" } }, 
      "LayerDefinition" : { }, 
      "PartsofCause" : {
        "_feature_types" : {"sofa" : "_ref" } }, 
      "Sentence" : {
        "_feature_types" : {"sofa" : "_ref" } }, 
      "Sofa" : {
        "_feature_types" : {"sofaArray" : "_ref" } }, 
      "TagsetDescription" : {
        "_feature_types" : {"sofa" : "_ref",  "tags" : "_ref" } }, 
      "Token" : {
        "_feature_types" : {"sofa" : "_ref",  "parent" : "_ref",  "lemma" : "_ref",  "stem" : "_ref",  "pos" : "_ref",  "morph" : "_ref",  "form" : "_ref" } }, 
      "TypesofCause" : {
        "_feature_types" : {"sofa" : "_ref",  "Dependent" : "_ref",  "Governor" : "_ref" } }, 
      "DocumentAnnotation" : {
        "_feature_types" : {"sofa" : "_ref" }, 
        "_subtypes" : ["DocumentMetaData" ] }, 
      "Annotation" : {
        "_feature_types" : {"sofa" : "_ref" }, 
        "_subtypes" : ["DocumentAnnotation",  "PartsofCause",  "Sentence",  "TagsetDescription",  "Token",  "TypesofCause" ] }, 
      "AnnotationBase" : {
        "_feature_types" : {"sofa" : "_ref" }, 
        "_subtypes" : ["Annotation" ] }, 
      "TOP" : {
        "_subtypes" : ["AnnotationBase",  "FeatureDefinition",  "LayerDefinition",  "Sofa" ] } } }, 
  "_views" : {
    "_InitialView" : {
      "FeatureDefinition" : [
        {"layer" : 2796,  "name" : "referenceRelation",  "uiName" : "Reference Relation" }, 
        {"layer" : 2796,  "name" : "referenceType",  "uiName" : "Reference Type" }, 
        {"layer" : 2807,  "name" : "PartsofCause",  "uiName" : "Parts of Cause" }, 
        {"layer" : 2814,  "name" : "TypesofCause",  "uiName" : "Types of Cause" } ], 
      "LayerDefinition" : [2796,  2807,  2814 ], 
      "DocumentMetaData" : [
        {"sofa" : 1,  "end" : 791,  "language" : "x-unspecified",  "documentTitle" : "fable-00.txt",  "documentId" : "AYC",  "documentUri" : "file:/srv/inception/repository/project/2/document/2302/source/AYC",  "collectionId" : "file:/srv/inception/repository/project/2/document/2302/source/",  "documentBaseUri" : "file:/srv/inception/repository/project/2/document/2302/source/",  "isLastSegment" : false } ], 
      "TagsetDescription" : [
        {"sofa" : 1,  "layer" : "webanno.custom.PartsofCause",  "name" : "Parts of Cause",  "input" : false }, 
        {"sofa" : 1,  "layer" : "webanno.custom.TypesofCause",  "name" : "Causal Relations",  "input" : false } ], 
      "Sentence" : [
        {"sofa" : 1,  "end" : 71 }, 
        {"sofa" : 1,  "begin" : 72,  "end" : 156 }, 
        {"sofa" : 1,  "begin" : 157,  "end" : 183 }, 
        {"sofa" : 1,  "begin" : 184,  "end" : 214 }, 
        {"sofa" : 1,  "begin" : 215,  "end" : 371 }, 
        {"sofa" : 1,  "begin" : 372,  "end" : 433 }, 
        {"sofa" : 1,  "begin" : 434,  "end" : 501 }, 
        {"sofa" : 1,  "begin" : 502,  "end" : 597 }, 
        {"sofa" : 1,  "begin" : 598,  "end" : 791 } ], 
      "Token" : [
        {"sofa" : 1,  "end" : 1 }, 
        {"sofa" : 1,  "begin" : 2,  "end" : 8 }, 
        {"sofa" : 1,  "begin" : 9,  "end" : 12 }, 
        {"sofa" : 1,  "begin" : 13,  "end" : 16 }, 
        {"sofa" : 1,  "begin" : 17,  "end" : 20 }, 
        {"sofa" : 1,  "begin" : 21,  "end" : 28 }, 
        {"sofa" : 1,  "begin" : 29,  "end" : 32 }, 
        {"sofa" : 1,  "begin" : 33,  "end" : 36 }, 
        {"sofa" : 1,  "begin" : 37,  "end" : 38 }, 
        {"sofa" : 1,  "begin" : 39,  "end" : 43 }, 
        {"sofa" : 1,  "begin" : 44,  "end" : 45 }, 
        {"sofa" : 1,  "begin" : 46,  "end" : 50 }, 
        {"sofa" : 1,  "begin" : 51,  "end" : 55 }, 
        {"sofa" : 1,  "begin" : 56,  "end" : 63 }, 
        {"sofa" : 1,  "begin" : 64,  "end" : 69 }, 
        {"sofa" : 1,  "begin" : 70,  "end" : 71 }, 
        {"sofa" : 1,  "begin" : 72,  "end" : 73 }, 
        {"sofa" : 1,  "begin" : 74,  "end" : 78 }, 
        {"sofa" : 1,  "begin" : 79,  "end" : 81 }, 
        {"sofa" : 1,  "begin" : 82,  "end" : 83 }, 
        {"sofa" : 1,  "begin" : 84,  "end" : 85 }, 
        {"sofa" : 1,  "begin" : 86,  "end" : 90 }, 
        {"sofa" : 1,  "begin" : 91,  "end" : 94 }, 
        {"sofa" : 1,  "begin" : 95,  "end" : 98 }, 
        {"sofa" : 1,  "begin" : 99,  "end" : 100 }, 
        {"sofa" : 1,  "begin" : 101,  "end" : 103 }, 
        {"sofa" : 1,  "begin" : 104,  "end" : 106 }, 
        {"sofa" : 1,  "begin" : 107,  "end" : 110 }, 
        {"sofa" : 1,  "begin" : 111,  "end" : 117 }, 
        {"sofa" : 1,  "begin" : 118,  "end" : 119 }, 
        {"sofa" : 1,  "begin" : 120,  "end" : 124 }, 
        {"sofa" : 1,  "begin" : 125,  "end" : 126 }, 
        {"sofa" : 1,  "begin" : 127,  "end" : 128 }, 
        {"sofa" : 1,  "begin" : 129,  "end" : 130 }, 
        {"sofa" : 1,  "begin" : 131,  "end" : 136 }, 
        {"sofa" : 1,  "begin" : 137,  "end" : 140 }, 
        {"sofa" : 1,  "begin" : 141,  "end" : 142 }, 
        {"sofa" : 1,  "begin" : 143,  "end" : 147 }, 
        {"sofa" : 1,  "begin" : 148,  "end" : 154 }, 
        {"sofa" : 1,  "begin" : 155,  "end" : 156 }, 
        {"sofa" : 1,  "begin" : 157,  "end" : 161 }, 
        {"sofa" : 1,  "begin" : 162,  "end" : 163 }, 
        {"sofa" : 1,  "begin" : 164,  "end" : 172 }, 
        {"sofa" : 1,  "begin" : 173,  "end" : 181 }, 
        {"sofa" : 1,  "begin" : 182,  "end" : 183 }, 
        {"sofa" : 1,  "begin" : 184,  "end" : 187 }, 
        {"sofa" : 1,  "begin" : 188,  "end" : 193 }, 
        {"sofa" : 1,  "begin" : 194,  "end" : 199 }, 
        {"sofa" : 1,  "begin" : 200,  "end" : 202 }, 
        {"sofa" : 1,  "begin" : 203,  "end" : 210 }, 
        {"sofa" : 1,  "begin" : 211,  "end" : 212 }, 
        {"sofa" : 1,  "begin" : 213,  "end" : 214 }, 
        {"sofa" : 1,  "begin" : 215,  "end" : 218 }, 
        {"sofa" : 1,  "begin" : 219,  "end" : 223 }, 
        {"sofa" : 1,  "begin" : 224,  "end" : 228 }, 
        {"sofa" : 1,  "begin" : 229,  "end" : 232 }, 
        {"sofa" : 1,  "begin" : 233,  "end" : 236 }, 
        {"sofa" : 1,  "begin" : 237,  "end" : 240 }, 
        {"sofa" : 1,  "begin" : 241,  "end" : 244 }, 
        {"sofa" : 1,  "begin" : 245,  "end" : 249 }, 
        {"sofa" : 1,  "begin" : 250,  "end" : 252 }, 
        {"sofa" : 1,  "begin" : 253,  "end" : 256 }, 
        {"sofa" : 1,  "begin" : 257,  "end" : 260 }, 
        {"sofa" : 1,  "begin" : 261,  "end" : 263 }, 
        {"sofa" : 1,  "begin" : 264,  "end" : 268 }, 
        {"sofa" : 1,  "begin" : 269,  "end" : 275 }, 
        {"sofa" : 1,  "begin" : 276,  "end" : 277 }, 
        {"sofa" : 1,  "begin" : 278,  "end" : 281 }, 
        {"sofa" : 1,  "begin" : 282,  "end" : 284 }, 
        {"sofa" : 1,  "begin" : 285,  "end" : 289 }, 
        {"sofa" : 1,  "begin" : 290,  "end" : 291 }, 
        {"sofa" : 1,  "begin" : 292,  "end" : 296 }, 
        {"sofa" : 1,  "begin" : 297,  "end" : 305 }, 
        {"sofa" : 1,  "begin" : 306,  "end" : 309 }, 
        {"sofa" : 1,  "begin" : 310,  "end" : 314 }, 
        {"sofa" : 1,  "begin" : 315,  "end" : 317 }, 
        {"sofa" : 1,  "begin" : 318,  "end" : 325 }, 
        {"sofa" : 1,  "begin" : 326,  "end" : 327 }, 
        {"sofa" : 1,  "begin" : 328,  "end" : 329 }, 
        {"sofa" : 1,  "begin" : 330,  "end" : 331 }, 
        {"sofa" : 1,  "begin" : 332,  "end" : 336 }, 
        {"sofa" : 1,  "begin" : 337,  "end" : 339 }, 
        {"sofa" : 1,  "begin" : 340,  "end" : 345 }, 
        {"sofa" : 1,  "begin" : 346,  "end" : 349 }, 
        {"sofa" : 1,  "begin" : 350,  "end" : 354 }, 
        {"sofa" : 1,  "begin" : 355,  "end" : 359 }, 
        {"sofa" : 1,  "begin" : 360,  "end" : 361 }, 
        {"sofa" : 1,  "begin" : 362,  "end" : 367 }, 
        {"sofa" : 1,  "begin" : 368,  "end" : 369 }, 
        {"sofa" : 1,  "begin" : 370,  "end" : 371 }, 
        {"sofa" : 1,  "begin" : 372,  "end" : 375 }, 
        {"sofa" : 1,  "begin" : 376,  "end" : 381 }, 
        {"sofa" : 1,  "begin" : 382,  "end" : 386 }, 
        {"sofa" : 1,  "begin" : 387,  "end" : 391 }, 
        {"sofa" : 1,  "begin" : 392,  "end" : 395 }, 
        {"sofa" : 1,  "begin" : 396,  "end" : 397 }, 
        {"sofa" : 1,  "begin" : 398,  "end" : 401 }, 
        {"sofa" : 1,  "begin" : 402,  "end" : 405 }, 
        {"sofa" : 1,  "begin" : 406,  "end" : 409 }, 
        {"sofa" : 1,  "begin" : 410,  "end" : 413 }, 
        {"sofa" : 1,  "begin" : 414,  "end" : 424 }, 
        {"sofa" : 1,  "begin" : 425,  "end" : 427 }, 
        {"sofa" : 1,  "begin" : 428,  "end" : 431 }, 
        {"sofa" : 1,  "begin" : 432,  "end" : 433 }, 
        {"sofa" : 1,  "begin" : 434,  "end" : 436 }, 
        {"sofa" : 1,  "begin" : 437,  "end" : 440 }, 
        {"sofa" : 1,  "begin" : 441,  "end" : 443 }, 
        {"sofa" : 1,  "begin" : 444,  "end" : 446 }, 
        {"sofa" : 1,  "begin" : 447,  "end" : 450 }, 
        {"sofa" : 1,  "begin" : 451,  "end" : 455 }, 
        {"sofa" : 1,  "begin" : 456,  "end" : 457 }, 
        {"sofa" : 1,  "begin" : 458,  "end" : 461 }, 
        {"sofa" : 1,  "begin" : 462,  "end" : 466 }, 
        {"sofa" : 1,  "begin" : 467,  "end" : 468 }, 
        {"sofa" : 1,  "begin" : 469,  "end" : 470 }, 
        {"sofa" : 1,  "begin" : 471,  "end" : 475 }, 
        {"sofa" : 1,  "begin" : 476,  "end" : 479 }, 
        {"sofa" : 1,  "begin" : 480,  "end" : 483 }, 
        {"sofa" : 1,  "begin" : 484,  "end" : 491 }, 
        {"sofa" : 1,  "begin" : 492,  "end" : 497 }, 
        {"sofa" : 1,  "begin" : 498,  "end" : 499 }, 
        {"sofa" : 1,  "begin" : 500,  "end" : 501 }, 
        {"sofa" : 1,  "begin" : 502,  "end" : 505 }, 
        {"sofa" : 1,  "begin" : 506,  "end" : 509 }, 
        {"sofa" : 1,  "begin" : 510,  "end" : 514 }, 
        {"sofa" : 1,  "begin" : 515,  "end" : 518 }, 
        {"sofa" : 1,  "begin" : 519,  "end" : 521 }, 
        {"sofa" : 1,  "begin" : 522,  "end" : 527 }, 
        {"sofa" : 1,  "begin" : 528,  "end" : 530 }, 
        {"sofa" : 1,  "begin" : 531,  "end" : 539 }, 
        {"sofa" : 1,  "begin" : 540,  "end" : 544 }, 
        {"sofa" : 1,  "begin" : 545,  "end" : 546 }, 
        {"sofa" : 1,  "begin" : 547,  "end" : 554 }, 
        {"sofa" : 1,  "begin" : 555,  "end" : 561 }, 
        {"sofa" : 1,  "begin" : 562,  "end" : 563 }, 
        {"sofa" : 1,  "begin" : 564,  "end" : 568 }, 
        {"sofa" : 1,  "begin" : 569,  "end" : 570 }, 
        {"sofa" : 1,  "begin" : 571,  "end" : 573 }, 
        {"sofa" : 1,  "begin" : 574,  "end" : 577 }, 
        {"sofa" : 1,  "begin" : 578,  "end" : 581 }, 
        {"sofa" : 1,  "begin" : 582,  "end" : 585 }, 
        {"sofa" : 1,  "begin" : 586,  "end" : 590 }, 
        {"sofa" : 1,  "begin" : 591,  "end" : 595 }, 
        {"sofa" : 1,  "begin" : 596,  "end" : 597 }, 
        {"sofa" : 1,  "begin" : 598,  "end" : 600 }, 
        {"sofa" : 1,  "begin" : 601,  "end" : 606 }, 
        {"sofa" : 1,  "begin" : 607,  "end" : 610 }, 
        {"sofa" : 1,  "begin" : 611,  "end" : 613 }, 
        {"sofa" : 1,  "begin" : 614,  "end" : 618 }, 
        {"sofa" : 1,  "begin" : 619,  "end" : 622 }, 
        {"sofa" : 1,  "begin" : 623,  "end" : 629 }, 
        {"sofa" : 1,  "begin" : 630,  "end" : 635 }, 
        {"sofa" : 1,  "begin" : 636,  "end" : 642 }, 
        {"sofa" : 1,  "begin" : 643,  "end" : 645 }, 
        {"sofa" : 1,  "begin" : 646,  "end" : 652 }, 
        {"sofa" : 1,  "begin" : 653,  "end" : 656 }, 
        {"sofa" : 1,  "begin" : 657,  "end" : 664 }, 
        {"sofa" : 1,  "begin" : 665,  "end" : 667 }, 
        {"sofa" : 1,  "begin" : 668,  "end" : 672 }, 
        {"sofa" : 1,  "begin" : 673,  "end" : 676 }, 
        {"sofa" : 1,  "begin" : 677,  "end" : 678 }, 
        {"sofa" : 1,  "begin" : 679,  "end" : 682 }, 
        {"sofa" : 1,  "begin" : 683,  "end" : 685 }, 
        {"sofa" : 1,  "begin" : 686,  "end" : 688 }, 
        {"sofa" : 1,  "begin" : 689,  "end" : 694 }, 
        {"sofa" : 1,  "begin" : 695,  "end" : 699 }, 
        {"sofa" : 1,  "begin" : 700,  "end" : 704 }, 
        {"sofa" : 1,  "begin" : 705,  "end" : 709 }, 
        {"sofa" : 1,  "begin" : 710,  "end" : 713 }, 
        {"sofa" : 1,  "begin" : 714,  "end" : 718 }, 
        {"sofa" : 1,  "begin" : 719,  "end" : 724 }, 
        {"sofa" : 1,  "begin" : 725,  "end" : 729 }, 
        {"sofa" : 1,  "begin" : 730,  "end" : 731 }, 
        {"sofa" : 1,  "begin" : 732,  "end" : 736 }, 
        {"sofa" : 1,  "begin" : 737,  "end" : 739 }, 
        {"sofa" : 1,  "begin" : 740,  "end" : 743 }, 
        {"sofa" : 1,  "begin" : 744,  "end" : 747 }, 
        {"sofa" : 1,  "begin" : 748,  "end" : 751 }, 
        {"sofa" : 1,  "begin" : 752,  "end" : 754 }, 
        {"sofa" : 1,  "begin" : 755,  "end" : 761 }, 
        {"sofa" : 1,  "begin" : 762,  "end" : 764 }, 
        {"sofa" : 1,  "begin" : 765,  "end" : 767 }, 
        {"sofa" : 1,  "begin" : 768,  "end" : 770 }, 
        {"sofa" : 1,  "begin" : 771,  "end" : 773 }, 
        {"sofa" : 1,  "begin" : 774,  "end" : 778 }, 
        {"sofa" : 1,  "begin" : 779,  "end" : 781 }, 
        {"sofa" : 1,  "begin" : 782,  "end" : 789 }, 
        {"sofa" : 1,  "begin" : 790,  "end" : 791 } ], 
      "PartsofCause" : [2619,  2593,  2606,  2731,  2744,  2757,  2675,  2662,  2688,  2521,  2512,  2534 ], 
      "TypesofCause" : [
        {"sofa" : 1,  "begin" : 184,  "end" : 193,  "Dependent" : 2619,  "Governor" : 2593,  "TypesofCause" : "Cause" }, 
        {"sofa" : 1,  "begin" : 200,  "end" : 210,  "Dependent" : 2606,  "Governor" : 2593,  "TypesofCause" : "Effect" }, 
        {"sofa" : 1,  "begin" : 506,  "end" : 527,  "Dependent" : 2731,  "Governor" : 2744,  "TypesofCause" : "Effect" }, 
        {"sofa" : 1,  "begin" : 531,  "end" : 539,  "Dependent" : 2757,  "Governor" : 2744,  "TypesofCause" : "Cause" }, 
        {"sofa" : 1,  "begin" : 571,  "end" : 573,  "Dependent" : 2675,  "Governor" : 2662,  "TypesofCause" : "Cause" }, 
        {"sofa" : 1,  "begin" : 578,  "end" : 595,  "Dependent" : 2688,  "Governor" : 2662,  "TypesofCause" : "Effect" }, 
        {"sofa" : 1,  "begin" : 705,  "end" : 767,  "Dependent" : 2521,  "Governor" : 2512,  "TypesofCause" : "Effect" }, 
        {"sofa" : 1,  "begin" : 771,  "end" : 789,  "Dependent" : 2534,  "Governor" : 2512,  "TypesofCause" : "Cause" } ] } }, 
  "_referenced_fss" : {
    "1" : {"_type" : "Sofa",  "sofaNum" : 1,  "sofaID" : "_InitialView",  "mimeType" : "text",  "sofaString" : "A LITTLE fox was out playing one day , when a Lion came roaring along .\n“ Dear me , ” said the Fox , as he hid behind a tree , “ I never saw a Lion before .\nWhat a terrible creature !\nHis voice makes me tremble . ”\nThe next time the Fox met the Lion he was not so much afraid , but he kept a safe distance and said to himself , “ I wish he would not make such a noise ! ”\nThe third time they met , the Fox was not frightened at all .\nHe ran up to the Lion , and said , “ What are you roaring about ? ”\nAnd the Lion was so taken by surprise that , without saying a word , he let the Fox walk away .\nIt would not be safe for little foxes always to follow the example of this one ; but it is often true that what our fear makes seem a lion in the way has no danger in it if we meet it bravely ." }, 
    "2619" : {"_type" : "PartsofCause",  "sofa" : 1,  "begin" : 184,  "end" : 193,  "PartsofCause" : "Argument" }, 
    "2593" : {"_type" : "PartsofCause",  "sofa" : 1,  "begin" : 194,  "end" : 199,  "PartsofCause" : "Causing" }, 
    "2606" : {"_type" : "PartsofCause",  "sofa" : 1,  "begin" : 200,  "end" : 210,  "PartsofCause" : "Argument" }, 
    "2731" : {"_type" : "PartsofCause",  "sofa" : 1,  "begin" : 506,  "end" : 527,  "PartsofCause" : "Argument" }, 
    "2744" : {"_type" : "PartsofCause",  "sofa" : 1,  "begin" : 528,  "end" : 530,  "PartsofCause" : "Causing" }, 
    "2757" : {"_type" : "PartsofCause",  "sofa" : 1,  "begin" : 531,  "end" : 539,  "PartsofCause" : "Argument" }, 
    "2675" : {"_type" : "PartsofCause",  "sofa" : 1,  "begin" : 571,  "end" : 573,  "PartsofCause" : "Argument" }, 
    "2662" : {"_type" : "PartsofCause",  "sofa" : 1,  "begin" : 574,  "end" : 577,  "PartsofCause" : "Enabling" }, 
    "2688" : {"_type" : "PartsofCause",  "sofa" : 1,  "begin" : 578,  "end" : 595,  "PartsofCause" : "Argument" }, 
    "2521" : {"_type" : "PartsofCause",  "sofa" : 1,  "begin" : 705,  "end" : 767,  "PartsofCause" : "Argument" }, 
    "2512" : {"_type" : "PartsofCause",  "sofa" : 1,  "begin" : 768,  "end" : 770,  "PartsofCause" : "Causing" }, 
    "2534" : {"_type" : "PartsofCause",  "sofa" : 1,  "begin" : 771,  "end" : 789,  "PartsofCause" : "Argument" }, 
    "2807" : {"_type" : "LayerDefinition",  "name" : "webanno.custom.PartsofCause",  "uiName" : "Parts of Cause" }, 
    "2796" : {"_type" : "LayerDefinition",  "name" : "webanno.custom.DisjointCausalSpans",  "uiName" : "Disjoint Causal Spans" }, 
    "2814" : {"_type" : "LayerDefinition",  "name" : "webanno.custom.TypesofCause",  "uiName" : "Types of Cause" } } }