{"_context" : {
    "_types" : {
      "DocumentMetaData" : {
        "_feature_types" : {"sofa" : "_ref" } }, 
      "FeatureDefinition" : {
        "_feature_types" : {"layer" : "_ref" } }, 
      "LayerDefinition" : { }, 
      "PartsofCause" : {
        "_feature_types" : {"sofa" : "_ref" } }, 
      "Sentence" : {
        "_feature_types" : {"sofa" : "_ref" } }, 
      "Sofa" : {
        "_feature_types" : {"sofaArray" : "_ref" } }, 
      "TagsetDescription" : {
        "_feature_types" : {"sofa" : "_ref",  "tags" : "_ref" } }, 
      "Token" : {
        "_feature_types" : {"sofa" : "_ref",  "parent" : "_ref",  "lemma" : "_ref",  "stem" : "_ref",  "pos" : "_ref",  "morph" : "_ref",  "form" : "_ref" } }, 
      "TypesofCause" : {
        "_feature_types" : {"sofa" : "_ref",  "Dependent" : "_ref",  "Governor" : "_ref" } }, 
      "DocumentAnnotation" : {
        "_feature_types" : {"sofa" : "_ref" }, 
        "_subtypes" : ["DocumentMetaData" ] }, 
      "Annotation" : {
        "_feature_types" : {"sofa" : "_ref" }, 
        "_subtypes" : ["DocumentAnnotation",  "PartsofCause",  "Sentence",  "TagsetDescription",  "Token",  "TypesofCause" ] }, 
      "AnnotationBase" : {
        "_feature_types" : {"sofa" : "_ref" }, 
        "_subtypes" : ["Annotation" ] }, 
      "TOP" : {
        "_subtypes" : ["AnnotationBase",  "FeatureDefinition",  "LayerDefinition",  "Sofa" ] } } }, 
  "_views" : {
    "_InitialView" : {
      "FeatureDefinition" : [
        {"layer" : 1745,  "name" : "referenceRelation",  "uiName" : "Reference Relation" }, 
        {"layer" : 1745,  "name" : "referenceType",  "uiName" : "Reference Type" }, 
        {"layer" : 1756,  "name" : "PartsofCause",  "uiName" : "Parts of Cause" }, 
        {"layer" : 1763,  "name" : "TypesofCause",  "uiName" : "Types of Cause" } ], 
      "LayerDefinition" : [1745,  1756,  1763 ], 
      "DocumentMetaData" : [
        {"sofa" : 1,  "end" : 514,  "language" : "x-unspecified",  "documentTitle" : "fable-34.txt",  "documentId" : "GJW",  "documentUri" : "file:/srv/inception/repository/project/2/document/2336/source/GJW",  "collectionId" : "file:/srv/inception/repository/project/2/document/2336/source/",  "documentBaseUri" : "file:/srv/inception/repository/project/2/document/2336/source/",  "isLastSegment" : false } ], 
      "TagsetDescription" : [
        {"sofa" : 1,  "layer" : "webanno.custom.PartsofCause",  "name" : "Parts of Cause",  "input" : false }, 
        {"sofa" : 1,  "layer" : "webanno.custom.TypesofCause",  "name" : "Causal Relations",  "input" : false } ], 
      "Sentence" : [
        {"sofa" : 1,  "end" : 105 }, 
        {"sofa" : 1,  "begin" : 106,  "end" : 283 }, 
        {"sofa" : 1,  "begin" : 284,  "end" : 447 }, 
        {"sofa" : 1,  "begin" : 448,  "end" : 514 } ], 
      "Token" : [
        {"sofa" : 1,  "end" : 5 }, 
        {"sofa" : 1,  "begin" : 6,  "end" : 9 }, 
        {"sofa" : 1,  "begin" : 10,  "end" : 14 }, 
        {"sofa" : 1,  "begin" : 15,  "end" : 16 }, 
        {"sofa" : 1,  "begin" : 17,  "end" : 21 }, 
        {"sofa" : 1,  "begin" : 22,  "end" : 25 }, 
        {"sofa" : 1,  "begin" : 26,  "end" : 30 }, 
        {"sofa" : 1,  "begin" : 31,  "end" : 43 }, 
        {"sofa" : 1,  "begin" : 44,  "end" : 48 }, 
        {"sofa" : 1,  "begin" : 49,  "end" : 51 }, 
        {"sofa" : 1,  "begin" : 52,  "end" : 55 }, 
        {"sofa" : 1,  "begin" : 56,  "end" : 57 }, 
        {"sofa" : 1,  "begin" : 58,  "end" : 65 }, 
        {"sofa" : 1,  "begin" : 66,  "end" : 75 }, 
        {"sofa" : 1,  "begin" : 76,  "end" : 77 }, 
        {"sofa" : 1,  "begin" : 78,  "end" : 82 }, 
        {"sofa" : 1,  "begin" : 83,  "end" : 85 }, 
        {"sofa" : 1,  "begin" : 86,  "end" : 90 }, 
        {"sofa" : 1,  "begin" : 91,  "end" : 94 }, 
        {"sofa" : 1,  "begin" : 95,  "end" : 103 }, 
        {"sofa" : 1,  "begin" : 104,  "end" : 105 }, 
        {"sofa" : 1,  "begin" : 106,  "end" : 108 }, 
        {"sofa" : 1,  "begin" : 109,  "end" : 113 }, 
        {"sofa" : 1,  "begin" : 114,  "end" : 116 }, 
        {"sofa" : 1,  "begin" : 117,  "end" : 120 }, 
        {"sofa" : 1,  "begin" : 121,  "end" : 123 }, 
        {"sofa" : 1,  "begin" : 124,  "end" : 126 }, 
        {"sofa" : 1,  "begin" : 127,  "end" : 131 }, 
        {"sofa" : 1,  "begin" : 132,  "end" : 135 }, 
        {"sofa" : 1,  "begin" : 136,  "end" : 142 }, 
        {"sofa" : 1,  "begin" : 143,  "end" : 147 }, 
        {"sofa" : 1,  "begin" : 148,  "end" : 150 }, 
        {"sofa" : 1,  "begin" : 151,  "end" : 154 }, 
        {"sofa" : 1,  "begin" : 155,  "end" : 160 }, 
        {"sofa" : 1,  "begin" : 161,  "end" : 164 }, 
        {"sofa" : 1,  "begin" : 165,  "end" : 170 }, 
        {"sofa" : 1,  "begin" : 171,  "end" : 175 }, 
        {"sofa" : 1,  "begin" : 176,  "end" : 180 }, 
        {"sofa" : 1,  "begin" : 181,  "end" : 185 }, 
        {"sofa" : 1,  "begin" : 186,  "end" : 189 }, 
        {"sofa" : 1,  "begin" : 190,  "end" : 191 }, 
        {"sofa" : 1,  "begin" : 192,  "end" : 197 }, 
        {"sofa" : 1,  "begin" : 198,  "end" : 200 }, 
        {"sofa" : 1,  "begin" : 201,  "end" : 205 }, 
        {"sofa" : 1,  "begin" : 206,  "end" : 211 }, 
        {"sofa" : 1,  "begin" : 212,  "end" : 215 }, 
        {"sofa" : 1,  "begin" : 216,  "end" : 222 }, 
        {"sofa" : 1,  "begin" : 223,  "end" : 225 }, 
        {"sofa" : 1,  "begin" : 226,  "end" : 229 }, 
        {"sofa" : 1,  "begin" : 230,  "end" : 239 }, 
        {"sofa" : 1,  "begin" : 240,  "end" : 241 }, 
        {"sofa" : 1,  "begin" : 242,  "end" : 244 }, 
        {"sofa" : 1,  "begin" : 245,  "end" : 250 }, 
        {"sofa" : 1,  "begin" : 251,  "end" : 258 }, 
        {"sofa" : 1,  "begin" : 259,  "end" : 263 }, 
        {"sofa" : 1,  "begin" : 264,  "end" : 266 }, 
        {"sofa" : 1,  "begin" : 267,  "end" : 274 }, 
        {"sofa" : 1,  "begin" : 275,  "end" : 281 }, 
        {"sofa" : 1,  "begin" : 282,  "end" : 283 }, 
        {"sofa" : 1,  "begin" : 284,  "end" : 285 }, 
        {"sofa" : 1,  "begin" : 286,  "end" : 289 }, 
        {"sofa" : 1,  "begin" : 290,  "end" : 291 }, 
        {"sofa" : 1,  "begin" : 292,  "end" : 299 }, 
        {"sofa" : 1,  "begin" : 300,  "end" : 302 }, 
        {"sofa" : 1,  "begin" : 303,  "end" : 304 }, 
        {"sofa" : 1,  "begin" : 305,  "end" : 310 }, 
        {"sofa" : 1,  "begin" : 311,  "end" : 312 }, 
        {"sofa" : 1,  "begin" : 313,  "end" : 314 }, 
        {"sofa" : 1,  "begin" : 315,  "end" : 318 }, 
        {"sofa" : 1,  "begin" : 319,  "end" : 321 }, 
        {"sofa" : 1,  "begin" : 322,  "end" : 324 }, 
        {"sofa" : 1,  "begin" : 325,  "end" : 326 }, 
        {"sofa" : 1,  "begin" : 327,  "end" : 332 }, 
        {"sofa" : 1,  "begin" : 333,  "end" : 336 }, 
        {"sofa" : 1,  "begin" : 337,  "end" : 340 }, 
        {"sofa" : 1,  "begin" : 341,  "end" : 343 }, 
        {"sofa" : 1,  "begin" : 344,  "end" : 348 }, 
        {"sofa" : 1,  "begin" : 349,  "end" : 354 }, 
        {"sofa" : 1,  "begin" : 355,  "end" : 361 }, 
        {"sofa" : 1,  "begin" : 362,  "end" : 365 }, 
        {"sofa" : 1,  "begin" : 366,  "end" : 372 }, 
        {"sofa" : 1,  "begin" : 373,  "end" : 374 }, 
        {"sofa" : 1,  "begin" : 375,  "end" : 378 }, 
        {"sofa" : 1,  "begin" : 379,  "end" : 381 }, 
        {"sofa" : 1,  "begin" : 382,  "end" : 385 }, 
        {"sofa" : 1,  "begin" : 386,  "end" : 391 }, 
        {"sofa" : 1,  "begin" : 392,  "end" : 395 }, 
        {"sofa" : 1,  "begin" : 396,  "end" : 398 }, 
        {"sofa" : 1,  "begin" : 399,  "end" : 403 }, 
        {"sofa" : 1,  "begin" : 404,  "end" : 408 }, 
        {"sofa" : 1,  "begin" : 409,  "end" : 412 }, 
        {"sofa" : 1,  "begin" : 413,  "end" : 417 }, 
        {"sofa" : 1,  "begin" : 418,  "end" : 422 }, 
        {"sofa" : 1,  "begin" : 423,  "end" : 426 }, 
        {"sofa" : 1,  "begin" : 427,  "end" : 431 }, 
        {"sofa" : 1,  "begin" : 432,  "end" : 440 }, 
        {"sofa" : 1,  "begin" : 441,  "end" : 445 }, 
        {"sofa" : 1,  "begin" : 446,  "end" : 447 }, 
        {"sofa" : 1,  "begin" : 448,  "end" : 452 }, 
        {"sofa" : 1,  "begin" : 453,  "end" : 456 }, 
        {"sofa" : 1,  "begin" : 457,  "end" : 463 }, 
        {"sofa" : 1,  "begin" : 464,  "end" : 466 }, 
        {"sofa" : 1,  "begin" : 467,  "end" : 471 }, 
        {"sofa" : 1,  "begin" : 472,  "end" : 478 }, 
        {"sofa" : 1,  "begin" : 479,  "end" : 485 }, 
        {"sofa" : 1,  "begin" : 486,  "end" : 491 }, 
        {"sofa" : 1,  "begin" : 492,  "end" : 499 }, 
        {"sofa" : 1,  "begin" : 500,  "end" : 510 }, 
        {"sofa" : 1,  "begin" : 511,  "end" : 512 }, 
        {"sofa" : 1,  "begin" : 513,  "end" : 514 } ], 
      "PartsofCause" : [1498,  1481,  1611,  1530,  1551,  1579,  1639,  1661,  1678 ], 
      "TypesofCause" : [
        {"sofa" : 1,  "begin" : 148,  "end" : 189,  "Dependent" : 1498,  "Governor" : 1481,  "TypesofCause" : "Effect" }, 
        {"sofa" : 1,  "begin" : 198,  "end" : 281,  "Dependent" : 1611,  "Governor" : 1481,  "TypesofCause" : "Cause" }, 
        {"sofa" : 1,  "begin" : 201,  "end" : 239,  "Dependent" : 1551,  "Governor" : 1530,  "TypesofCause" : "Cause" }, 
        {"sofa" : 1,  "begin" : 242,  "end" : 281,  "Dependent" : 1579,  "Governor" : 1530,  "TypesofCause" : "Effect" }, 
        {"sofa" : 1,  "begin" : 333,  "end" : 372,  "Dependent" : 1661,  "Governor" : 1639,  "TypesofCause" : "Cause" }, 
        {"sofa" : 1,  "begin" : 375,  "end" : 445,  "Dependent" : 1678,  "Governor" : 1639,  "TypesofCause" : "Effect" } ] } }, 
  "_referenced_fss" : {
    "1" : {"_type" : "Sofa",  "sofaNum" : 1,  "sofaID" : "_InitialView",  "mimeType" : "text",  "sofaString" : "THERE was once a Frog who made proclamation that he was a learned physician , able to heal all diseases .\nHe went so far as to tell the beasts that it was their own fault that they were ill , since if they would but submit to his treatment , he would restore them to perfect health .\nA Fox , hearing it , asked : “ How is it , since you can do such great things for others , you do not first try to mend your own ugly gait and your wrinkled skin ?\nThey who assume to help others should first improve themselves . ”" }, 
    "1498" : {"_type" : "PartsofCause",  "sofa" : 1,  "begin" : 148,  "end" : 189,  "PartsofCause" : "Argument" }, 
    "1481" : {"_type" : "PartsofCause",  "sofa" : 1,  "begin" : 192,  "end" : 197,  "PartsofCause" : "Causing" }, 
    "1611" : {"_type" : "PartsofCause",  "sofa" : 1,  "begin" : 198,  "end" : 281,  "PartsofCause" : "Argument" }, 
    "1551" : {"_type" : "PartsofCause",  "sofa" : 1,  "begin" : 201,  "end" : 239,  "PartsofCause" : "Argument" }, 
    "1530" : {"_type" : "PartsofCause",  "sofa" : 1,  "begin" : 198,  "end" : 200,  "PartsofCause" : "Causing" }, 
    "1579" : {"_type" : "PartsofCause",  "sofa" : 1,  "begin" : 242,  "end" : 281,  "PartsofCause" : "Argument" }, 
    "1661" : {"_type" : "PartsofCause",  "sofa" : 1,  "begin" : 333,  "end" : 372,  "PartsofCause" : "Argument" }, 
    "1639" : {"_type" : "PartsofCause",  "sofa" : 1,  "begin" : 327,  "end" : 332,  "PartsofCause" : "Enabling" }, 
    "1678" : {"_type" : "PartsofCause",  "sofa" : 1,  "begin" : 375,  "end" : 445,  "PartsofCause" : "Argument" }, 
    "1745" : {"_type" : "LayerDefinition",  "name" : "webanno.custom.DisjointCausalSpans",  "uiName" : "Disjoint Causal Spans" }, 
    "1756" : {"_type" : "LayerDefinition",  "name" : "webanno.custom.PartsofCause",  "uiName" : "Parts of Cause" }, 
    "1763" : {"_type" : "LayerDefinition",  "name" : "webanno.custom.TypesofCause",  "uiName" : "Types of Cause" } } }