{"_context" : {
    "_types" : {
      "DocumentMetaData" : {
        "_feature_types" : {"sofa" : "_ref" } }, 
      "FeatureDefinition" : {
        "_feature_types" : {"layer" : "_ref" } }, 
      "LayerDefinition" : { }, 
      "PartsofCause" : {
        "_feature_types" : {"sofa" : "_ref" } }, 
      "Sentence" : {
        "_feature_types" : {"sofa" : "_ref" } }, 
      "Sofa" : {
        "_feature_types" : {"sofaArray" : "_ref" } }, 
      "TagsetDescription" : {
        "_feature_types" : {"sofa" : "_ref",  "tags" : "_ref" } }, 
      "Token" : {
        "_feature_types" : {"sofa" : "_ref",  "parent" : "_ref",  "lemma" : "_ref",  "stem" : "_ref",  "pos" : "_ref",  "morph" : "_ref",  "form" : "_ref" } }, 
      "TypesofCause" : {
        "_feature_types" : {"sofa" : "_ref",  "Dependent" : "_ref",  "Governor" : "_ref" } }, 
      "DocumentAnnotation" : {
        "_feature_types" : {"sofa" : "_ref" }, 
        "_subtypes" : ["DocumentMetaData" ] }, 
      "Annotation" : {
        "_feature_types" : {"sofa" : "_ref" }, 
        "_subtypes" : ["DocumentAnnotation",  "PartsofCause",  "Sentence",  "TagsetDescription",  "Token",  "TypesofCause" ] }, 
      "AnnotationBase" : {
        "_feature_types" : {"sofa" : "_ref" }, 
        "_subtypes" : ["Annotation" ] }, 
      "TOP" : {
        "_subtypes" : ["AnnotationBase",  "FeatureDefinition",  "LayerDefinition",  "Sofa" ] } } }, 
  "_views" : {
    "_InitialView" : {
      "FeatureDefinition" : [
        {"layer" : 2139,  "name" : "referenceRelation",  "uiName" : "Reference Relation" }, 
        {"layer" : 2139,  "name" : "referenceType",  "uiName" : "Reference Type" }, 
        {"layer" : 2150,  "name" : "PartsofCause",  "uiName" : "Parts of Cause" }, 
        {"layer" : 2157,  "name" : "TypesofCause",  "uiName" : "Types of Cause" } ], 
      "LayerDefinition" : [2139,  2150,  2157 ], 
      "DocumentMetaData" : [
        {"sofa" : 1,  "end" : 698,  "language" : "x-unspecified",  "documentTitle" : "fable-08.txt",  "documentId" : "AYC",  "documentUri" : "file:/srv/inception/repository/project/2/document/2310/source/AYC",  "collectionId" : "file:/srv/inception/repository/project/2/document/2310/source/",  "documentBaseUri" : "file:/srv/inception/repository/project/2/document/2310/source/",  "isLastSegment" : false } ], 
      "TagsetDescription" : [
        {"sofa" : 1,  "layer" : "webanno.custom.PartsofCause",  "name" : "Parts of Cause",  "input" : false }, 
        {"sofa" : 1,  "layer" : "webanno.custom.TypesofCause",  "name" : "Causal Relations",  "input" : false } ], 
      "Sentence" : [
        {"sofa" : 1,  "end" : 54 }, 
        {"sofa" : 1,  "begin" : 55,  "end" : 207 }, 
        {"sofa" : 1,  "begin" : 208,  "end" : 262 }, 
        {"sofa" : 1,  "begin" : 263,  "end" : 420 }, 
        {"sofa" : 1,  "begin" : 421,  "end" : 577 }, 
        {"sofa" : 1,  "begin" : 579,  "end" : 587 }, 
        {"sofa" : 1,  "begin" : 588,  "end" : 698 } ], 
      "Token" : [
        {"sofa" : 1,  "end" : 1 }, 
        {"sofa" : 1,  "begin" : 2,  "end" : 6 }, 
        {"sofa" : 1,  "begin" : 7,  "end" : 16 }, 
        {"sofa" : 1,  "begin" : 17,  "end" : 22 }, 
        {"sofa" : 1,  "begin" : 23,  "end" : 26 }, 
        {"sofa" : 1,  "begin" : 27,  "end" : 30 }, 
        {"sofa" : 1,  "begin" : 31,  "end" : 36 }, 
        {"sofa" : 1,  "begin" : 37,  "end" : 39 }, 
        {"sofa" : 1,  "begin" : 40,  "end" : 41 }, 
        {"sofa" : 1,  "begin" : 42,  "end" : 47 }, 
        {"sofa" : 1,  "begin" : 48,  "end" : 52 }, 
        {"sofa" : 1,  "begin" : 53,  "end" : 54 }, 
        {"sofa" : 1,  "begin" : 55,  "end" : 62 }, 
        {"sofa" : 1,  "begin" : 63,  "end" : 68 }, 
        {"sofa" : 1,  "begin" : 69,  "end" : 70 }, 
        {"sofa" : 1,  "begin" : 71,  "end" : 73 }, 
        {"sofa" : 1,  "begin" : 74,  "end" : 79 }, 
        {"sofa" : 1,  "begin" : 80,  "end" : 85 }, 
        {"sofa" : 1,  "begin" : 86,  "end" : 89 }, 
        {"sofa" : 1,  "begin" : 90,  "end" : 99 }, 
        {"sofa" : 1,  "begin" : 100,  "end" : 102 }, 
        {"sofa" : 1,  "begin" : 103,  "end" : 106 }, 
        {"sofa" : 1,  "begin" : 107,  "end" : 114 }, 
        {"sofa" : 1,  "begin" : 115,  "end" : 117 }, 
        {"sofa" : 1,  "begin" : 118,  "end" : 124 }, 
        {"sofa" : 1,  "begin" : 125,  "end" : 127 }, 
        {"sofa" : 1,  "begin" : 128,  "end" : 132 }, 
        {"sofa" : 1,  "begin" : 133,  "end" : 136 }, 
        {"sofa" : 1,  "begin" : 137,  "end" : 141 }, 
        {"sofa" : 1,  "begin" : 142,  "end" : 143 }, 
        {"sofa" : 1,  "begin" : 144,  "end" : 147 }, 
        {"sofa" : 1,  "begin" : 148,  "end" : 149 }, 
        {"sofa" : 1,  "begin" : 150,  "end" : 157 }, 
        {"sofa" : 1,  "begin" : 158,  "end" : 161 }, 
        {"sofa" : 1,  "begin" : 162,  "end" : 173 }, 
        {"sofa" : 1,  "begin" : 174,  "end" : 175 }, 
        {"sofa" : 1,  "begin" : 176,  "end" : 181 }, 
        {"sofa" : 1,  "begin" : 182,  "end" : 186 }, 
        {"sofa" : 1,  "begin" : 187,  "end" : 190 }, 
        {"sofa" : 1,  "begin" : 191,  "end" : 195 }, 
        {"sofa" : 1,  "begin" : 196,  "end" : 200 }, 
        {"sofa" : 1,  "begin" : 201,  "end" : 205 }, 
        {"sofa" : 1,  "begin" : 206,  "end" : 207 }, 
        {"sofa" : 1,  "begin" : 208,  "end" : 211 }, 
        {"sofa" : 1,  "begin" : 212,  "end" : 216 }, 
        {"sofa" : 1,  "begin" : 217,  "end" : 226 }, 
        {"sofa" : 1,  "begin" : 227,  "end" : 230 }, 
        {"sofa" : 1,  "begin" : 231,  "end" : 233 }, 
        {"sofa" : 1,  "begin" : 234,  "end" : 244 }, 
        {"sofa" : 1,  "begin" : 245,  "end" : 249 }, 
        {"sofa" : 1,  "begin" : 250,  "end" : 254 }, 
        {"sofa" : 1,  "begin" : 255,  "end" : 256 }, 
        {"sofa" : 1,  "begin" : 257,  "end" : 260 }, 
        {"sofa" : 1,  "begin" : 261,  "end" : 262 }, 
        {"sofa" : 1,  "begin" : 263,  "end" : 266 }, 
        {"sofa" : 1,  "begin" : 267,  "end" : 269 }, 
        {"sofa" : 1,  "begin" : 270,  "end" : 276 }, 
        {"sofa" : 1,  "begin" : 277,  "end" : 280 }, 
        {"sofa" : 1,  "begin" : 281,  "end" : 284 }, 
        {"sofa" : 1,  "begin" : 285,  "end" : 288 }, 
        {"sofa" : 1,  "begin" : 289,  "end" : 292 }, 
        {"sofa" : 1,  "begin" : 293,  "end" : 301 }, 
        {"sofa" : 1,  "begin" : 302,  "end" : 303 }, 
        {"sofa" : 1,  "begin" : 304,  "end" : 308 }, 
        {"sofa" : 1,  "begin" : 309,  "end" : 312 }, 
        {"sofa" : 1,  "begin" : 313,  "end" : 318 }, 
        {"sofa" : 1,  "begin" : 319,  "end" : 321 }, 
        {"sofa" : 1,  "begin" : 322,  "end" : 333 }, 
        {"sofa" : 1,  "begin" : 334,  "end" : 335 }, 
        {"sofa" : 1,  "begin" : 336,  "end" : 339 }, 
        {"sofa" : 1,  "begin" : 340,  "end" : 349 }, 
        {"sofa" : 1,  "begin" : 350,  "end" : 352 }, 
        {"sofa" : 1,  "begin" : 353,  "end" : 355 }, 
        {"sofa" : 1,  "begin" : 356,  "end" : 368 }, 
        {"sofa" : 1,  "begin" : 369,  "end" : 373 }, 
        {"sofa" : 1,  "begin" : 374,  "end" : 375 }, 
        {"sofa" : 1,  "begin" : 376,  "end" : 379 }, 
        {"sofa" : 1,  "begin" : 380,  "end" : 381 }, 
        {"sofa" : 1,  "begin" : 382,  "end" : 388 }, 
        {"sofa" : 1,  "begin" : 389,  "end" : 392 }, 
        {"sofa" : 1,  "begin" : 393,  "end" : 394 }, 
        {"sofa" : 1,  "begin" : 395,  "end" : 397 }, 
        {"sofa" : 1,  "begin" : 398,  "end" : 405 }, 
        {"sofa" : 1,  "begin" : 406,  "end" : 409 }, 
        {"sofa" : 1,  "begin" : 410,  "end" : 418 }, 
        {"sofa" : 1,  "begin" : 419,  "end" : 420 }, 
        {"sofa" : 1,  "begin" : 421,  "end" : 424 }, 
        {"sofa" : 1,  "begin" : 425,  "end" : 430 }, 
        {"sofa" : 1,  "begin" : 431,  "end" : 435 }, 
        {"sofa" : 1,  "begin" : 436,  "end" : 439 }, 
        {"sofa" : 1,  "begin" : 440,  "end" : 444 }, 
        {"sofa" : 1,  "begin" : 445,  "end" : 447 }, 
        {"sofa" : 1,  "begin" : 448,  "end" : 451 }, 
        {"sofa" : 1,  "begin" : 452,  "end" : 457 }, 
        {"sofa" : 1,  "begin" : 458,  "end" : 462 }, 
        {"sofa" : 1,  "begin" : 463,  "end" : 466 }, 
        {"sofa" : 1,  "begin" : 467,  "end" : 474 }, 
        {"sofa" : 1,  "begin" : 475,  "end" : 478 }, 
        {"sofa" : 1,  "begin" : 479,  "end" : 484 }, 
        {"sofa" : 1,  "begin" : 485,  "end" : 486 }, 
        {"sofa" : 1,  "begin" : 487,  "end" : 490 }, 
        {"sofa" : 1,  "begin" : 491,  "end" : 494 }, 
        {"sofa" : 1,  "begin" : 495,  "end" : 499 }, 
        {"sofa" : 1,  "begin" : 500,  "end" : 503 }, 
        {"sofa" : 1,  "begin" : 504,  "end" : 512 }, 
        {"sofa" : 1,  "begin" : 513,  "end" : 516 }, 
        {"sofa" : 1,  "begin" : 517,  "end" : 521 }, 
        {"sofa" : 1,  "begin" : 522,  "end" : 531 }, 
        {"sofa" : 1,  "begin" : 532,  "end" : 534 }, 
        {"sofa" : 1,  "begin" : 535,  "end" : 542 }, 
        {"sofa" : 1,  "begin" : 543,  "end" : 544 }, 
        {"sofa" : 1,  "begin" : 545,  "end" : 549 }, 
        {"sofa" : 1,  "begin" : 550,  "end" : 560 }, 
        {"sofa" : 1,  "begin" : 561,  "end" : 563 }, 
        {"sofa" : 1,  "begin" : 564,  "end" : 570 }, 
        {"sofa" : 1,  "begin" : 571,  "end" : 575 }, 
        {"sofa" : 1,  "begin" : 576,  "end" : 577 }, 
        {"sofa" : 1,  "begin" : 579,  "end" : 580 }, 
        {"sofa" : 1,  "begin" : 581,  "end" : 583 }, 
        {"sofa" : 1,  "begin" : 584,  "end" : 585 }, 
        {"sofa" : 1,  "begin" : 586,  "end" : 587 }, 
        {"sofa" : 1,  "begin" : 588,  "end" : 592 }, 
        {"sofa" : 1,  "begin" : 593,  "end" : 596 }, 
        {"sofa" : 1,  "begin" : 597,  "end" : 602 }, 
        {"sofa" : 1,  "begin" : 603,  "end" : 604 }, 
        {"sofa" : 1,  "begin" : 605,  "end" : 606 }, 
        {"sofa" : 1,  "begin" : 607,  "end" : 609 }, 
        {"sofa" : 1,  "begin" : 610,  "end" : 612 }, 
        {"sofa" : 1,  "begin" : 613,  "end" : 619 }, 
        {"sofa" : 1,  "begin" : 620,  "end" : 621 }, 
        {"sofa" : 1,  "begin" : 622,  "end" : 628 }, 
        {"sofa" : 1,  "begin" : 629,  "end" : 634 }, 
        {"sofa" : 1,  "begin" : 635,  "end" : 639 }, 
        {"sofa" : 1,  "begin" : 640,  "end" : 641 }, 
        {"sofa" : 1,  "begin" : 642,  "end" : 648 }, 
        {"sofa" : 1,  "begin" : 649,  "end" : 655 }, 
        {"sofa" : 1,  "begin" : 656,  "end" : 658 }, 
        {"sofa" : 1,  "begin" : 659,  "end" : 661 }, 
        {"sofa" : 1,  "begin" : 662,  "end" : 667 }, 
        {"sofa" : 1,  "begin" : 668,  "end" : 677 }, 
        {"sofa" : 1,  "begin" : 678,  "end" : 682 }, 
        {"sofa" : 1,  "begin" : 683,  "end" : 685 }, 
        {"sofa" : 1,  "begin" : 686,  "end" : 689 }, 
        {"sofa" : 1,  "begin" : 690,  "end" : 694 }, 
        {"sofa" : 1,  "begin" : 695,  "end" : 696 }, 
        {"sofa" : 1,  "begin" : 697,  "end" : 698 } ], 
      "PartsofCause" : [2046,  2072,  2059,  2115,  1969,  1982,  1995 ], 
      "TypesofCause" : [
        {"sofa" : 1,  "begin" : 500,  "end" : 531,  "Dependent" : 2046,  "Governor" : 2072,  "TypesofCause" : "Effect" }, 
        {"sofa" : 1,  "begin" : 535,  "end" : 542,  "Dependent" : 2059,  "Governor" : 2072,  "TypesofCause" : "Cause" }, 
        {"sofa" : 1,  "begin" : 550,  "end" : 575,  "Dependent" : 2115,  "Governor" : 2072,  "TypesofCause" : "Means" }, 
        {"sofa" : 1,  "begin" : 640,  "end" : 655,  "Dependent" : 1969,  "Governor" : 1982,  "TypesofCause" : "Effect" }, 
        {"sofa" : 1,  "begin" : 659,  "end" : 694,  "Dependent" : 1995,  "Governor" : 1982,  "TypesofCause" : "Cause" } ] } }, 
  "_referenced_fss" : {
    "1" : {"_type" : "Sofa",  "sofaNum" : 1,  "sofaID" : "_InitialView",  "mimeType" : "text",  "sofaString" : "A MOST rapacious Eagle had his eyrie on a lofty rock .\nSitting there , he could watch the movements of the animals he wished to make his prey , and , waiting his opportunity , seize them and bear them away .\nThe poor creatures had no protection from such a foe .\nBut an archer saw him one day watching , from his place of concealment , the movements of an unsuspicious hare ; and , taking aim , he wounded him mortally .\nThe Eagle gave one look at the Arrow that had entered his heart , and saw that its feathers had been furnished by himself , when descending to secure prey .\n “ Ah ! ”\nsaid the Eagle , “ it is indeed a double grief that I should perish by an Arrow feathered from my own wing . ”" }, 
    "2046" : {"_type" : "PartsofCause",  "sofa" : 1,  "begin" : 500,  "end" : 531,  "PartsofCause" : "Argument" }, 
    "2072" : {"_type" : "PartsofCause",  "sofa" : 1,  "begin" : 532,  "end" : 534,  "PartsofCause" : "Enabling" }, 
    "2059" : {"_type" : "PartsofCause",  "sofa" : 1,  "begin" : 535,  "end" : 542,  "PartsofCause" : "Argument" }, 
    "2115" : {"_type" : "PartsofCause",  "sofa" : 1,  "begin" : 550,  "end" : 575,  "PartsofCause" : "Argument" }, 
    "1969" : {"_type" : "PartsofCause",  "sofa" : 1,  "begin" : 640,  "end" : 655,  "PartsofCause" : "Argument" }, 
    "1982" : {"_type" : "PartsofCause",  "sofa" : 1,  "begin" : 656,  "end" : 658,  "PartsofCause" : "Causing" }, 
    "1995" : {"_type" : "PartsofCause",  "sofa" : 1,  "begin" : 659,  "end" : 694,  "PartsofCause" : "Argument" }, 
    "2157" : {"_type" : "LayerDefinition",  "name" : "webanno.custom.TypesofCause",  "uiName" : "Types of Cause" }, 
    "2150" : {"_type" : "LayerDefinition",  "name" : "webanno.custom.PartsofCause",  "uiName" : "Parts of Cause" }, 
    "2139" : {"_type" : "LayerDefinition",  "name" : "webanno.custom.DisjointCausalSpans",  "uiName" : "Disjoint Causal Spans" } } }