{"_context" : {
    "_types" : {
      "DisjointCausalSpansChain" : {
        "_feature_types" : {"sofa" : "_ref",  "first" : "_ref" } }, 
      "DisjointCausalSpansLink" : {
        "_feature_types" : {"sofa" : "_ref",  "next" : "_ref" } }, 
      "DocumentMetaData" : {
        "_feature_types" : {"sofa" : "_ref" } }, 
      "FeatureDefinition" : {
        "_feature_types" : {"layer" : "_ref" } }, 
      "LayerDefinition" : { }, 
      "PartsofCause" : {
        "_feature_types" : {"sofa" : "_ref" } }, 
      "Sentence" : {
        "_feature_types" : {"sofa" : "_ref" } }, 
      "Sofa" : {
        "_feature_types" : {"sofaArray" : "_ref" } }, 
      "TagsetDescription" : {
        "_feature_types" : {"sofa" : "_ref",  "tags" : "_ref" } }, 
      "Token" : {
        "_feature_types" : {"sofa" : "_ref",  "parent" : "_ref",  "lemma" : "_ref",  "stem" : "_ref",  "pos" : "_ref",  "morph" : "_ref",  "form" : "_ref" } }, 
      "TypesofCause" : {
        "_feature_types" : {"sofa" : "_ref",  "Dependent" : "_ref",  "Governor" : "_ref" } }, 
      "AnnotationBase" : {
        "_feature_types" : {"sofa" : "_ref" }, 
        "_subtypes" : ["DisjointCausalSpansChain",  "Annotation" ] }, 
      "TOP" : {
        "_subtypes" : ["AnnotationBase",  "FeatureDefinition",  "LayerDefinition",  "Sofa" ] }, 
      "Annotation" : {
        "_feature_types" : {"sofa" : "_ref" }, 
        "_subtypes" : ["DisjointCausalSpansLink",  "DocumentAnnotation",  "PartsofCause",  "Sentence",  "TagsetDescription",  "Token",  "TypesofCause" ] }, 
      "DocumentAnnotation" : {
        "_feature_types" : {"sofa" : "_ref" }, 
        "_subtypes" : ["DocumentMetaData" ] } } }, 
  "_views" : {
    "_InitialView" : {
      "FeatureDefinition" : [
        {"layer" : 1989,  "name" : "referenceRelation",  "uiName" : "Reference Relation" }, 
        {"layer" : 1989,  "name" : "referenceType",  "uiName" : "Reference Type" }, 
        {"layer" : 2000,  "name" : "PartsofCause",  "uiName" : "Parts of Cause" }, 
        {"layer" : 2007,  "name" : "TypesofCause",  "uiName" : "Types of Cause" } ], 
      "LayerDefinition" : [1989,  2000,  2007 ], 
      "DocumentMetaData" : [
        {"sofa" : 1,  "end" : 529,  "language" : "x-unspecified",  "documentTitle" : "fable-05.txt",  "documentId" : "GJW",  "documentUri" : "file:/srv/inception/repository/project/2/document/2307/source/GJW",  "collectionId" : "file:/srv/inception/repository/project/2/document/2307/source/",  "documentBaseUri" : "file:/srv/inception/repository/project/2/document/2307/source/",  "isLastSegment" : false } ], 
      "TagsetDescription" : [
        {"sofa" : 1,  "layer" : "webanno.custom.PartsofCause",  "name" : "Parts of Cause",  "input" : false }, 
        {"sofa" : 1,  "layer" : "webanno.custom.TypesofCause",  "name" : "Causal Relations",  "input" : false } ], 
      "Sentence" : [
        {"sofa" : 1,  "end" : 46 }, 
        {"sofa" : 1,  "begin" : 47,  "end" : 96 }, 
        {"sofa" : 1,  "begin" : 97,  "end" : 192 }, 
        {"sofa" : 1,  "begin" : 193,  "end" : 237 }, 
        {"sofa" : 1,  "begin" : 238,  "end" : 310 }, 
        {"sofa" : 1,  "begin" : 311,  "end" : 435 }, 
        {"sofa" : 1,  "begin" : 436,  "end" : 529 } ], 
      "Token" : [
        {"sofa" : 1,  "end" : 1 }, 
        {"sofa" : 1,  "begin" : 2,  "end" : 7 }, 
        {"sofa" : 1,  "begin" : 8,  "end" : 11 }, 
        {"sofa" : 1,  "begin" : 12,  "end" : 13 }, 
        {"sofa" : 1,  "begin" : 14,  "end" : 17 }, 
        {"sofa" : 1,  "begin" : 18,  "end" : 22 }, 
        {"sofa" : 1,  "begin" : 23,  "end" : 27 }, 
        {"sofa" : 1,  "begin" : 28,  "end" : 30 }, 
        {"sofa" : 1,  "begin" : 31,  "end" : 34 }, 
        {"sofa" : 1,  "begin" : 35,  "end" : 40 }, 
        {"sofa" : 1,  "begin" : 41,  "end" : 44 }, 
        {"sofa" : 1,  "begin" : 45,  "end" : 46 }, 
        {"sofa" : 1,  "begin" : 47,  "end" : 50 }, 
        {"sofa" : 1,  "begin" : 51,  "end" : 55 }, 
        {"sofa" : 1,  "begin" : 56,  "end" : 60 }, 
        {"sofa" : 1,  "begin" : 61,  "end" : 66 }, 
        {"sofa" : 1,  "begin" : 67,  "end" : 68 }, 
        {"sofa" : 1,  "begin" : 69,  "end" : 72 }, 
        {"sofa" : 1,  "begin" : 73,  "end" : 77 }, 
        {"sofa" : 1,  "begin" : 78,  "end" : 81 }, 
        {"sofa" : 1,  "begin" : 82,  "end" : 83 }, 
        {"sofa" : 1,  "begin" : 84,  "end" : 88 }, 
        {"sofa" : 1,  "begin" : 89,  "end" : 94 }, 
        {"sofa" : 1,  "begin" : 95,  "end" : 96 }, 
        {"sofa" : 1,  "begin" : 97,  "end" : 100 }, 
        {"sofa" : 1,  "begin" : 101,  "end" : 106 }, 
        {"sofa" : 1,  "begin" : 107,  "end" : 112 }, 
        {"sofa" : 1,  "begin" : 113,  "end" : 120 }, 
        {"sofa" : 1,  "begin" : 121,  "end" : 122 }, 
        {"sofa" : 1,  "begin" : 123,  "end" : 125 }, 
        {"sofa" : 1,  "begin" : 126,  "end" : 129 }, 
        {"sofa" : 1,  "begin" : 130,  "end" : 134 }, 
        {"sofa" : 1,  "begin" : 135,  "end" : 139 }, 
        {"sofa" : 1,  "begin" : 140,  "end" : 142 }, 
        {"sofa" : 1,  "begin" : 143,  "end" : 149 }, 
        {"sofa" : 1,  "begin" : 150,  "end" : 151 }, 
        {"sofa" : 1,  "begin" : 152,  "end" : 153 }, 
        {"sofa" : 1,  "begin" : 154,  "end" : 157 }, 
        {"sofa" : 1,  "begin" : 158,  "end" : 162 }, 
        {"sofa" : 1,  "begin" : 163,  "end" : 167 }, 
        {"sofa" : 1,  "begin" : 168,  "end" : 171 }, 
        {"sofa" : 1,  "begin" : 172,  "end" : 175 }, 
        {"sofa" : 1,  "begin" : 176,  "end" : 178 }, 
        {"sofa" : 1,  "begin" : 179,  "end" : 182 }, 
        {"sofa" : 1,  "begin" : 183,  "end" : 185 }, 
        {"sofa" : 1,  "begin" : 186,  "end" : 190 }, 
        {"sofa" : 1,  "begin" : 191,  "end" : 192 }, 
        {"sofa" : 1,  "begin" : 193,  "end" : 194 }, 
        {"sofa" : 1,  "begin" : 195,  "end" : 200 }, 
        {"sofa" : 1,  "begin" : 201,  "end" : 205 }, 
        {"sofa" : 1,  "begin" : 206,  "end" : 208 }, 
        {"sofa" : 1,  "begin" : 209,  "end" : 213 }, 
        {"sofa" : 1,  "begin" : 214,  "end" : 218 }, 
        {"sofa" : 1,  "begin" : 219,  "end" : 223 }, 
        {"sofa" : 1,  "begin" : 224,  "end" : 226 }, 
        {"sofa" : 1,  "begin" : 227,  "end" : 233 }, 
        {"sofa" : 1,  "begin" : 234,  "end" : 235 }, 
        {"sofa" : 1,  "begin" : 236,  "end" : 237 }, 
        {"sofa" : 1,  "begin" : 238,  "end" : 240 }, 
        {"sofa" : 1,  "begin" : 241,  "end" : 246 }, 
        {"sofa" : 1,  "begin" : 247,  "end" : 249 }, 
        {"sofa" : 1,  "begin" : 250,  "end" : 254 }, 
        {"sofa" : 1,  "begin" : 255,  "end" : 256 }, 
        {"sofa" : 1,  "begin" : 257,  "end" : 262 }, 
        {"sofa" : 1,  "begin" : 263,  "end" : 268 }, 
        {"sofa" : 1,  "begin" : 269,  "end" : 271 }, 
        {"sofa" : 1,  "begin" : 272,  "end" : 275 }, 
        {"sofa" : 1,  "begin" : 276,  "end" : 278 }, 
        {"sofa" : 1,  "begin" : 279,  "end" : 282 }, 
        {"sofa" : 1,  "begin" : 283,  "end" : 286 }, 
        {"sofa" : 1,  "begin" : 287,  "end" : 288 }, 
        {"sofa" : 1,  "begin" : 289,  "end" : 295 }, 
        {"sofa" : 1,  "begin" : 296,  "end" : 299 }, 
        {"sofa" : 1,  "begin" : 300,  "end" : 304 }, 
        {"sofa" : 1,  "begin" : 305,  "end" : 308 }, 
        {"sofa" : 1,  "begin" : 309,  "end" : 310 }, 
        {"sofa" : 1,  "begin" : 311,  "end" : 312 }, 
        {"sofa" : 1,  "begin" : 313,  "end" : 315 }, 
        {"sofa" : 1,  "begin" : 316,  "end" : 317 }, 
        {"sofa" : 1,  "begin" : 318,  "end" : 322 }, 
        {"sofa" : 1,  "begin" : 323,  "end" : 325 }, 
        {"sofa" : 1,  "begin" : 326,  "end" : 330 }, 
        {"sofa" : 1,  "begin" : 331,  "end" : 332 }, 
        {"sofa" : 1,  "begin" : 333,  "end" : 339 }, 
        {"sofa" : 1,  "begin" : 340,  "end" : 349 }, 
        {"sofa" : 1,  "begin" : 350,  "end" : 352 }, 
        {"sofa" : 1,  "begin" : 353,  "end" : 359 }, 
        {"sofa" : 1,  "begin" : 360,  "end" : 361 }, 
        {"sofa" : 1,  "begin" : 362,  "end" : 365 }, 
        {"sofa" : 1,  "begin" : 366,  "end" : 369 }, 
        {"sofa" : 1,  "begin" : 370,  "end" : 375 }, 
        {"sofa" : 1,  "begin" : 376,  "end" : 378 }, 
        {"sofa" : 1,  "begin" : 379,  "end" : 383 }, 
        {"sofa" : 1,  "begin" : 384,  "end" : 386 }, 
        {"sofa" : 1,  "begin" : 387,  "end" : 390 }, 
        {"sofa" : 1,  "begin" : 391,  "end" : 394 }, 
        {"sofa" : 1,  "begin" : 395,  "end" : 399 }, 
        {"sofa" : 1,  "begin" : 400,  "end" : 401 }, 
        {"sofa" : 1,  "begin" : 402,  "end" : 405 }, 
        {"sofa" : 1,  "begin" : 406,  "end" : 413 }, 
        {"sofa" : 1,  "begin" : 414,  "end" : 416 }, 
        {"sofa" : 1,  "begin" : 417,  "end" : 420 }, 
        {"sofa" : 1,  "begin" : 421,  "end" : 422 }, 
        {"sofa" : 1,  "begin" : 423,  "end" : 424 }, 
        {"sofa" : 1,  "begin" : 425,  "end" : 428 }, 
        {"sofa" : 1,  "begin" : 429,  "end" : 433 }, 
        {"sofa" : 1,  "begin" : 434,  "end" : 435 }, 
        {"sofa" : 1,  "begin" : 436,  "end" : 438 }, 
        {"sofa" : 1,  "begin" : 439,  "end" : 442 }, 
        {"sofa" : 1,  "begin" : 443,  "end" : 450 }, 
        {"sofa" : 1,  "begin" : 451,  "end" : 454 }, 
        {"sofa" : 1,  "begin" : 455,  "end" : 459 }, 
        {"sofa" : 1,  "begin" : 460,  "end" : 461 }, 
        {"sofa" : 1,  "begin" : 462,  "end" : 465 }, 
        {"sofa" : 1,  "begin" : 466,  "end" : 469 }, 
        {"sofa" : 1,  "begin" : 470,  "end" : 473 }, 
        {"sofa" : 1,  "begin" : 474,  "end" : 478 }, 
        {"sofa" : 1,  "begin" : 479,  "end" : 483 }, 
        {"sofa" : 1,  "begin" : 484,  "end" : 487 }, 
        {"sofa" : 1,  "begin" : 488,  "end" : 491 }, 
        {"sofa" : 1,  "begin" : 492,  "end" : 497 }, 
        {"sofa" : 1,  "begin" : 498,  "end" : 499 }, 
        {"sofa" : 1,  "begin" : 500,  "end" : 503 }, 
        {"sofa" : 1,  "begin" : 504,  "end" : 507 }, 
        {"sofa" : 1,  "begin" : 508,  "end" : 515 }, 
        {"sofa" : 1,  "begin" : 516,  "end" : 522 }, 
        {"sofa" : 1,  "begin" : 523,  "end" : 527 }, 
        {"sofa" : 1,  "begin" : 528,  "end" : 529 } ], 
      "DisjointCausalSpansChain" : [
        {"sofa" : 1,  "first" : 1850 } ], 
      "DisjointCausalSpansLink" : [1864,  1850 ], 
      "PartsofCause" : [1726,  1735,  1748,  1761,  1787,  1940,  1949 ], 
      "TypesofCause" : [
        {"sofa" : 1,  "begin" : 316,  "end" : 359,  "Dependent" : 1735,  "Governor" : 1726,  "TypesofCause" : "Cause" }, 
        {"sofa" : 1,  "begin" : 362,  "end" : 420,  "Dependent" : 1748,  "Governor" : 1726,  "TypesofCause" : "Effect" }, 
        {"sofa" : 1,  "begin" : 362,  "end" : 369,  "Dependent" : 1761,  "Governor" : 1787,  "TypesofCause" : "Effect" }, 
        {"sofa" : 1,  "begin" : 439,  "end" : 459,  "Dependent" : 1949,  "Governor" : 1940,  "TypesofCause" : "Effect" } ] } }, 
  "_referenced_fss" : {
    "1" : {"_type" : "Sofa",  "sofaNum" : 1,  "sofaID" : "_InitialView",  "mimeType" : "text",  "sofaString" : "A WOMAN had a Hen that laid an egg every day .\nThe eggs were large , and sold for a good price .\nThe Woman often thought , as she took them to market : “ How glad they all are to get my eggs !\nI could sell as many more just as easily . ”\nIt began to look a small thing to her to get but a single egg each day .\n“ If I were to give a double allowance of barley , the Hen might be made to lay two eggs a day instead of one , ” she said .\nSo she doubled the food , and the Hen grew very fat and sleek ; but she stopped laying eggs ." }, 
    "1735" : {"_type" : "PartsofCause",  "sofa" : 1,  "begin" : 316,  "end" : 359,  "PartsofCause" : "Argument" }, 
    "1726" : {"_type" : "PartsofCause",  "sofa" : 1,  "begin" : 313,  "end" : 315,  "PartsofCause" : "Causing" }, 
    "1748" : {"_type" : "PartsofCause",  "sofa" : 1,  "begin" : 362,  "end" : 420,  "PartsofCause" : "Argument" }, 
    "1761" : {"_type" : "PartsofCause",  "sofa" : 1,  "begin" : 362,  "end" : 369,  "PartsofCause" : "Argument" }, 
    "1787" : {"_type" : "PartsofCause",  "sofa" : 1,  "begin" : 379,  "end" : 383,  "PartsofCause" : "Causing" }, 
    "1949" : {"_type" : "PartsofCause",  "sofa" : 1,  "begin" : 439,  "end" : 459,  "PartsofCause" : "Argument" }, 
    "1940" : {"_type" : "PartsofCause",  "sofa" : 1,  "begin" : 436,  "end" : 438,  "PartsofCause" : "Causing" }, 
    "1864" : {"_type" : "DisjointCausalSpansLink",  "sofa" : 1,  "begin" : 362,  "end" : 369 }, 
    "1850" : {"_type" : "DisjointCausalSpansLink",  "sofa" : 1,  "begin" : 384,  "end" : 405,  "next" : 1864 }, 
    "2007" : {"_type" : "LayerDefinition",  "name" : "webanno.custom.TypesofCause",  "uiName" : "Types of Cause" }, 
    "1989" : {"_type" : "LayerDefinition",  "name" : "webanno.custom.DisjointCausalSpans",  "uiName" : "Disjoint Causal Spans" }, 
    "2000" : {"_type" : "LayerDefinition",  "name" : "webanno.custom.PartsofCause",  "uiName" : "Parts of Cause" } } }