{"_context" : {
    "_types" : {
      "DisjointCausalSpansChain" : {
        "_feature_types" : {"sofa" : "_ref",  "first" : "_ref" } }, 
      "DisjointCausalSpansLink" : {
        "_feature_types" : {"sofa" : "_ref",  "next" : "_ref" } }, 
      "DocumentMetaData" : {
        "_feature_types" : {"sofa" : "_ref" } }, 
      "FeatureDefinition" : {
        "_feature_types" : {"layer" : "_ref" } }, 
      "LayerDefinition" : { }, 
      "PartsofCause" : {
        "_feature_types" : {"sofa" : "_ref" } }, 
      "Sentence" : {
        "_feature_types" : {"sofa" : "_ref" } }, 
      "Sofa" : {
        "_feature_types" : {"sofaArray" : "_ref" } }, 
      "TagsetDescription" : {
        "_feature_types" : {"sofa" : "_ref",  "tags" : "_ref" } }, 
      "Token" : {
        "_feature_types" : {"sofa" : "_ref",  "parent" : "_ref",  "lemma" : "_ref",  "stem" : "_ref",  "pos" : "_ref",  "morph" : "_ref",  "form" : "_ref" } }, 
      "TypesofCause" : {
        "_feature_types" : {"sofa" : "_ref",  "Dependent" : "_ref",  "Governor" : "_ref" } }, 
      "AnnotationBase" : {
        "_feature_types" : {"sofa" : "_ref" }, 
        "_subtypes" : ["DisjointCausalSpansChain",  "Annotation" ] }, 
      "TOP" : {
        "_subtypes" : ["AnnotationBase",  "FeatureDefinition",  "LayerDefinition",  "Sofa" ] }, 
      "Annotation" : {
        "_feature_types" : {"sofa" : "_ref" }, 
        "_subtypes" : ["DisjointCausalSpansLink",  "DocumentAnnotation",  "PartsofCause",  "Sentence",  "TagsetDescription",  "Token",  "TypesofCause" ] }, 
      "DocumentAnnotation" : {
        "_feature_types" : {"sofa" : "_ref" }, 
        "_subtypes" : ["DocumentMetaData" ] } } }, 
  "_views" : {
    "_InitialView" : {
      "FeatureDefinition" : [
        {"layer" : 3010,  "name" : "referenceRelation",  "uiName" : "Reference Relation" }, 
        {"layer" : 3010,  "name" : "referenceType",  "uiName" : "Reference Type" }, 
        {"layer" : 3021,  "name" : "PartsofCause",  "uiName" : "Parts of Cause" }, 
        {"layer" : 3028,  "name" : "TypesofCause",  "uiName" : "Types of Cause" } ], 
      "LayerDefinition" : [3010,  3021,  3028 ], 
      "DocumentMetaData" : [
        {"sofa" : 1,  "end" : 897,  "language" : "x-unspecified",  "documentTitle" : "fable-40.txt",  "documentId" : "AYC",  "documentUri" : "file:/srv/inception/repository/project/2/document/2342/source/AYC",  "collectionId" : "file:/srv/inception/repository/project/2/document/2342/source/",  "documentBaseUri" : "file:/srv/inception/repository/project/2/document/2342/source/",  "isLastSegment" : false } ], 
      "TagsetDescription" : [
        {"sofa" : 1,  "layer" : "webanno.custom.PartsofCause",  "name" : "Parts of Cause",  "input" : false }, 
        {"sofa" : 1,  "layer" : "webanno.custom.TypesofCause",  "name" : "Causal Relations",  "input" : false } ], 
      "Sentence" : [
        {"sofa" : 1,  "end" : 100 }, 
        {"sofa" : 1,  "begin" : 101,  "end" : 233 }, 
        {"sofa" : 1,  "begin" : 234,  "end" : 336 }, 
        {"sofa" : 1,  "begin" : 337,  "end" : 482 }, 
        {"sofa" : 1,  "begin" : 483,  "end" : 676 }, 
        {"sofa" : 1,  "begin" : 677,  "end" : 804 }, 
        {"sofa" : 1,  "begin" : 805,  "end" : 897 } ], 
      "Token" : [
        {"sofa" : 1,  "end" : 1 }, 
        {"sofa" : 1,  "begin" : 2,  "end" : 9 }, 
        {"sofa" : 1,  "begin" : 10,  "end" : 14 }, 
        {"sofa" : 1,  "begin" : 15,  "end" : 19 }, 
        {"sofa" : 1,  "begin" : 20,  "end" : 21 }, 
        {"sofa" : 1,  "begin" : 22,  "end" : 28 }, 
        {"sofa" : 1,  "begin" : 29,  "end" : 30 }, 
        {"sofa" : 1,  "begin" : 31,  "end" : 34 }, 
        {"sofa" : 1,  "begin" : 35,  "end" : 39 }, 
        {"sofa" : 1,  "begin" : 40,  "end" : 41 }, 
        {"sofa" : 1,  "begin" : 42,  "end" : 50 }, 
        {"sofa" : 1,  "begin" : 51,  "end" : 53 }, 
        {"sofa" : 1,  "begin" : 54,  "end" : 57 }, 
        {"sofa" : 1,  "begin" : 58,  "end" : 63 }, 
        {"sofa" : 1,  "begin" : 64,  "end" : 66 }, 
        {"sofa" : 1,  "begin" : 67,  "end" : 74 }, 
        {"sofa" : 1,  "begin" : 75,  "end" : 78 }, 
        {"sofa" : 1,  "begin" : 79,  "end" : 80 }, 
        {"sofa" : 1,  "begin" : 81,  "end" : 87 }, 
        {"sofa" : 1,  "begin" : 88,  "end" : 91 }, 
        {"sofa" : 1,  "begin" : 92,  "end" : 95 }, 
        {"sofa" : 1,  "begin" : 96,  "end" : 98 }, 
        {"sofa" : 1,  "begin" : 99,  "end" : 100 }, 
        {"sofa" : 1,  "begin" : 101,  "end" : 104 }, 
        {"sofa" : 1,  "begin" : 105,  "end" : 110 }, 
        {"sofa" : 1,  "begin" : 111,  "end" : 112 }, 
        {"sofa" : 1,  "begin" : 113,  "end" : 120 }, 
        {"sofa" : 1,  "begin" : 121,  "end" : 123 }, 
        {"sofa" : 1,  "begin" : 124,  "end" : 127 }, 
        {"sofa" : 1,  "begin" : 128,  "end" : 136 }, 
        {"sofa" : 1,  "begin" : 137,  "end" : 138 }, 
        {"sofa" : 1,  "begin" : 139,  "end" : 146 }, 
        {"sofa" : 1,  "begin" : 147,  "end" : 149 }, 
        {"sofa" : 1,  "begin" : 150,  "end" : 153 }, 
        {"sofa" : 1,  "begin" : 154,  "end" : 161 }, 
        {"sofa" : 1,  "begin" : 162,  "end" : 163 }, 
        {"sofa" : 1,  "begin" : 164,  "end" : 167 }, 
        {"sofa" : 1,  "begin" : 168,  "end" : 172 }, 
        {"sofa" : 1,  "begin" : 173,  "end" : 174 }, 
        {"sofa" : 1,  "begin" : 175,  "end" : 187 }, 
        {"sofa" : 1,  "begin" : 188,  "end" : 190 }, 
        {"sofa" : 1,  "begin" : 191,  "end" : 197 }, 
        {"sofa" : 1,  "begin" : 198,  "end" : 203 }, 
        {"sofa" : 1,  "begin" : 204,  "end" : 206 }, 
        {"sofa" : 1,  "begin" : 207,  "end" : 211 }, 
        {"sofa" : 1,  "begin" : 212,  "end" : 218 }, 
        {"sofa" : 1,  "begin" : 219,  "end" : 221 }, 
        {"sofa" : 1,  "begin" : 222,  "end" : 227 }, 
        {"sofa" : 1,  "begin" : 228,  "end" : 231 }, 
        {"sofa" : 1,  "begin" : 232,  "end" : 233 }, 
        {"sofa" : 1,  "begin" : 234,  "end" : 241 }, 
        {"sofa" : 1,  "begin" : 242,  "end" : 243 }, 
        {"sofa" : 1,  "begin" : 244,  "end" : 254 }, 
        {"sofa" : 1,  "begin" : 255,  "end" : 260 }, 
        {"sofa" : 1,  "begin" : 261,  "end" : 262 }, 
        {"sofa" : 1,  "begin" : 263,  "end" : 267 }, 
        {"sofa" : 1,  "begin" : 268,  "end" : 273 }, 
        {"sofa" : 1,  "begin" : 274,  "end" : 277 }, 
        {"sofa" : 1,  "begin" : 278,  "end" : 281 }, 
        {"sofa" : 1,  "begin" : 282,  "end" : 283 }, 
        {"sofa" : 1,  "begin" : 284,  "end" : 287 }, 
        {"sofa" : 1,  "begin" : 288,  "end" : 289 }, 
        {"sofa" : 1,  "begin" : 290,  "end" : 292 }, 
        {"sofa" : 1,  "begin" : 293,  "end" : 298 }, 
        {"sofa" : 1,  "begin" : 299,  "end" : 300 }, 
        {"sofa" : 1,  "begin" : 301,  "end" : 303 }, 
        {"sofa" : 1,  "begin" : 304,  "end" : 307 }, 
        {"sofa" : 1,  "begin" : 308,  "end" : 309 }, 
        {"sofa" : 1,  "begin" : 310,  "end" : 318 }, 
        {"sofa" : 1,  "begin" : 319,  "end" : 324 }, 
        {"sofa" : 1,  "begin" : 325,  "end" : 328 }, 
        {"sofa" : 1,  "begin" : 329,  "end" : 334 }, 
        {"sofa" : 1,  "begin" : 335,  "end" : 336 }, 
        {"sofa" : 1,  "begin" : 337,  "end" : 341 }, 
        {"sofa" : 1,  "begin" : 342,  "end" : 344 }, 
        {"sofa" : 1,  "begin" : 345,  "end" : 349 }, 
        {"sofa" : 1,  "begin" : 350,  "end" : 354 }, 
        {"sofa" : 1,  "begin" : 355,  "end" : 359 }, 
        {"sofa" : 1,  "begin" : 360,  "end" : 366 }, 
        {"sofa" : 1,  "begin" : 367,  "end" : 369 }, 
        {"sofa" : 1,  "begin" : 370,  "end" : 373 }, 
        {"sofa" : 1,  "begin" : 374,  "end" : 378 }, 
        {"sofa" : 1,  "begin" : 379,  "end" : 382 }, 
        {"sofa" : 1,  "begin" : 383,  "end" : 387 }, 
        {"sofa" : 1,  "begin" : 388,  "end" : 392 }, 
        {"sofa" : 1,  "begin" : 393,  "end" : 397 }, 
        {"sofa" : 1,  "begin" : 398,  "end" : 401 }, 
        {"sofa" : 1,  "begin" : 402,  "end" : 405 }, 
        {"sofa" : 1,  "begin" : 406,  "end" : 407 }, 
        {"sofa" : 1,  "begin" : 408,  "end" : 411 }, 
        {"sofa" : 1,  "begin" : 412,  "end" : 416 }, 
        {"sofa" : 1,  "begin" : 417,  "end" : 419 }, 
        {"sofa" : 1,  "begin" : 420,  "end" : 425 }, 
        {"sofa" : 1,  "begin" : 426,  "end" : 430 }, 
        {"sofa" : 1,  "begin" : 431,  "end" : 435 }, 
        {"sofa" : 1,  "begin" : 436,  "end" : 439 }, 
        {"sofa" : 1,  "begin" : 440,  "end" : 445 }, 
        {"sofa" : 1,  "begin" : 446,  "end" : 448 }, 
        {"sofa" : 1,  "begin" : 449,  "end" : 451 }, 
        {"sofa" : 1,  "begin" : 452,  "end" : 454 }, 
        {"sofa" : 1,  "begin" : 455,  "end" : 463 }, 
        {"sofa" : 1,  "begin" : 464,  "end" : 468 }, 
        {"sofa" : 1,  "begin" : 469,  "end" : 480 }, 
        {"sofa" : 1,  "begin" : 481,  "end" : 482 }, 
        {"sofa" : 1,  "begin" : 483,  "end" : 486 }, 
        {"sofa" : 1,  "begin" : 487,  "end" : 494 }, 
        {"sofa" : 1,  "begin" : 495,  "end" : 498 }, 
        {"sofa" : 1,  "begin" : 499,  "end" : 503 }, 
        {"sofa" : 1,  "begin" : 504,  "end" : 507 }, 
        {"sofa" : 1,  "begin" : 508,  "end" : 512 }, 
        {"sofa" : 1,  "begin" : 513,  "end" : 514 }, 
        {"sofa" : 1,  "begin" : 515,  "end" : 518 }, 
        {"sofa" : 1,  "begin" : 519,  "end" : 525 }, 
        {"sofa" : 1,  "begin" : 526,  "end" : 529 }, 
        {"sofa" : 1,  "begin" : 530,  "end" : 536 }, 
        {"sofa" : 1,  "begin" : 537,  "end" : 539 }, 
        {"sofa" : 1,  "begin" : 540,  "end" : 543 }, 
        {"sofa" : 1,  "begin" : 544,  "end" : 546 }, 
        {"sofa" : 1,  "begin" : 547,  "end" : 548 }, 
        {"sofa" : 1,  "begin" : 549,  "end" : 553 }, 
        {"sofa" : 1,  "begin" : 554,  "end" : 556 }, 
        {"sofa" : 1,  "begin" : 557,  "end" : 560 }, 
        {"sofa" : 1,  "begin" : 561,  "end" : 567 }, 
        {"sofa" : 1,  "begin" : 568,  "end" : 570 }, 
        {"sofa" : 1,  "begin" : 571,  "end" : 574 }, 
        {"sofa" : 1,  "begin" : 575,  "end" : 580 }, 
        {"sofa" : 1,  "begin" : 581,  "end" : 582 }, 
        {"sofa" : 1,  "begin" : 583,  "end" : 586 }, 
        {"sofa" : 1,  "begin" : 587,  "end" : 589 }, 
        {"sofa" : 1,  "begin" : 590,  "end" : 594 }, 
        {"sofa" : 1,  "begin" : 595,  "end" : 598 }, 
        {"sofa" : 1,  "begin" : 599,  "end" : 600 }, 
        {"sofa" : 1,  "begin" : 601,  "end" : 605 }, 
        {"sofa" : 1,  "begin" : 606,  "end" : 612 }, 
        {"sofa" : 1,  "begin" : 613,  "end" : 620 }, 
        {"sofa" : 1,  "begin" : 621,  "end" : 622 }, 
        {"sofa" : 1,  "begin" : 623,  "end" : 630 }, 
        {"sofa" : 1,  "begin" : 631,  "end" : 637 }, 
        {"sofa" : 1,  "begin" : 638,  "end" : 641 }, 
        {"sofa" : 1,  "begin" : 642,  "end" : 645 }, 
        {"sofa" : 1,  "begin" : 646,  "end" : 653 }, 
        {"sofa" : 1,  "begin" : 654,  "end" : 660 }, 
        {"sofa" : 1,  "begin" : 661,  "end" : 663 }, 
        {"sofa" : 1,  "begin" : 664,  "end" : 667 }, 
        {"sofa" : 1,  "begin" : 668,  "end" : 674 }, 
        {"sofa" : 1,  "begin" : 675,  "end" : 676 }, 
        {"sofa" : 1,  "begin" : 677,  "end" : 686 }, 
        {"sofa" : 1,  "begin" : 687,  "end" : 690 }, 
        {"sofa" : 1,  "begin" : 691,  "end" : 695 }, 
        {"sofa" : 1,  "begin" : 696,  "end" : 699 }, 
        {"sofa" : 1,  "begin" : 700,  "end" : 704 }, 
        {"sofa" : 1,  "begin" : 705,  "end" : 707 }, 
        {"sofa" : 1,  "begin" : 708,  "end" : 711 }, 
        {"sofa" : 1,  "begin" : 712,  "end" : 722 }, 
        {"sofa" : 1,  "begin" : 723,  "end" : 724 }, 
        {"sofa" : 1,  "begin" : 725,  "end" : 727 }, 
        {"sofa" : 1,  "begin" : 728,  "end" : 731 }, 
        {"sofa" : 1,  "begin" : 732,  "end" : 735 }, 
        {"sofa" : 1,  "begin" : 736,  "end" : 744 }, 
        {"sofa" : 1,  "begin" : 745,  "end" : 747 }, 
        {"sofa" : 1,  "begin" : 748,  "end" : 749 }, 
        {"sofa" : 1,  "begin" : 750,  "end" : 761 }, 
        {"sofa" : 1,  "begin" : 762,  "end" : 767 }, 
        {"sofa" : 1,  "begin" : 768,  "end" : 769 }, 
        {"sofa" : 1,  "begin" : 770,  "end" : 771 }, 
        {"sofa" : 1,  "begin" : 772,  "end" : 775 }, 
        {"sofa" : 1,  "begin" : 776,  "end" : 781 }, 
        {"sofa" : 1,  "begin" : 782,  "end" : 786 }, 
        {"sofa" : 1,  "begin" : 787,  "end" : 790 }, 
        {"sofa" : 1,  "begin" : 791,  "end" : 795 }, 
        {"sofa" : 1,  "begin" : 796,  "end" : 798 }, 
        {"sofa" : 1,  "begin" : 799,  "end" : 802 }, 
        {"sofa" : 1,  "begin" : 803,  "end" : 804 }, 
        {"sofa" : 1,  "begin" : 805,  "end" : 807 }, 
        {"sofa" : 1,  "begin" : 808,  "end" : 810 }, 
        {"sofa" : 1,  "begin" : 811,  "end" : 814 }, 
        {"sofa" : 1,  "begin" : 815,  "end" : 818 }, 
        {"sofa" : 1,  "begin" : 819,  "end" : 821 }, 
        {"sofa" : 1,  "begin" : 822,  "end" : 831 }, 
        {"sofa" : 1,  "begin" : 832,  "end" : 837 }, 
        {"sofa" : 1,  "begin" : 838,  "end" : 840 }, 
        {"sofa" : 1,  "begin" : 841,  "end" : 844 }, 
        {"sofa" : 1,  "begin" : 845,  "end" : 851 }, 
        {"sofa" : 1,  "begin" : 852,  "end" : 854 }, 
        {"sofa" : 1,  "begin" : 855,  "end" : 858 }, 
        {"sofa" : 1,  "begin" : 859,  "end" : 862 }, 
        {"sofa" : 1,  "begin" : 863,  "end" : 864 }, 
        {"sofa" : 1,  "begin" : 865,  "end" : 867 }, 
        {"sofa" : 1,  "begin" : 868,  "end" : 873 }, 
        {"sofa" : 1,  "begin" : 874,  "end" : 878 }, 
        {"sofa" : 1,  "begin" : 879,  "end" : 884 }, 
        {"sofa" : 1,  "begin" : 885,  "end" : 888 }, 
        {"sofa" : 1,  "begin" : 889,  "end" : 893 }, 
        {"sofa" : 1,  "begin" : 894,  "end" : 895 }, 
        {"sofa" : 1,  "begin" : 896,  "end" : 897 } ], 
      "DisjointCausalSpansChain" : [
        {"sofa" : 1,  "first" : 2844 } ], 
      "DisjointCausalSpansLink" : [2844,  2858 ], 
      "PartsofCause" : [2681,  2694,  2707, 
        {"sofa" : 1,  "begin" : 168,  "end" : 187,  "PartsofCause" : "Argument" },  2750,  2763,  2945,  2958,  2971,  2876,  2889,  2902 ], 
      "TypesofCause" : [
        {"sofa" : 1,  "end" : 63,  "Dependent" : 2681,  "Governor" : 2694,  "TypesofCause" : "Effect" }, 
        {"sofa" : 1,  "begin" : 67,  "end" : 98,  "Dependent" : 2707,  "Governor" : 2694,  "TypesofCause" : "Cause" }, 
        {"sofa" : 1,  "begin" : 191,  "end" : 231,  "Dependent" : 2763,  "Governor" : 2750,  "TypesofCause" : "Cause" }, 
        {"sofa" : 1,  "begin" : 483,  "end" : 546,  "Dependent" : 2945,  "Governor" : 2958,  "TypesofCause" : "Cause" }, 
        {"sofa" : 1,  "begin" : 554,  "end" : 674,  "Dependent" : 2971,  "Governor" : 2958,  "TypesofCause" : "Effect" }, 
        {"sofa" : 1,  "begin" : 808,  "end" : 862,  "Dependent" : 2889,  "Governor" : 2876,  "TypesofCause" : "Cause" }, 
        {"sofa" : 1,  "begin" : 865,  "end" : 893,  "Dependent" : 2902,  "Governor" : 2876,  "TypesofCause" : "Effect" } ] } }, 
  "_referenced_fss" : {
    "1" : {"_type" : "Sofa",  "sofaNum" : 1,  "sofaID" : "_InitialView",  "mimeType" : "text",  "sofaString" : "A WOODMAN came into a forest , and made a petition to the Trees to provide him a handle for his ax .\nThe Trees , honored by his civility , acceded to his request , and held a consultation to decide which of them should be given him .\nWithout a dissenting voice , they chose the Ash , who , it seems , is not a favorite among the Trees .\nSome of them were bold enough to say that bad luck went with the Ash , and that at heart they were not bound to be in sympathy with woodcutters .\nThe Woodman cut down the Tree , and fitted the handle to his ax ; then to the dismay of the Trees , set to work and , with strong strokes , quickly felled all the noblest giants of the forest .\nLamenting too late the fate of his companions , an old Oak remarked to a neighboring Cedar : “ The first step has lost us all .\nIf we had not so willingly given up the rights of the Ash , we might have stood for ages . ”" }, 
    "2681" : {"_type" : "PartsofCause",  "sofa" : 1,  "end" : 63,  "PartsofCause" : "Argument" }, 
    "2694" : {"_type" : "PartsofCause",  "sofa" : 1,  "begin" : 64,  "end" : 66,  "PartsofCause" : "Causing" }, 
    "2707" : {"_type" : "PartsofCause",  "sofa" : 1,  "begin" : 67,  "end" : 98,  "PartsofCause" : "Argument" }, 
    "2763" : {"_type" : "PartsofCause",  "sofa" : 1,  "begin" : 191,  "end" : 231,  "PartsofCause" : "Argument" }, 
    "2750" : {"_type" : "PartsofCause",  "sofa" : 1,  "begin" : 188,  "end" : 190,  "PartsofCause" : "Causing" }, 
    "2945" : {"_type" : "PartsofCause",  "sofa" : 1,  "begin" : 483,  "end" : 546,  "PartsofCause" : "Argument" }, 
    "2958" : {"_type" : "PartsofCause",  "sofa" : 1,  "begin" : 549,  "end" : 553,  "PartsofCause" : "Causing" }, 
    "2971" : {"_type" : "PartsofCause",  "sofa" : 1,  "begin" : 554,  "end" : 674,  "PartsofCause" : "Argument" }, 
    "2889" : {"_type" : "PartsofCause",  "sofa" : 1,  "begin" : 808,  "end" : 862,  "PartsofCause" : "Argument" }, 
    "2876" : {"_type" : "PartsofCause",  "sofa" : 1,  "begin" : 805,  "end" : 807,  "PartsofCause" : "Causing" }, 
    "2902" : {"_type" : "PartsofCause",  "sofa" : 1,  "begin" : 865,  "end" : 893,  "PartsofCause" : "Argument" }, 
    "2858" : {"_type" : "DisjointCausalSpansLink",  "sofa" : 1,  "begin" : 168,  "end" : 187 }, 
    "2844" : {"_type" : "DisjointCausalSpansLink",  "sofa" : 1,  "begin" : 101,  "end" : 110,  "next" : 2858 }, 
    "3028" : {"_type" : "LayerDefinition",  "name" : "webanno.custom.TypesofCause",  "uiName" : "Types of Cause" }, 
    "3010" : {"_type" : "LayerDefinition",  "name" : "webanno.custom.DisjointCausalSpans",  "uiName" : "Disjoint Causal Spans" }, 
    "3021" : {"_type" : "LayerDefinition",  "name" : "webanno.custom.PartsofCause",  "uiName" : "Parts of Cause" } } }