{"_context" : {
    "_types" : {
      "DocumentMetaData" : {
        "_feature_types" : {"sofa" : "_ref" } }, 
      "FeatureDefinition" : {
        "_feature_types" : {"layer" : "_ref" } }, 
      "LayerDefinition" : { }, 
      "PartsofCause" : {
        "_feature_types" : {"sofa" : "_ref" } }, 
      "Sentence" : {
        "_feature_types" : {"sofa" : "_ref" } }, 
      "Sofa" : {
        "_feature_types" : {"sofaArray" : "_ref" } }, 
      "TagsetDescription" : {
        "_feature_types" : {"sofa" : "_ref",  "tags" : "_ref" } }, 
      "Token" : {
        "_feature_types" : {"sofa" : "_ref",  "parent" : "_ref",  "lemma" : "_ref",  "stem" : "_ref",  "pos" : "_ref",  "morph" : "_ref",  "form" : "_ref" } }, 
      "TypesofCause" : {
        "_feature_types" : {"sofa" : "_ref",  "Dependent" : "_ref",  "Governor" : "_ref" } }, 
      "DocumentAnnotation" : {
        "_feature_types" : {"sofa" : "_ref" }, 
        "_subtypes" : ["DocumentMetaData" ] }, 
      "Annotation" : {
        "_feature_types" : {"sofa" : "_ref" }, 
        "_subtypes" : ["DocumentAnnotation",  "PartsofCause",  "Sentence",  "TagsetDescription",  "Token",  "TypesofCause" ] }, 
      "AnnotationBase" : {
        "_feature_types" : {"sofa" : "_ref" }, 
        "_subtypes" : ["Annotation" ] }, 
      "TOP" : {
        "_subtypes" : ["AnnotationBase",  "FeatureDefinition",  "LayerDefinition",  "Sofa" ] } } }, 
  "_views" : {
    "_InitialView" : {
      "FeatureDefinition" : [
        {"layer" : 1774,  "name" : "referenceRelation",  "uiName" : "Reference Relation" }, 
        {"layer" : 1774,  "name" : "referenceType",  "uiName" : "Reference Type" }, 
        {"layer" : 1785,  "name" : "PartsofCause",  "uiName" : "Parts of Cause" }, 
        {"layer" : 1792,  "name" : "TypesofCause",  "uiName" : "Types of Cause" } ], 
      "LayerDefinition" : [1774,  1785,  1792 ], 
      "DocumentMetaData" : [
        {"sofa" : 1,  "end" : 640,  "language" : "x-unspecified",  "documentTitle" : "cnn-10.txt",  "documentId" : "GJW",  "documentUri" : "file:/srv/inception/repository/project/2/document/2362/source/GJW",  "collectionId" : "file:/srv/inception/repository/project/2/document/2362/source/",  "documentBaseUri" : "file:/srv/inception/repository/project/2/document/2362/source/",  "isLastSegment" : false } ], 
      "TagsetDescription" : [
        {"sofa" : 1,  "layer" : "webanno.custom.PartsofCause",  "name" : "Parts of Cause",  "input" : false }, 
        {"sofa" : 1,  "layer" : "webanno.custom.TypesofCause",  "name" : "Causal Relations",  "input" : false } ], 
      "Sentence" : [
        {"sofa" : 1,  "end" : 194 }, 
        {"sofa" : 1,  "begin" : 195,  "end" : 386 }, 
        {"sofa" : 1,  "begin" : 387,  "end" : 480 }, 
        {"sofa" : 1,  "begin" : 481,  "end" : 566 }, 
        {"sofa" : 1,  "begin" : 567,  "end" : 638 }, 
        {"sofa" : 1,  "begin" : 639,  "end" : 640 } ], 
      "Token" : [
        {"sofa" : 1,  "end" : 7 }, 
        {"sofa" : 1,  "begin" : 8,  "end" : 11 }, 
        {"sofa" : 1,  "begin" : 12,  "end" : 14 }, 
        {"sofa" : 1,  "begin" : 15,  "end" : 21 }, 
        {"sofa" : 1,  "begin" : 22,  "end" : 26 }, 
        {"sofa" : 1,  "begin" : 27,  "end" : 35 }, 
        {"sofa" : 1,  "begin" : 36,  "end" : 43 }, 
        {"sofa" : 1,  "begin" : 44,  "end" : 48 }, 
        {"sofa" : 1,  "begin" : 49,  "end" : 57 }, 
        {"sofa" : 1,  "begin" : 58,  "end" : 61 }, 
        {"sofa" : 1,  "begin" : 62,  "end" : 71 }, 
        {"sofa" : 1,  "begin" : 72,  "end" : 81 }, 
        {"sofa" : 1,  "begin" : 82,  "end" : 84 }, 
        {"sofa" : 1,  "begin" : 85,  "end" : 93 }, 
        {"sofa" : 1,  "begin" : 94,  "end" : 100 }, 
        {"sofa" : 1,  "begin" : 101,  "end" : 102 }, 
        {"sofa" : 1,  "begin" : 103,  "end" : 108 }, 
        {"sofa" : 1,  "begin" : 109,  "end" : 110 }, 
        {"sofa" : 1,  "begin" : 111,  "end" : 118 }, 
        {"sofa" : 1,  "begin" : 119,  "end" : 126 }, 
        {"sofa" : 1,  "begin" : 127,  "end" : 130 }, 
        {"sofa" : 1,  "begin" : 131,  "end" : 136 }, 
        {"sofa" : 1,  "begin" : 137,  "end" : 140 }, 
        {"sofa" : 1,  "begin" : 141,  "end" : 144 }, 
        {"sofa" : 1,  "begin" : 145,  "end" : 146 }, 
        {"sofa" : 1,  "begin" : 147,  "end" : 154 }, 
        {"sofa" : 1,  "begin" : 155,  "end" : 157 }, 
        {"sofa" : 1,  "begin" : 158,  "end" : 164 }, 
        {"sofa" : 1,  "begin" : 165,  "end" : 167 }, 
        {"sofa" : 1,  "begin" : 168,  "end" : 174 }, 
        {"sofa" : 1,  "begin" : 175,  "end" : 183 }, 
        {"sofa" : 1,  "begin" : 184,  "end" : 192 }, 
        {"sofa" : 1,  "begin" : 193,  "end" : 194 }, 
        {"sofa" : 1,  "begin" : 195,  "end" : 204 }, 
        {"sofa" : 1,  "begin" : 205,  "end" : 207 }, 
        {"sofa" : 1,  "begin" : 208,  "end" : 217 }, 
        {"sofa" : 1,  "begin" : 218,  "end" : 219 }, 
        {"sofa" : 1,  "begin" : 220,  "end" : 224 }, 
        {"sofa" : 1,  "begin" : 225,  "end" : 229 }, 
        {"sofa" : 1,  "begin" : 230,  "end" : 232 }, 
        {"sofa" : 1,  "begin" : 233,  "end" : 239 }, 
        {"sofa" : 1,  "begin" : 240,  "end" : 241 }, 
        {"sofa" : 1,  "begin" : 242,  "end" : 250 }, 
        {"sofa" : 1,  "begin" : 251,  "end" : 257 }, 
        {"sofa" : 1,  "begin" : 258,  "end" : 264 }, 
        {"sofa" : 1,  "begin" : 265,  "end" : 267 }, 
        {"sofa" : 1,  "begin" : 268,  "end" : 274 }, 
        {"sofa" : 1,  "begin" : 275,  "end" : 283 }, 
        {"sofa" : 1,  "begin" : 284,  "end" : 285 }, 
        {"sofa" : 1,  "begin" : 286,  "end" : 290 }, 
        {"sofa" : 1,  "begin" : 291,  "end" : 295 }, 
        {"sofa" : 1,  "begin" : 296,  "end" : 305 }, 
        {"sofa" : 1,  "begin" : 306,  "end" : 313 }, 
        {"sofa" : 1,  "begin" : 314,  "end" : 315 }, 
        {"sofa" : 1,  "begin" : 316,  "end" : 323 }, 
        {"sofa" : 1,  "begin" : 324,  "end" : 331 }, 
        {"sofa" : 1,  "begin" : 332,  "end" : 333 }, 
        {"sofa" : 1,  "begin" : 334,  "end" : 339 }, 
        {"sofa" : 1,  "begin" : 340,  "end" : 343 }, 
        {"sofa" : 1,  "begin" : 344,  "end" : 350 }, 
        {"sofa" : 1,  "begin" : 351,  "end" : 356 }, 
        {"sofa" : 1,  "begin" : 357,  "end" : 368 }, 
        {"sofa" : 1,  "begin" : 369,  "end" : 375 }, 
        {"sofa" : 1,  "begin" : 376,  "end" : 384 }, 
        {"sofa" : 1,  "begin" : 385,  "end" : 386 }, 
        {"sofa" : 1,  "begin" : 387,  "end" : 391 }, 
        {"sofa" : 1,  "begin" : 392,  "end" : 395 }, 
        {"sofa" : 1,  "begin" : 396,  "end" : 400 }, 
        {"sofa" : 1,  "begin" : 401,  "end" : 412 }, 
        {"sofa" : 1,  "begin" : 413,  "end" : 420 }, 
        {"sofa" : 1,  "begin" : 421,  "end" : 425 }, 
        {"sofa" : 1,  "begin" : 426,  "end" : 427 }, 
        {"sofa" : 1,  "begin" : 428,  "end" : 432 }, 
        {"sofa" : 1,  "begin" : 433,  "end" : 438 }, 
        {"sofa" : 1,  "begin" : 439,  "end" : 447 }, 
        {"sofa" : 1,  "begin" : 448,  "end" : 449 }, 
        {"sofa" : 1,  "begin" : 450,  "end" : 456 }, 
        {"sofa" : 1,  "begin" : 457,  "end" : 461 }, 
        {"sofa" : 1,  "begin" : 462,  "end" : 468 }, 
        {"sofa" : 1,  "begin" : 469,  "end" : 471 }, 
        {"sofa" : 1,  "begin" : 472,  "end" : 478 }, 
        {"sofa" : 1,  "begin" : 479,  "end" : 480 }, 
        {"sofa" : 1,  "begin" : 481,  "end" : 482 }, 
        {"sofa" : 1,  "begin" : 483,  "end" : 486 }, 
        {"sofa" : 1,  "begin" : 487,  "end" : 498 }, 
        {"sofa" : 1,  "begin" : 499,  "end" : 505 }, 
        {"sofa" : 1,  "begin" : 506,  "end" : 508 }, 
        {"sofa" : 1,  "begin" : 509,  "end" : 514 }, 
        {"sofa" : 1,  "begin" : 515,  "end" : 521 }, 
        {"sofa" : 1,  "begin" : 522,  "end" : 527 }, 
        {"sofa" : 1,  "begin" : 528,  "end" : 531 }, 
        {"sofa" : 1,  "begin" : 532,  "end" : 534 }, 
        {"sofa" : 1,  "begin" : 535,  "end" : 546 }, 
        {"sofa" : 1,  "begin" : 547,  "end" : 555 }, 
        {"sofa" : 1,  "begin" : 556,  "end" : 558 }, 
        {"sofa" : 1,  "begin" : 559,  "end" : 562 }, 
        {"sofa" : 1,  "begin" : 563,  "end" : 564 }, 
        {"sofa" : 1,  "begin" : 565,  "end" : 566 }, 
        {"sofa" : 1,  "begin" : 567,  "end" : 569 }, 
        {"sofa" : 1,  "begin" : 570,  "end" : 573 }, 
        {"sofa" : 1,  "begin" : 574,  "end" : 576 }, 
        {"sofa" : 1,  "begin" : 577,  "end" : 580 }, 
        {"sofa" : 1,  "begin" : 581,  "end" : 584 }, 
        {"sofa" : 1,  "begin" : 585,  "end" : 590 }, 
        {"sofa" : 1,  "begin" : 591,  "end" : 599 }, 
        {"sofa" : 1,  "begin" : 600,  "end" : 606 }, 
        {"sofa" : 1,  "begin" : 607,  "end" : 610 }, 
        {"sofa" : 1,  "begin" : 611,  "end" : 617 }, 
        {"sofa" : 1,  "begin" : 618,  "end" : 623 }, 
        {"sofa" : 1,  "begin" : 624,  "end" : 625 }, 
        {"sofa" : 1,  "begin" : 626,  "end" : 631 }, 
        {"sofa" : 1,  "begin" : 632,  "end" : 636 }, 
        {"sofa" : 1,  "begin" : 637,  "end" : 638 }, 
        {"sofa" : 1,  "begin" : 639,  "end" : 640 } ], 
      "PartsofCause" : [1539,  1548,  1557,  1616,  1625,  1634,  1693,  1711,  1702 ], 
      "TypesofCause" : [
        {"sofa" : 1,  "end" : 21,  "Dependent" : 1539,  "Governor" : 1548,  "TypesofCause" : "Effect" }, 
        {"sofa" : 1,  "begin" : 27,  "end" : 100,  "Dependent" : 1557,  "Governor" : 1548,  "TypesofCause" : "Cause" }, 
        {"sofa" : 1,  "begin" : 109,  "end" : 140,  "Dependent" : 1616,  "Governor" : 1625,  "TypesofCause" : "Effect" }, 
        {"sofa" : 1,  "begin" : 145,  "end" : 192,  "Dependent" : 1634,  "Governor" : 1625,  "TypesofCause" : "Cause" }, 
        {"sofa" : 1,  "begin" : 570,  "end" : 623,  "Dependent" : 1711,  "Governor" : 1693,  "TypesofCause" : "Cause" }, 
        {"sofa" : 1,  "begin" : 626,  "end" : 636,  "Dependent" : 1702,  "Governor" : 1693,  "TypesofCause" : "Effect" } ] } }, 
  "_referenced_fss" : {
    "1" : {"_type" : "Sofa",  "sofaNum" : 1,  "sofaID" : "_InitialView",  "mimeType" : "text",  "sofaString" : "Twitter lit up Friday with dramatic reports from confused and terrified residents of suburban Boston , where a massive manhunt was under way for a suspect in Monday 's Boston Marathon bombings .\nResidents of Watertown , just west of Boston , reported seeing hordes of police officers , many with automatic weapons , combing streets , yards and alleys while helicopters buzzed overhead .\nHere are some highlighted reports from a city under lockdown , listed from newest to oldest .\n( All information shared in these tweets could not be immediately verified by CNN . )\nIf you ca n't see these embedded tweets and photos below , click here .\n." }, 
    "1539" : {"_type" : "PartsofCause",  "sofa" : 1,  "end" : 21,  "PartsofCause" : "Argument" }, 
    "1548" : {"_type" : "PartsofCause",  "sofa" : 1,  "begin" : 22,  "end" : 26,  "PartsofCause" : "Causing" }, 
    "1557" : {"_type" : "PartsofCause",  "sofa" : 1,  "begin" : 27,  "end" : 100,  "PartsofCause" : "Argument" }, 
    "1616" : {"_type" : "PartsofCause",  "sofa" : 1,  "begin" : 109,  "end" : 140,  "PartsofCause" : "Argument" }, 
    "1625" : {"_type" : "PartsofCause",  "sofa" : 1,  "begin" : 141,  "end" : 144,  "PartsofCause" : "Causing" }, 
    "1634" : {"_type" : "PartsofCause",  "sofa" : 1,  "begin" : 145,  "end" : 192,  "PartsofCause" : "Argument" }, 
    "1711" : {"_type" : "PartsofCause",  "sofa" : 1,  "begin" : 570,  "end" : 623,  "PartsofCause" : "Argument" }, 
    "1693" : {"_type" : "PartsofCause",  "sofa" : 1,  "begin" : 567,  "end" : 569,  "PartsofCause" : "Enabling" }, 
    "1702" : {"_type" : "PartsofCause",  "sofa" : 1,  "begin" : 626,  "end" : 636,  "PartsofCause" : "Argument" }, 
    "1785" : {"_type" : "LayerDefinition",  "name" : "webanno.custom.PartsofCause",  "uiName" : "Parts of Cause" }, 
    "1792" : {"_type" : "LayerDefinition",  "name" : "webanno.custom.TypesofCause",  "uiName" : "Types of Cause" }, 
    "1774" : {"_type" : "LayerDefinition",  "name" : "webanno.custom.DisjointCausalSpans",  "uiName" : "Disjoint Causal Spans" } } }