{"_context" : {
    "_types" : {
      "DocumentMetaData" : {
        "_feature_types" : {"sofa" : "_ref" } }, 
      "FeatureDefinition" : {
        "_feature_types" : {"layer" : "_ref" } }, 
      "LayerDefinition" : { }, 
      "Sentence" : {
        "_feature_types" : {"sofa" : "_ref" } }, 
      "Sofa" : {
        "_feature_types" : {"sofaArray" : "_ref" } }, 
      "TagsetDescription" : {
        "_feature_types" : {"sofa" : "_ref",  "tags" : "_ref" } }, 
      "Token" : {
        "_feature_types" : {"sofa" : "_ref",  "parent" : "_ref",  "lemma" : "_ref",  "stem" : "_ref",  "pos" : "_ref",  "morph" : "_ref",  "form" : "_ref" } }, 
      "DocumentAnnotation" : {
        "_feature_types" : {"sofa" : "_ref" }, 
        "_subtypes" : ["DocumentMetaData" ] }, 
      "Annotation" : {
        "_feature_types" : {"sofa" : "_ref" }, 
        "_subtypes" : ["DocumentAnnotation",  "Sentence",  "TagsetDescription",  "Token" ] }, 
      "AnnotationBase" : {
        "_feature_types" : {"sofa" : "_ref" }, 
        "_subtypes" : ["Annotation" ] }, 
      "TOP" : {
        "_subtypes" : ["AnnotationBase",  "FeatureDefinition",  "LayerDefinition",  "Sofa" ] } } }, 
  "_views" : {
    "_InitialView" : {
      "FeatureDefinition" : [
        {"layer" : 2134,  "name" : "referenceRelation",  "uiName" : "Reference Relation" }, 
        {"layer" : 2134,  "name" : "referenceType",  "uiName" : "Reference Type" }, 
        {"layer" : 2145,  "name" : "PartsofCause",  "uiName" : "Parts of Cause" }, 
        {"layer" : 2152,  "name" : "TypesofCause",  "uiName" : "Types of Cause" } ], 
      "LayerDefinition" : [2134,  2145,  2152 ], 
      "DocumentMetaData" : [
        {"sofa" : 1,  "end" : 791,  "language" : "x-unspecified",  "documentTitle" : "reddit-033.txt",  "documentId" : "AYC",  "documentUri" : "file:/srv/inception/repository/project/2/document/2435/source/AYC",  "collectionId" : "file:/srv/inception/repository/project/2/document/2435/source/",  "documentBaseUri" : "file:/srv/inception/repository/project/2/document/2435/source/",  "isLastSegment" : false } ], 
      "TagsetDescription" : [
        {"sofa" : 1,  "layer" : "webanno.custom.PartsofCause",  "name" : "Parts of Cause",  "input" : false }, 
        {"sofa" : 1,  "layer" : "webanno.custom.TypesofCause",  "name" : "Causal Relations",  "input" : false } ], 
      "Sentence" : [
        {"sofa" : 1,  "end" : 13 }, 
        {"sofa" : 1,  "begin" : 14,  "end" : 212 }, 
        {"sofa" : 1,  "begin" : 213,  "end" : 283 }, 
        {"sofa" : 1,  "begin" : 284,  "end" : 521 }, 
        {"sofa" : 1,  "begin" : 522,  "end" : 616 }, 
        {"sofa" : 1,  "begin" : 617,  "end" : 693 }, 
        {"sofa" : 1,  "begin" : 694,  "end" : 791 } ], 
      "Token" : [
        {"sofa" : 1,  "end" : 2 }, 
        {"sofa" : 1,  "begin" : 3,  "end" : 11 }, 
        {"sofa" : 1,  "begin" : 12,  "end" : 13 }, 
        {"sofa" : 1,  "begin" : 14,  "end" : 15 }, 
        {"sofa" : 1,  "begin" : 16,  "end" : 19 }, 
        {"sofa" : 1,  "begin" : 20,  "end" : 24 }, 
        {"sofa" : 1,  "begin" : 25,  "end" : 32 }, 
        {"sofa" : 1,  "begin" : 33,  "end" : 35 }, 
        {"sofa" : 1,  "begin" : 36,  "end" : 39 }, 
        {"sofa" : 1,  "begin" : 40,  "end" : 41 }, 
        {"sofa" : 1,  "begin" : 42,  "end" : 45 }, 
        {"sofa" : 1,  "begin" : 46,  "end" : 49 }, 
        {"sofa" : 1,  "begin" : 50,  "end" : 51 }, 
        {"sofa" : 1,  "begin" : 52,  "end" : 54 }, 
        {"sofa" : 1,  "begin" : 55,  "end" : 58 }, 
        {"sofa" : 1,  "begin" : 59,  "end" : 66 }, 
        {"sofa" : 1,  "begin" : 67,  "end" : 71 }, 
        {"sofa" : 1,  "begin" : 72,  "end" : 76 }, 
        {"sofa" : 1,  "begin" : 77,  "end" : 83 }, 
        {"sofa" : 1,  "begin" : 84,  "end" : 85 }, 
        {"sofa" : 1,  "begin" : 86,  "end" : 92 }, 
        {"sofa" : 1,  "begin" : 93,  "end" : 95 }, 
        {"sofa" : 1,  "begin" : 96,  "end" : 100 }, 
        {"sofa" : 1,  "begin" : 101,  "end" : 104 }, 
        {"sofa" : 1,  "begin" : 105,  "end" : 109 }, 
        {"sofa" : 1,  "begin" : 110,  "end" : 120 }, 
        {"sofa" : 1,  "begin" : 121,  "end" : 122 }, 
        {"sofa" : 1,  "begin" : 123,  "end" : 127 }, 
        {"sofa" : 1,  "begin" : 128,  "end" : 135 }, 
        {"sofa" : 1,  "begin" : 136,  "end" : 141 }, 
        {"sofa" : 1,  "begin" : 142,  "end" : 149 }, 
        {"sofa" : 1,  "begin" : 150,  "end" : 152 }, 
        {"sofa" : 1,  "begin" : 153,  "end" : 155 }, 
        {"sofa" : 1,  "begin" : 156,  "end" : 165 }, 
        {"sofa" : 1,  "begin" : 166,  "end" : 168 }, 
        {"sofa" : 1,  "begin" : 169,  "end" : 172 }, 
        {"sofa" : 1,  "begin" : 173,  "end" : 182 }, 
        {"sofa" : 1,  "begin" : 183,  "end" : 195 }, 
        {"sofa" : 1,  "begin" : 196,  "end" : 205 }, 
        {"sofa" : 1,  "begin" : 206,  "end" : 210 }, 
        {"sofa" : 1,  "begin" : 211,  "end" : 212 }, 
        {"sofa" : 1,  "begin" : 213,  "end" : 214 }, 
        {"sofa" : 1,  "begin" : 215,  "end" : 219 }, 
        {"sofa" : 1,  "begin" : 220,  "end" : 222 }, 
        {"sofa" : 1,  "begin" : 223,  "end" : 227 }, 
        {"sofa" : 1,  "begin" : 228,  "end" : 229 }, 
        {"sofa" : 1,  "begin" : 230,  "end" : 238 }, 
        {"sofa" : 1,  "begin" : 239,  "end" : 251 }, 
        {"sofa" : 1,  "begin" : 252,  "end" : 254 }, 
        {"sofa" : 1,  "begin" : 255,  "end" : 261 }, 
        {"sofa" : 1,  "begin" : 262,  "end" : 268 }, 
        {"sofa" : 1,  "begin" : 269,  "end" : 270 }, 
        {"sofa" : 1,  "begin" : 271,  "end" : 281 }, 
        {"sofa" : 1,  "begin" : 282,  "end" : 283 }, 
        {"sofa" : 1,  "begin" : 284,  "end" : 286 }, 
        {"sofa" : 1,  "begin" : 287,  "end" : 297 }, 
        {"sofa" : 1,  "begin" : 298,  "end" : 300 }, 
        {"sofa" : 1,  "begin" : 301,  "end" : 303 }, 
        {"sofa" : 1,  "begin" : 304,  "end" : 308 }, 
        {"sofa" : 1,  "begin" : 309,  "end" : 310 }, 
        {"sofa" : 1,  "begin" : 311,  "end" : 317 }, 
        {"sofa" : 1,  "begin" : 318,  "end" : 319 }, 
        {"sofa" : 1,  "begin" : 320,  "end" : 325 }, 
        {"sofa" : 1,  "begin" : 326,  "end" : 330 }, 
        {"sofa" : 1,  "begin" : 331,  "end" : 332 }, 
        {"sofa" : 1,  "begin" : 333,  "end" : 340 }, 
        {"sofa" : 1,  "begin" : 341,  "end" : 343 }, 
        {"sofa" : 1,  "begin" : 344,  "end" : 352 }, 
        {"sofa" : 1,  "begin" : 353,  "end" : 362 }, 
        {"sofa" : 1,  "begin" : 363,  "end" : 364 }, 
        {"sofa" : 1,  "begin" : 365,  "end" : 366 }, 
        {"sofa" : 1,  "begin" : 367,  "end" : 368 }, 
        {"sofa" : 1,  "begin" : 369,  "end" : 373 }, 
        {"sofa" : 1,  "begin" : 374,  "end" : 376 }, 
        {"sofa" : 1,  "begin" : 377,  "end" : 378 }, 
        {"sofa" : 1,  "begin" : 379,  "end" : 383 }, 
        {"sofa" : 1,  "begin" : 384,  "end" : 392 }, 
        {"sofa" : 1,  "begin" : 393,  "end" : 394 }, 
        {"sofa" : 1,  "begin" : 395,  "end" : 399 }, 
        {"sofa" : 1,  "begin" : 400,  "end" : 409 }, 
        {"sofa" : 1,  "begin" : 410,  "end" : 413 }, 
        {"sofa" : 1,  "begin" : 414,  "end" : 415 }, 
        {"sofa" : 1,  "begin" : 416,  "end" : 426 }, 
        {"sofa" : 1,  "begin" : 427,  "end" : 434 }, 
        {"sofa" : 1,  "begin" : 435,  "end" : 437 }, 
        {"sofa" : 1,  "begin" : 438,  "end" : 444 }, 
        {"sofa" : 1,  "begin" : 445,  "end" : 446 }, 
        {"sofa" : 1,  "begin" : 447,  "end" : 448 }, 
        {"sofa" : 1,  "begin" : 449,  "end" : 455 }, 
        {"sofa" : 1,  "begin" : 456,  "end" : 461 }, 
        {"sofa" : 1,  "begin" : 462,  "end" : 464 }, 
        {"sofa" : 1,  "begin" : 465,  "end" : 476 }, 
        {"sofa" : 1,  "begin" : 477,  "end" : 482 }, 
        {"sofa" : 1,  "begin" : 483,  "end" : 489 }, 
        {"sofa" : 1,  "begin" : 490,  "end" : 491 }, 
        {"sofa" : 1,  "begin" : 492,  "end" : 493 }, 
        {"sofa" : 1,  "begin" : 494,  "end" : 496 }, 
        {"sofa" : 1,  "begin" : 497,  "end" : 500 }, 
        {"sofa" : 1,  "begin" : 501,  "end" : 504 }, 
        {"sofa" : 1,  "begin" : 505,  "end" : 511 }, 
        {"sofa" : 1,  "begin" : 512,  "end" : 517 }, 
        {"sofa" : 1,  "begin" : 518,  "end" : 519 }, 
        {"sofa" : 1,  "begin" : 520,  "end" : 521 }, 
        {"sofa" : 1,  "begin" : 522,  "end" : 523 }, 
        {"sofa" : 1,  "begin" : 524,  "end" : 526 }, 
        {"sofa" : 1,  "begin" : 527,  "end" : 531 }, 
        {"sofa" : 1,  "begin" : 532,  "end" : 534 }, 
        {"sofa" : 1,  "begin" : 535,  "end" : 536 }, 
        {"sofa" : 1,  "begin" : 537,  "end" : 542 }, 
        {"sofa" : 1,  "begin" : 543,  "end" : 545 }, 
        {"sofa" : 1,  "begin" : 546,  "end" : 553 }, 
        {"sofa" : 1,  "begin" : 554,  "end" : 561 }, 
        {"sofa" : 1,  "begin" : 562,  "end" : 566 }, 
        {"sofa" : 1,  "begin" : 567,  "end" : 570 }, 
        {"sofa" : 1,  "begin" : 571,  "end" : 575 }, 
        {"sofa" : 1,  "begin" : 576,  "end" : 587 }, 
        {"sofa" : 1,  "begin" : 588,  "end" : 589 }, 
        {"sofa" : 1,  "begin" : 590,  "end" : 593 }, 
        {"sofa" : 1,  "begin" : 594,  "end" : 595 }, 
        {"sofa" : 1,  "begin" : 596,  "end" : 598 }, 
        {"sofa" : 1,  "begin" : 599,  "end" : 606 }, 
        {"sofa" : 1,  "begin" : 607,  "end" : 609 }, 
        {"sofa" : 1,  "begin" : 610,  "end" : 612 }, 
        {"sofa" : 1,  "begin" : 613,  "end" : 614 }, 
        {"sofa" : 1,  "begin" : 615,  "end" : 616 }, 
        {"sofa" : 1,  "begin" : 617,  "end" : 620 }, 
        {"sofa" : 1,  "begin" : 621,  "end" : 631 }, 
        {"sofa" : 1,  "begin" : 632,  "end" : 634 }, 
        {"sofa" : 1,  "begin" : 635,  "end" : 636 }, 
        {"sofa" : 1,  "begin" : 637,  "end" : 641 }, 
        {"sofa" : 1,  "begin" : 642,  "end" : 649 }, 
        {"sofa" : 1,  "begin" : 650,  "end" : 653 }, 
        {"sofa" : 1,  "begin" : 654,  "end" : 660 }, 
        {"sofa" : 1,  "begin" : 661,  "end" : 665 }, 
        {"sofa" : 1,  "begin" : 666,  "end" : 667 }, 
        {"sofa" : 1,  "begin" : 668,  "end" : 671 }, 
        {"sofa" : 1,  "begin" : 672,  "end" : 674 }, 
        {"sofa" : 1,  "begin" : 675,  "end" : 679 }, 
        {"sofa" : 1,  "begin" : 680,  "end" : 688 }, 
        {"sofa" : 1,  "begin" : 689,  "end" : 691 }, 
        {"sofa" : 1,  "begin" : 692,  "end" : 693 }, 
        {"sofa" : 1,  "begin" : 694,  "end" : 695 }, 
        {"sofa" : 1,  "begin" : 696,  "end" : 699 }, 
        {"sofa" : 1,  "begin" : 700,  "end" : 706 }, 
        {"sofa" : 1,  "begin" : 707,  "end" : 709 }, 
        {"sofa" : 1,  "begin" : 710,  "end" : 711 }, 
        {"sofa" : 1,  "begin" : 712,  "end" : 715 }, 
        {"sofa" : 1,  "begin" : 716,  "end" : 720 }, 
        {"sofa" : 1,  "begin" : 721,  "end" : 731 }, 
        {"sofa" : 1,  "begin" : 732,  "end" : 740 }, 
        {"sofa" : 1,  "begin" : 741,  "end" : 743 }, 
        {"sofa" : 1,  "begin" : 744,  "end" : 752 }, 
        {"sofa" : 1,  "begin" : 753,  "end" : 764 }, 
        {"sofa" : 1,  "begin" : 765,  "end" : 768 }, 
        {"sofa" : 1,  "begin" : 769,  "end" : 770 }, 
        {"sofa" : 1,  "begin" : 771,  "end" : 773 }, 
        {"sofa" : 1,  "begin" : 774,  "end" : 777 }, 
        {"sofa" : 1,  "begin" : 778,  "end" : 784 }, 
        {"sofa" : 1,  "begin" : 785,  "end" : 789 }, 
        {"sofa" : 1,  "begin" : 790,  "end" : 791 } ] } }, 
  "_referenced_fss" : {
    "1" : {"_type" : "Sofa",  "sofaNum" : 1,  "sofaID" : "_InitialView",  "mimeType" : "text",  "sofaString" : "Hi everyone !\nI 've been wanting to get a PhD but I 'm not exactly sure what degree I should go into and what University , some degrees sound similar to me depending on how different universities advertise them .\nI want to make a research contribution on Mental health / Psychology .\nMy background is in tech ( worked 4 years with a Masters in Business Analytics ) , I work as a Data Engineer / Data Scientist for a healthcare company in retail ( a little heavy on programming using python , R or SQL for Supply Chain ) .\nI 'm more on a hands on problem solving type and less theoretical ( but I 'm working on it ) .\nAny suggestion on a tech related PhD degree that I can do this research on ?\nI 've looked at a few like Operations Research or Computer Engineering but I 'm not really sure ." }, 
    "2134" : {"_type" : "LayerDefinition",  "name" : "webanno.custom.DisjointCausalSpans",  "uiName" : "Disjoint Causal Spans" }, 
    "2145" : {"_type" : "LayerDefinition",  "name" : "webanno.custom.PartsofCause",  "uiName" : "Parts of Cause" }, 
    "2152" : {"_type" : "LayerDefinition",  "name" : "webanno.custom.TypesofCause",  "uiName" : "Types of Cause" } } }