{"_context" : {
    "_types" : {
      "DocumentMetaData" : {
        "_feature_types" : {"sofa" : "_ref" } }, 
      "FeatureDefinition" : {
        "_feature_types" : {"layer" : "_ref" } }, 
      "LayerDefinition" : { }, 
      "PartsofCause" : {
        "_feature_types" : {"sofa" : "_ref" } }, 
      "Sentence" : {
        "_feature_types" : {"sofa" : "_ref" } }, 
      "Sofa" : {
        "_feature_types" : {"sofaArray" : "_ref" } }, 
      "TagsetDescription" : {
        "_feature_types" : {"sofa" : "_ref",  "tags" : "_ref" } }, 
      "Token" : {
        "_feature_types" : {"sofa" : "_ref",  "parent" : "_ref",  "lemma" : "_ref",  "stem" : "_ref",  "pos" : "_ref",  "morph" : "_ref",  "form" : "_ref" } }, 
      "TypesofCause" : {
        "_feature_types" : {"sofa" : "_ref",  "Dependent" : "_ref",  "Governor" : "_ref" } }, 
      "DocumentAnnotation" : {
        "_feature_types" : {"sofa" : "_ref" }, 
        "_subtypes" : ["DocumentMetaData" ] }, 
      "Annotation" : {
        "_feature_types" : {"sofa" : "_ref" }, 
        "_subtypes" : ["DocumentAnnotation",  "PartsofCause",  "Sentence",  "TagsetDescription",  "Token",  "TypesofCause" ] }, 
      "AnnotationBase" : {
        "_feature_types" : {"sofa" : "_ref" }, 
        "_subtypes" : ["Annotation" ] }, 
      "TOP" : {
        "_subtypes" : ["AnnotationBase",  "FeatureDefinition",  "LayerDefinition",  "Sofa" ] } } }, 
  "_views" : {
    "_InitialView" : {
      "FeatureDefinition" : [
        {"layer" : 1899,  "name" : "referenceRelation",  "uiName" : "Reference Relation" }, 
        {"layer" : 1899,  "name" : "referenceType",  "uiName" : "Reference Type" }, 
        {"layer" : 1910,  "name" : "PartsofCause",  "uiName" : "Parts of Cause" }, 
        {"layer" : 1917,  "name" : "TypesofCause",  "uiName" : "Types of Cause" } ], 
      "LayerDefinition" : [1899,  1910,  1917 ], 
      "DocumentMetaData" : [
        {"sofa" : 1,  "end" : 491,  "language" : "x-unspecified",  "documentTitle" : "fable-20.txt",  "documentId" : "AYC",  "documentUri" : "file:/srv/inception/repository/project/2/document/2322/source/AYC",  "collectionId" : "file:/srv/inception/repository/project/2/document/2322/source/",  "documentBaseUri" : "file:/srv/inception/repository/project/2/document/2322/source/",  "isLastSegment" : false } ], 
      "TagsetDescription" : [
        {"sofa" : 1,  "layer" : "webanno.custom.PartsofCause",  "name" : "Parts of Cause",  "input" : false }, 
        {"sofa" : 1,  "layer" : "webanno.custom.TypesofCause",  "name" : "Causal Relations",  "input" : false } ], 
      "Sentence" : [
        {"sofa" : 1,  "end" : 72 }, 
        {"sofa" : 1,  "begin" : 73,  "end" : 170 }, 
        {"sofa" : 1,  "begin" : 171,  "end" : 192 }, 
        {"sofa" : 1,  "begin" : 193,  "end" : 208 }, 
        {"sofa" : 1,  "begin" : 209,  "end" : 259 }, 
        {"sofa" : 1,  "begin" : 260,  "end" : 334 }, 
        {"sofa" : 1,  "begin" : 335,  "end" : 362 }, 
        {"sofa" : 1,  "begin" : 363,  "end" : 422 }, 
        {"sofa" : 1,  "begin" : 423,  "end" : 438 }, 
        {"sofa" : 1,  "begin" : 439,  "end" : 491 } ], 
      "Token" : [
        {"sofa" : 1,  "end" : 1 }, 
        {"sofa" : 1,  "begin" : 2,  "end" : 8 }, 
        {"sofa" : 1,  "begin" : 9,  "end" : 12 }, 
        {"sofa" : 1,  "begin" : 13,  "end" : 17 }, 
        {"sofa" : 1,  "begin" : 18,  "end" : 22 }, 
        {"sofa" : 1,  "begin" : 23,  "end" : 25 }, 
        {"sofa" : 1,  "begin" : 26,  "end" : 33 }, 
        {"sofa" : 1,  "begin" : 34,  "end" : 39 }, 
        {"sofa" : 1,  "begin" : 40,  "end" : 43 }, 
        {"sofa" : 1,  "begin" : 44,  "end" : 49 }, 
        {"sofa" : 1,  "begin" : 50,  "end" : 53 }, 
        {"sofa" : 1,  "begin" : 54,  "end" : 57 }, 
        {"sofa" : 1,  "begin" : 58,  "end" : 62 }, 
        {"sofa" : 1,  "begin" : 63,  "end" : 66 }, 
        {"sofa" : 1,  "begin" : 67,  "end" : 70 }, 
        {"sofa" : 1,  "begin" : 71,  "end" : 72 }, 
        {"sofa" : 1,  "begin" : 73,  "end" : 77 }, 
        {"sofa" : 1,  "begin" : 78,  "end" : 80 }, 
        {"sofa" : 1,  "begin" : 81,  "end" : 86 }, 
        {"sofa" : 1,  "begin" : 87,  "end" : 94 }, 
        {"sofa" : 1,  "begin" : 95,  "end" : 102 }, 
        {"sofa" : 1,  "begin" : 103,  "end" : 104 }, 
        {"sofa" : 1,  "begin" : 105,  "end" : 107 }, 
        {"sofa" : 1,  "begin" : 108,  "end" : 113 }, 
        {"sofa" : 1,  "begin" : 114,  "end" : 117 }, 
        {"sofa" : 1,  "begin" : 118,  "end" : 120 }, 
        {"sofa" : 1,  "begin" : 121,  "end" : 122 }, 
        {"sofa" : 1,  "begin" : 123,  "end" : 126 }, 
        {"sofa" : 1,  "begin" : 127,  "end" : 130 }, 
        {"sofa" : 1,  "begin" : 131,  "end" : 134 }, 
        {"sofa" : 1,  "begin" : 135,  "end" : 142 }, 
        {"sofa" : 1,  "begin" : 143,  "end" : 145 }, 
        {"sofa" : 1,  "begin" : 146,  "end" : 147 }, 
        {"sofa" : 1,  "begin" : 148,  "end" : 150 }, 
        {"sofa" : 1,  "begin" : 151,  "end" : 155 }, 
        {"sofa" : 1,  "begin" : 156,  "end" : 159 }, 
        {"sofa" : 1,  "begin" : 160,  "end" : 164 }, 
        {"sofa" : 1,  "begin" : 165,  "end" : 168 }, 
        {"sofa" : 1,  "begin" : 169,  "end" : 170 }, 
        {"sofa" : 1,  "begin" : 171,  "end" : 172 }, 
        {"sofa" : 1,  "begin" : 173,  "end" : 175 }, 
        {"sofa" : 1,  "begin" : 176,  "end" : 179 }, 
        {"sofa" : 1,  "begin" : 180,  "end" : 183 }, 
        {"sofa" : 1,  "begin" : 184,  "end" : 188 }, 
        {"sofa" : 1,  "begin" : 189,  "end" : 190 }, 
        {"sofa" : 1,  "begin" : 191,  "end" : 192 }, 
        {"sofa" : 1,  "begin" : 193,  "end" : 198 }, 
        {"sofa" : 1,  "begin" : 199,  "end" : 202 }, 
        {"sofa" : 1,  "begin" : 203,  "end" : 206 }, 
        {"sofa" : 1,  "begin" : 207,  "end" : 208 }, 
        {"sofa" : 1,  "begin" : 209,  "end" : 210 }, 
        {"sofa" : 1,  "begin" : 211,  "end" : 213 }, 
        {"sofa" : 1,  "begin" : 214,  "end" : 215 }, 
        {"sofa" : 1,  "begin" : 216,  "end" : 217 }, 
        {"sofa" : 1,  "begin" : 218,  "end" : 225 }, 
        {"sofa" : 1,  "begin" : 226,  "end" : 229 }, 
        {"sofa" : 1,  "begin" : 230,  "end" : 233 }, 
        {"sofa" : 1,  "begin" : 234,  "end" : 235 }, 
        {"sofa" : 1,  "begin" : 236,  "end" : 237 }, 
        {"sofa" : 1,  "begin" : 238,  "end" : 239 }, 
        {"sofa" : 1,  "begin" : 240,  "end" : 242 }, 
        {"sofa" : 1,  "begin" : 243,  "end" : 246 }, 
        {"sofa" : 1,  "begin" : 247,  "end" : 251 }, 
        {"sofa" : 1,  "begin" : 252,  "end" : 255 }, 
        {"sofa" : 1,  "begin" : 256,  "end" : 257 }, 
        {"sofa" : 1,  "begin" : 258,  "end" : 259 }, 
        {"sofa" : 1,  "begin" : 260,  "end" : 261 }, 
        {"sofa" : 1,  "begin" : 262,  "end" : 265 }, 
        {"sofa" : 1,  "begin" : 266,  "end" : 273 }, 
        {"sofa" : 1,  "begin" : 274,  "end" : 277 }, 
        {"sofa" : 1,  "begin" : 278,  "end" : 282 }, 
        {"sofa" : 1,  "begin" : 283,  "end" : 284 }, 
        {"sofa" : 1,  "begin" : 285,  "end" : 289 }, 
        {"sofa" : 1,  "begin" : 290,  "end" : 291 }, 
        {"sofa" : 1,  "begin" : 292,  "end" : 293 }, 
        {"sofa" : 1,  "begin" : 294,  "end" : 298 }, 
        {"sofa" : 1,  "begin" : 299,  "end" : 302 }, 
        {"sofa" : 1,  "begin" : 303,  "end" : 306 }, 
        {"sofa" : 1,  "begin" : 307,  "end" : 308 }, 
        {"sofa" : 1,  "begin" : 309,  "end" : 310 }, 
        {"sofa" : 1,  "begin" : 311,  "end" : 313 }, 
        {"sofa" : 1,  "begin" : 314,  "end" : 316 }, 
        {"sofa" : 1,  "begin" : 317,  "end" : 321 }, 
        {"sofa" : 1,  "begin" : 322,  "end" : 326 }, 
        {"sofa" : 1,  "begin" : 327,  "end" : 332 }, 
        {"sofa" : 1,  "begin" : 333,  "end" : 334 }, 
        {"sofa" : 1,  "begin" : 335,  "end" : 338 }, 
        {"sofa" : 1,  "begin" : 339,  "end" : 342 }, 
        {"sofa" : 1,  "begin" : 343,  "end" : 346 }, 
        {"sofa" : 1,  "begin" : 347,  "end" : 351 }, 
        {"sofa" : 1,  "begin" : 352,  "end" : 358 }, 
        {"sofa" : 1,  "begin" : 359,  "end" : 360 }, 
        {"sofa" : 1,  "begin" : 361,  "end" : 362 }, 
        {"sofa" : 1,  "begin" : 363,  "end" : 364 }, 
        {"sofa" : 1,  "begin" : 365,  "end" : 367 }, 
        {"sofa" : 1,  "begin" : 368,  "end" : 369 }, 
        {"sofa" : 1,  "begin" : 370,  "end" : 374 }, 
        {"sofa" : 1,  "begin" : 375,  "end" : 378 }, 
        {"sofa" : 1,  "begin" : 379,  "end" : 380 }, 
        {"sofa" : 1,  "begin" : 381,  "end" : 387 }, 
        {"sofa" : 1,  "begin" : 388,  "end" : 392 }, 
        {"sofa" : 1,  "begin" : 393,  "end" : 395 }, 
        {"sofa" : 1,  "begin" : 396,  "end" : 399 }, 
        {"sofa" : 1,  "begin" : 400,  "end" : 401 }, 
        {"sofa" : 1,  "begin" : 402,  "end" : 404 }, 
        {"sofa" : 1,  "begin" : 405,  "end" : 406 }, 
        {"sofa" : 1,  "begin" : 407,  "end" : 412 }, 
        {"sofa" : 1,  "begin" : 413,  "end" : 418 }, 
        {"sofa" : 1,  "begin" : 419,  "end" : 420 }, 
        {"sofa" : 1,  "begin" : 421,  "end" : 422 }, 
        {"sofa" : 1,  "begin" : 423,  "end" : 428 }, 
        {"sofa" : 1,  "begin" : 429,  "end" : 432 }, 
        {"sofa" : 1,  "begin" : 433,  "end" : 436 }, 
        {"sofa" : 1,  "begin" : 437,  "end" : 438 }, 
        {"sofa" : 1,  "begin" : 439,  "end" : 440 }, 
        {"sofa" : 1,  "begin" : 441,  "end" : 444 }, 
        {"sofa" : 1,  "begin" : 445,  "end" : 448 }, 
        {"sofa" : 1,  "begin" : 449,  "end" : 454 }, 
        {"sofa" : 1,  "begin" : 455,  "end" : 457 }, 
        {"sofa" : 1,  "begin" : 458,  "end" : 462 }, 
        {"sofa" : 1,  "begin" : 463,  "end" : 464 }, 
        {"sofa" : 1,  "begin" : 465,  "end" : 467 }, 
        {"sofa" : 1,  "begin" : 468,  "end" : 472 }, 
        {"sofa" : 1,  "begin" : 473,  "end" : 475 }, 
        {"sofa" : 1,  "begin" : 476,  "end" : 481 }, 
        {"sofa" : 1,  "begin" : 482,  "end" : 487 }, 
        {"sofa" : 1,  "begin" : 488,  "end" : 489 }, 
        {"sofa" : 1,  "begin" : 490,  "end" : 491 } ], 
      "PartsofCause" : [1763,  1737,  1750 ], 
      "TypesofCause" : [
        {"sofa" : 1,  "begin" : 105,  "end" : 145,  "Dependent" : 1763,  "Governor" : 1737,  "TypesofCause" : "Effect" }, 
        {"sofa" : 1,  "begin" : 151,  "end" : 168,  "Dependent" : 1750,  "Governor" : 1737,  "TypesofCause" : "Cause" } ] } }, 
  "_referenced_fss" : {
    "1" : {"_type" : "Sofa",  "sofaNum" : 1,  "sofaID" : "_InitialView",  "mimeType" : "text",  "sofaString" : "A LITTLE Boy once went in bathing where the water was too deep for him .\nWhen he found himself sinking , he cried out to a Man who was passing by , to come and help him .\n“ Ca n’t you swim ? ”\nasked the Man .\n“ No , ” replied the Boy , “ I do n’t know how . ”\n“ How foolish you were , then , ” said the Man , “ to go into deep water !\nDid n’t you know better ? ”\n“ Oh , good sir , please help me now , or I shall drown ! ”\ncried the Boy .\n“ You can scold me when I am safe on shore again . ”" }, 
    "1763" : {"_type" : "PartsofCause",  "sofa" : 1,  "begin" : 105,  "end" : 145,  "PartsofCause" : "Argument" }, 
    "1737" : {"_type" : "PartsofCause",  "sofa" : 1,  "begin" : 148,  "end" : 150,  "PartsofCause" : "Causing" }, 
    "1750" : {"_type" : "PartsofCause",  "sofa" : 1,  "begin" : 151,  "end" : 168,  "PartsofCause" : "Argument" }, 
    "1899" : {"_type" : "LayerDefinition",  "name" : "webanno.custom.DisjointCausalSpans",  "uiName" : "Disjoint Causal Spans" }, 
    "1917" : {"_type" : "LayerDefinition",  "name" : "webanno.custom.TypesofCause",  "uiName" : "Types of Cause" }, 
    "1910" : {"_type" : "LayerDefinition",  "name" : "webanno.custom.PartsofCause",  "uiName" : "Parts of Cause" } } }