{"_context" : {
    "_types" : {
      "DocumentMetaData" : {
        "_feature_types" : {"sofa" : "_ref" } }, 
      "FeatureDefinition" : {
        "_feature_types" : {"layer" : "_ref" } }, 
      "LayerDefinition" : { }, 
      "PartsofCause" : {
        "_feature_types" : {"sofa" : "_ref" } }, 
      "Sentence" : {
        "_feature_types" : {"sofa" : "_ref" } }, 
      "Sofa" : {
        "_feature_types" : {"sofaArray" : "_ref" } }, 
      "TagsetDescription" : {
        "_feature_types" : {"sofa" : "_ref",  "tags" : "_ref" } }, 
      "Token" : {
        "_feature_types" : {"sofa" : "_ref",  "parent" : "_ref",  "lemma" : "_ref",  "stem" : "_ref",  "pos" : "_ref",  "morph" : "_ref",  "form" : "_ref" } }, 
      "TypesofCause" : {
        "_feature_types" : {"sofa" : "_ref",  "Dependent" : "_ref",  "Governor" : "_ref" } }, 
      "DocumentAnnotation" : {
        "_feature_types" : {"sofa" : "_ref" }, 
        "_subtypes" : ["DocumentMetaData" ] }, 
      "Annotation" : {
        "_feature_types" : {"sofa" : "_ref" }, 
        "_subtypes" : ["DocumentAnnotation",  "PartsofCause",  "Sentence",  "TagsetDescription",  "Token",  "TypesofCause" ] }, 
      "AnnotationBase" : {
        "_feature_types" : {"sofa" : "_ref" }, 
        "_subtypes" : ["Annotation" ] }, 
      "TOP" : {
        "_subtypes" : ["AnnotationBase",  "FeatureDefinition",  "LayerDefinition",  "Sofa" ] } } }, 
  "_views" : {
    "_InitialView" : {
      "FeatureDefinition" : [
        {"layer" : 1816,  "name" : "referenceRelation",  "uiName" : "Reference Relation" }, 
        {"layer" : 1816,  "name" : "referenceType",  "uiName" : "Reference Type" }, 
        {"layer" : 1827,  "name" : "PartsofCause",  "uiName" : "Parts of Cause" }, 
        {"layer" : 1834,  "name" : "TypesofCause",  "uiName" : "Types of Cause" } ], 
      "LayerDefinition" : [1816,  1827,  1834 ], 
      "DocumentMetaData" : [
        {"sofa" : 1,  "end" : 630,  "language" : "x-unspecified",  "documentTitle" : "fable-42.txt",  "documentId" : "AYC",  "documentUri" : "file:/srv/inception/repository/project/2/document/2344/source/AYC",  "collectionId" : "file:/srv/inception/repository/project/2/document/2344/source/",  "documentBaseUri" : "file:/srv/inception/repository/project/2/document/2344/source/",  "isLastSegment" : false } ], 
      "TagsetDescription" : [
        {"sofa" : 1,  "layer" : "webanno.custom.PartsofCause",  "name" : "Parts of Cause",  "input" : false }, 
        {"sofa" : 1,  "layer" : "webanno.custom.TypesofCause",  "name" : "Causal Relations",  "input" : false } ], 
      "Sentence" : [
        {"sofa" : 1,  "end" : 242 }, 
        {"sofa" : 1,  "begin" : 243,  "end" : 307 }, 
        {"sofa" : 1,  "begin" : 308,  "end" : 446 }, 
        {"sofa" : 1,  "begin" : 447,  "end" : 586 }, 
        {"sofa" : 1,  "begin" : 587,  "end" : 630 } ], 
      "Token" : [
        {"sofa" : 1,  "end" : 1 }, 
        {"sofa" : 1,  "begin" : 2,  "end" : 7 }, 
        {"sofa" : 1,  "begin" : 8,  "end" : 11 }, 
        {"sofa" : 1,  "begin" : 12,  "end" : 15 }, 
        {"sofa" : 1,  "begin" : 16,  "end" : 19 }, 
        {"sofa" : 1,  "begin" : 20,  "end" : 24 }, 
        {"sofa" : 1,  "begin" : 25,  "end" : 26 }, 
        {"sofa" : 1,  "begin" : 27,  "end" : 32 }, 
        {"sofa" : 1,  "begin" : 33,  "end" : 44 }, 
        {"sofa" : 1,  "begin" : 45,  "end" : 46 }, 
        {"sofa" : 1,  "begin" : 47,  "end" : 50 }, 
        {"sofa" : 1,  "begin" : 51,  "end" : 54 }, 
        {"sofa" : 1,  "begin" : 55,  "end" : 58 }, 
        {"sofa" : 1,  "begin" : 59,  "end" : 66 }, 
        {"sofa" : 1,  "begin" : 67,  "end" : 70 }, 
        {"sofa" : 1,  "begin" : 71,  "end" : 74 }, 
        {"sofa" : 1,  "begin" : 75,  "end" : 80 }, 
        {"sofa" : 1,  "begin" : 81,  "end" : 83 }, 
        {"sofa" : 1,  "begin" : 84,  "end" : 87 }, 
        {"sofa" : 1,  "begin" : 88,  "end" : 97 }, 
        {"sofa" : 1,  "begin" : 98,  "end" : 99 }, 
        {"sofa" : 1,  "begin" : 100,  "end" : 103 }, 
        {"sofa" : 1,  "begin" : 104,  "end" : 108 }, 
        {"sofa" : 1,  "begin" : 109,  "end" : 113 }, 
        {"sofa" : 1,  "begin" : 114,  "end" : 117 }, 
        {"sofa" : 1,  "begin" : 118,  "end" : 121 }, 
        {"sofa" : 1,  "begin" : 122,  "end" : 127 }, 
        {"sofa" : 1,  "begin" : 128,  "end" : 136 }, 
        {"sofa" : 1,  "begin" : 137,  "end" : 143 }, 
        {"sofa" : 1,  "begin" : 144,  "end" : 147 }, 
        {"sofa" : 1,  "begin" : 148,  "end" : 153 }, 
        {"sofa" : 1,  "begin" : 154,  "end" : 155 }, 
        {"sofa" : 1,  "begin" : 156,  "end" : 159 }, 
        {"sofa" : 1,  "begin" : 160,  "end" : 161 }, 
        {"sofa" : 1,  "begin" : 162,  "end" : 169 }, 
        {"sofa" : 1,  "begin" : 170,  "end" : 178 }, 
        {"sofa" : 1,  "begin" : 179,  "end" : 183 }, 
        {"sofa" : 1,  "begin" : 184,  "end" : 187 }, 
        {"sofa" : 1,  "begin" : 188,  "end" : 195 }, 
        {"sofa" : 1,  "begin" : 196,  "end" : 198 }, 
        {"sofa" : 1,  "begin" : 199,  "end" : 202 }, 
        {"sofa" : 1,  "begin" : 203,  "end" : 208 }, 
        {"sofa" : 1,  "begin" : 209,  "end" : 219 }, 
        {"sofa" : 1,  "begin" : 220,  "end" : 223 }, 
        {"sofa" : 1,  "begin" : 224,  "end" : 234 }, 
        {"sofa" : 1,  "begin" : 235,  "end" : 240 }, 
        {"sofa" : 1,  "begin" : 241,  "end" : 242 }, 
        {"sofa" : 1,  "begin" : 243,  "end" : 252 }, 
        {"sofa" : 1,  "begin" : 253,  "end" : 257 }, 
        {"sofa" : 1,  "begin" : 258,  "end" : 264 }, 
        {"sofa" : 1,  "begin" : 265,  "end" : 268 }, 
        {"sofa" : 1,  "begin" : 269,  "end" : 275 }, 
        {"sofa" : 1,  "begin" : 276,  "end" : 280 }, 
        {"sofa" : 1,  "begin" : 281,  "end" : 282 }, 
        {"sofa" : 1,  "begin" : 283,  "end" : 285 }, 
        {"sofa" : 1,  "begin" : 286,  "end" : 290 }, 
        {"sofa" : 1,  "begin" : 291,  "end" : 294 }, 
        {"sofa" : 1,  "begin" : 295,  "end" : 300 }, 
        {"sofa" : 1,  "begin" : 301,  "end" : 305 }, 
        {"sofa" : 1,  "begin" : 306,  "end" : 307 }, 
        {"sofa" : 1,  "begin" : 308,  "end" : 311 }, 
        {"sofa" : 1,  "begin" : 312,  "end" : 316 }, 
        {"sofa" : 1,  "begin" : 317,  "end" : 320 }, 
        {"sofa" : 1,  "begin" : 321,  "end" : 326 }, 
        {"sofa" : 1,  "begin" : 327,  "end" : 335 }, 
        {"sofa" : 1,  "begin" : 336,  "end" : 338 }, 
        {"sofa" : 1,  "begin" : 339,  "end" : 341 }, 
        {"sofa" : 1,  "begin" : 342,  "end" : 343 }, 
        {"sofa" : 1,  "begin" : 344,  "end" : 350 }, 
        {"sofa" : 1,  "begin" : 351,  "end" : 356 }, 
        {"sofa" : 1,  "begin" : 357,  "end" : 358 }, 
        {"sofa" : 1,  "begin" : 359,  "end" : 362 }, 
        {"sofa" : 1,  "begin" : 363,  "end" : 364 }, 
        {"sofa" : 1,  "begin" : 365,  "end" : 374 }, 
        {"sofa" : 1,  "begin" : 375,  "end" : 382 }, 
        {"sofa" : 1,  "begin" : 383,  "end" : 384 }, 
        {"sofa" : 1,  "begin" : 385,  "end" : 387 }, 
        {"sofa" : 1,  "begin" : 388,  "end" : 393 }, 
        {"sofa" : 1,  "begin" : 394,  "end" : 397 }, 
        {"sofa" : 1,  "begin" : 398,  "end" : 405 }, 
        {"sofa" : 1,  "begin" : 406,  "end" : 411 }, 
        {"sofa" : 1,  "begin" : 412,  "end" : 418 }, 
        {"sofa" : 1,  "begin" : 419,  "end" : 422 }, 
        {"sofa" : 1,  "begin" : 423,  "end" : 428 }, 
        {"sofa" : 1,  "begin" : 429,  "end" : 433 }, 
        {"sofa" : 1,  "begin" : 434,  "end" : 437 }, 
        {"sofa" : 1,  "begin" : 438,  "end" : 444 }, 
        {"sofa" : 1,  "begin" : 445,  "end" : 446 }, 
        {"sofa" : 1,  "begin" : 447,  "end" : 448 }, 
        {"sofa" : 1,  "begin" : 449,  "end" : 456 }, 
        {"sofa" : 1,  "begin" : 457,  "end" : 461 }, 
        {"sofa" : 1,  "begin" : 462,  "end" : 463 }, 
        {"sofa" : 1,  "begin" : 464,  "end" : 465 }, 
        {"sofa" : 1,  "begin" : 466,  "end" : 468 }, 
        {"sofa" : 1,  "begin" : 469,  "end" : 473 }, 
        {"sofa" : 1,  "begin" : 474,  "end" : 475 }, 
        {"sofa" : 1,  "begin" : 476,  "end" : 477 }, 
        {"sofa" : 1,  "begin" : 478,  "end" : 481 }, 
        {"sofa" : 1,  "begin" : 482,  "end" : 485 }, 
        {"sofa" : 1,  "begin" : 486,  "end" : 489 }, 
        {"sofa" : 1,  "begin" : 490,  "end" : 494 }, 
        {"sofa" : 1,  "begin" : 495,  "end" : 501 }, 
        {"sofa" : 1,  "begin" : 502,  "end" : 506 }, 
        {"sofa" : 1,  "begin" : 507,  "end" : 511 }, 
        {"sofa" : 1,  "begin" : 512,  "end" : 513 }, 
        {"sofa" : 1,  "begin" : 514,  "end" : 515 }, 
        {"sofa" : 1,  "begin" : 516,  "end" : 522 }, 
        {"sofa" : 1,  "begin" : 523,  "end" : 526 }, 
        {"sofa" : 1,  "begin" : 527,  "end" : 530 }, 
        {"sofa" : 1,  "begin" : 531,  "end" : 533 }, 
        {"sofa" : 1,  "begin" : 534,  "end" : 536 }, 
        {"sofa" : 1,  "begin" : 537,  "end" : 545 }, 
        {"sofa" : 1,  "begin" : 546,  "end" : 547 }, 
        {"sofa" : 1,  "begin" : 548,  "end" : 551 }, 
        {"sofa" : 1,  "begin" : 552,  "end" : 555 }, 
        {"sofa" : 1,  "begin" : 556,  "end" : 561 }, 
        {"sofa" : 1,  "begin" : 562,  "end" : 566 }, 
        {"sofa" : 1,  "begin" : 567,  "end" : 574 }, 
        {"sofa" : 1,  "begin" : 575,  "end" : 579 }, 
        {"sofa" : 1,  "begin" : 580,  "end" : 584 }, 
        {"sofa" : 1,  "begin" : 585,  "end" : 586 }, 
        {"sofa" : 1,  "begin" : 587,  "end" : 588 }, 
        {"sofa" : 1,  "begin" : 589,  "end" : 595 }, 
        {"sofa" : 1,  "begin" : 596,  "end" : 603 }, 
        {"sofa" : 1,  "begin" : 604,  "end" : 608 }, 
        {"sofa" : 1,  "begin" : 609,  "end" : 612 }, 
        {"sofa" : 1,  "begin" : 613,  "end" : 617 }, 
        {"sofa" : 1,  "begin" : 618,  "end" : 619 }, 
        {"sofa" : 1,  "begin" : 620,  "end" : 626 }, 
        {"sofa" : 1,  "begin" : 627,  "end" : 628 }, 
        {"sofa" : 1,  "begin" : 629,  "end" : 630 } ], 
      "PartsofCause" : [1751,  1764,  1777 ], 
      "TypesofCause" : [
        {"sofa" : 1,  "begin" : 482,  "end" : 511,  "Dependent" : 1764,  "Governor" : 1751,  "TypesofCause" : "Cause" }, 
        {"sofa" : 1,  "begin" : 514,  "end" : 584,  "Dependent" : 1777,  "Governor" : 1751,  "TypesofCause" : "Effect" } ] } }, 
  "_referenced_fss" : {
    "1" : {"_type" : "Sofa",  "sofaNum" : 1,  "sofaID" : "_InitialView",  "mimeType" : "text",  "sofaString" : "A YOUNG man who had been a great spendthrift , and had run through all the money he had inherited , and even sold all his outer clothing except his cloak , saw a Swallow skimming over the meadows in the early springtime and twittering gayly .\nBelieving that summer was really come , he sold his cloak also .\nThe next day there happened to be a severe frost , and , shivering himself , he found the Swallow lying frozen and stiff upon the ground .\n“ Unhappy bird , ” he said , “ had you not come before your time , I should not now be so wretched , and you might have escaped your fate .\nA single swallow does not make a summer . ”" }, 
    "1764" : {"_type" : "PartsofCause",  "sofa" : 1,  "begin" : 482,  "end" : 511,  "PartsofCause" : "Argument" }, 
    "1751" : {"_type" : "PartsofCause",  "sofa" : 1,  "begin" : 478,  "end" : 481,  "PartsofCause" : "Causing" }, 
    "1777" : {"_type" : "PartsofCause",  "sofa" : 1,  "begin" : 514,  "end" : 584,  "PartsofCause" : "Argument" }, 
    "1816" : {"_type" : "LayerDefinition",  "name" : "webanno.custom.DisjointCausalSpans",  "uiName" : "Disjoint Causal Spans" }, 
    "1834" : {"_type" : "LayerDefinition",  "name" : "webanno.custom.TypesofCause",  "uiName" : "Types of Cause" }, 
    "1827" : {"_type" : "LayerDefinition",  "name" : "webanno.custom.PartsofCause",  "uiName" : "Parts of Cause" } } }