{"_context" : {
    "_types" : {
      "DocumentMetaData" : {
        "_feature_types" : {"sofa" : "_ref" } }, 
      "FeatureDefinition" : {
        "_feature_types" : {"layer" : "_ref" } }, 
      "LayerDefinition" : { }, 
      "PartsofCause" : {
        "_feature_types" : {"sofa" : "_ref" } }, 
      "Sentence" : {
        "_feature_types" : {"sofa" : "_ref" } }, 
      "Sofa" : {
        "_feature_types" : {"sofaArray" : "_ref" } }, 
      "TagsetDescription" : {
        "_feature_types" : {"sofa" : "_ref",  "tags" : "_ref" } }, 
      "Token" : {
        "_feature_types" : {"sofa" : "_ref",  "parent" : "_ref",  "lemma" : "_ref",  "stem" : "_ref",  "pos" : "_ref",  "morph" : "_ref",  "form" : "_ref" } }, 
      "TypesofCause" : {
        "_feature_types" : {"sofa" : "_ref",  "Dependent" : "_ref",  "Governor" : "_ref" } }, 
      "DocumentAnnotation" : {
        "_feature_types" : {"sofa" : "_ref" }, 
        "_subtypes" : ["DocumentMetaData" ] }, 
      "Annotation" : {
        "_feature_types" : {"sofa" : "_ref" }, 
        "_subtypes" : ["DocumentAnnotation",  "PartsofCause",  "Sentence",  "TagsetDescription",  "Token",  "TypesofCause" ] }, 
      "AnnotationBase" : {
        "_feature_types" : {"sofa" : "_ref" }, 
        "_subtypes" : ["Annotation" ] }, 
      "TOP" : {
        "_subtypes" : ["AnnotationBase",  "FeatureDefinition",  "LayerDefinition",  "Sofa" ] } } }, 
  "_views" : {
    "_InitialView" : {
      "FeatureDefinition" : [
        {"layer" : 1650,  "name" : "referenceRelation",  "uiName" : "Reference Relation" }, 
        {"layer" : 1650,  "name" : "referenceType",  "uiName" : "Reference Type" }, 
        {"layer" : 1661,  "name" : "PartsofCause",  "uiName" : "Parts of Cause" }, 
        {"layer" : 1668,  "name" : "TypesofCause",  "uiName" : "Types of Cause" } ], 
      "LayerDefinition" : [1650,  1661,  1668 ], 
      "DocumentMetaData" : [
        {"sofa" : 1,  "end" : 473,  "language" : "x-unspecified",  "documentTitle" : "fable-15.txt",  "documentId" : "AYC",  "documentUri" : "file:/srv/inception/repository/project/2/document/2317/source/AYC",  "collectionId" : "file:/srv/inception/repository/project/2/document/2317/source/",  "documentBaseUri" : "file:/srv/inception/repository/project/2/document/2317/source/",  "isLastSegment" : false } ], 
      "TagsetDescription" : [
        {"sofa" : 1,  "layer" : "webanno.custom.PartsofCause",  "name" : "Parts of Cause",  "input" : false }, 
        {"sofa" : 1,  "layer" : "webanno.custom.TypesofCause",  "name" : "Causal Relations",  "input" : false } ], 
      "Sentence" : [
        {"sofa" : 1,  "end" : 128 }, 
        {"sofa" : 1,  "begin" : 129,  "end" : 232 }, 
        {"sofa" : 1,  "begin" : 233,  "end" : 282 }, 
        {"sofa" : 1,  "begin" : 283,  "end" : 338 }, 
        {"sofa" : 1,  "begin" : 339,  "end" : 473 } ], 
      "Token" : [
        {"sofa" : 1,  "end" : 1 }, 
        {"sofa" : 1,  "begin" : 2,  "end" : 6 }, 
        {"sofa" : 1,  "begin" : 7,  "end" : 8 }, 
        {"sofa" : 1,  "begin" : 9,  "end" : 16 }, 
        {"sofa" : 1,  "begin" : 17,  "end" : 21 }, 
        {"sofa" : 1,  "begin" : 22,  "end" : 34 }, 
        {"sofa" : 1,  "begin" : 35,  "end" : 43 }, 
        {"sofa" : 1,  "begin" : 44,  "end" : 45 }, 
        {"sofa" : 1,  "begin" : 46,  "end" : 49 }, 
        {"sofa" : 1,  "begin" : 50,  "end" : 54 }, 
        {"sofa" : 1,  "begin" : 55,  "end" : 62 }, 
        {"sofa" : 1,  "begin" : 63,  "end" : 67 }, 
        {"sofa" : 1,  "begin" : 68,  "end" : 71 }, 
        {"sofa" : 1,  "begin" : 72,  "end" : 77 }, 
        {"sofa" : 1,  "begin" : 78,  "end" : 79 }, 
        {"sofa" : 1,  "begin" : 80,  "end" : 83 }, 
        {"sofa" : 1,  "begin" : 84,  "end" : 90 }, 
        {"sofa" : 1,  "begin" : 91,  "end" : 95 }, 
        {"sofa" : 1,  "begin" : 96,  "end" : 98 }, 
        {"sofa" : 1,  "begin" : 99,  "end" : 104 }, 
        {"sofa" : 1,  "begin" : 105,  "end" : 109 }, 
        {"sofa" : 1,  "begin" : 110,  "end" : 114 }, 
        {"sofa" : 1,  "begin" : 115,  "end" : 120 }, 
        {"sofa" : 1,  "begin" : 121,  "end" : 126 }, 
        {"sofa" : 1,  "begin" : 127,  "end" : 128 }, 
        {"sofa" : 1,  "begin" : 129,  "end" : 130 }, 
        {"sofa" : 1,  "begin" : 131,  "end" : 135 }, 
        {"sofa" : 1,  "begin" : 136,  "end" : 140 }, 
        {"sofa" : 1,  "begin" : 141,  "end" : 143 }, 
        {"sofa" : 1,  "begin" : 144,  "end" : 148 }, 
        {"sofa" : 1,  "begin" : 149,  "end" : 151 }, 
        {"sofa" : 1,  "begin" : 152,  "end" : 155 }, 
        {"sofa" : 1,  "begin" : 156,  "end" : 159 }, 
        {"sofa" : 1,  "begin" : 160,  "end" : 161 }, 
        {"sofa" : 1,  "begin" : 162,  "end" : 163 }, 
        {"sofa" : 1,  "begin" : 164,  "end" : 168 }, 
        {"sofa" : 1,  "begin" : 169,  "end" : 171 }, 
        {"sofa" : 1,  "begin" : 172,  "end" : 174 }, 
        {"sofa" : 1,  "begin" : 175,  "end" : 178 }, 
        {"sofa" : 1,  "begin" : 179,  "end" : 191 }, 
        {"sofa" : 1,  "begin" : 192,  "end" : 193 }, 
        {"sofa" : 1,  "begin" : 194,  "end" : 195 }, 
        {"sofa" : 1,  "begin" : 196,  "end" : 200 }, 
        {"sofa" : 1,  "begin" : 201,  "end" : 205 }, 
        {"sofa" : 1,  "begin" : 206,  "end" : 212 }, 
        {"sofa" : 1,  "begin" : 213,  "end" : 216 }, 
        {"sofa" : 1,  "begin" : 217,  "end" : 219 }, 
        {"sofa" : 1,  "begin" : 220,  "end" : 228 }, 
        {"sofa" : 1,  "begin" : 229,  "end" : 230 }, 
        {"sofa" : 1,  "begin" : 231,  "end" : 232 }, 
        {"sofa" : 1,  "begin" : 233,  "end" : 236 }, 
        {"sofa" : 1,  "begin" : 237,  "end" : 249 }, 
        {"sofa" : 1,  "begin" : 250,  "end" : 257 }, 
        {"sofa" : 1,  "begin" : 258,  "end" : 259 }, 
        {"sofa" : 1,  "begin" : 260,  "end" : 261 }, 
        {"sofa" : 1,  "begin" : 262,  "end" : 264 }, 
        {"sofa" : 1,  "begin" : 265,  "end" : 269 }, 
        {"sofa" : 1,  "begin" : 270,  "end" : 274 }, 
        {"sofa" : 1,  "begin" : 275,  "end" : 278 }, 
        {"sofa" : 1,  "begin" : 279,  "end" : 280 }, 
        {"sofa" : 1,  "begin" : 281,  "end" : 282 }, 
        {"sofa" : 1,  "begin" : 283,  "end" : 286 }, 
        {"sofa" : 1,  "begin" : 287,  "end" : 291 }, 
        {"sofa" : 1,  "begin" : 292,  "end" : 296 }, 
        {"sofa" : 1,  "begin" : 297,  "end" : 304 }, 
        {"sofa" : 1,  "begin" : 305,  "end" : 309 }, 
        {"sofa" : 1,  "begin" : 310,  "end" : 312 }, 
        {"sofa" : 1,  "begin" : 313,  "end" : 316 }, 
        {"sofa" : 1,  "begin" : 317,  "end" : 322 }, 
        {"sofa" : 1,  "begin" : 323,  "end" : 327 }, 
        {"sofa" : 1,  "begin" : 328,  "end" : 332 }, 
        {"sofa" : 1,  "begin" : 333,  "end" : 336 }, 
        {"sofa" : 1,  "begin" : 337,  "end" : 338 }, 
        {"sofa" : 1,  "begin" : 339,  "end" : 342 }, 
        {"sofa" : 1,  "begin" : 343,  "end" : 345 }, 
        {"sofa" : 1,  "begin" : 346,  "end" : 347 }, 
        {"sofa" : 1,  "begin" : 348,  "end" : 353 }, 
        {"sofa" : 1,  "begin" : 354,  "end" : 358 }, 
        {"sofa" : 1,  "begin" : 359,  "end" : 361 }, 
        {"sofa" : 1,  "begin" : 362,  "end" : 366 }, 
        {"sofa" : 1,  "begin" : 367,  "end" : 369 }, 
        {"sofa" : 1,  "begin" : 370,  "end" : 376 }, 
        {"sofa" : 1,  "begin" : 377,  "end" : 378 }, 
        {"sofa" : 1,  "begin" : 379,  "end" : 383 }, 
        {"sofa" : 1,  "begin" : 384,  "end" : 388 }, 
        {"sofa" : 1,  "begin" : 389,  "end" : 395 }, 
        {"sofa" : 1,  "begin" : 396,  "end" : 398 }, 
        {"sofa" : 1,  "begin" : 399,  "end" : 401 }, 
        {"sofa" : 1,  "begin" : 402,  "end" : 406 }, 
        {"sofa" : 1,  "begin" : 407,  "end" : 409 }, 
        {"sofa" : 1,  "begin" : 410,  "end" : 413 }, 
        {"sofa" : 1,  "begin" : 414,  "end" : 420 }, 
        {"sofa" : 1,  "begin" : 421,  "end" : 426 }, 
        {"sofa" : 1,  "begin" : 427,  "end" : 428 }, 
        {"sofa" : 1,  "begin" : 429,  "end" : 436 }, 
        {"sofa" : 1,  "begin" : 437,  "end" : 442 }, 
        {"sofa" : 1,  "begin" : 443,  "end" : 451 }, 
        {"sofa" : 1,  "begin" : 452,  "end" : 457 }, 
        {"sofa" : 1,  "begin" : 458,  "end" : 464 }, 
        {"sofa" : 1,  "begin" : 465,  "end" : 468 }, 
        {"sofa" : 1,  "begin" : 469,  "end" : 471 }, 
        {"sofa" : 1,  "begin" : 472,  "end" : 473 } ], 
      "PartsofCause" : [1443,  1456,  1469,  1538,  1512,  1525,  1581,  1594,  1607,  1400,  1374,  1387 ], 
      "TypesofCause" : [
        {"sofa" : 1,  "begin" : 262,  "end" : 269,  "Dependent" : 1443,  "Governor" : 1456,  "TypesofCause" : "Effect" }, 
        {"sofa" : 1,  "begin" : 275,  "end" : 278,  "Dependent" : 1469,  "Governor" : 1456,  "TypesofCause" : "Cause" }, 
        {"sofa" : 1,  "begin" : 310,  "end" : 327,  "Dependent" : 1538,  "Governor" : 1512,  "TypesofCause" : "Effect" }, 
        {"sofa" : 1,  "begin" : 333,  "end" : 336,  "Dependent" : 1525,  "Governor" : 1512,  "TypesofCause" : "Cause" }, 
        {"sofa" : 1,  "begin" : 359,  "end" : 376,  "Dependent" : 1581,  "Governor" : 1594,  "TypesofCause" : "Effect" }, 
        {"sofa" : 1,  "begin" : 389,  "end" : 471,  "Dependent" : 1607,  "Governor" : 1594,  "TypesofCause" : "Cause" }, 
        {"sofa" : 1,  "begin" : 452,  "end" : 464,  "Dependent" : 1400,  "Governor" : 1374,  "TypesofCause" : "Cause" }, 
        {"sofa" : 1,  "begin" : 469,  "end" : 471,  "Dependent" : 1387,  "Governor" : 1374,  "TypesofCause" : "Effect" } ] } }, 
  "_referenced_fss" : {
    "1" : {"_type" : "Sofa",  "sofaNum" : 1,  "sofaID" : "_InitialView",  "mimeType" : "text",  "sofaString" : "A MULE , hearing some Grasshoppers chirping , was much pleased with the sound , and wished that he could make such sweet music .\n“ What sort of food do you eat , ” said he to the Grasshoppers , “ that your voices are so charming ? ”\nThe Grasshoppers replied , “ We live upon dew . ”\nThe Mule then decided that he too would live upon dew .\nAnd in a short time he died of hunger , just from trying to do what he saw others doing , without first learning their reason for it ." }, 
    "1443" : {"_type" : "PartsofCause",  "sofa" : 1,  "begin" : 262,  "end" : 269,  "PartsofCause" : "Argument" }, 
    "1456" : {"_type" : "PartsofCause",  "sofa" : 1,  "begin" : 270,  "end" : 274,  "PartsofCause" : "Enabling" }, 
    "1469" : {"_type" : "PartsofCause",  "sofa" : 1,  "begin" : 275,  "end" : 278,  "PartsofCause" : "Argument" }, 
    "1538" : {"_type" : "PartsofCause",  "sofa" : 1,  "begin" : 310,  "end" : 327,  "PartsofCause" : "Argument" }, 
    "1512" : {"_type" : "PartsofCause",  "sofa" : 1,  "begin" : 328,  "end" : 332,  "PartsofCause" : "Enabling" }, 
    "1525" : {"_type" : "PartsofCause",  "sofa" : 1,  "begin" : 333,  "end" : 336,  "PartsofCause" : "Argument" }, 
    "1581" : {"_type" : "PartsofCause",  "sofa" : 1,  "begin" : 359,  "end" : 376,  "PartsofCause" : "Argument" }, 
    "1594" : {"_type" : "PartsofCause",  "sofa" : 1,  "begin" : 384,  "end" : 388,  "PartsofCause" : "Causing" }, 
    "1607" : {"_type" : "PartsofCause",  "sofa" : 1,  "begin" : 389,  "end" : 471,  "PartsofCause" : "Argument" }, 
    "1400" : {"_type" : "PartsofCause",  "sofa" : 1,  "begin" : 452,  "end" : 464,  "PartsofCause" : "Argument" }, 
    "1374" : {"_type" : "PartsofCause",  "sofa" : 1,  "begin" : 465,  "end" : 468,  "PartsofCause" : "Causing" }, 
    "1387" : {"_type" : "PartsofCause",  "sofa" : 1,  "begin" : 469,  "end" : 471,  "PartsofCause" : "Argument" }, 
    "1668" : {"_type" : "LayerDefinition",  "name" : "webanno.custom.TypesofCause",  "uiName" : "Types of Cause" }, 
    "1650" : {"_type" : "LayerDefinition",  "name" : "webanno.custom.DisjointCausalSpans",  "uiName" : "Disjoint Causal Spans" }, 
    "1661" : {"_type" : "LayerDefinition",  "name" : "webanno.custom.PartsofCause",  "uiName" : "Parts of Cause" } } }