{"_context" : {
    "_types" : {
      "DocumentMetaData" : {
        "_feature_types" : {"sofa" : "_ref" } }, 
      "FeatureDefinition" : {
        "_feature_types" : {"layer" : "_ref" } }, 
      "LayerDefinition" : { }, 
      "PartsofCause" : {
        "_feature_types" : {"sofa" : "_ref" } }, 
      "Sentence" : {
        "_feature_types" : {"sofa" : "_ref" } }, 
      "Sofa" : {
        "_feature_types" : {"sofaArray" : "_ref" } }, 
      "TagsetDescription" : {
        "_feature_types" : {"sofa" : "_ref",  "tags" : "_ref" } }, 
      "Token" : {
        "_feature_types" : {"sofa" : "_ref",  "parent" : "_ref",  "lemma" : "_ref",  "stem" : "_ref",  "pos" : "_ref",  "morph" : "_ref",  "form" : "_ref" } }, 
      "TypesofCause" : {
        "_feature_types" : {"sofa" : "_ref",  "Dependent" : "_ref",  "Governor" : "_ref" } }, 
      "DocumentAnnotation" : {
        "_feature_types" : {"sofa" : "_ref" }, 
        "_subtypes" : ["DocumentMetaData" ] }, 
      "Annotation" : {
        "_feature_types" : {"sofa" : "_ref" }, 
        "_subtypes" : ["DocumentAnnotation",  "PartsofCause",  "Sentence",  "TagsetDescription",  "Token",  "TypesofCause" ] }, 
      "AnnotationBase" : {
        "_feature_types" : {"sofa" : "_ref" }, 
        "_subtypes" : ["Annotation" ] }, 
      "TOP" : {
        "_subtypes" : ["AnnotationBase",  "FeatureDefinition",  "LayerDefinition",  "Sofa" ] } } }, 
  "_views" : {
    "_InitialView" : {
      "FeatureDefinition" : [
        {"layer" : 2408,  "name" : "referenceRelation",  "uiName" : "Reference Relation" }, 
        {"layer" : 2408,  "name" : "referenceType",  "uiName" : "Reference Type" }, 
        {"layer" : 2419,  "name" : "PartsofCause",  "uiName" : "Parts of Cause" }, 
        {"layer" : 2426,  "name" : "TypesofCause",  "uiName" : "Types of Cause" } ], 
      "LayerDefinition" : [2408,  2419,  2426 ], 
      "DocumentMetaData" : [
        {"sofa" : 1,  "end" : 721,  "language" : "x-unspecified",  "documentTitle" : "reddit-041.txt",  "documentId" : "AYC",  "documentUri" : "file:/srv/inception/repository/project/2/document/2443/source/AYC",  "collectionId" : "file:/srv/inception/repository/project/2/document/2443/source/",  "documentBaseUri" : "file:/srv/inception/repository/project/2/document/2443/source/",  "isLastSegment" : false } ], 
      "TagsetDescription" : [
        {"sofa" : 1,  "layer" : "webanno.custom.PartsofCause",  "name" : "Parts of Cause",  "input" : false }, 
        {"sofa" : 1,  "layer" : "webanno.custom.TypesofCause",  "name" : "Causal Relations",  "input" : false } ], 
      "Sentence" : [
        {"sofa" : 1,  "end" : 11 }, 
        {"sofa" : 1,  "begin" : 12,  "end" : 45 }, 
        {"sofa" : 1,  "begin" : 46,  "end" : 86 }, 
        {"sofa" : 1,  "begin" : 87,  "end" : 141 }, 
        {"sofa" : 1,  "begin" : 142,  "end" : 191 }, 
        {"sofa" : 1,  "begin" : 192,  "end" : 230 }, 
        {"sofa" : 1,  "begin" : 231,  "end" : 296 }, 
        {"sofa" : 1,  "begin" : 297,  "end" : 381 }, 
        {"sofa" : 1,  "begin" : 382,  "end" : 463 }, 
        {"sofa" : 1,  "begin" : 464,  "end" : 639 }, 
        {"sofa" : 1,  "begin" : 640,  "end" : 655 }, 
        {"sofa" : 1,  "begin" : 656,  "end" : 721 } ], 
      "Token" : [
        {"sofa" : 1,  "end" : 3 }, 
        {"sofa" : 1,  "begin" : 4,  "end" : 9 }, 
        {"sofa" : 1,  "begin" : 10,  "end" : 11 }, 
        {"sofa" : 1,  "begin" : 12,  "end" : 16 }, 
        {"sofa" : 1,  "begin" : 17,  "end" : 21 }, 
        {"sofa" : 1,  "begin" : 22,  "end" : 25 }, 
        {"sofa" : 1,  "begin" : 26,  "end" : 34 }, 
        {"sofa" : 1,  "begin" : 35,  "end" : 43 }, 
        {"sofa" : 1,  "begin" : 44,  "end" : 45 }, 
        {"sofa" : 1,  "begin" : 46,  "end" : 47 }, 
        {"sofa" : 1,  "begin" : 48,  "end" : 50 }, 
        {"sofa" : 1,  "begin" : 51,  "end" : 52 }, 
        {"sofa" : 1,  "begin" : 53,  "end" : 62 }, 
        {"sofa" : 1,  "begin" : 63,  "end" : 65 }, 
        {"sofa" : 1,  "begin" : 66,  "end" : 68 }, 
        {"sofa" : 1,  "begin" : 69,  "end" : 77 }, 
        {"sofa" : 1,  "begin" : 78,  "end" : 84 }, 
        {"sofa" : 1,  "begin" : 85,  "end" : 86 }, 
        {"sofa" : 1,  "begin" : 87,  "end" : 95 }, 
        {"sofa" : 1,  "begin" : 96,  "end" : 97 }, 
        {"sofa" : 1,  "begin" : 98,  "end" : 101 }, 
        {"sofa" : 1,  "begin" : 102,  "end" : 105 }, 
        {"sofa" : 1,  "begin" : 106,  "end" : 108 }, 
        {"sofa" : 1,  "begin" : 109,  "end" : 119 }, 
        {"sofa" : 1,  "begin" : 120,  "end" : 122 }, 
        {"sofa" : 1,  "begin" : 123,  "end" : 125 }, 
        {"sofa" : 1,  "begin" : 126,  "end" : 128 }, 
        {"sofa" : 1,  "begin" : 129,  "end" : 131 }, 
        {"sofa" : 1,  "begin" : 132,  "end" : 139 }, 
        {"sofa" : 1,  "begin" : 140,  "end" : 141 }, 
        {"sofa" : 1,  "begin" : 142,  "end" : 148 }, 
        {"sofa" : 1,  "begin" : 149,  "end" : 156 }, 
        {"sofa" : 1,  "begin" : 157,  "end" : 164 }, 
        {"sofa" : 1,  "begin" : 165,  "end" : 166 }, 
        {"sofa" : 1,  "begin" : 167,  "end" : 175 }, 
        {"sofa" : 1,  "begin" : 176,  "end" : 182 }, 
        {"sofa" : 1,  "begin" : 183,  "end" : 184 }, 
        {"sofa" : 1,  "begin" : 185,  "end" : 189 }, 
        {"sofa" : 1,  "begin" : 190,  "end" : 191 }, 
        {"sofa" : 1,  "begin" : 192,  "end" : 201 }, 
        {"sofa" : 1,  "begin" : 202,  "end" : 203 }, 
        {"sofa" : 1,  "begin" : 204,  "end" : 206 }, 
        {"sofa" : 1,  "begin" : 207,  "end" : 215 }, 
        {"sofa" : 1,  "begin" : 216,  "end" : 218 }, 
        {"sofa" : 1,  "begin" : 219,  "end" : 220 }, 
        {"sofa" : 1,  "begin" : 221,  "end" : 228 }, 
        {"sofa" : 1,  "begin" : 229,  "end" : 230 }, 
        {"sofa" : 1,  "begin" : 231,  "end" : 232 }, 
        {"sofa" : 1,  "begin" : 233,  "end" : 235 }, 
        {"sofa" : 1,  "begin" : 236,  "end" : 240 }, 
        {"sofa" : 1,  "begin" : 241,  "end" : 242 }, 
        {"sofa" : 1,  "begin" : 243,  "end" : 245 }, 
        {"sofa" : 1,  "begin" : 246,  "end" : 248 }, 
        {"sofa" : 1,  "begin" : 249,  "end" : 252 }, 
        {"sofa" : 1,  "begin" : 253,  "end" : 255 }, 
        {"sofa" : 1,  "begin" : 256,  "end" : 259 }, 
        {"sofa" : 1,  "begin" : 260,  "end" : 264 }, 
        {"sofa" : 1,  "begin" : 265,  "end" : 266 }, 
        {"sofa" : 1,  "begin" : 267,  "end" : 276 }, 
        {"sofa" : 1,  "begin" : 277,  "end" : 282 }, 
        {"sofa" : 1,  "begin" : 283,  "end" : 289 }, 
        {"sofa" : 1,  "begin" : 290,  "end" : 294 }, 
        {"sofa" : 1,  "begin" : 295,  "end" : 296 }, 
        {"sofa" : 1,  "begin" : 297,  "end" : 300 }, 
        {"sofa" : 1,  "begin" : 301,  "end" : 306 }, 
        {"sofa" : 1,  "begin" : 307,  "end" : 310 }, 
        {"sofa" : 1,  "begin" : 311,  "end" : 314 }, 
        {"sofa" : 1,  "begin" : 315,  "end" : 322 }, 
        {"sofa" : 1,  "begin" : 323,  "end" : 328 }, 
        {"sofa" : 1,  "begin" : 329,  "end" : 332 }, 
        {"sofa" : 1,  "begin" : 333,  "end" : 334 }, 
        {"sofa" : 1,  "begin" : 335,  "end" : 339 }, 
        {"sofa" : 1,  "begin" : 340,  "end" : 341 }, 
        {"sofa" : 1,  "begin" : 342,  "end" : 348 }, 
        {"sofa" : 1,  "begin" : 349,  "end" : 358 }, 
        {"sofa" : 1,  "begin" : 359,  "end" : 362 }, 
        {"sofa" : 1,  "begin" : 363,  "end" : 368 }, 
        {"sofa" : 1,  "begin" : 369,  "end" : 379 }, 
        {"sofa" : 1,  "begin" : 380,  "end" : 381 }, 
        {"sofa" : 1,  "begin" : 382,  "end" : 384 }, 
        {"sofa" : 1,  "begin" : 385,  "end" : 391 }, 
        {"sofa" : 1,  "begin" : 392,  "end" : 395 }, 
        {"sofa" : 1,  "begin" : 396,  "end" : 401 }, 
        {"sofa" : 1,  "begin" : 402,  "end" : 408 }, 
        {"sofa" : 1,  "begin" : 409,  "end" : 413 }, 
        {"sofa" : 1,  "begin" : 414,  "end" : 418 }, 
        {"sofa" : 1,  "begin" : 419,  "end" : 423 }, 
        {"sofa" : 1,  "begin" : 424,  "end" : 427 }, 
        {"sofa" : 1,  "begin" : 428,  "end" : 432 }, 
        {"sofa" : 1,  "begin" : 433,  "end" : 436 }, 
        {"sofa" : 1,  "begin" : 437,  "end" : 440 }, 
        {"sofa" : 1,  "begin" : 441,  "end" : 445 }, 
        {"sofa" : 1,  "begin" : 446,  "end" : 450 }, 
        {"sofa" : 1,  "begin" : 451,  "end" : 454 }, 
        {"sofa" : 1,  "begin" : 455,  "end" : 456 }, 
        {"sofa" : 1,  "begin" : 457,  "end" : 461 }, 
        {"sofa" : 1,  "begin" : 462,  "end" : 463 }, 
        {"sofa" : 1,  "begin" : 464,  "end" : 470 }, 
        {"sofa" : 1,  "begin" : 471,  "end" : 472 }, 
        {"sofa" : 1,  "begin" : 473,  "end" : 477 }, 
        {"sofa" : 1,  "begin" : 478,  "end" : 482 }, 
        {"sofa" : 1,  "begin" : 483,  "end" : 485 }, 
        {"sofa" : 1,  "begin" : 486,  "end" : 488 }, 
        {"sofa" : 1,  "begin" : 489,  "end" : 494 }, 
        {"sofa" : 1,  "begin" : 495,  "end" : 499 }, 
        {"sofa" : 1,  "begin" : 500,  "end" : 501 }, 
        {"sofa" : 1,  "begin" : 502,  "end" : 504 }, 
        {"sofa" : 1,  "begin" : 505,  "end" : 512 }, 
        {"sofa" : 1,  "begin" : 513,  "end" : 520 }, 
        {"sofa" : 1,  "begin" : 521,  "end" : 525 }, 
        {"sofa" : 1,  "begin" : 526,  "end" : 528 }, 
        {"sofa" : 1,  "begin" : 529,  "end" : 532 }, 
        {"sofa" : 1,  "begin" : 533,  "end" : 535 }, 
        {"sofa" : 1,  "begin" : 536,  "end" : 538 }, 
        {"sofa" : 1,  "begin" : 539,  "end" : 542 }, 
        {"sofa" : 1,  "begin" : 543,  "end" : 546 }, 
        {"sofa" : 1,  "begin" : 547,  "end" : 549 }, 
        {"sofa" : 1,  "begin" : 550,  "end" : 553 }, 
        {"sofa" : 1,  "begin" : 554,  "end" : 559 }, 
        {"sofa" : 1,  "begin" : 560,  "end" : 564 }, 
        {"sofa" : 1,  "begin" : 565,  "end" : 566 }, 
        {"sofa" : 1,  "begin" : 567,  "end" : 568 }, 
        {"sofa" : 1,  "begin" : 569,  "end" : 573 }, 
        {"sofa" : 1,  "begin" : 574,  "end" : 578 }, 
        {"sofa" : 1,  "begin" : 579,  "end" : 589 }, 
        {"sofa" : 1,  "begin" : 590,  "end" : 592 }, 
        {"sofa" : 1,  "begin" : 593,  "end" : 596 }, 
        {"sofa" : 1,  "begin" : 597,  "end" : 601 }, 
        {"sofa" : 1,  "begin" : 602,  "end" : 603 }, 
        {"sofa" : 1,  "begin" : 604,  "end" : 608 }, 
        {"sofa" : 1,  "begin" : 609,  "end" : 612 }, 
        {"sofa" : 1,  "begin" : 613,  "end" : 616 }, 
        {"sofa" : 1,  "begin" : 617,  "end" : 621 }, 
        {"sofa" : 1,  "begin" : 622,  "end" : 628 }, 
        {"sofa" : 1,  "begin" : 629,  "end" : 630 }, 
        {"sofa" : 1,  "begin" : 631,  "end" : 633 }, 
        {"sofa" : 1,  "begin" : 634,  "end" : 637 }, 
        {"sofa" : 1,  "begin" : 638,  "end" : 639 }, 
        {"sofa" : 1,  "begin" : 640,  "end" : 642 }, 
        {"sofa" : 1,  "begin" : 643,  "end" : 647 }, 
        {"sofa" : 1,  "begin" : 648,  "end" : 653 }, 
        {"sofa" : 1,  "begin" : 654,  "end" : 655 }, 
        {"sofa" : 1,  "begin" : 656,  "end" : 664 }, 
        {"sofa" : 1,  "begin" : 665,  "end" : 668 }, 
        {"sofa" : 1,  "begin" : 669,  "end" : 670 }, 
        {"sofa" : 1,  "begin" : 671,  "end" : 675 }, 
        {"sofa" : 1,  "begin" : 676,  "end" : 680 }, 
        {"sofa" : 1,  "begin" : 681,  "end" : 683 }, 
        {"sofa" : 1,  "begin" : 684,  "end" : 689 }, 
        {"sofa" : 1,  "begin" : 690,  "end" : 692 }, 
        {"sofa" : 1,  "begin" : 693,  "end" : 697 }, 
        {"sofa" : 1,  "begin" : 698,  "end" : 701 }, 
        {"sofa" : 1,  "begin" : 702,  "end" : 704 }, 
        {"sofa" : 1,  "begin" : 705,  "end" : 709 }, 
        {"sofa" : 1,  "begin" : 710,  "end" : 712 }, 
        {"sofa" : 1,  "begin" : 713,  "end" : 718 }, 
        {"sofa" : 1,  "begin" : 719,  "end" : 721 } ], 
      "PartsofCause" : [2270,  2283,  2296,  2193,  2214,  2227,  2343,  2356,  2369,  2150,  2124,  2137 ], 
      "TypesofCause" : [
        {"sofa" : 1,  "begin" : 12,  "end" : 21,  "Dependent" : 2270,  "Governor" : 2283,  "TypesofCause" : "Effect" }, 
        {"sofa" : 1,  "begin" : 26,  "end" : 43,  "Dependent" : 2296,  "Governor" : 2283,  "TypesofCause" : "Cause" }, 
        {"sofa" : 1,  "begin" : 109,  "end" : 119,  "Dependent" : 2193,  "Governor" : 2214,  "TypesofCause" : "Cause" }, 
        {"sofa" : 1,  "begin" : 123,  "end" : 139,  "Dependent" : 2227,  "Governor" : 2214,  "TypesofCause" : "Effect" }, 
        {"sofa" : 1,  "begin" : 500,  "end" : 520,  "Dependent" : 2343,  "Governor" : 2356,  "TypesofCause" : "Effect" }, 
        {"sofa" : 1,  "begin" : 529,  "end" : 542,  "Dependent" : 2369,  "Governor" : 2356,  "TypesofCause" : "Cause" }, 
        {"sofa" : 1,  "begin" : 567,  "end" : 596,  "Dependent" : 2150,  "Governor" : 2124,  "TypesofCause" : "Effect" }, 
        {"sofa" : 1,  "begin" : 602,  "end" : 637,  "Dependent" : 2137,  "Governor" : 2124,  "TypesofCause" : "Cause" } ] } }, 
  "_referenced_fss" : {
    "1" : {"_type" : "Sofa",  "sofaNum" : 1,  "sofaID" : "_InitialView",  "mimeType" : "text",  "sofaString" : "hey y’all .\ncame here for unbiased opinions .\ni ’m a sophomore in my business school .\nrecently i ’ve had no motivation to go to my classes .\nFormer student athlete , recently joined a frat .\ncurrently i ’m enrolled in 4 classes .\n2 of them i go to 95% of the time , basically every single time .\nthe other two are lecture based and i have a strong disliking for these professors .\nmy grades are still pretty much what they ’ve been for the past year and a half .\nInside i feel like it ’s wrong that i ’m missing classes just to sit on my ass but on the other side , i have zero motivation to try when i will get the same grades i do now .\nIs this wrong ?\nprobably but i need some of y’all to help get me back on track ;)" }, 
    "2270" : {"_type" : "PartsofCause",  "sofa" : 1,  "begin" : 12,  "end" : 21,  "PartsofCause" : "Argument" }, 
    "2283" : {"_type" : "PartsofCause",  "sofa" : 1,  "begin" : 22,  "end" : 25,  "PartsofCause" : "Causing" }, 
    "2296" : {"_type" : "PartsofCause",  "sofa" : 1,  "begin" : 26,  "end" : 43,  "PartsofCause" : "Argument" }, 
    "2193" : {"_type" : "PartsofCause",  "sofa" : 1,  "begin" : 109,  "end" : 119,  "PartsofCause" : "Argument" }, 
    "2214" : {"_type" : "PartsofCause",  "sofa" : 1,  "begin" : 120,  "end" : 122,  "PartsofCause" : "Enabling" }, 
    "2227" : {"_type" : "PartsofCause",  "sofa" : 1,  "begin" : 123,  "end" : 139,  "PartsofCause" : "Argument" }, 
    "2343" : {"_type" : "PartsofCause",  "sofa" : 1,  "begin" : 500,  "end" : 520,  "PartsofCause" : "Argument" }, 
    "2356" : {"_type" : "PartsofCause",  "sofa" : 1,  "begin" : 526,  "end" : 528,  "PartsofCause" : "Enabling" }, 
    "2369" : {"_type" : "PartsofCause",  "sofa" : 1,  "begin" : 529,  "end" : 542,  "PartsofCause" : "Argument" }, 
    "2150" : {"_type" : "PartsofCause",  "sofa" : 1,  "begin" : 567,  "end" : 596,  "PartsofCause" : "Argument" }, 
    "2124" : {"_type" : "PartsofCause",  "sofa" : 1,  "begin" : 597,  "end" : 601,  "PartsofCause" : "Causing" }, 
    "2137" : {"_type" : "PartsofCause",  "sofa" : 1,  "begin" : 602,  "end" : 637,  "PartsofCause" : "Argument" }, 
    "2426" : {"_type" : "LayerDefinition",  "name" : "webanno.custom.TypesofCause",  "uiName" : "Types of Cause" }, 
    "2408" : {"_type" : "LayerDefinition",  "name" : "webanno.custom.DisjointCausalSpans",  "uiName" : "Disjoint Causal Spans" }, 
    "2419" : {"_type" : "LayerDefinition",  "name" : "webanno.custom.PartsofCause",  "uiName" : "Parts of Cause" } } }