{"_context" : {
    "_types" : {
      "DocumentMetaData" : {
        "_feature_types" : {"sofa" : "_ref" } }, 
      "FeatureDefinition" : {
        "_feature_types" : {"layer" : "_ref" } }, 
      "LayerDefinition" : { }, 
      "PartsofCause" : {
        "_feature_types" : {"sofa" : "_ref" } }, 
      "Sentence" : {
        "_feature_types" : {"sofa" : "_ref" } }, 
      "Sofa" : {
        "_feature_types" : {"sofaArray" : "_ref" } }, 
      "TagsetDescription" : {
        "_feature_types" : {"sofa" : "_ref",  "tags" : "_ref" } }, 
      "Token" : {
        "_feature_types" : {"sofa" : "_ref",  "parent" : "_ref",  "lemma" : "_ref",  "stem" : "_ref",  "pos" : "_ref",  "morph" : "_ref",  "form" : "_ref" } }, 
      "TypesofCause" : {
        "_feature_types" : {"sofa" : "_ref",  "Dependent" : "_ref",  "Governor" : "_ref" } }, 
      "DocumentAnnotation" : {
        "_feature_types" : {"sofa" : "_ref" }, 
        "_subtypes" : ["DocumentMetaData" ] }, 
      "Annotation" : {
        "_feature_types" : {"sofa" : "_ref" }, 
        "_subtypes" : ["DocumentAnnotation",  "PartsofCause",  "Sentence",  "TagsetDescription",  "Token",  "TypesofCause" ] }, 
      "AnnotationBase" : {
        "_feature_types" : {"sofa" : "_ref" }, 
        "_subtypes" : ["Annotation" ] }, 
      "TOP" : {
        "_subtypes" : ["AnnotationBase",  "FeatureDefinition",  "LayerDefinition",  "Sofa" ] } } }, 
  "_views" : {
    "_InitialView" : {
      "FeatureDefinition" : [
        {"layer" : 2850,  "name" : "referenceRelation",  "uiName" : "Reference Relation" }, 
        {"layer" : 2850,  "name" : "referenceType",  "uiName" : "Reference Type" }, 
        {"layer" : 2861,  "name" : "PartsofCause",  "uiName" : "Parts of Cause" }, 
        {"layer" : 2868,  "name" : "TypesofCause",  "uiName" : "Types of Cause" } ], 
      "LayerDefinition" : [2850,  2861,  2868 ], 
      "DocumentMetaData" : [
        {"sofa" : 1,  "end" : 968,  "language" : "x-unspecified",  "documentTitle" : "cnn-04.txt",  "documentId" : "GJW",  "documentUri" : "file:/srv/inception/repository/project/2/document/2356/source/GJW",  "collectionId" : "file:/srv/inception/repository/project/2/document/2356/source/",  "documentBaseUri" : "file:/srv/inception/repository/project/2/document/2356/source/",  "isLastSegment" : false } ], 
      "TagsetDescription" : [
        {"sofa" : 1,  "layer" : "webanno.custom.PartsofCause",  "name" : "Parts of Cause",  "input" : false }, 
        {"sofa" : 1,  "layer" : "webanno.custom.TypesofCause",  "name" : "Causal Relations",  "input" : false } ], 
      "Sentence" : [
        {"sofa" : 1,  "end" : 139 }, 
        {"sofa" : 1,  "begin" : 140,  "end" : 321 }, 
        {"sofa" : 1,  "begin" : 322,  "end" : 446 }, 
        {"sofa" : 1,  "begin" : 447,  "end" : 566 }, 
        {"sofa" : 1,  "begin" : 567,  "end" : 644 }, 
        {"sofa" : 1,  "begin" : 645,  "end" : 722 }, 
        {"sofa" : 1,  "begin" : 723,  "end" : 897 }, 
        {"sofa" : 1,  "begin" : 898,  "end" : 968 } ], 
      "Token" : [
        {"sofa" : 1,  "end" : 3 }, 
        {"sofa" : 1,  "begin" : 4,  "end" : 8 }, 
        {"sofa" : 1,  "begin" : 9,  "end" : 14 }, 
        {"sofa" : 1,  "begin" : 15,  "end" : 20 }, 
        {"sofa" : 1,  "begin" : 21,  "end" : 23 }, 
        {"sofa" : 1,  "begin" : 24,  "end" : 32 }, 
        {"sofa" : 1,  "begin" : 33,  "end" : 38 }, 
        {"sofa" : 1,  "begin" : 39,  "end" : 41 }, 
        {"sofa" : 1,  "begin" : 42,  "end" : 52 }, 
        {"sofa" : 1,  "begin" : 53,  "end" : 56 }, 
        {"sofa" : 1,  "begin" : 57,  "end" : 63 }, 
        {"sofa" : 1,  "begin" : 64,  "end" : 66 }, 
        {"sofa" : 1,  "begin" : 67,  "end" : 71 }, 
        {"sofa" : 1,  "begin" : 72,  "end" : 79 }, 
        {"sofa" : 1,  "begin" : 80,  "end" : 87 }, 
        {"sofa" : 1,  "begin" : 88,  "end" : 93 }, 
        {"sofa" : 1,  "begin" : 94,  "end" : 95 }, 
        {"sofa" : 1,  "begin" : 96,  "end" : 106 }, 
        {"sofa" : 1,  "begin" : 107,  "end" : 112 }, 
        {"sofa" : 1,  "begin" : 113,  "end" : 115 }, 
        {"sofa" : 1,  "begin" : 116,  "end" : 123 }, 
        {"sofa" : 1,  "begin" : 124,  "end" : 126 }, 
        {"sofa" : 1,  "begin" : 127,  "end" : 133 }, 
        {"sofa" : 1,  "begin" : 134,  "end" : 137 }, 
        {"sofa" : 1,  "begin" : 138,  "end" : 139 }, 
        {"sofa" : 1,  "begin" : 140,  "end" : 148 }, 
        {"sofa" : 1,  "begin" : 149,  "end" : 153 }, 
        {"sofa" : 1,  "begin" : 154,  "end" : 157 }, 
        {"sofa" : 1,  "begin" : 158,  "end" : 163 }, 
        {"sofa" : 1,  "begin" : 164,  "end" : 165 }, 
        {"sofa" : 1,  "begin" : 166,  "end" : 171 }, 
        {"sofa" : 1,  "begin" : 172,  "end" : 177 }, 
        {"sofa" : 1,  "begin" : 178,  "end" : 184 }, 
        {"sofa" : 1,  "begin" : 185,  "end" : 189 }, 
        {"sofa" : 1,  "begin" : 190,  "end" : 193 }, 
        {"sofa" : 1,  "begin" : 194,  "end" : 201 }, 
        {"sofa" : 1,  "begin" : 202,  "end" : 207 }, 
        {"sofa" : 1,  "begin" : 208,  "end" : 209 }, 
        {"sofa" : 1,  "begin" : 210,  "end" : 213 }, 
        {"sofa" : 1,  "begin" : 214,  "end" : 218 }, 
        {"sofa" : 1,  "begin" : 219,  "end" : 228 }, 
        {"sofa" : 1,  "begin" : 229,  "end" : 232 }, 
        {"sofa" : 1,  "begin" : 233,  "end" : 242 }, 
        {"sofa" : 1,  "begin" : 243,  "end" : 249 }, 
        {"sofa" : 1,  "begin" : 250,  "end" : 254 }, 
        {"sofa" : 1,  "begin" : 255,  "end" : 261 }, 
        {"sofa" : 1,  "begin" : 262,  "end" : 265 }, 
        {"sofa" : 1,  "begin" : 266,  "end" : 271 }, 
        {"sofa" : 1,  "begin" : 272,  "end" : 278 }, 
        {"sofa" : 1,  "begin" : 279,  "end" : 282 }, 
        {"sofa" : 1,  "begin" : 283,  "end" : 288 }, 
        {"sofa" : 1,  "begin" : 289,  "end" : 296 }, 
        {"sofa" : 1,  "begin" : 297,  "end" : 298 }, 
        {"sofa" : 1,  "begin" : 299,  "end" : 302 }, 
        {"sofa" : 1,  "begin" : 303,  "end" : 308 }, 
        {"sofa" : 1,  "begin" : 309,  "end" : 314 }, 
        {"sofa" : 1,  "begin" : 315,  "end" : 319 }, 
        {"sofa" : 1,  "begin" : 320,  "end" : 321 }, 
        {"sofa" : 1,  "begin" : 322,  "end" : 323 }, 
        {"sofa" : 1,  "begin" : 324,  "end" : 327 }, 
        {"sofa" : 1,  "begin" : 328,  "end" : 336 }, 
        {"sofa" : 1,  "begin" : 337,  "end" : 339 }, 
        {"sofa" : 1,  "begin" : 340,  "end" : 347 }, 
        {"sofa" : 1,  "begin" : 348,  "end" : 351 }, 
        {"sofa" : 1,  "begin" : 352,  "end" : 358 }, 
        {"sofa" : 1,  "begin" : 359,  "end" : 365 }, 
        {"sofa" : 1,  "begin" : 366,  "end" : 369 }, 
        {"sofa" : 1,  "begin" : 370,  "end" : 378 }, 
        {"sofa" : 1,  "begin" : 379,  "end" : 388 }, 
        {"sofa" : 1,  "begin" : 389,  "end" : 390 }, 
        {"sofa" : 1,  "begin" : 391,  "end" : 392 }, 
        {"sofa" : 1,  "begin" : 393,  "end" : 397 }, 
        {"sofa" : 1,  "begin" : 398,  "end" : 403 }, 
        {"sofa" : 1,  "begin" : 404,  "end" : 410 }, 
        {"sofa" : 1,  "begin" : 411,  "end" : 413 }, 
        {"sofa" : 1,  "begin" : 414,  "end" : 418 }, 
        {"sofa" : 1,  "begin" : 419,  "end" : 420 }, 
        {"sofa" : 1,  "begin" : 421,  "end" : 422 }, 
        {"sofa" : 1,  "begin" : 423,  "end" : 428 }, 
        {"sofa" : 1,  "begin" : 429,  "end" : 434 }, 
        {"sofa" : 1,  "begin" : 435,  "end" : 444 }, 
        {"sofa" : 1,  "begin" : 445,  "end" : 446 }, 
        {"sofa" : 1,  "begin" : 447,  "end" : 448 }, 
        {"sofa" : 1,  "begin" : 449,  "end" : 451 }, 
        {"sofa" : 1,  "begin" : 452,  "end" : 461 }, 
        {"sofa" : 1,  "begin" : 462,  "end" : 465 }, 
        {"sofa" : 1,  "begin" : 466,  "end" : 468 }, 
        {"sofa" : 1,  "begin" : 469,  "end" : 475 }, 
        {"sofa" : 1,  "begin" : 476,  "end" : 479 }, 
        {"sofa" : 1,  "begin" : 480,  "end" : 483 }, 
        {"sofa" : 1,  "begin" : 484,  "end" : 490 }, 
        {"sofa" : 1,  "begin" : 491,  "end" : 494 }, 
        {"sofa" : 1,  "begin" : 495,  "end" : 499 }, 
        {"sofa" : 1,  "begin" : 500,  "end" : 504 }, 
        {"sofa" : 1,  "begin" : 505,  "end" : 509 }, 
        {"sofa" : 1,  "begin" : 510,  "end" : 518 }, 
        {"sofa" : 1,  "begin" : 519,  "end" : 522 }, 
        {"sofa" : 1,  "begin" : 523,  "end" : 528 }, 
        {"sofa" : 1,  "begin" : 529,  "end" : 531 }, 
        {"sofa" : 1,  "begin" : 532,  "end" : 542 }, 
        {"sofa" : 1,  "begin" : 543,  "end" : 548 }, 
        {"sofa" : 1,  "begin" : 549,  "end" : 552 }, 
        {"sofa" : 1,  "begin" : 553,  "end" : 559 }, 
        {"sofa" : 1,  "begin" : 560,  "end" : 564 }, 
        {"sofa" : 1,  "begin" : 565,  "end" : 566 }, 
        {"sofa" : 1,  "begin" : 567,  "end" : 570 }, 
        {"sofa" : 1,  "begin" : 571,  "end" : 572 }, 
        {"sofa" : 1,  "begin" : 573,  "end" : 575 }, 
        {"sofa" : 1,  "begin" : 576,  "end" : 580 }, 
        {"sofa" : 1,  "begin" : 581,  "end" : 586 }, 
        {"sofa" : 1,  "begin" : 587,  "end" : 590 }, 
        {"sofa" : 1,  "begin" : 591,  "end" : 596 }, 
        {"sofa" : 1,  "begin" : 597,  "end" : 599 }, 
        {"sofa" : 1,  "begin" : 600,  "end" : 610 }, 
        {"sofa" : 1,  "begin" : 611,  "end" : 618 }, 
        {"sofa" : 1,  "begin" : 619,  "end" : 622 }, 
        {"sofa" : 1,  "begin" : 623,  "end" : 631 }, 
        {"sofa" : 1,  "begin" : 632,  "end" : 642 }, 
        {"sofa" : 1,  "begin" : 643,  "end" : 644 }, 
        {"sofa" : 1,  "begin" : 645,  "end" : 647 }, 
        {"sofa" : 1,  "begin" : 648,  "end" : 650 }, 
        {"sofa" : 1,  "begin" : 651,  "end" : 659 }, 
        {"sofa" : 1,  "begin" : 660,  "end" : 662 }, 
        {"sofa" : 1,  "begin" : 663,  "end" : 670 }, 
        {"sofa" : 1,  "begin" : 671,  "end" : 679 }, 
        {"sofa" : 1,  "begin" : 680,  "end" : 681 }, 
        {"sofa" : 1,  "begin" : 682,  "end" : 684 }, 
        {"sofa" : 1,  "begin" : 685,  "end" : 689 }, 
        {"sofa" : 1,  "begin" : 690,  "end" : 694 }, 
        {"sofa" : 1,  "begin" : 695,  "end" : 698 }, 
        {"sofa" : 1,  "begin" : 699,  "end" : 702 }, 
        {"sofa" : 1,  "begin" : 703,  "end" : 710 }, 
        {"sofa" : 1,  "begin" : 711,  "end" : 718 }, 
        {"sofa" : 1,  "begin" : 719,  "end" : 720 }, 
        {"sofa" : 1,  "begin" : 721,  "end" : 722 }, 
        {"sofa" : 1,  "begin" : 723,  "end" : 726 }, 
        {"sofa" : 1,  "begin" : 727,  "end" : 737 }, 
        {"sofa" : 1,  "begin" : 738,  "end" : 739 }, 
        {"sofa" : 1,  "begin" : 740,  "end" : 742 }, 
        {"sofa" : 1,  "begin" : 743,  "end" : 745 }, 
        {"sofa" : 1,  "begin" : 746,  "end" : 747 }, 
        {"sofa" : 1,  "begin" : 748,  "end" : 751 }, 
        {"sofa" : 1,  "begin" : 752,  "end" : 753 }, 
        {"sofa" : 1,  "begin" : 754,  "end" : 761 }, 
        {"sofa" : 1,  "begin" : 762,  "end" : 769 }, 
        {"sofa" : 1,  "begin" : 770,  "end" : 775 }, 
        {"sofa" : 1,  "begin" : 776,  "end" : 781 }, 
        {"sofa" : 1,  "begin" : 782,  "end" : 784 }, 
        {"sofa" : 1,  "begin" : 785,  "end" : 786 }, 
        {"sofa" : 1,  "begin" : 787,  "end" : 794 }, 
        {"sofa" : 1,  "begin" : 795,  "end" : 799 }, 
        {"sofa" : 1,  "begin" : 800,  "end" : 803 }, 
        {"sofa" : 1,  "begin" : 804,  "end" : 812 }, 
        {"sofa" : 1,  "begin" : 813,  "end" : 821 }, 
        {"sofa" : 1,  "begin" : 822,  "end" : 828 }, 
        {"sofa" : 1,  "begin" : 829,  "end" : 831 }, 
        {"sofa" : 1,  "begin" : 832,  "end" : 838 }, 
        {"sofa" : 1,  "begin" : 839,  "end" : 847 }, 
        {"sofa" : 1,  "begin" : 848,  "end" : 855 }, 
        {"sofa" : 1,  "begin" : 856,  "end" : 857 }, 
        {"sofa" : 1,  "begin" : 858,  "end" : 859 }, 
        {"sofa" : 1,  "begin" : 860,  "end" : 869 }, 
        {"sofa" : 1,  "begin" : 870,  "end" : 874 }, 
        {"sofa" : 1,  "begin" : 875,  "end" : 878 }, 
        {"sofa" : 1,  "begin" : 879,  "end" : 884 }, 
        {"sofa" : 1,  "begin" : 885,  "end" : 890 }, 
        {"sofa" : 1,  "begin" : 891,  "end" : 895 }, 
        {"sofa" : 1,  "begin" : 896,  "end" : 897 }, 
        {"sofa" : 1,  "begin" : 898,  "end" : 901 }, 
        {"sofa" : 1,  "begin" : 902,  "end" : 907 }, 
        {"sofa" : 1,  "begin" : 908,  "end" : 910 }, 
        {"sofa" : 1,  "begin" : 911,  "end" : 914 }, 
        {"sofa" : 1,  "begin" : 915,  "end" : 920 }, 
        {"sofa" : 1,  "begin" : 921,  "end" : 923 }, 
        {"sofa" : 1,  "begin" : 924,  "end" : 929 }, 
        {"sofa" : 1,  "begin" : 930,  "end" : 943 }, 
        {"sofa" : 1,  "begin" : 944,  "end" : 945 }, 
        {"sofa" : 1,  "begin" : 946,  "end" : 949 }, 
        {"sofa" : 1,  "begin" : 950,  "end" : 955 }, 
        {"sofa" : 1,  "begin" : 956,  "end" : 961 }, 
        {"sofa" : 1,  "begin" : 962,  "end" : 966 }, 
        {"sofa" : 1,  "begin" : 967,  "end" : 968 } ], 
      "PartsofCause" : [2438,  2429,  2447,  2526,  2535,  2544,  2633,  2620,  2607,  2734,  2725,  2751,  2676,  2685 ], 
      "TypesofCause" : [
        {"sofa" : 1,  "begin" : 67,  "end" : 87,  "Dependent" : 2438,  "Governor" : 2429,  "TypesofCause" : "Effect" }, 
        {"sofa" : 1,  "begin" : 94,  "end" : 137,  "Dependent" : 2447,  "Governor" : 2429,  "TypesofCause" : "Effect" }, 
        {"sofa" : 1,  "begin" : 449,  "end" : 528,  "Dependent" : 2526,  "Governor" : 2535,  "TypesofCause" : "Effect" }, 
        {"sofa" : 1,  "begin" : 532,  "end" : 564,  "Dependent" : 2544,  "Governor" : 2535,  "TypesofCause" : "Cause" }, 
        {"sofa" : 1,  "begin" : 648,  "end" : 679,  "Dependent" : 2620,  "Governor" : 2633,  "TypesofCause" : "Cause" }, 
        {"sofa" : 1,  "begin" : 682,  "end" : 718,  "Dependent" : 2607,  "Governor" : 2633,  "TypesofCause" : "Effect" }, 
        {"sofa" : 1,  "begin" : 723,  "end" : 775,  "Dependent" : 2734,  "Governor" : 2725,  "TypesofCause" : "Effect" }, 
        {"sofa" : 1,  "begin" : 782,  "end" : 855,  "Dependent" : 2751,  "Governor" : 2725,  "TypesofCause" : "Cause" }, 
        {"sofa" : 1,  "begin" : 911,  "end" : 920,  "Dependent" : 2685,  "Governor" : 2676,  "TypesofCause" : "Effect" } ] } }, 
  "_referenced_fss" : {
    "1" : {"_type" : "Sofa",  "sofaNum" : 1,  "sofaID" : "_InitialView",  "mimeType" : "text",  "sofaString" : "The U.S. Coast Guard on Thursday found an additional two bodies of crew members missing after a helicopter crash in Alabama 's Mobile Bay .\nRescuers have now found a total three bodies from the Tuesday crash , and have suspended the extensive search even though one other person was still missing , the Coast Guard said .\n\" The decision to suspend the active search was terribly difficult , \" said Capt. Donald J. Rose , a Coast Guard commander .\n\" We saturated 95% of Mobile Bay for nearly two days with both aircraft and boats to thoroughly cover the search area .\nNow , we must shift our focus to continuing salvage and recovery operations .\nAs we continue to recover wreckage , we will look for the missing crewman . \"\nThe helicopter , an MH - 65C , crashed Tuesday night while on a mission from the Aviation Training Center at Mobile Regional Airport , a statement from the Coast Guard said .\nThe cause of the crash is under investigation , the Coast Guard said ." }, 
    "2438" : {"_type" : "PartsofCause",  "sofa" : 1,  "begin" : 67,  "end" : 87,  "PartsofCause" : "Argument" }, 
    "2429" : {"_type" : "PartsofCause",  "sofa" : 1,  "begin" : 88,  "end" : 93,  "PartsofCause" : "Causing" }, 
    "2447" : {"_type" : "PartsofCause",  "sofa" : 1,  "begin" : 94,  "end" : 137,  "PartsofCause" : "Argument" }, 
    "2526" : {"_type" : "PartsofCause",  "sofa" : 1,  "begin" : 449,  "end" : 528,  "PartsofCause" : "Argument" }, 
    "2535" : {"_type" : "PartsofCause",  "sofa" : 1,  "begin" : 529,  "end" : 531,  "PartsofCause" : "Causing" }, 
    "2544" : {"_type" : "PartsofCause",  "sofa" : 1,  "begin" : 532,  "end" : 564,  "PartsofCause" : "Argument" }, 
    "2620" : {"_type" : "PartsofCause",  "sofa" : 1,  "begin" : 648,  "end" : 679,  "PartsofCause" : "Argument" }, 
    "2633" : {"_type" : "PartsofCause",  "sofa" : 1,  "begin" : 645,  "end" : 647,  "PartsofCause" : "Enabling" }, 
    "2607" : {"_type" : "PartsofCause",  "sofa" : 1,  "begin" : 682,  "end" : 718,  "PartsofCause" : "Argument" }, 
    "2734" : {"_type" : "PartsofCause",  "sofa" : 1,  "begin" : 723,  "end" : 775,  "PartsofCause" : "Argument" }, 
    "2725" : {"_type" : "PartsofCause",  "sofa" : 1,  "begin" : 776,  "end" : 781,  "PartsofCause" : "Enabling" }, 
    "2751" : {"_type" : "PartsofCause",  "sofa" : 1,  "begin" : 782,  "end" : 855,  "PartsofCause" : "Argument" }, 
    "2685" : {"_type" : "PartsofCause",  "sofa" : 1,  "begin" : 911,  "end" : 920,  "PartsofCause" : "Argument" }, 
    "2676" : {"_type" : "PartsofCause",  "sofa" : 1,  "begin" : 902,  "end" : 907,  "PartsofCause" : "Causing" }, 
    "2868" : {"_type" : "LayerDefinition",  "name" : "webanno.custom.TypesofCause",  "uiName" : "Types of Cause" }, 
    "2850" : {"_type" : "LayerDefinition",  "name" : "webanno.custom.DisjointCausalSpans",  "uiName" : "Disjoint Causal Spans" }, 
    "2861" : {"_type" : "LayerDefinition",  "name" : "webanno.custom.PartsofCause",  "uiName" : "Parts of Cause" } } }