{"_context" : {
    "_types" : {
      "DocumentMetaData" : {
        "_feature_types" : {"sofa" : "_ref" } }, 
      "FeatureDefinition" : {
        "_feature_types" : {"layer" : "_ref" } }, 
      "LayerDefinition" : { }, 
      "PartsofCause" : {
        "_feature_types" : {"sofa" : "_ref" } }, 
      "Sentence" : {
        "_feature_types" : {"sofa" : "_ref" } }, 
      "Sofa" : {
        "_feature_types" : {"sofaArray" : "_ref" } }, 
      "TagsetDescription" : {
        "_feature_types" : {"sofa" : "_ref",  "tags" : "_ref" } }, 
      "Token" : {
        "_feature_types" : {"sofa" : "_ref",  "parent" : "_ref",  "lemma" : "_ref",  "stem" : "_ref",  "pos" : "_ref",  "morph" : "_ref",  "form" : "_ref" } }, 
      "TypesofCause" : {
        "_feature_types" : {"sofa" : "_ref",  "Dependent" : "_ref",  "Governor" : "_ref" } }, 
      "DocumentAnnotation" : {
        "_feature_types" : {"sofa" : "_ref" }, 
        "_subtypes" : ["DocumentMetaData" ] }, 
      "Annotation" : {
        "_feature_types" : {"sofa" : "_ref" }, 
        "_subtypes" : ["DocumentAnnotation",  "PartsofCause",  "Sentence",  "TagsetDescription",  "Token",  "TypesofCause" ] }, 
      "AnnotationBase" : {
        "_feature_types" : {"sofa" : "_ref" }, 
        "_subtypes" : ["Annotation" ] }, 
      "TOP" : {
        "_subtypes" : ["AnnotationBase",  "FeatureDefinition",  "LayerDefinition",  "Sofa" ] } } }, 
  "_views" : {
    "_InitialView" : {
      "FeatureDefinition" : [
        {"layer" : 2162,  "name" : "referenceRelation",  "uiName" : "Reference Relation" }, 
        {"layer" : 2162,  "name" : "referenceType",  "uiName" : "Reference Type" }, 
        {"layer" : 2173,  "name" : "PartsofCause",  "uiName" : "Parts of Cause" }, 
        {"layer" : 2180,  "name" : "TypesofCause",  "uiName" : "Types of Cause" } ], 
      "LayerDefinition" : [2162,  2173,  2180 ], 
      "DocumentMetaData" : [
        {"sofa" : 1,  "end" : 749,  "language" : "x-unspecified",  "documentTitle" : "reddit-013.txt",  "documentId" : "GJW",  "documentUri" : "file:/srv/inception/repository/project/2/document/2415/source/GJW",  "collectionId" : "file:/srv/inception/repository/project/2/document/2415/source/",  "documentBaseUri" : "file:/srv/inception/repository/project/2/document/2415/source/",  "isLastSegment" : false } ], 
      "TagsetDescription" : [
        {"sofa" : 1,  "layer" : "webanno.custom.PartsofCause",  "name" : "Parts of Cause",  "input" : false }, 
        {"sofa" : 1,  "layer" : "webanno.custom.TypesofCause",  "name" : "Causal Relations",  "input" : false } ], 
      "Sentence" : [
        {"sofa" : 1,  "end" : 143 }, 
        {"sofa" : 1,  "begin" : 144,  "end" : 220 }, 
        {"sofa" : 1,  "begin" : 221,  "end" : 415 }, 
        {"sofa" : 1,  "begin" : 416,  "end" : 541 }, 
        {"sofa" : 1,  "begin" : 542,  "end" : 629 }, 
        {"sofa" : 1,  "begin" : 630,  "end" : 716 }, 
        {"sofa" : 1,  "begin" : 717,  "end" : 749 } ], 
      "Token" : [
        {"sofa" : 1,  "end" : 9 }, 
        {"sofa" : 1,  "begin" : 10,  "end" : 11 }, 
        {"sofa" : 1,  "begin" : 12,  "end" : 16 }, 
        {"sofa" : 1,  "begin" : 17,  "end" : 21 }, 
        {"sofa" : 1,  "begin" : 22,  "end" : 23 }, 
        {"sofa" : 1,  "begin" : 24,  "end" : 26 }, 
        {"sofa" : 1,  "begin" : 27,  "end" : 30 }, 
        {"sofa" : 1,  "begin" : 31,  "end" : 38 }, 
        {"sofa" : 1,  "begin" : 39,  "end" : 42 }, 
        {"sofa" : 1,  "begin" : 43,  "end" : 52 }, 
        {"sofa" : 1,  "begin" : 53,  "end" : 57 }, 
        {"sofa" : 1,  "begin" : 58,  "end" : 60 }, 
        {"sofa" : 1,  "begin" : 61,  "end" : 65 }, 
        {"sofa" : 1,  "begin" : 66,  "end" : 69 }, 
        {"sofa" : 1,  "begin" : 70,  "end" : 78 }, 
        {"sofa" : 1,  "begin" : 79,  "end" : 85 }, 
        {"sofa" : 1,  "begin" : 86,  "end" : 89 }, 
        {"sofa" : 1,  "begin" : 90,  "end" : 93 }, 
        {"sofa" : 1,  "begin" : 94,  "end" : 98 }, 
        {"sofa" : 1,  "begin" : 99,  "end" : 101 }, 
        {"sofa" : 1,  "begin" : 102,  "end" : 111 }, 
        {"sofa" : 1,  "begin" : 112,  "end" : 114 }, 
        {"sofa" : 1,  "begin" : 115,  "end" : 118 }, 
        {"sofa" : 1,  "begin" : 119,  "end" : 121 }, 
        {"sofa" : 1,  "begin" : 122,  "end" : 129 }, 
        {"sofa" : 1,  "begin" : 130,  "end" : 134 }, 
        {"sofa" : 1,  "begin" : 135,  "end" : 141 }, 
        {"sofa" : 1,  "begin" : 142,  "end" : 143 }, 
        {"sofa" : 1,  "begin" : 144,  "end" : 149 }, 
        {"sofa" : 1,  "begin" : 150,  "end" : 154 }, 
        {"sofa" : 1,  "begin" : 155,  "end" : 162 }, 
        {"sofa" : 1,  "begin" : 163,  "end" : 170 }, 
        {"sofa" : 1,  "begin" : 171,  "end" : 175 }, 
        {"sofa" : 1,  "begin" : 176,  "end" : 177 }, 
        {"sofa" : 1,  "begin" : 178,  "end" : 179 }, 
        {"sofa" : 1,  "begin" : 180,  "end" : 184 }, 
        {"sofa" : 1,  "begin" : 185,  "end" : 186 }, 
        {"sofa" : 1,  "begin" : 187,  "end" : 190 }, 
        {"sofa" : 1,  "begin" : 191,  "end" : 194 }, 
        {"sofa" : 1,  "begin" : 195,  "end" : 198 }, 
        {"sofa" : 1,  "begin" : 199,  "end" : 203 }, 
        {"sofa" : 1,  "begin" : 204,  "end" : 206 }, 
        {"sofa" : 1,  "begin" : 207,  "end" : 211 }, 
        {"sofa" : 1,  "begin" : 212,  "end" : 218 }, 
        {"sofa" : 1,  "begin" : 219,  "end" : 220 }, 
        {"sofa" : 1,  "begin" : 221,  "end" : 223 }, 
        {"sofa" : 1,  "begin" : 224,  "end" : 234 }, 
        {"sofa" : 1,  "begin" : 235,  "end" : 236 }, 
        {"sofa" : 1,  "begin" : 237,  "end" : 240 }, 
        {"sofa" : 1,  "begin" : 241,  "end" : 250 }, 
        {"sofa" : 1,  "begin" : 251,  "end" : 261 }, 
        {"sofa" : 1,  "begin" : 262,  "end" : 264 }, 
        {"sofa" : 1,  "begin" : 265,  "end" : 273 }, 
        {"sofa" : 1,  "begin" : 274,  "end" : 275 }, 
        {"sofa" : 1,  "begin" : 276,  "end" : 279 }, 
        {"sofa" : 1,  "begin" : 280,  "end" : 287 }, 
        {"sofa" : 1,  "begin" : 288,  "end" : 289 }, 
        {"sofa" : 1,  "begin" : 290,  "end" : 295 }, 
        {"sofa" : 1,  "begin" : 296,  "end" : 304 }, 
        {"sofa" : 1,  "begin" : 305,  "end" : 308 }, 
        {"sofa" : 1,  "begin" : 309,  "end" : 311 }, 
        {"sofa" : 1,  "begin" : 312,  "end" : 317 }, 
        {"sofa" : 1,  "begin" : 318,  "end" : 328 }, 
        {"sofa" : 1,  "begin" : 329,  "end" : 337 }, 
        {"sofa" : 1,  "begin" : 338,  "end" : 344 }, 
        {"sofa" : 1,  "begin" : 345,  "end" : 347 }, 
        {"sofa" : 1,  "begin" : 348,  "end" : 354 }, 
        {"sofa" : 1,  "begin" : 355,  "end" : 357 }, 
        {"sofa" : 1,  "begin" : 358,  "end" : 363 }, 
        {"sofa" : 1,  "begin" : 364,  "end" : 368 }, 
        {"sofa" : 1,  "begin" : 369,  "end" : 372 }, 
        {"sofa" : 1,  "begin" : 373,  "end" : 379 }, 
        {"sofa" : 1,  "begin" : 380,  "end" : 382 }, 
        {"sofa" : 1,  "begin" : 383,  "end" : 386 }, 
        {"sofa" : 1,  "begin" : 387,  "end" : 398 }, 
        {"sofa" : 1,  "begin" : 399,  "end" : 409 }, 
        {"sofa" : 1,  "begin" : 410,  "end" : 413 }, 
        {"sofa" : 1,  "begin" : 414,  "end" : 415 }, 
        {"sofa" : 1,  "begin" : 416,  "end" : 419 }, 
        {"sofa" : 1,  "begin" : 420,  "end" : 423 }, 
        {"sofa" : 1,  "begin" : 424,  "end" : 425 }, 
        {"sofa" : 1,  "begin" : 426,  "end" : 430 }, 
        {"sofa" : 1,  "begin" : 431,  "end" : 435 }, 
        {"sofa" : 1,  "begin" : 436,  "end" : 438 }, 
        {"sofa" : 1,  "begin" : 439,  "end" : 443 }, 
        {"sofa" : 1,  "begin" : 444,  "end" : 453 }, 
        {"sofa" : 1,  "begin" : 454,  "end" : 457 }, 
        {"sofa" : 1,  "begin" : 458,  "end" : 465 }, 
        {"sofa" : 1,  "begin" : 466,  "end" : 467 }, 
        {"sofa" : 1,  "begin" : 468,  "end" : 471 }, 
        {"sofa" : 1,  "begin" : 472,  "end" : 478 }, 
        {"sofa" : 1,  "begin" : 479,  "end" : 486 }, 
        {"sofa" : 1,  "begin" : 487,  "end" : 490 }, 
        {"sofa" : 1,  "begin" : 491,  "end" : 499 }, 
        {"sofa" : 1,  "begin" : 500,  "end" : 504 }, 
        {"sofa" : 1,  "begin" : 505,  "end" : 507 }, 
        {"sofa" : 1,  "begin" : 508,  "end" : 513 }, 
        {"sofa" : 1,  "begin" : 514,  "end" : 517 }, 
        {"sofa" : 1,  "begin" : 518,  "end" : 528 }, 
        {"sofa" : 1,  "begin" : 529,  "end" : 539 }, 
        {"sofa" : 1,  "begin" : 540,  "end" : 541 }, 
        {"sofa" : 1,  "begin" : 542,  "end" : 544 }, 
        {"sofa" : 1,  "begin" : 545,  "end" : 550 }, 
        {"sofa" : 1,  "begin" : 551,  "end" : 554 }, 
        {"sofa" : 1,  "begin" : 555,  "end" : 560 }, 
        {"sofa" : 1,  "begin" : 561,  "end" : 562 }, 
        {"sofa" : 1,  "begin" : 563,  "end" : 567 }, 
        {"sofa" : 1,  "begin" : 568,  "end" : 571 }, 
        {"sofa" : 1,  "begin" : 572,  "end" : 574 }, 
        {"sofa" : 1,  "begin" : 575,  "end" : 583 }, 
        {"sofa" : 1,  "begin" : 584,  "end" : 587 }, 
        {"sofa" : 1,  "begin" : 588,  "end" : 589 }, 
        {"sofa" : 1,  "begin" : 590,  "end" : 591 }, 
        {"sofa" : 1,  "begin" : 592,  "end" : 596 }, 
        {"sofa" : 1,  "begin" : 597,  "end" : 601 }, 
        {"sofa" : 1,  "begin" : 602,  "end" : 603 }, 
        {"sofa" : 1,  "begin" : 604,  "end" : 609 }, 
        {"sofa" : 1,  "begin" : 610,  "end" : 612 }, 
        {"sofa" : 1,  "begin" : 613,  "end" : 615 }, 
        {"sofa" : 1,  "begin" : 616,  "end" : 619 }, 
        {"sofa" : 1,  "begin" : 620,  "end" : 627 }, 
        {"sofa" : 1,  "begin" : 628,  "end" : 629 }, 
        {"sofa" : 1,  "begin" : 630,  "end" : 634 }, 
        {"sofa" : 1,  "begin" : 635,  "end" : 637 }, 
        {"sofa" : 1,  "begin" : 638,  "end" : 647 }, 
        {"sofa" : 1,  "begin" : 648,  "end" : 651 }, 
        {"sofa" : 1,  "begin" : 652,  "end" : 656 }, 
        {"sofa" : 1,  "begin" : 657,  "end" : 658 }, 
        {"sofa" : 1,  "begin" : 659,  "end" : 660 }, 
        {"sofa" : 1,  "begin" : 661,  "end" : 665 }, 
        {"sofa" : 1,  "begin" : 666,  "end" : 667 }, 
        {"sofa" : 1,  "begin" : 668,  "end" : 671 }, 
        {"sofa" : 1,  "begin" : 672,  "end" : 675 }, 
        {"sofa" : 1,  "begin" : 676,  "end" : 679 }, 
        {"sofa" : 1,  "begin" : 680,  "end" : 682 }, 
        {"sofa" : 1,  "begin" : 683,  "end" : 686 }, 
        {"sofa" : 1,  "begin" : 687,  "end" : 699 }, 
        {"sofa" : 1,  "begin" : 700,  "end" : 707 }, 
        {"sofa" : 1,  "begin" : 708,  "end" : 714 }, 
        {"sofa" : 1,  "begin" : 715,  "end" : 716 }, 
        {"sofa" : 1,  "begin" : 717,  "end" : 719 }, 
        {"sofa" : 1,  "begin" : 720,  "end" : 722 }, 
        {"sofa" : 1,  "begin" : 723,  "end" : 724 }, 
        {"sofa" : 1,  "begin" : 725,  "end" : 728 }, 
        {"sofa" : 1,  "begin" : 729,  "end" : 731 }, 
        {"sofa" : 1,  "begin" : 732,  "end" : 735 }, 
        {"sofa" : 1,  "begin" : 736,  "end" : 739 }, 
        {"sofa" : 1,  "begin" : 740,  "end" : 744 }, 
        {"sofa" : 1,  "begin" : 745,  "end" : 747 }, 
        {"sofa" : 1,  "begin" : 748,  "end" : 749 } ], 
      "PartsofCause" : [2013,  2004,  2022,  2085,  2106,  2119 ], 
      "TypesofCause" : [
        {"sofa" : 1,  "begin" : 70,  "end" : 78,  "Dependent" : 2013,  "Governor" : 2004,  "TypesofCause" : "Cause" }, 
        {"sofa" : 1,  "begin" : 102,  "end" : 141,  "Dependent" : 2022,  "Governor" : 2004,  "TypesofCause" : "Effect" }, 
        {"sofa" : 1,  "begin" : 720,  "end" : 722,  "Dependent" : 2106,  "Governor" : 2085,  "TypesofCause" : "Cause" }, 
        {"sofa" : 1,  "begin" : 725,  "end" : 747,  "Dependent" : 2119,  "Governor" : 2085,  "TypesofCause" : "Effect" } ] } }, 
  "_referenced_fss" : {
    "1" : {"_type" : "Sofa",  "sofaNum" : 1,  "sofaID" : "_InitialView",  "mimeType" : "text",  "sofaString" : "Basically I feel like I 'm not getting any knowledge into my head and studying solely for the sake of improving my GPA or getting good grades .\nFirst year college student here , I know I was n't the same in high school .\nIn highschool I was genuinely interested in learning , for example I would actively try to apply scientific concepts learnt in school to daily life and marvel at how interesting everything was .\nBut now I feel like am just vomitting all content I 've learnt through the semester into my exams and forgetting afterwards .\nMy profs are doing a good job at teaching too , I just feel a shift in my own mindset .\nThis is obviously not good , I know , but are any of you experiencing similar things ?\nIf so , how do you get over it ?" }, 
    "2013" : {"_type" : "PartsofCause",  "sofa" : 1,  "begin" : 70,  "end" : 78,  "PartsofCause" : "Argument" }, 
    "2004" : {"_type" : "PartsofCause",  "sofa" : 1,  "begin" : 86,  "end" : 101,  "PartsofCause" : "Causing" }, 
    "2022" : {"_type" : "PartsofCause",  "sofa" : 1,  "begin" : 102,  "end" : 141,  "PartsofCause" : "Argument" }, 
    "2106" : {"_type" : "PartsofCause",  "sofa" : 1,  "begin" : 720,  "end" : 722,  "PartsofCause" : "Argument" }, 
    "2085" : {"_type" : "PartsofCause",  "sofa" : 1,  "begin" : 717,  "end" : 719,  "PartsofCause" : "Causing" }, 
    "2119" : {"_type" : "PartsofCause",  "sofa" : 1,  "begin" : 725,  "end" : 747,  "PartsofCause" : "Argument" }, 
    "2162" : {"_type" : "LayerDefinition",  "name" : "webanno.custom.DisjointCausalSpans",  "uiName" : "Disjoint Causal Spans" }, 
    "2173" : {"_type" : "LayerDefinition",  "name" : "webanno.custom.PartsofCause",  "uiName" : "Parts of Cause" }, 
    "2180" : {"_type" : "LayerDefinition",  "name" : "webanno.custom.TypesofCause",  "uiName" : "Types of Cause" } } }