{"_context" : {
    "_types" : {
      "DocumentMetaData" : {
        "_feature_types" : {"sofa" : "_ref" } }, 
      "FeatureDefinition" : {
        "_feature_types" : {"layer" : "_ref" } }, 
      "LayerDefinition" : { }, 
      "PartsofCause" : {
        "_feature_types" : {"sofa" : "_ref" } }, 
      "Sentence" : {
        "_feature_types" : {"sofa" : "_ref" } }, 
      "Sofa" : {
        "_feature_types" : {"sofaArray" : "_ref" } }, 
      "TagsetDescription" : {
        "_feature_types" : {"sofa" : "_ref",  "tags" : "_ref" } }, 
      "Token" : {
        "_feature_types" : {"sofa" : "_ref",  "parent" : "_ref",  "lemma" : "_ref",  "stem" : "_ref",  "pos" : "_ref",  "morph" : "_ref",  "form" : "_ref" } }, 
      "TypesofCause" : {
        "_feature_types" : {"sofa" : "_ref",  "Dependent" : "_ref",  "Governor" : "_ref" } }, 
      "DocumentAnnotation" : {
        "_feature_types" : {"sofa" : "_ref" }, 
        "_subtypes" : ["DocumentMetaData" ] }, 
      "Annotation" : {
        "_feature_types" : {"sofa" : "_ref" }, 
        "_subtypes" : ["DocumentAnnotation",  "PartsofCause",  "Sentence",  "TagsetDescription",  "Token",  "TypesofCause" ] }, 
      "AnnotationBase" : {
        "_feature_types" : {"sofa" : "_ref" }, 
        "_subtypes" : ["Annotation" ] }, 
      "TOP" : {
        "_subtypes" : ["AnnotationBase",  "FeatureDefinition",  "LayerDefinition",  "Sofa" ] } } }, 
  "_views" : {
    "_InitialView" : {
      "FeatureDefinition" : [
        {"layer" : 2466,  "name" : "referenceRelation",  "uiName" : "Reference Relation" }, 
        {"layer" : 2466,  "name" : "referenceType",  "uiName" : "Reference Type" }, 
        {"layer" : 2477,  "name" : "PartsofCause",  "uiName" : "Parts of Cause" }, 
        {"layer" : 2484,  "name" : "TypesofCause",  "uiName" : "Types of Cause" } ], 
      "LayerDefinition" : [2466,  2477,  2484 ], 
      "DocumentMetaData" : [
        {"sofa" : 1,  "end" : 799,  "language" : "x-unspecified",  "documentTitle" : "reddit-023.txt",  "documentId" : "AYC",  "documentUri" : "file:/srv/inception/repository/project/2/document/2425/source/AYC",  "collectionId" : "file:/srv/inception/repository/project/2/document/2425/source/",  "documentBaseUri" : "file:/srv/inception/repository/project/2/document/2425/source/",  "isLastSegment" : false } ], 
      "TagsetDescription" : [
        {"sofa" : 1,  "layer" : "webanno.custom.PartsofCause",  "name" : "Parts of Cause",  "input" : false }, 
        {"sofa" : 1,  "layer" : "webanno.custom.TypesofCause",  "name" : "Causal Relations",  "input" : false } ], 
      "Sentence" : [
        {"sofa" : 1,  "end" : 148 }, 
        {"sofa" : 1,  "begin" : 149,  "end" : 356 }, 
        {"sofa" : 1,  "begin" : 357,  "end" : 444 }, 
        {"sofa" : 1,  "begin" : 445,  "end" : 597 }, 
        {"sofa" : 1,  "begin" : 598,  "end" : 718 }, 
        {"sofa" : 1,  "begin" : 719,  "end" : 799 } ], 
      "Token" : [
        {"sofa" : 1,  "end" : 2 }, 
        {"sofa" : 1,  "begin" : 3,  "end" : 6 }, 
        {"sofa" : 1,  "begin" : 7,  "end" : 10 }, 
        {"sofa" : 1,  "begin" : 11,  "end" : 15 }, 
        {"sofa" : 1,  "begin" : 16,  "end" : 17 }, 
        {"sofa" : 1,  "begin" : 18,  "end" : 21 }, 
        {"sofa" : 1,  "begin" : 22,  "end" : 28 }, 
        {"sofa" : 1,  "begin" : 29,  "end" : 33 }, 
        {"sofa" : 1,  "begin" : 34,  "end" : 37 }, 
        {"sofa" : 1,  "begin" : 38,  "end" : 43 }, 
        {"sofa" : 1,  "begin" : 44,  "end" : 45 }, 
        {"sofa" : 1,  "begin" : 46,  "end" : 48 }, 
        {"sofa" : 1,  "begin" : 49,  "end" : 50 }, 
        {"sofa" : 1,  "begin" : 51,  "end" : 57 }, 
        {"sofa" : 1,  "begin" : 58,  "end" : 59 }, 
        {"sofa" : 1,  "begin" : 60,  "end" : 66 }, 
        {"sofa" : 1,  "begin" : 67,  "end" : 68 }, 
        {"sofa" : 1,  "begin" : 69,  "end" : 75 }, 
        {"sofa" : 1,  "begin" : 76,  "end" : 78 }, 
        {"sofa" : 1,  "begin" : 79,  "end" : 81 }, 
        {"sofa" : 1,  "begin" : 82,  "end" : 88 }, 
        {"sofa" : 1,  "begin" : 89,  "end" : 94 }, 
        {"sofa" : 1,  "begin" : 95,  "end" : 98 }, 
        {"sofa" : 1,  "begin" : 99,  "end" : 100 }, 
        {"sofa" : 1,  "begin" : 101,  "end" : 106 }, 
        {"sofa" : 1,  "begin" : 107,  "end" : 110 }, 
        {"sofa" : 1,  "begin" : 111,  "end" : 113 }, 
        {"sofa" : 1,  "begin" : 114,  "end" : 116 }, 
        {"sofa" : 1,  "begin" : 117,  "end" : 124 }, 
        {"sofa" : 1,  "begin" : 125,  "end" : 129 }, 
        {"sofa" : 1,  "begin" : 130,  "end" : 133 }, 
        {"sofa" : 1,  "begin" : 134,  "end" : 140 }, 
        {"sofa" : 1,  "begin" : 141,  "end" : 144 }, 
        {"sofa" : 1,  "begin" : 145,  "end" : 146 }, 
        {"sofa" : 1,  "begin" : 147,  "end" : 148 }, 
        {"sofa" : 1,  "begin" : 149,  "end" : 150 }, 
        {"sofa" : 1,  "begin" : 151,  "end" : 154 }, 
        {"sofa" : 1,  "begin" : 155,  "end" : 159 }, 
        {"sofa" : 1,  "begin" : 160,  "end" : 161 }, 
        {"sofa" : 1,  "begin" : 162,  "end" : 165 }, 
        {"sofa" : 1,  "begin" : 166,  "end" : 168 }, 
        {"sofa" : 1,  "begin" : 169,  "end" : 173 }, 
        {"sofa" : 1,  "begin" : 174,  "end" : 176 }, 
        {"sofa" : 1,  "begin" : 177,  "end" : 181 }, 
        {"sofa" : 1,  "begin" : 182,  "end" : 184 }, 
        {"sofa" : 1,  "begin" : 185,  "end" : 190 }, 
        {"sofa" : 1,  "begin" : 191,  "end" : 196 }, 
        {"sofa" : 1,  "begin" : 197,  "end" : 201 }, 
        {"sofa" : 1,  "begin" : 202,  "end" : 206 }, 
        {"sofa" : 1,  "begin" : 207,  "end" : 212 }, 
        {"sofa" : 1,  "begin" : 213,  "end" : 223 }, 
        {"sofa" : 1,  "begin" : 224,  "end" : 228 }, 
        {"sofa" : 1,  "begin" : 229,  "end" : 230 }, 
        {"sofa" : 1,  "begin" : 231,  "end" : 233 }, 
        {"sofa" : 1,  "begin" : 234,  "end" : 238 }, 
        {"sofa" : 1,  "begin" : 239,  "end" : 245 }, 
        {"sofa" : 1,  "begin" : 246,  "end" : 247 }, 
        {"sofa" : 1,  "begin" : 248,  "end" : 251 }, 
        {"sofa" : 1,  "begin" : 252,  "end" : 256 }, 
        {"sofa" : 1,  "begin" : 257,  "end" : 259 }, 
        {"sofa" : 1,  "begin" : 260,  "end" : 263 }, 
        {"sofa" : 1,  "begin" : 264,  "end" : 271 }, 
        {"sofa" : 1,  "begin" : 272,  "end" : 276 }, 
        {"sofa" : 1,  "begin" : 277,  "end" : 282 }, 
        {"sofa" : 1,  "begin" : 283,  "end" : 286 }, 
        {"sofa" : 1,  "begin" : 287,  "end" : 293 }, 
        {"sofa" : 1,  "begin" : 294,  "end" : 297 }, 
        {"sofa" : 1,  "begin" : 298,  "end" : 307 }, 
        {"sofa" : 1,  "begin" : 308,  "end" : 311 }, 
        {"sofa" : 1,  "begin" : 312,  "end" : 319 }, 
        {"sofa" : 1,  "begin" : 320,  "end" : 322 }, 
        {"sofa" : 1,  "begin" : 323,  "end" : 327 }, 
        {"sofa" : 1,  "begin" : 328,  "end" : 332 }, 
        {"sofa" : 1,  "begin" : 333,  "end" : 335 }, 
        {"sofa" : 1,  "begin" : 336,  "end" : 339 }, 
        {"sofa" : 1,  "begin" : 340,  "end" : 342 }, 
        {"sofa" : 1,  "begin" : 343,  "end" : 347 }, 
        {"sofa" : 1,  "begin" : 348,  "end" : 354 }, 
        {"sofa" : 1,  "begin" : 355,  "end" : 356 }, 
        {"sofa" : 1,  "begin" : 357,  "end" : 359 }, 
        {"sofa" : 1,  "begin" : 360,  "end" : 363 }, 
        {"sofa" : 1,  "begin" : 364,  "end" : 374 }, 
        {"sofa" : 1,  "begin" : 375,  "end" : 378 }, 
        {"sofa" : 1,  "begin" : 379,  "end" : 386 }, 
        {"sofa" : 1,  "begin" : 387,  "end" : 391 }, 
        {"sofa" : 1,  "begin" : 392,  "end" : 399 }, 
        {"sofa" : 1,  "begin" : 400,  "end" : 402 }, 
        {"sofa" : 1,  "begin" : 403,  "end" : 404 }, 
        {"sofa" : 1,  "begin" : 405,  "end" : 408 }, 
        {"sofa" : 1,  "begin" : 409,  "end" : 411 }, 
        {"sofa" : 1,  "begin" : 412,  "end" : 416 }, 
        {"sofa" : 1,  "begin" : 417,  "end" : 420 }, 
        {"sofa" : 1,  "begin" : 421,  "end" : 425 }, 
        {"sofa" : 1,  "begin" : 426,  "end" : 428 }, 
        {"sofa" : 1,  "begin" : 429,  "end" : 433 }, 
        {"sofa" : 1,  "begin" : 434,  "end" : 437 }, 
        {"sofa" : 1,  "begin" : 438,  "end" : 442 }, 
        {"sofa" : 1,  "begin" : 443,  "end" : 444 }, 
        {"sofa" : 1,  "begin" : 445,  "end" : 448 }, 
        {"sofa" : 1,  "begin" : 449,  "end" : 450 }, 
        {"sofa" : 1,  "begin" : 451,  "end" : 458 }, 
        {"sofa" : 1,  "begin" : 459,  "end" : 463 }, 
        {"sofa" : 1,  "begin" : 464,  "end" : 468 }, 
        {"sofa" : 1,  "begin" : 469,  "end" : 473 }, 
        {"sofa" : 1,  "begin" : 474,  "end" : 476 }, 
        {"sofa" : 1,  "begin" : 477,  "end" : 481 }, 
        {"sofa" : 1,  "begin" : 482,  "end" : 485 }, 
        {"sofa" : 1,  "begin" : 486,  "end" : 488 }, 
        {"sofa" : 1,  "begin" : 489,  "end" : 490 }, 
        {"sofa" : 1,  "begin" : 491,  "end" : 496 }, 
        {"sofa" : 1,  "begin" : 497,  "end" : 499 }, 
        {"sofa" : 1,  "begin" : 500,  "end" : 508 }, 
        {"sofa" : 1,  "begin" : 509,  "end" : 512 }, 
        {"sofa" : 1,  "begin" : 513,  "end" : 515 }, 
        {"sofa" : 1,  "begin" : 516,  "end" : 518 }, 
        {"sofa" : 1,  "begin" : 519,  "end" : 529 }, 
        {"sofa" : 1,  "begin" : 530,  "end" : 533 }, 
        {"sofa" : 1,  "begin" : 534,  "end" : 536 }, 
        {"sofa" : 1,  "begin" : 537,  "end" : 541 }, 
        {"sofa" : 1,  "begin" : 542,  "end" : 546 }, 
        {"sofa" : 1,  "begin" : 547,  "end" : 549 }, 
        {"sofa" : 1,  "begin" : 550,  "end" : 557 }, 
        {"sofa" : 1,  "begin" : 558,  "end" : 564 }, 
        {"sofa" : 1,  "begin" : 565,  "end" : 576 }, 
        {"sofa" : 1,  "begin" : 577,  "end" : 580 }, 
        {"sofa" : 1,  "begin" : 581,  "end" : 587 }, 
        {"sofa" : 1,  "begin" : 588,  "end" : 595 }, 
        {"sofa" : 1,  "begin" : 596,  "end" : 597 }, 
        {"sofa" : 1,  "begin" : 598,  "end" : 599 }, 
        {"sofa" : 1,  "begin" : 600,  "end" : 602 }, 
        {"sofa" : 1,  "begin" : 603,  "end" : 608 }, 
        {"sofa" : 1,  "begin" : 609,  "end" : 612 }, 
        {"sofa" : 1,  "begin" : 613,  "end" : 616 }, 
        {"sofa" : 1,  "begin" : 617,  "end" : 620 }, 
        {"sofa" : 1,  "begin" : 621,  "end" : 625 }, 
        {"sofa" : 1,  "begin" : 626,  "end" : 634 }, 
        {"sofa" : 1,  "begin" : 635,  "end" : 638 }, 
        {"sofa" : 1,  "begin" : 639,  "end" : 642 }, 
        {"sofa" : 1,  "begin" : 643,  "end" : 650 }, 
        {"sofa" : 1,  "begin" : 651,  "end" : 653 }, 
        {"sofa" : 1,  "begin" : 654,  "end" : 656 }, 
        {"sofa" : 1,  "begin" : 657,  "end" : 661 }, 
        {"sofa" : 1,  "begin" : 662,  "end" : 664 }, 
        {"sofa" : 1,  "begin" : 665,  "end" : 669 }, 
        {"sofa" : 1,  "begin" : 670,  "end" : 674 }, 
        {"sofa" : 1,  "begin" : 675,  "end" : 685 }, 
        {"sofa" : 1,  "begin" : 686,  "end" : 690 }, 
        {"sofa" : 1,  "begin" : 691,  "end" : 692 }, 
        {"sofa" : 1,  "begin" : 693,  "end" : 696 }, 
        {"sofa" : 1,  "begin" : 697,  "end" : 701 }, 
        {"sofa" : 1,  "begin" : 702,  "end" : 707 }, 
        {"sofa" : 1,  "begin" : 708,  "end" : 710 }, 
        {"sofa" : 1,  "begin" : 711,  "end" : 716 }, 
        {"sofa" : 1,  "begin" : 717,  "end" : 718 }, 
        {"sofa" : 1,  "begin" : 719,  "end" : 721 }, 
        {"sofa" : 1,  "begin" : 722,  "end" : 726 }, 
        {"sofa" : 1,  "begin" : 727,  "end" : 730 }, 
        {"sofa" : 1,  "begin" : 731,  "end" : 743 }, 
        {"sofa" : 1,  "begin" : 744,  "end" : 747 }, 
        {"sofa" : 1,  "begin" : 748,  "end" : 750 }, 
        {"sofa" : 1,  "begin" : 751,  "end" : 755 }, 
        {"sofa" : 1,  "begin" : 756,  "end" : 760 }, 
        {"sofa" : 1,  "begin" : 761,  "end" : 771 }, 
        {"sofa" : 1,  "begin" : 772,  "end" : 775 }, 
        {"sofa" : 1,  "begin" : 776,  "end" : 780 }, 
        {"sofa" : 1,  "begin" : 781,  "end" : 785 }, 
        {"sofa" : 1,  "begin" : 786,  "end" : 789 }, 
        {"sofa" : 1,  "begin" : 790,  "end" : 792 }, 
        {"sofa" : 1,  "begin" : 793,  "end" : 797 }, 
        {"sofa" : 1,  "begin" : 798,  "end" : 799 } ], 
      "PartsofCause" : [2263,  2276,  2289,  2358,  2332,  2345,  2401,  2414,  2427 ], 
      "TypesofCause" : [
        {"sofa" : 1,  "begin" : 3,  "end" : 48,  "Dependent" : 2276,  "Governor" : 2263,  "TypesofCause" : "Cause" }, 
        {"sofa" : 1,  "begin" : 51,  "end" : 144,  "Dependent" : 2289,  "Governor" : 2263,  "TypesofCause" : "Effect" }, 
        {"sofa" : 1,  "begin" : 464,  "end" : 481,  "Dependent" : 2358,  "Governor" : 2332,  "TypesofCause" : "Effect" }, 
        {"sofa" : 1,  "begin" : 516,  "end" : 529,  "Dependent" : 2345,  "Governor" : 2332,  "TypesofCause" : "Cause" }, 
        {"sofa" : 1,  "begin" : 598,  "end" : 608,  "Dependent" : 2401,  "Governor" : 2414,  "TypesofCause" : "Effect" }, 
        {"sofa" : 1,  "begin" : 613,  "end" : 634,  "Dependent" : 2427,  "Governor" : 2414,  "TypesofCause" : "Cause" } ] } }, 
  "_referenced_fss" : {
    "1" : {"_type" : "Sofa",  "sofaNum" : 1,  "sofaID" : "_InitialView",  "mimeType" : "text",  "sofaString" : "If you got into a top school like the ivies / SM - please , please , please DO NT preach about how “ where you go to college does n’t define you ” .\nI ’ve seen a lot of kids do this on insta where they post their commitment post ( as they should ) and then in the caption talk about how random and arbitrary the process is like just do n’t do that please .\nWe all understand how chaotic this process is , but it does n’t make it hurt any less .\nAnd I realize that most kids do this out of a place of goodwill and to be thoughtful but it just ends up looking really pretentious and almost hurtful .\nI ’m happy for all you have achieved and you deserve to be able to post that commitment post , but just leave it there .\nWe will all congratulate you on this huge commitment and then that ’ll be that ." }, 
    "2276" : {"_type" : "PartsofCause",  "sofa" : 1,  "begin" : 3,  "end" : 48,  "PartsofCause" : "Argument" }, 
    "2263" : {"_type" : "PartsofCause",  "sofa" : 1,  "end" : 2,  "PartsofCause" : "Causing" }, 
    "2289" : {"_type" : "PartsofCause",  "sofa" : 1,  "begin" : 51,  "end" : 144,  "PartsofCause" : "Argument" }, 
    "2358" : {"_type" : "PartsofCause",  "sofa" : 1,  "begin" : 464,  "end" : 481,  "PartsofCause" : "Argument" }, 
    "2332" : {"_type" : "PartsofCause",  "sofa" : 1,  "begin" : 513,  "end" : 515,  "PartsofCause" : "Causing" }, 
    "2345" : {"_type" : "PartsofCause",  "sofa" : 1,  "begin" : 516,  "end" : 529,  "PartsofCause" : "Argument" }, 
    "2401" : {"_type" : "PartsofCause",  "sofa" : 1,  "begin" : 598,  "end" : 608,  "PartsofCause" : "Argument" }, 
    "2414" : {"_type" : "PartsofCause",  "sofa" : 1,  "begin" : 609,  "end" : 612,  "PartsofCause" : "Causing" }, 
    "2427" : {"_type" : "PartsofCause",  "sofa" : 1,  "begin" : 613,  "end" : 634,  "PartsofCause" : "Argument" }, 
    "2484" : {"_type" : "LayerDefinition",  "name" : "webanno.custom.TypesofCause",  "uiName" : "Types of Cause" }, 
    "2466" : {"_type" : "LayerDefinition",  "name" : "webanno.custom.DisjointCausalSpans",  "uiName" : "Disjoint Causal Spans" }, 
    "2477" : {"_type" : "LayerDefinition",  "name" : "webanno.custom.PartsofCause",  "uiName" : "Parts of Cause" } } }