{"_context" : {
    "_types" : {
      "DocumentMetaData" : {
        "_feature_types" : {"sofa" : "_ref" } }, 
      "FeatureDefinition" : {
        "_feature_types" : {"layer" : "_ref" } }, 
      "LayerDefinition" : { }, 
      "PartsofCause" : {
        "_feature_types" : {"sofa" : "_ref" } }, 
      "Sentence" : {
        "_feature_types" : {"sofa" : "_ref" } }, 
      "Sofa" : {
        "_feature_types" : {"sofaArray" : "_ref" } }, 
      "TagsetDescription" : {
        "_feature_types" : {"sofa" : "_ref",  "tags" : "_ref" } }, 
      "Token" : {
        "_feature_types" : {"sofa" : "_ref",  "parent" : "_ref",  "lemma" : "_ref",  "stem" : "_ref",  "pos" : "_ref",  "morph" : "_ref",  "form" : "_ref" } }, 
      "TypesofCause" : {
        "_feature_types" : {"sofa" : "_ref",  "Dependent" : "_ref",  "Governor" : "_ref" } }, 
      "DocumentAnnotation" : {
        "_feature_types" : {"sofa" : "_ref" }, 
        "_subtypes" : ["DocumentMetaData" ] }, 
      "Annotation" : {
        "_feature_types" : {"sofa" : "_ref" }, 
        "_subtypes" : ["DocumentAnnotation",  "PartsofCause",  "Sentence",  "TagsetDescription",  "Token",  "TypesofCause" ] }, 
      "AnnotationBase" : {
        "_feature_types" : {"sofa" : "_ref" }, 
        "_subtypes" : ["Annotation" ] }, 
      "TOP" : {
        "_subtypes" : ["AnnotationBase",  "FeatureDefinition",  "LayerDefinition",  "Sofa" ] } } }, 
  "_views" : {
    "_InitialView" : {
      "FeatureDefinition" : [
        {"layer" : 2928,  "name" : "referenceRelation",  "uiName" : "Reference Relation" }, 
        {"layer" : 2928,  "name" : "referenceType",  "uiName" : "Reference Type" }, 
        {"layer" : 2939,  "name" : "PartsofCause",  "uiName" : "Parts of Cause" }, 
        {"layer" : 2946,  "name" : "TypesofCause",  "uiName" : "Types of Cause" } ], 
      "LayerDefinition" : [2928,  2939,  2946 ], 
      "DocumentMetaData" : [
        {"sofa" : 1,  "end" : 849,  "language" : "x-unspecified",  "documentTitle" : "reddit-027.txt",  "documentId" : "GJW",  "documentUri" : "file:/srv/inception/repository/project/2/document/2429/source/GJW",  "collectionId" : "file:/srv/inception/repository/project/2/document/2429/source/",  "documentBaseUri" : "file:/srv/inception/repository/project/2/document/2429/source/",  "isLastSegment" : false } ], 
      "TagsetDescription" : [
        {"sofa" : 1,  "layer" : "webanno.custom.PartsofCause",  "name" : "Parts of Cause",  "input" : false }, 
        {"sofa" : 1,  "layer" : "webanno.custom.TypesofCause",  "name" : "Causal Relations",  "input" : false } ], 
      "Sentence" : [
        {"sofa" : 1,  "end" : 70 }, 
        {"sofa" : 1,  "begin" : 71,  "end" : 228 }, 
        {"sofa" : 1,  "begin" : 229,  "end" : 333 }, 
        {"sofa" : 1,  "begin" : 334,  "end" : 427 }, 
        {"sofa" : 1,  "begin" : 428,  "end" : 528 }, 
        {"sofa" : 1,  "begin" : 529,  "end" : 607 }, 
        {"sofa" : 1,  "begin" : 608,  "end" : 737 }, 
        {"sofa" : 1,  "begin" : 738,  "end" : 825 }, 
        {"sofa" : 1,  "begin" : 826,  "end" : 849 } ], 
      "Token" : [
        {"sofa" : 1,  "end" : 4 }, 
        {"sofa" : 1,  "begin" : 5,  "end" : 9 }, 
        {"sofa" : 1,  "begin" : 10,  "end" : 12 }, 
        {"sofa" : 1,  "begin" : 13,  "end" : 17 }, 
        {"sofa" : 1,  "begin" : 18,  "end" : 20 }, 
        {"sofa" : 1,  "begin" : 21,  "end" : 24 }, 
        {"sofa" : 1,  "begin" : 25,  "end" : 35 }, 
        {"sofa" : 1,  "begin" : 36,  "end" : 45 }, 
        {"sofa" : 1,  "begin" : 46,  "end" : 49 }, 
        {"sofa" : 1,  "begin" : 50,  "end" : 51 }, 
        {"sofa" : 1,  "begin" : 52,  "end" : 54 }, 
        {"sofa" : 1,  "begin" : 55,  "end" : 56 }, 
        {"sofa" : 1,  "begin" : 57,  "end" : 60 }, 
        {"sofa" : 1,  "begin" : 61,  "end" : 68 }, 
        {"sofa" : 1,  "begin" : 69,  "end" : 70 }, 
        {"sofa" : 1,  "begin" : 71,  "end" : 78 }, 
        {"sofa" : 1,  "begin" : 79,  "end" : 82 }, 
        {"sofa" : 1,  "begin" : 83,  "end" : 84 }, 
        {"sofa" : 1,  "begin" : 85,  "end" : 92 }, 
        {"sofa" : 1,  "begin" : 93,  "end" : 99 }, 
        {"sofa" : 1,  "begin" : 100,  "end" : 101 }, 
        {"sofa" : 1,  "begin" : 102,  "end" : 104 }, 
        {"sofa" : 1,  "begin" : 105,  "end" : 113 }, 
        {"sofa" : 1,  "begin" : 114,  "end" : 120 }, 
        {"sofa" : 1,  "begin" : 121,  "end" : 122 }, 
        {"sofa" : 1,  "begin" : 123,  "end" : 126 }, 
        {"sofa" : 1,  "begin" : 127,  "end" : 130 }, 
        {"sofa" : 1,  "begin" : 131,  "end" : 136 }, 
        {"sofa" : 1,  "begin" : 137,  "end" : 145 }, 
        {"sofa" : 1,  "begin" : 146,  "end" : 147 }, 
        {"sofa" : 1,  "begin" : 148,  "end" : 152 }, 
        {"sofa" : 1,  "begin" : 153,  "end" : 155 }, 
        {"sofa" : 1,  "begin" : 156,  "end" : 158 }, 
        {"sofa" : 1,  "begin" : 159,  "end" : 166 }, 
        {"sofa" : 1,  "begin" : 167,  "end" : 168 }, 
        {"sofa" : 1,  "begin" : 169,  "end" : 172 }, 
        {"sofa" : 1,  "begin" : 173,  "end" : 176 }, 
        {"sofa" : 1,  "begin" : 177,  "end" : 183 }, 
        {"sofa" : 1,  "begin" : 184,  "end" : 186 }, 
        {"sofa" : 1,  "begin" : 187,  "end" : 191 }, 
        {"sofa" : 1,  "begin" : 192,  "end" : 195 }, 
        {"sofa" : 1,  "begin" : 196,  "end" : 198 }, 
        {"sofa" : 1,  "begin" : 199,  "end" : 203 }, 
        {"sofa" : 1,  "begin" : 204,  "end" : 207 }, 
        {"sofa" : 1,  "begin" : 208,  "end" : 209 }, 
        {"sofa" : 1,  "begin" : 210,  "end" : 214 }, 
        {"sofa" : 1,  "begin" : 215,  "end" : 217 }, 
        {"sofa" : 1,  "begin" : 218,  "end" : 226 }, 
        {"sofa" : 1,  "begin" : 227,  "end" : 228 }, 
        {"sofa" : 1,  "begin" : 229,  "end" : 231 }, 
        {"sofa" : 1,  "begin" : 232,  "end" : 234 }, 
        {"sofa" : 1,  "begin" : 235,  "end" : 243 }, 
        {"sofa" : 1,  "begin" : 244,  "end" : 246 }, 
        {"sofa" : 1,  "begin" : 247,  "end" : 250 }, 
        {"sofa" : 1,  "begin" : 251,  "end" : 254 }, 
        {"sofa" : 1,  "begin" : 255,  "end" : 257 }, 
        {"sofa" : 1,  "begin" : 258,  "end" : 259 }, 
        {"sofa" : 1,  "begin" : 260,  "end" : 262 }, 
        {"sofa" : 1,  "begin" : 263,  "end" : 265 }, 
        {"sofa" : 1,  "begin" : 266,  "end" : 270 }, 
        {"sofa" : 1,  "begin" : 271,  "end" : 278 }, 
        {"sofa" : 1,  "begin" : 279,  "end" : 281 }, 
        {"sofa" : 1,  "begin" : 282,  "end" : 288 }, 
        {"sofa" : 1,  "begin" : 289,  "end" : 298 }, 
        {"sofa" : 1,  "begin" : 299,  "end" : 307 }, 
        {"sofa" : 1,  "begin" : 308,  "end" : 314 }, 
        {"sofa" : 1,  "begin" : 315,  "end" : 320 }, 
        {"sofa" : 1,  "begin" : 321,  "end" : 323 }, 
        {"sofa" : 1,  "begin" : 324,  "end" : 331 }, 
        {"sofa" : 1,  "begin" : 332,  "end" : 333 }, 
        {"sofa" : 1,  "begin" : 334,  "end" : 335 }, 
        {"sofa" : 1,  "begin" : 336,  "end" : 340 }, 
        {"sofa" : 1,  "begin" : 341,  "end" : 344 }, 
        {"sofa" : 1,  "begin" : 345,  "end" : 346 }, 
        {"sofa" : 1,  "begin" : 347,  "end" : 349 }, 
        {"sofa" : 1,  "begin" : 350,  "end" : 358 }, 
        {"sofa" : 1,  "begin" : 359,  "end" : 363 }, 
        {"sofa" : 1,  "begin" : 364,  "end" : 365 }, 
        {"sofa" : 1,  "begin" : 366,  "end" : 371 }, 
        {"sofa" : 1,  "begin" : 372,  "end" : 377 }, 
        {"sofa" : 1,  "begin" : 378,  "end" : 379 }, 
        {"sofa" : 1,  "begin" : 380,  "end" : 382 }, 
        {"sofa" : 1,  "begin" : 383,  "end" : 387 }, 
        {"sofa" : 1,  "begin" : 388,  "end" : 391 }, 
        {"sofa" : 1,  "begin" : 392,  "end" : 393 }, 
        {"sofa" : 1,  "begin" : 394,  "end" : 397 }, 
        {"sofa" : 1,  "begin" : 398,  "end" : 405 }, 
        {"sofa" : 1,  "begin" : 406,  "end" : 408 }, 
        {"sofa" : 1,  "begin" : 409,  "end" : 412 }, 
        {"sofa" : 1,  "begin" : 413,  "end" : 415 }, 
        {"sofa" : 1,  "begin" : 416,  "end" : 417 }, 
        {"sofa" : 1,  "begin" : 418,  "end" : 425 }, 
        {"sofa" : 1,  "begin" : 426,  "end" : 427 }, 
        {"sofa" : 1,  "begin" : 428,  "end" : 430 }, 
        {"sofa" : 1,  "begin" : 431,  "end" : 434 }, 
        {"sofa" : 1,  "begin" : 435,  "end" : 439 }, 
        {"sofa" : 1,  "begin" : 440,  "end" : 442 }, 
        {"sofa" : 1,  "begin" : 443,  "end" : 446 }, 
        {"sofa" : 1,  "begin" : 447,  "end" : 449 }, 
        {"sofa" : 1,  "begin" : 450,  "end" : 452 }, 
        {"sofa" : 1,  "begin" : 453,  "end" : 456 }, 
        {"sofa" : 1,  "begin" : 457,  "end" : 459 }, 
        {"sofa" : 1,  "begin" : 460,  "end" : 463 }, 
        {"sofa" : 1,  "begin" : 464,  "end" : 466 }, 
        {"sofa" : 1,  "begin" : 467,  "end" : 471 }, 
        {"sofa" : 1,  "begin" : 472,  "end" : 475 }, 
        {"sofa" : 1,  "begin" : 476,  "end" : 481 }, 
        {"sofa" : 1,  "begin" : 482,  "end" : 486 }, 
        {"sofa" : 1,  "begin" : 487,  "end" : 494 }, 
        {"sofa" : 1,  "begin" : 495,  "end" : 496 }, 
        {"sofa" : 1,  "begin" : 497,  "end" : 502 }, 
        {"sofa" : 1,  "begin" : 503,  "end" : 505 }, 
        {"sofa" : 1,  "begin" : 506,  "end" : 508 }, 
        {"sofa" : 1,  "begin" : 509,  "end" : 514 }, 
        {"sofa" : 1,  "begin" : 515,  "end" : 517 }, 
        {"sofa" : 1,  "begin" : 518,  "end" : 526 }, 
        {"sofa" : 1,  "begin" : 527,  "end" : 528 }, 
        {"sofa" : 1,  "begin" : 529,  "end" : 531 }, 
        {"sofa" : 1,  "begin" : 532,  "end" : 536 }, 
        {"sofa" : 1,  "begin" : 537,  "end" : 538 }, 
        {"sofa" : 1,  "begin" : 539,  "end" : 541 }, 
        {"sofa" : 1,  "begin" : 542,  "end" : 547 }, 
        {"sofa" : 1,  "begin" : 548,  "end" : 550 }, 
        {"sofa" : 1,  "begin" : 551,  "end" : 555 }, 
        {"sofa" : 1,  "begin" : 556,  "end" : 560 }, 
        {"sofa" : 1,  "begin" : 561,  "end" : 563 }, 
        {"sofa" : 1,  "begin" : 564,  "end" : 566 }, 
        {"sofa" : 1,  "begin" : 567,  "end" : 571 }, 
        {"sofa" : 1,  "begin" : 572,  "end" : 576 }, 
        {"sofa" : 1,  "begin" : 577,  "end" : 582 }, 
        {"sofa" : 1,  "begin" : 583,  "end" : 584 }, 
        {"sofa" : 1,  "begin" : 585,  "end" : 588 }, 
        {"sofa" : 1,  "begin" : 589,  "end" : 594 }, 
        {"sofa" : 1,  "begin" : 595,  "end" : 597 }, 
        {"sofa" : 1,  "begin" : 598,  "end" : 605 }, 
        {"sofa" : 1,  "begin" : 606,  "end" : 607 }, 
        {"sofa" : 1,  "begin" : 608,  "end" : 609 }, 
        {"sofa" : 1,  "begin" : 610,  "end" : 615 }, 
        {"sofa" : 1,  "begin" : 616,  "end" : 617 }, 
        {"sofa" : 1,  "begin" : 618,  "end" : 619 }, 
        {"sofa" : 1,  "begin" : 620,  "end" : 624 }, 
        {"sofa" : 1,  "begin" : 625,  "end" : 628 }, 
        {"sofa" : 1,  "begin" : 629,  "end" : 632 }, 
        {"sofa" : 1,  "begin" : 633,  "end" : 638 }, 
        {"sofa" : 1,  "begin" : 639,  "end" : 644 }, 
        {"sofa" : 1,  "begin" : 645,  "end" : 647 }, 
        {"sofa" : 1,  "begin" : 648,  "end" : 650 }, 
        {"sofa" : 1,  "begin" : 651,  "end" : 652 }, 
        {"sofa" : 1,  "begin" : 653,  "end" : 663 }, 
        {"sofa" : 1,  "begin" : 664,  "end" : 670 }, 
        {"sofa" : 1,  "begin" : 671,  "end" : 673 }, 
        {"sofa" : 1,  "begin" : 674,  "end" : 676 }, 
        {"sofa" : 1,  "begin" : 677,  "end" : 683 }, 
        {"sofa" : 1,  "begin" : 684,  "end" : 688 }, 
        {"sofa" : 1,  "begin" : 689,  "end" : 695 }, 
        {"sofa" : 1,  "begin" : 696,  "end" : 697 }, 
        {"sofa" : 1,  "begin" : 698,  "end" : 700 }, 
        {"sofa" : 1,  "begin" : 701,  "end" : 702 }, 
        {"sofa" : 1,  "begin" : 703,  "end" : 711 }, 
        {"sofa" : 1,  "begin" : 712,  "end" : 716 }, 
        {"sofa" : 1,  "begin" : 717,  "end" : 724 }, 
        {"sofa" : 1,  "begin" : 725,  "end" : 727 }, 
        {"sofa" : 1,  "begin" : 728,  "end" : 735 }, 
        {"sofa" : 1,  "begin" : 736,  "end" : 737 }, 
        {"sofa" : 1,  "begin" : 738,  "end" : 741 }, 
        {"sofa" : 1,  "begin" : 742,  "end" : 743 }, 
        {"sofa" : 1,  "begin" : 744,  "end" : 747 }, 
        {"sofa" : 1,  "begin" : 748,  "end" : 756 }, 
        {"sofa" : 1,  "begin" : 757,  "end" : 763 }, 
        {"sofa" : 1,  "begin" : 764,  "end" : 771 }, 
        {"sofa" : 1,  "begin" : 772,  "end" : 774 }, 
        {"sofa" : 1,  "begin" : 775,  "end" : 782 }, 
        {"sofa" : 1,  "begin" : 783,  "end" : 785 }, 
        {"sofa" : 1,  "begin" : 786,  "end" : 789 }, 
        {"sofa" : 1,  "begin" : 790,  "end" : 798 }, 
        {"sofa" : 1,  "begin" : 799,  "end" : 805 }, 
        {"sofa" : 1,  "begin" : 806,  "end" : 810 }, 
        {"sofa" : 1,  "begin" : 811,  "end" : 814 }, 
        {"sofa" : 1,  "begin" : 815,  "end" : 823 }, 
        {"sofa" : 1,  "begin" : 824,  "end" : 825 }, 
        {"sofa" : 1,  "begin" : 826,  "end" : 828 }, 
        {"sofa" : 1,  "begin" : 829,  "end" : 831 }, 
        {"sofa" : 1,  "begin" : 832,  "end" : 838 }, 
        {"sofa" : 1,  "begin" : 839,  "end" : 843 }, 
        {"sofa" : 1,  "begin" : 844,  "end" : 847 }, 
        {"sofa" : 1,  "begin" : 848,  "end" : 849 } ], 
      "PartsofCause" : [2499,  2508,  2517,  2625,  2580,  2598,  2589,  2616,  2607,  2877,  2753,  2762,  2837,  2809,  2788 ], 
      "TypesofCause" : [
        {"sofa" : 1,  "begin" : 431,  "end" : 494,  "Dependent" : 2508,  "Governor" : 2499,  "TypesofCause" : "Cause" }, 
        {"sofa" : 1,  "begin" : 497,  "end" : 526,  "Dependent" : 2517,  "Governor" : 2499,  "TypesofCause" : "Effect" }, 
        {"sofa" : 1,  "begin" : 539,  "end" : 576,  "Dependent" : 2625,  "Governor" : 2616,  "TypesofCause" : "Effect" }, 
        {"sofa" : 1,  "begin" : 539,  "end" : 555,  "Dependent" : 2580,  "Governor" : 2598,  "TypesofCause" : "Effect" }, 
        {"sofa" : 1,  "begin" : 561,  "end" : 576,  "Dependent" : 2589,  "Governor" : 2598,  "TypesofCause" : "Cause" }, 
        {"sofa" : 1,  "begin" : 583,  "end" : 605,  "Dependent" : 2607,  "Governor" : 2616,  "TypesofCause" : "Cause" }, 
        {"sofa" : 1,  "begin" : 618,  "end" : 695,  "Dependent" : 2877,  "Governor" : 2753,  "TypesofCause" : "Cause" }, 
        {"sofa" : 1,  "begin" : 701,  "end" : 735,  "Dependent" : 2762,  "Governor" : 2753,  "TypesofCause" : "Effect" }, 
        {"sofa" : 1,  "begin" : 701,  "end" : 716,  "Dependent" : 2837,  "Governor" : 2809,  "TypesofCause" : "Effect" }, 
        {"sofa" : 1,  "begin" : 728,  "end" : 735,  "Dependent" : 2788,  "Governor" : 2809,  "TypesofCause" : "Cause" } ] } }, 
  "_referenced_fss" : {
    "1" : {"_type" : "Sofa",  "sofaNum" : 1,  "sofaID" : "_InitialView",  "mimeType" : "text",  "sofaString" : "This came up over in the Professors subreddit and I ’m a bit baffled .\nSomeone had a student finish a 25 multiple choice ( and one essay question ) test in 26 minutes , and was trying to find out if that was a sign of cheating .\nSo my question to you all is : Is it that unusual to finish primarily multiple choice tests so quickly ?\nI just had a 25 question true / false final ( no idea why ) and knocked it out in 3 minutes .\nIf the test is set up so you ca n’t go back and check your answers , there ’s no point in dawdling .\nIn fact , it slows me down when it ’s open book since I can check my answers .\nI admit , I have OCD and there seems to be a compulsive aspect to my online test taking , so I probably rush because of anxiety .\nBut I ’ve probably barely cracked 10 minutes on any multiple choice exam all semester .\nIs it really that odd ?" }, 
    "2508" : {"_type" : "PartsofCause",  "sofa" : 1,  "begin" : 431,  "end" : 494,  "PartsofCause" : "Argument" }, 
    "2499" : {"_type" : "PartsofCause",  "sofa" : 1,  "begin" : 428,  "end" : 430,  "PartsofCause" : "Enabling" }, 
    "2517" : {"_type" : "PartsofCause",  "sofa" : 1,  "begin" : 497,  "end" : 526,  "PartsofCause" : "Argument" }, 
    "2625" : {"_type" : "PartsofCause",  "sofa" : 1,  "begin" : 539,  "end" : 576,  "PartsofCause" : "Argument" }, 
    "2616" : {"_type" : "PartsofCause",  "sofa" : 1,  "begin" : 577,  "end" : 582,  "PartsofCause" : "Causing" }, 
    "2580" : {"_type" : "PartsofCause",  "sofa" : 1,  "begin" : 539,  "end" : 555 }, 
    "2598" : {"_type" : "PartsofCause",  "sofa" : 1,  "begin" : 556,  "end" : 560,  "PartsofCause" : "Causing" }, 
    "2589" : {"_type" : "PartsofCause",  "sofa" : 1,  "begin" : 561,  "end" : 576,  "PartsofCause" : "Argument" }, 
    "2607" : {"_type" : "PartsofCause",  "sofa" : 1,  "begin" : 583,  "end" : 605,  "PartsofCause" : "Argument" }, 
    "2877" : {"_type" : "PartsofCause",  "sofa" : 1,  "begin" : 618,  "end" : 695,  "PartsofCause" : "Causing" }, 
    "2753" : {"_type" : "PartsofCause",  "sofa" : 1,  "begin" : 698,  "end" : 700,  "PartsofCause" : "Enabling" }, 
    "2762" : {"_type" : "PartsofCause",  "sofa" : 1,  "begin" : 701,  "end" : 735,  "PartsofCause" : "Argument" }, 
    "2837" : {"_type" : "PartsofCause",  "sofa" : 1,  "begin" : 701,  "end" : 716,  "PartsofCause" : "Argument" }, 
    "2809" : {"_type" : "PartsofCause",  "sofa" : 1,  "begin" : 717,  "end" : 727,  "PartsofCause" : "Causing" }, 
    "2788" : {"_type" : "PartsofCause",  "sofa" : 1,  "begin" : 728,  "end" : 735,  "PartsofCause" : "Argument" }, 
    "2939" : {"_type" : "LayerDefinition",  "name" : "webanno.custom.PartsofCause",  "uiName" : "Parts of Cause" }, 
    "2928" : {"_type" : "LayerDefinition",  "name" : "webanno.custom.DisjointCausalSpans",  "uiName" : "Disjoint Causal Spans" }, 
    "2946" : {"_type" : "LayerDefinition",  "name" : "webanno.custom.TypesofCause",  "uiName" : "Types of Cause" } } }