{"_context" : {
    "_types" : {
      "DisjointCausalSpansChain" : {
        "_feature_types" : {"sofa" : "_ref",  "first" : "_ref" } }, 
      "DisjointCausalSpansLink" : {
        "_feature_types" : {"sofa" : "_ref",  "next" : "_ref" } }, 
      "DocumentMetaData" : {
        "_feature_types" : {"sofa" : "_ref" } }, 
      "FeatureDefinition" : {
        "_feature_types" : {"layer" : "_ref" } }, 
      "LayerDefinition" : { }, 
      "PartsofCause" : {
        "_feature_types" : {"sofa" : "_ref" } }, 
      "Sentence" : {
        "_feature_types" : {"sofa" : "_ref" } }, 
      "Sofa" : {
        "_feature_types" : {"sofaArray" : "_ref" } }, 
      "TagsetDescription" : {
        "_feature_types" : {"sofa" : "_ref",  "tags" : "_ref" } }, 
      "Token" : {
        "_feature_types" : {"sofa" : "_ref",  "parent" : "_ref",  "lemma" : "_ref",  "stem" : "_ref",  "pos" : "_ref",  "morph" : "_ref",  "form" : "_ref" } }, 
      "TypesofCause" : {
        "_feature_types" : {"sofa" : "_ref",  "Dependent" : "_ref",  "Governor" : "_ref" } }, 
      "AnnotationBase" : {
        "_feature_types" : {"sofa" : "_ref" }, 
        "_subtypes" : ["DisjointCausalSpansChain",  "Annotation" ] }, 
      "TOP" : {
        "_subtypes" : ["AnnotationBase",  "FeatureDefinition",  "LayerDefinition",  "Sofa" ] }, 
      "Annotation" : {
        "_feature_types" : {"sofa" : "_ref" }, 
        "_subtypes" : ["DisjointCausalSpansLink",  "DocumentAnnotation",  "PartsofCause",  "Sentence",  "TagsetDescription",  "Token",  "TypesofCause" ] }, 
      "DocumentAnnotation" : {
        "_feature_types" : {"sofa" : "_ref" }, 
        "_subtypes" : ["DocumentMetaData" ] } } }, 
  "_views" : {
    "_InitialView" : {
      "FeatureDefinition" : [
        {"layer" : 3004,  "name" : "referenceRelation",  "uiName" : "Reference Relation" }, 
        {"layer" : 3004,  "name" : "referenceType",  "uiName" : "Reference Type" }, 
        {"layer" : 3015,  "name" : "PartsofCause",  "uiName" : "Parts of Cause" }, 
        {"layer" : 3022,  "name" : "TypesofCause",  "uiName" : "Types of Cause" } ], 
      "LayerDefinition" : [3004,  3015,  3022 ], 
      "DocumentMetaData" : [
        {"sofa" : 1,  "end" : 838,  "language" : "x-unspecified",  "documentTitle" : "fable-49.txt",  "documentId" : "AYC",  "documentUri" : "file:/srv/inception/repository/project/2/document/2351/source/AYC",  "collectionId" : "file:/srv/inception/repository/project/2/document/2351/source/",  "documentBaseUri" : "file:/srv/inception/repository/project/2/document/2351/source/",  "isLastSegment" : false } ], 
      "TagsetDescription" : [
        {"sofa" : 1,  "layer" : "webanno.custom.PartsofCause",  "name" : "Parts of Cause",  "input" : false }, 
        {"sofa" : 1,  "layer" : "webanno.custom.TypesofCause",  "name" : "Causal Relations",  "input" : false } ], 
      "Sentence" : [
        {"sofa" : 1,  "end" : 164 }, 
        {"sofa" : 1,  "begin" : 165,  "end" : 302 }, 
        {"sofa" : 1,  "begin" : 303,  "end" : 439 }, 
        {"sofa" : 1,  "begin" : 440,  "end" : 582 }, 
        {"sofa" : 1,  "begin" : 583,  "end" : 743 }, 
        {"sofa" : 1,  "begin" : 744,  "end" : 838 } ], 
      "Token" : [
        {"sofa" : 1,  "end" : 1 }, 
        {"sofa" : 1,  "begin" : 2,  "end" : 6 }, 
        {"sofa" : 1,  "begin" : 7,  "end" : 8 }, 
        {"sofa" : 1,  "begin" : 9,  "end" : 14 }, 
        {"sofa" : 1,  "begin" : 15,  "end" : 21 }, 
        {"sofa" : 1,  "begin" : 22,  "end" : 25 }, 
        {"sofa" : 1,  "begin" : 26,  "end" : 32 }, 
        {"sofa" : 1,  "begin" : 33,  "end" : 38 }, 
        {"sofa" : 1,  "begin" : 39,  "end" : 43 }, 
        {"sofa" : 1,  "begin" : 44,  "end" : 47 }, 
        {"sofa" : 1,  "begin" : 48,  "end" : 49 }, 
        {"sofa" : 1,  "begin" : 50,  "end" : 53 }, 
        {"sofa" : 1,  "begin" : 54,  "end" : 56 }, 
        {"sofa" : 1,  "begin" : 57,  "end" : 62 }, 
        {"sofa" : 1,  "begin" : 63,  "end" : 68 }, 
        {"sofa" : 1,  "begin" : 69,  "end" : 71 }, 
        {"sofa" : 1,  "begin" : 72,  "end" : 78 }, 
        {"sofa" : 1,  "begin" : 79,  "end" : 81 }, 
        {"sofa" : 1,  "begin" : 82,  "end" : 90 }, 
        {"sofa" : 1,  "begin" : 91,  "end" : 97 }, 
        {"sofa" : 1,  "begin" : 98,  "end" : 100 }, 
        {"sofa" : 1,  "begin" : 101,  "end" : 105 }, 
        {"sofa" : 1,  "begin" : 106,  "end" : 107 }, 
        {"sofa" : 1,  "begin" : 108,  "end" : 114 }, 
        {"sofa" : 1,  "begin" : 115,  "end" : 116 }, 
        {"sofa" : 1,  "begin" : 117,  "end" : 119 }, 
        {"sofa" : 1,  "begin" : 120,  "end" : 122 }, 
        {"sofa" : 1,  "begin" : 123,  "end" : 130 }, 
        {"sofa" : 1,  "begin" : 131,  "end" : 132 }, 
        {"sofa" : 1,  "begin" : 133,  "end" : 136 }, 
        {"sofa" : 1,  "begin" : 137,  "end" : 140 }, 
        {"sofa" : 1,  "begin" : 141,  "end" : 150 }, 
        {"sofa" : 1,  "begin" : 151,  "end" : 153 }, 
        {"sofa" : 1,  "begin" : 154,  "end" : 157 }, 
        {"sofa" : 1,  "begin" : 158,  "end" : 162 }, 
        {"sofa" : 1,  "begin" : 163,  "end" : 164 }, 
        {"sofa" : 1,  "begin" : 165,  "end" : 167 }, 
        {"sofa" : 1,  "begin" : 168,  "end" : 177 }, 
        {"sofa" : 1,  "begin" : 178,  "end" : 185 }, 
        {"sofa" : 1,  "begin" : 186,  "end" : 192 }, 
        {"sofa" : 1,  "begin" : 193,  "end" : 195 }, 
        {"sofa" : 1,  "begin" : 196,  "end" : 197 }, 
        {"sofa" : 1,  "begin" : 198,  "end" : 200 }, 
        {"sofa" : 1,  "begin" : 201,  "end" : 202 }, 
        {"sofa" : 1,  "begin" : 203,  "end" : 208 }, 
        {"sofa" : 1,  "begin" : 209,  "end" : 210 }, 
        {"sofa" : 1,  "begin" : 211,  "end" : 216 }, 
        {"sofa" : 1,  "begin" : 217,  "end" : 223 }, 
        {"sofa" : 1,  "begin" : 224,  "end" : 226 }, 
        {"sofa" : 1,  "begin" : 227,  "end" : 230 }, 
        {"sofa" : 1,  "begin" : 231,  "end" : 238 }, 
        {"sofa" : 1,  "begin" : 239,  "end" : 240 }, 
        {"sofa" : 1,  "begin" : 241,  "end" : 244 }, 
        {"sofa" : 1,  "begin" : 245,  "end" : 248 }, 
        {"sofa" : 1,  "begin" : 249,  "end" : 255 }, 
        {"sofa" : 1,  "begin" : 256,  "end" : 257 }, 
        {"sofa" : 1,  "begin" : 258,  "end" : 261 }, 
        {"sofa" : 1,  "begin" : 262,  "end" : 270 }, 
        {"sofa" : 1,  "begin" : 271,  "end" : 272 }, 
        {"sofa" : 1,  "begin" : 273,  "end" : 276 }, 
        {"sofa" : 1,  "begin" : 277,  "end" : 284 }, 
        {"sofa" : 1,  "begin" : 285,  "end" : 286 }, 
        {"sofa" : 1,  "begin" : 287,  "end" : 292 }, 
        {"sofa" : 1,  "begin" : 293,  "end" : 296 }, 
        {"sofa" : 1,  "begin" : 297,  "end" : 300 }, 
        {"sofa" : 1,  "begin" : 301,  "end" : 302 }, 
        {"sofa" : 1,  "begin" : 303,  "end" : 305 }, 
        {"sofa" : 1,  "begin" : 306,  "end" : 309 }, 
        {"sofa" : 1,  "begin" : 310,  "end" : 314 }, 
        {"sofa" : 1,  "begin" : 315,  "end" : 316 }, 
        {"sofa" : 1,  "begin" : 317,  "end" : 325 }, 
        {"sofa" : 1,  "begin" : 326,  "end" : 331 }, 
        {"sofa" : 1,  "begin" : 332,  "end" : 335 }, 
        {"sofa" : 1,  "begin" : 336,  "end" : 346 }, 
        {"sofa" : 1,  "begin" : 347,  "end" : 348 }, 
        {"sofa" : 1,  "begin" : 349,  "end" : 352 }, 
        {"sofa" : 1,  "begin" : 353,  "end" : 357 }, 
        {"sofa" : 1,  "begin" : 358,  "end" : 361 }, 
        {"sofa" : 1,  "begin" : 362,  "end" : 366 }, 
        {"sofa" : 1,  "begin" : 367,  "end" : 372 }, 
        {"sofa" : 1,  "begin" : 373,  "end" : 374 }, 
        {"sofa" : 1,  "begin" : 375,  "end" : 378 }, 
        {"sofa" : 1,  "begin" : 379,  "end" : 381 }, 
        {"sofa" : 1,  "begin" : 382,  "end" : 387 }, 
        {"sofa" : 1,  "begin" : 388,  "end" : 395 }, 
        {"sofa" : 1,  "begin" : 396,  "end" : 397 }, 
        {"sofa" : 1,  "begin" : 398,  "end" : 400 }, 
        {"sofa" : 1,  "begin" : 401,  "end" : 405 }, 
        {"sofa" : 1,  "begin" : 406,  "end" : 410 }, 
        {"sofa" : 1,  "begin" : 411,  "end" : 414 }, 
        {"sofa" : 1,  "begin" : 415,  "end" : 418 }, 
        {"sofa" : 1,  "begin" : 419,  "end" : 423 }, 
        {"sofa" : 1,  "begin" : 424,  "end" : 427 }, 
        {"sofa" : 1,  "begin" : 428,  "end" : 432 }, 
        {"sofa" : 1,  "begin" : 433,  "end" : 437 }, 
        {"sofa" : 1,  "begin" : 438,  "end" : 439 }, 
        {"sofa" : 1,  "begin" : 440,  "end" : 442 }, 
        {"sofa" : 1,  "begin" : 443,  "end" : 447 }, 
        {"sofa" : 1,  "begin" : 448,  "end" : 452 }, 
        {"sofa" : 1,  "begin" : 453,  "end" : 460 }, 
        {"sofa" : 1,  "begin" : 461,  "end" : 463 }, 
        {"sofa" : 1,  "begin" : 464,  "end" : 465 }, 
        {"sofa" : 1,  "begin" : 466,  "end" : 476 }, 
        {"sofa" : 1,  "begin" : 477,  "end" : 483 }, 
        {"sofa" : 1,  "begin" : 484,  "end" : 485 }, 
        {"sofa" : 1,  "begin" : 486,  "end" : 489 }, 
        {"sofa" : 1,  "begin" : 490,  "end" : 494 }, 
        {"sofa" : 1,  "begin" : 495,  "end" : 496 }, 
        {"sofa" : 1,  "begin" : 497,  "end" : 499 }, 
        {"sofa" : 1,  "begin" : 500,  "end" : 505 }, 
        {"sofa" : 1,  "begin" : 506,  "end" : 508 }, 
        {"sofa" : 1,  "begin" : 509,  "end" : 511 }, 
        {"sofa" : 1,  "begin" : 512,  "end" : 516 }, 
        {"sofa" : 1,  "begin" : 517,  "end" : 518 }, 
        {"sofa" : 1,  "begin" : 519,  "end" : 525 }, 
        {"sofa" : 1,  "begin" : 526,  "end" : 533 }, 
        {"sofa" : 1,  "begin" : 534,  "end" : 536 }, 
        {"sofa" : 1,  "begin" : 537,  "end" : 538 }, 
        {"sofa" : 1,  "begin" : 539,  "end" : 545 }, 
        {"sofa" : 1,  "begin" : 546,  "end" : 548 }, 
        {"sofa" : 1,  "begin" : 549,  "end" : 552 }, 
        {"sofa" : 1,  "begin" : 553,  "end" : 557 }, 
        {"sofa" : 1,  "begin" : 558,  "end" : 560 }, 
        {"sofa" : 1,  "begin" : 561,  "end" : 571 }, 
        {"sofa" : 1,  "begin" : 572,  "end" : 580 }, 
        {"sofa" : 1,  "begin" : 581,  "end" : 582 }, 
        {"sofa" : 1,  "begin" : 583,  "end" : 586 }, 
        {"sofa" : 1,  "begin" : 587,  "end" : 590 }, 
        {"sofa" : 1,  "begin" : 591,  "end" : 593 }, 
        {"sofa" : 1,  "begin" : 594,  "end" : 597 }, 
        {"sofa" : 1,  "begin" : 598,  "end" : 604 }, 
        {"sofa" : 1,  "begin" : 605,  "end" : 608 }, 
        {"sofa" : 1,  "begin" : 609,  "end" : 610 }, 
        {"sofa" : 1,  "begin" : 611,  "end" : 615 }, 
        {"sofa" : 1,  "begin" : 616,  "end" : 619 }, 
        {"sofa" : 1,  "begin" : 620,  "end" : 624 }, 
        {"sofa" : 1,  "begin" : 625,  "end" : 629 }, 
        {"sofa" : 1,  "begin" : 630,  "end" : 634 }, 
        {"sofa" : 1,  "begin" : 635,  "end" : 636 }, 
        {"sofa" : 1,  "begin" : 637,  "end" : 640 }, 
        {"sofa" : 1,  "begin" : 641,  "end" : 643 }, 
        {"sofa" : 1,  "begin" : 644,  "end" : 648 }, 
        {"sofa" : 1,  "begin" : 649,  "end" : 653 }, 
        {"sofa" : 1,  "begin" : 654,  "end" : 660 }, 
        {"sofa" : 1,  "begin" : 661,  "end" : 669 }, 
        {"sofa" : 1,  "begin" : 670,  "end" : 672 }, 
        {"sofa" : 1,  "begin" : 673,  "end" : 676 }, 
        {"sofa" : 1,  "begin" : 677,  "end" : 680 }, 
        {"sofa" : 1,  "begin" : 681,  "end" : 683 }, 
        {"sofa" : 1,  "begin" : 684,  "end" : 688 }, 
        {"sofa" : 1,  "begin" : 689,  "end" : 693 }, 
        {"sofa" : 1,  "begin" : 694,  "end" : 696 }, 
        {"sofa" : 1,  "begin" : 697,  "end" : 700 }, 
        {"sofa" : 1,  "begin" : 701,  "end" : 705 }, 
        {"sofa" : 1,  "begin" : 706,  "end" : 711 }, 
        {"sofa" : 1,  "begin" : 712,  "end" : 715 }, 
        {"sofa" : 1,  "begin" : 716,  "end" : 723 }, 
        {"sofa" : 1,  "begin" : 724,  "end" : 727 }, 
        {"sofa" : 1,  "begin" : 728,  "end" : 733 }, 
        {"sofa" : 1,  "begin" : 734,  "end" : 737 }, 
        {"sofa" : 1,  "begin" : 738,  "end" : 741 }, 
        {"sofa" : 1,  "begin" : 742,  "end" : 743 }, 
        {"sofa" : 1,  "begin" : 744,  "end" : 750 }, 
        {"sofa" : 1,  "begin" : 751,  "end" : 756 }, 
        {"sofa" : 1,  "begin" : 757,  "end" : 758 }, 
        {"sofa" : 1,  "begin" : 759,  "end" : 764 }, 
        {"sofa" : 1,  "begin" : 765,  "end" : 766 }, 
        {"sofa" : 1,  "begin" : 767,  "end" : 769 }, 
        {"sofa" : 1,  "begin" : 770,  "end" : 772 }, 
        {"sofa" : 1,  "begin" : 773,  "end" : 777 }, 
        {"sofa" : 1,  "begin" : 778,  "end" : 787 }, 
        {"sofa" : 1,  "begin" : 788,  "end" : 790 }, 
        {"sofa" : 1,  "begin" : 791,  "end" : 799 }, 
        {"sofa" : 1,  "begin" : 800,  "end" : 801 }, 
        {"sofa" : 1,  "begin" : 802,  "end" : 803 }, 
        {"sofa" : 1,  "begin" : 804,  "end" : 808 }, 
        {"sofa" : 1,  "begin" : 809,  "end" : 811 }, 
        {"sofa" : 1,  "begin" : 812,  "end" : 817 }, 
        {"sofa" : 1,  "begin" : 818,  "end" : 821 }, 
        {"sofa" : 1,  "begin" : 822,  "end" : 828 }, 
        {"sofa" : 1,  "begin" : 829,  "end" : 831 }, 
        {"sofa" : 1,  "begin" : 832,  "end" : 834 }, 
        {"sofa" : 1,  "begin" : 835,  "end" : 836 }, 
        {"sofa" : 1,  "begin" : 837,  "end" : 838 } ], 
      "DisjointCausalSpansChain" : [
        {"sofa" : 1,  "first" : 2769 } ], 
      "DisjointCausalSpansLink" : [2769,  2783 ], 
      "PartsofCause" : [2672,  2458,  2471,  2700,  2713,  2726,  2522,  2535,  2548,  2617,  2591,  2604,  2801,  2814,  2827,  2870,  2883,  2896,  2939,  2952,  2965 ], 
      "TypesofCause" : [
        {"sofa" : 1,  "begin" : 9,  "end" : 38,  "Dependent" : 2672,  "Governor" : 2458,  "TypesofCause" : "Effect" }, 
        {"sofa" : 1,  "begin" : 44,  "end" : 47,  "Dependent" : 2471,  "Governor" : 2458,  "TypesofCause" : "Cause" }, 
        {"sofa" : 1,  "begin" : 50,  "end" : 130,  "Dependent" : 2700,  "Governor" : 2713,  "TypesofCause" : "Effect" }, 
        {"sofa" : 1,  "begin" : 137,  "end" : 162,  "Dependent" : 2726,  "Governor" : 2713,  "TypesofCause" : "Cause" }, 
        {"sofa" : 1,  "begin" : 353,  "end" : 395,  "Dependent" : 2522,  "Governor" : 2535,  "TypesofCause" : "Effect" }, 
        {"sofa" : 1,  "begin" : 401,  "end" : 437,  "Dependent" : 2548,  "Governor" : 2535,  "TypesofCause" : "Cause" }, 
        {"sofa" : 1,  "begin" : 440,  "end" : 442,  "Dependent" : 2617,  "Governor" : 2591,  "TypesofCause" : "Cause" }, 
        {"sofa" : 1,  "begin" : 448,  "end" : 483,  "Dependent" : 2604,  "Governor" : 2591,  "TypesofCause" : "Effect" }, 
        {"sofa" : 1,  "begin" : 616,  "end" : 634,  "Dependent" : 2801,  "Governor" : 2814,  "TypesofCause" : "Effect" }, 
        {"sofa" : 1,  "begin" : 689,  "end" : 741,  "Dependent" : 2827,  "Governor" : 2814,  "TypesofCause" : "Cause" }, 
        {"sofa" : 1,  "begin" : 751,  "end" : 764,  "Dependent" : 2883,  "Governor" : 2870,  "TypesofCause" : "Cause" }, 
        {"sofa" : 1,  "begin" : 767,  "end" : 834,  "Dependent" : 2896,  "Governor" : 2870,  "TypesofCause" : "Effect" }, 
        {"sofa" : 1,  "begin" : 804,  "end" : 808,  "Dependent" : 2939,  "Governor" : 2952,  "TypesofCause" : "Effect" }, 
        {"sofa" : 1,  "begin" : 812,  "end" : 834,  "Dependent" : 2965,  "Governor" : 2952,  "TypesofCause" : "Cause" } ] } }, 
  "_referenced_fss" : {
    "1" : {"_type" : "Sofa",  "sofaNum" : 1,  "sofaID" : "_InitialView",  "mimeType" : "text",  "sofaString" : "A STAG , whose joints had become stiff with age , was at great pains to gather an abundant supply of food — enough , as he thought , for the remainder of his days .\nHe stretched himself beside it , in a quiet , sunny corner of his pasture , and now dozing , now nibbling , was passing a happy old age .\nHe had been a favorite among his companions , and they now came often , and in great numbers , to call upon him and wish him good luck .\nHe made them welcome in a hospitable manner , and each , as often as he came , helped himself to a little of the food so abundantly provided .\nThe end of the matter was , that the poor Stag died , not so much from either sickness or old age as from want of the food which his friends had eaten for him .\nBefore doing a thing , it is well sometimes to consider , “ What if every one should do it ? ”" }, 
    "2672" : {"_type" : "PartsofCause",  "sofa" : 1,  "begin" : 9,  "end" : 38,  "PartsofCause" : "Argument" }, 
    "2458" : {"_type" : "PartsofCause",  "sofa" : 1,  "begin" : 39,  "end" : 43,  "PartsofCause" : "Causing" }, 
    "2471" : {"_type" : "PartsofCause",  "sofa" : 1,  "begin" : 44,  "end" : 47,  "PartsofCause" : "Argument" }, 
    "2700" : {"_type" : "PartsofCause",  "sofa" : 1,  "begin" : 50,  "end" : 130,  "PartsofCause" : "Argument" }, 
    "2713" : {"_type" : "PartsofCause",  "sofa" : 1,  "begin" : 133,  "end" : 136,  "PartsofCause" : "Causing" }, 
    "2726" : {"_type" : "PartsofCause",  "sofa" : 1,  "begin" : 137,  "end" : 162,  "PartsofCause" : "Argument" }, 
    "2522" : {"_type" : "PartsofCause",  "sofa" : 1,  "begin" : 353,  "end" : 395,  "PartsofCause" : "Argument" }, 
    "2535" : {"_type" : "PartsofCause",  "sofa" : 1,  "begin" : 398,  "end" : 400,  "PartsofCause" : "Causing" }, 
    "2548" : {"_type" : "PartsofCause",  "sofa" : 1,  "begin" : 401,  "end" : 437,  "PartsofCause" : "Argument" }, 
    "2617" : {"_type" : "PartsofCause",  "sofa" : 1,  "begin" : 440,  "end" : 442,  "PartsofCause" : "Argument" }, 
    "2591" : {"_type" : "PartsofCause",  "sofa" : 1,  "begin" : 443,  "end" : 447,  "PartsofCause" : "Causing" }, 
    "2604" : {"_type" : "PartsofCause",  "sofa" : 1,  "begin" : 448,  "end" : 483,  "PartsofCause" : "Argument" }, 
    "2801" : {"_type" : "PartsofCause",  "sofa" : 1,  "begin" : 616,  "end" : 634,  "PartsofCause" : "Argument" }, 
    "2814" : {"_type" : "PartsofCause",  "sofa" : 1,  "begin" : 684,  "end" : 688,  "PartsofCause" : "Causing" }, 
    "2827" : {"_type" : "PartsofCause",  "sofa" : 1,  "begin" : 689,  "end" : 741,  "PartsofCause" : "Argument" }, 
    "2883" : {"_type" : "PartsofCause",  "sofa" : 1,  "begin" : 751,  "end" : 764,  "PartsofCause" : "Argument" }, 
    "2870" : {"_type" : "PartsofCause",  "sofa" : 1,  "begin" : 744,  "end" : 750,  "PartsofCause" : "Causing" }, 
    "2896" : {"_type" : "PartsofCause",  "sofa" : 1,  "begin" : 767,  "end" : 834,  "PartsofCause" : "Argument" }, 
    "2939" : {"_type" : "PartsofCause",  "sofa" : 1,  "begin" : 804,  "end" : 808,  "PartsofCause" : "Argument" }, 
    "2952" : {"_type" : "PartsofCause",  "sofa" : 1,  "begin" : 809,  "end" : 811,  "PartsofCause" : "Causing" }, 
    "2965" : {"_type" : "PartsofCause",  "sofa" : 1,  "begin" : 812,  "end" : 834,  "PartsofCause" : "Argument" }, 
    "2783" : {"_type" : "DisjointCausalSpansLink",  "sofa" : 1,  "begin" : 50,  "end" : 130 }, 
    "2769" : {"_type" : "DisjointCausalSpansLink",  "sofa" : 1,  "end" : 6,  "next" : 2783 }, 
    "3004" : {"_type" : "LayerDefinition",  "name" : "webanno.custom.DisjointCausalSpans",  "uiName" : "Disjoint Causal Spans" }, 
    "3015" : {"_type" : "LayerDefinition",  "name" : "webanno.custom.PartsofCause",  "uiName" : "Parts of Cause" }, 
    "3022" : {"_type" : "LayerDefinition",  "name" : "webanno.custom.TypesofCause",  "uiName" : "Types of Cause" } } }