{"_context" : {
    "_types" : {
      "DocumentMetaData" : {
        "_feature_types" : {"sofa" : "_ref" } }, 
      "FeatureDefinition" : {
        "_feature_types" : {"layer" : "_ref" } }, 
      "LayerDefinition" : { }, 
      "PartsofCause" : {
        "_feature_types" : {"sofa" : "_ref" } }, 
      "Sentence" : {
        "_feature_types" : {"sofa" : "_ref" } }, 
      "Sofa" : {
        "_feature_types" : {"sofaArray" : "_ref" } }, 
      "TagsetDescription" : {
        "_feature_types" : {"sofa" : "_ref",  "tags" : "_ref" } }, 
      "Token" : {
        "_feature_types" : {"sofa" : "_ref",  "parent" : "_ref",  "lemma" : "_ref",  "stem" : "_ref",  "pos" : "_ref",  "morph" : "_ref",  "form" : "_ref" } }, 
      "TypesofCause" : {
        "_feature_types" : {"sofa" : "_ref",  "Dependent" : "_ref",  "Governor" : "_ref" } }, 
      "DocumentAnnotation" : {
        "_feature_types" : {"sofa" : "_ref" }, 
        "_subtypes" : ["DocumentMetaData" ] }, 
      "Annotation" : {
        "_feature_types" : {"sofa" : "_ref" }, 
        "_subtypes" : ["DocumentAnnotation",  "PartsofCause",  "Sentence",  "TagsetDescription",  "Token",  "TypesofCause" ] }, 
      "AnnotationBase" : {
        "_feature_types" : {"sofa" : "_ref" }, 
        "_subtypes" : ["Annotation" ] }, 
      "TOP" : {
        "_subtypes" : ["AnnotationBase",  "FeatureDefinition",  "LayerDefinition",  "Sofa" ] } } }, 
  "_views" : {
    "_InitialView" : {
      "FeatureDefinition" : [
        {"layer" : 2422,  "name" : "referenceRelation",  "uiName" : "Reference Relation" }, 
        {"layer" : 2422,  "name" : "referenceType",  "uiName" : "Reference Type" }, 
        {"layer" : 2433,  "name" : "PartsofCause",  "uiName" : "Parts of Cause" }, 
        {"layer" : 2440,  "name" : "TypesofCause",  "uiName" : "Types of Cause" } ], 
      "LayerDefinition" : [2422,  2433,  2440 ], 
      "DocumentMetaData" : [
        {"sofa" : 1,  "end" : 943,  "language" : "x-unspecified",  "documentTitle" : "cnn-09.txt",  "documentId" : "GJW",  "documentUri" : "file:/srv/inception/repository/project/2/document/2361/source/GJW",  "collectionId" : "file:/srv/inception/repository/project/2/document/2361/source/",  "documentBaseUri" : "file:/srv/inception/repository/project/2/document/2361/source/",  "isLastSegment" : false } ], 
      "TagsetDescription" : [
        {"sofa" : 1,  "layer" : "webanno.custom.PartsofCause",  "name" : "Parts of Cause",  "input" : false }, 
        {"sofa" : 1,  "layer" : "webanno.custom.TypesofCause",  "name" : "Causal Relations",  "input" : false } ], 
      "Sentence" : [
        {"sofa" : 1,  "end" : 111 }, 
        {"sofa" : 1,  "begin" : 112,  "end" : 218 }, 
        {"sofa" : 1,  "begin" : 219,  "end" : 362 }, 
        {"sofa" : 1,  "begin" : 363,  "end" : 475 }, 
        {"sofa" : 1,  "begin" : 476,  "end" : 563 }, 
        {"sofa" : 1,  "begin" : 564,  "end" : 701 }, 
        {"sofa" : 1,  "begin" : 702,  "end" : 863 }, 
        {"sofa" : 1,  "begin" : 864,  "end" : 943 } ], 
      "Token" : [
        {"sofa" : 1,  "end" : 4 }, 
        {"sofa" : 1,  "begin" : 5,  "end" : 9 }, 
        {"sofa" : 1,  "begin" : 10,  "end" : 12 }, 
        {"sofa" : 1,  "begin" : 13,  "end" : 19 }, 
        {"sofa" : 1,  "begin" : 20,  "end" : 24 }, 
        {"sofa" : 1,  "begin" : 25,  "end" : 30 }, 
        {"sofa" : 1,  "begin" : 31,  "end" : 32 }, 
        {"sofa" : 1,  "begin" : 33,  "end" : 37 }, 
        {"sofa" : 1,  "begin" : 38,  "end" : 46 }, 
        {"sofa" : 1,  "begin" : 47,  "end" : 55 }, 
        {"sofa" : 1,  "begin" : 56,  "end" : 60 }, 
        {"sofa" : 1,  "begin" : 61,  "end" : 65 }, 
        {"sofa" : 1,  "begin" : 66,  "end" : 74 }, 
        {"sofa" : 1,  "begin" : 75,  "end" : 77 }, 
        {"sofa" : 1,  "begin" : 78,  "end" : 84 }, 
        {"sofa" : 1,  "begin" : 85,  "end" : 86 }, 
        {"sofa" : 1,  "begin" : 87,  "end" : 94 }, 
        {"sofa" : 1,  "begin" : 95,  "end" : 104 }, 
        {"sofa" : 1,  "begin" : 105,  "end" : 109 }, 
        {"sofa" : 1,  "begin" : 110,  "end" : 111 }, 
        {"sofa" : 1,  "begin" : 112,  "end" : 117 }, 
        {"sofa" : 1,  "begin" : 118,  "end" : 127 }, 
        {"sofa" : 1,  "begin" : 128,  "end" : 131 }, 
        {"sofa" : 1,  "begin" : 132,  "end" : 134 }, 
        {"sofa" : 1,  "begin" : 135,  "end" : 141 }, 
        {"sofa" : 1,  "begin" : 142,  "end" : 146 }, 
        {"sofa" : 1,  "begin" : 147,  "end" : 153 }, 
        {"sofa" : 1,  "begin" : 154,  "end" : 158 }, 
        {"sofa" : 1,  "begin" : 159,  "end" : 162 }, 
        {"sofa" : 1,  "begin" : 163,  "end" : 168 }, 
        {"sofa" : 1,  "begin" : 169,  "end" : 170 }, 
        {"sofa" : 1,  "begin" : 171,  "end" : 174 }, 
        {"sofa" : 1,  "begin" : 175,  "end" : 187 }, 
        {"sofa" : 1,  "begin" : 188,  "end" : 195 }, 
        {"sofa" : 1,  "begin" : 196,  "end" : 200 }, 
        {"sofa" : 1,  "begin" : 201,  "end" : 207 }, 
        {"sofa" : 1,  "begin" : 208,  "end" : 216 }, 
        {"sofa" : 1,  "begin" : 217,  "end" : 218 }, 
        {"sofa" : 1,  "begin" : 219,  "end" : 225 }, 
        {"sofa" : 1,  "begin" : 226,  "end" : 234 }, 
        {"sofa" : 1,  "begin" : 235,  "end" : 239 }, 
        {"sofa" : 1,  "begin" : 240,  "end" : 245 }, 
        {"sofa" : 1,  "begin" : 246,  "end" : 248 }, 
        {"sofa" : 1,  "begin" : 249,  "end" : 255 }, 
        {"sofa" : 1,  "begin" : 256,  "end" : 258 }, 
        {"sofa" : 1,  "begin" : 259,  "end" : 264 }, 
        {"sofa" : 1,  "begin" : 265,  "end" : 268 }, 
        {"sofa" : 1,  "begin" : 269,  "end" : 273 }, 
        {"sofa" : 1,  "begin" : 274,  "end" : 275 }, 
        {"sofa" : 1,  "begin" : 276,  "end" : 281 }, 
        {"sofa" : 1,  "begin" : 282,  "end" : 286 }, 
        {"sofa" : 1,  "begin" : 287,  "end" : 289 }, 
        {"sofa" : 1,  "begin" : 290,  "end" : 293 }, 
        {"sofa" : 1,  "begin" : 294,  "end" : 297 }, 
        {"sofa" : 1,  "begin" : 298,  "end" : 303 }, 
        {"sofa" : 1,  "begin" : 304,  "end" : 306 }, 
        {"sofa" : 1,  "begin" : 307,  "end" : 310 }, 
        {"sofa" : 1,  "begin" : 311,  "end" : 320 }, 
        {"sofa" : 1,  "begin" : 321,  "end" : 322 }, 
        {"sofa" : 1,  "begin" : 323,  "end" : 327 }, 
        {"sofa" : 1,  "begin" : 328,  "end" : 331 }, 
        {"sofa" : 1,  "begin" : 332,  "end" : 337 }, 
        {"sofa" : 1,  "begin" : 338,  "end" : 341 }, 
        {"sofa" : 1,  "begin" : 342,  "end" : 343 }, 
        {"sofa" : 1,  "begin" : 344,  "end" : 351 }, 
        {"sofa" : 1,  "begin" : 352,  "end" : 360 }, 
        {"sofa" : 1,  "begin" : 361,  "end" : 362 }, 
        {"sofa" : 1,  "begin" : 363,  "end" : 367 }, 
        {"sofa" : 1,  "begin" : 368,  "end" : 374 }, 
        {"sofa" : 1,  "begin" : 375,  "end" : 379 }, 
        {"sofa" : 1,  "begin" : 380,  "end" : 388 }, 
        {"sofa" : 1,  "begin" : 389,  "end" : 395 }, 
        {"sofa" : 1,  "begin" : 396,  "end" : 405 }, 
        {"sofa" : 1,  "begin" : 406,  "end" : 407 }, 
        {"sofa" : 1,  "begin" : 408,  "end" : 415 }, 
        {"sofa" : 1,  "begin" : 416,  "end" : 422 }, 
        {"sofa" : 1,  "begin" : 423,  "end" : 429 }, 
        {"sofa" : 1,  "begin" : 430,  "end" : 432 }, 
        {"sofa" : 1,  "begin" : 433,  "end" : 442 }, 
        {"sofa" : 1,  "begin" : 443,  "end" : 451 }, 
        {"sofa" : 1,  "begin" : 452,  "end" : 457 }, 
        {"sofa" : 1,  "begin" : 458,  "end" : 463 }, 
        {"sofa" : 1,  "begin" : 464,  "end" : 466 }, 
        {"sofa" : 1,  "begin" : 467,  "end" : 473 }, 
        {"sofa" : 1,  "begin" : 474,  "end" : 475 }, 
        {"sofa" : 1,  "begin" : 476,  "end" : 477 }, 
        {"sofa" : 1,  "begin" : 478,  "end" : 484 }, 
        {"sofa" : 1,  "begin" : 485,  "end" : 488 }, 
        {"sofa" : 1,  "begin" : 489,  "end" : 495 }, 
        {"sofa" : 1,  "begin" : 496,  "end" : 506 }, 
        {"sofa" : 1,  "begin" : 507,  "end" : 510 }, 
        {"sofa" : 1,  "begin" : 511,  "end" : 519 }, 
        {"sofa" : 1,  "begin" : 520,  "end" : 522 }, 
        {"sofa" : 1,  "begin" : 523,  "end" : 527 }, 
        {"sofa" : 1,  "begin" : 528,  "end" : 539 }, 
        {"sofa" : 1,  "begin" : 540,  "end" : 546 }, 
        {"sofa" : 1,  "begin" : 547,  "end" : 548 }, 
        {"sofa" : 1,  "begin" : 549,  "end" : 550 }, 
        {"sofa" : 1,  "begin" : 551,  "end" : 556 }, 
        {"sofa" : 1,  "begin" : 557,  "end" : 561 }, 
        {"sofa" : 1,  "begin" : 562,  "end" : 563 }, 
        {"sofa" : 1,  "begin" : 564,  "end" : 570 }, 
        {"sofa" : 1,  "begin" : 571,  "end" : 572 }, 
        {"sofa" : 1,  "begin" : 573,  "end" : 579 }, 
        {"sofa" : 1,  "begin" : 580,  "end" : 587 }, 
        {"sofa" : 1,  "begin" : 588,  "end" : 594 }, 
        {"sofa" : 1,  "begin" : 595,  "end" : 604 }, 
        {"sofa" : 1,  "begin" : 605,  "end" : 610 }, 
        {"sofa" : 1,  "begin" : 611,  "end" : 615 }, 
        {"sofa" : 1,  "begin" : 616,  "end" : 617 }, 
        {"sofa" : 1,  "begin" : 618,  "end" : 623 }, 
        {"sofa" : 1,  "begin" : 624,  "end" : 633 }, 
        {"sofa" : 1,  "begin" : 634,  "end" : 638 }, 
        {"sofa" : 1,  "begin" : 639,  "end" : 646 }, 
        {"sofa" : 1,  "begin" : 647,  "end" : 650 }, 
        {"sofa" : 1,  "begin" : 651,  "end" : 655 }, 
        {"sofa" : 1,  "begin" : 656,  "end" : 659 }, 
        {"sofa" : 1,  "begin" : 660,  "end" : 669 }, 
        {"sofa" : 1,  "begin" : 670,  "end" : 673 }, 
        {"sofa" : 1,  "begin" : 674,  "end" : 678 }, 
        {"sofa" : 1,  "begin" : 679,  "end" : 686 }, 
        {"sofa" : 1,  "begin" : 687,  "end" : 691 }, 
        {"sofa" : 1,  "begin" : 692,  "end" : 699 }, 
        {"sofa" : 1,  "begin" : 700,  "end" : 701 }, 
        {"sofa" : 1,  "begin" : 702,  "end" : 705 }, 
        {"sofa" : 1,  "begin" : 706,  "end" : 715 }, 
        {"sofa" : 1,  "begin" : 716,  "end" : 718 }, 
        {"sofa" : 1,  "begin" : 719,  "end" : 720 }, 
        {"sofa" : 1,  "begin" : 721,  "end" : 727 }, 
        {"sofa" : 1,  "begin" : 728,  "end" : 732 }, 
        {"sofa" : 1,  "begin" : 733,  "end" : 737 }, 
        {"sofa" : 1,  "begin" : 738,  "end" : 745 }, 
        {"sofa" : 1,  "begin" : 746,  "end" : 749 }, 
        {"sofa" : 1,  "begin" : 750,  "end" : 754 }, 
        {"sofa" : 1,  "begin" : 755,  "end" : 757 }, 
        {"sofa" : 1,  "begin" : 758,  "end" : 766 }, 
        {"sofa" : 1,  "begin" : 767,  "end" : 768 }, 
        {"sofa" : 1,  "begin" : 769,  "end" : 777 }, 
        {"sofa" : 1,  "begin" : 778,  "end" : 784 }, 
        {"sofa" : 1,  "begin" : 785,  "end" : 787 }, 
        {"sofa" : 1,  "begin" : 788,  "end" : 793 }, 
        {"sofa" : 1,  "begin" : 794,  "end" : 797 }, 
        {"sofa" : 1,  "begin" : 798,  "end" : 806 }, 
        {"sofa" : 1,  "begin" : 807,  "end" : 813 }, 
        {"sofa" : 1,  "begin" : 814,  "end" : 817 }, 
        {"sofa" : 1,  "begin" : 818,  "end" : 825 }, 
        {"sofa" : 1,  "begin" : 826,  "end" : 829 }, 
        {"sofa" : 1,  "begin" : 830,  "end" : 833 }, 
        {"sofa" : 1,  "begin" : 834,  "end" : 836 }, 
        {"sofa" : 1,  "begin" : 837,  "end" : 844 }, 
        {"sofa" : 1,  "begin" : 845,  "end" : 847 }, 
        {"sofa" : 1,  "begin" : 848,  "end" : 851 }, 
        {"sofa" : 1,  "begin" : 852,  "end" : 857 }, 
        {"sofa" : 1,  "begin" : 858,  "end" : 861 }, 
        {"sofa" : 1,  "begin" : 862,  "end" : 863 }, 
        {"sofa" : 1,  "begin" : 864,  "end" : 871 }, 
        {"sofa" : 1,  "begin" : 872,  "end" : 873 }, 
        {"sofa" : 1,  "begin" : 874,  "end" : 877 }, 
        {"sofa" : 1,  "begin" : 878,  "end" : 884 }, 
        {"sofa" : 1,  "begin" : 885,  "end" : 889 }, 
        {"sofa" : 1,  "begin" : 890,  "end" : 895 }, 
        {"sofa" : 1,  "begin" : 896,  "end" : 904 }, 
        {"sofa" : 1,  "begin" : 905,  "end" : 906 }, 
        {"sofa" : 1,  "begin" : 907,  "end" : 915 }, 
        {"sofa" : 1,  "begin" : 916,  "end" : 917 }, 
        {"sofa" : 1,  "begin" : 918,  "end" : 921 }, 
        {"sofa" : 1,  "begin" : 922,  "end" : 925 }, 
        {"sofa" : 1,  "begin" : 926,  "end" : 932 }, 
        {"sofa" : 1,  "begin" : 933,  "end" : 943 } ], 
      "PartsofCause" : [2273,  2260,  2286,  2351,  2329,  2338 ], 
      "TypesofCause" : [
        {"sofa" : 1,  "end" : 24,  "Dependent" : 2273,  "Governor" : 2260,  "TypesofCause" : "Effect" }, 
        {"sofa" : 1,  "begin" : 31,  "end" : 84,  "Dependent" : 2286,  "Governor" : 2260,  "TypesofCause" : "Cause" }, 
        {"sofa" : 1,  "begin" : 478,  "end" : 519,  "Dependent" : 2351,  "Governor" : 2329,  "TypesofCause" : "Effect" }, 
        {"sofa" : 1,  "begin" : 523,  "end" : 546,  "Dependent" : 2338,  "Governor" : 2329,  "TypesofCause" : "Cause" } ] } }, 
  "_referenced_fss" : {
    "1" : {"_type" : "Sofa",  "sofaNum" : 1,  "sofaID" : "_InitialView",  "mimeType" : "text",  "sofaString" : "More than 20 people died after a boat carrying migrants sank near Istanbul on Monday , Turkish officials said .\nSeven survivors and 24 bodies were pulled from the water , the semiofficial Anadolu news agency reported .\nTwelve children were among 43 people on board the boat , which sank in the far north of the Bosphorus , near the Black Sea , Anadolu reported .\nNine people were carrying Afghan passports , Anadolu quoted Turkey 's Transport Minister Lutfi Elvan as saying .\n\" Search and rescue operations are underway to find unaccounted people , \" Elvan said .\nReport : 40,000 migrant deaths worldwide since 2000 A local fisherman told Anadolu the dead and survivors had been wearing life jackets .\nThe Bosphorus is a strait that runs through the city of Istanbul , dividing Turkey 's Asian and European shores and linking the Sea of Marmara to the Black Sea .\nOpinion : Why Europe must offer migrants a lifeline , not end rescue operations" }, 
    "2273" : {"_type" : "PartsofCause",  "sofa" : 1,  "end" : 24,  "PartsofCause" : "Argument" }, 
    "2260" : {"_type" : "PartsofCause",  "sofa" : 1,  "begin" : 25,  "end" : 30,  "PartsofCause" : "Causing" }, 
    "2286" : {"_type" : "PartsofCause",  "sofa" : 1,  "begin" : 31,  "end" : 84,  "PartsofCause" : "Argument" }, 
    "2351" : {"_type" : "PartsofCause",  "sofa" : 1,  "begin" : 478,  "end" : 519,  "PartsofCause" : "Argument" }, 
    "2329" : {"_type" : "PartsofCause",  "sofa" : 1,  "begin" : 520,  "end" : 522,  "PartsofCause" : "Causing" }, 
    "2338" : {"_type" : "PartsofCause",  "sofa" : 1,  "begin" : 523,  "end" : 546,  "PartsofCause" : "Argument" }, 
    "2433" : {"_type" : "LayerDefinition",  "name" : "webanno.custom.PartsofCause",  "uiName" : "Parts of Cause" }, 
    "2422" : {"_type" : "LayerDefinition",  "name" : "webanno.custom.DisjointCausalSpans",  "uiName" : "Disjoint Causal Spans" }, 
    "2440" : {"_type" : "LayerDefinition",  "name" : "webanno.custom.TypesofCause",  "uiName" : "Types of Cause" } } }