{"_context" : {
    "_types" : {
      "DocumentMetaData" : {
        "_feature_types" : {"sofa" : "_ref" } }, 
      "FeatureDefinition" : {
        "_feature_types" : {"layer" : "_ref" } }, 
      "LayerDefinition" : { }, 
      "PartsofCause" : {
        "_feature_types" : {"sofa" : "_ref" } }, 
      "Sentence" : {
        "_feature_types" : {"sofa" : "_ref" } }, 
      "Sofa" : {
        "_feature_types" : {"sofaArray" : "_ref" } }, 
      "TagsetDescription" : {
        "_feature_types" : {"sofa" : "_ref",  "tags" : "_ref" } }, 
      "Token" : {
        "_feature_types" : {"sofa" : "_ref",  "parent" : "_ref",  "lemma" : "_ref",  "stem" : "_ref",  "pos" : "_ref",  "morph" : "_ref",  "form" : "_ref" } }, 
      "TypesofCause" : {
        "_feature_types" : {"sofa" : "_ref",  "Dependent" : "_ref",  "Governor" : "_ref" } }, 
      "DocumentAnnotation" : {
        "_feature_types" : {"sofa" : "_ref" }, 
        "_subtypes" : ["DocumentMetaData" ] }, 
      "Annotation" : {
        "_feature_types" : {"sofa" : "_ref" }, 
        "_subtypes" : ["DocumentAnnotation",  "PartsofCause",  "Sentence",  "TagsetDescription",  "Token",  "TypesofCause" ] }, 
      "AnnotationBase" : {
        "_feature_types" : {"sofa" : "_ref" }, 
        "_subtypes" : ["Annotation" ] }, 
      "TOP" : {
        "_subtypes" : ["AnnotationBase",  "FeatureDefinition",  "LayerDefinition",  "Sofa" ] } } }, 
  "_views" : {
    "_InitialView" : {
      "FeatureDefinition" : [
        {"layer" : 2181,  "name" : "referenceRelation",  "uiName" : "Reference Relation" }, 
        {"layer" : 2181,  "name" : "referenceType",  "uiName" : "Reference Type" }, 
        {"layer" : 2192,  "name" : "PartsofCause",  "uiName" : "Parts of Cause" }, 
        {"layer" : 2199,  "name" : "TypesofCause",  "uiName" : "Types of Cause" } ], 
      "LayerDefinition" : [2181,  2192,  2199 ], 
      "DocumentMetaData" : [
        {"sofa" : 1,  "end" : 594,  "language" : "x-unspecified",  "documentTitle" : "fable-33.txt",  "documentId" : "AYC",  "documentUri" : "file:/srv/inception/repository/project/2/document/2335/source/AYC",  "collectionId" : "file:/srv/inception/repository/project/2/document/2335/source/",  "documentBaseUri" : "file:/srv/inception/repository/project/2/document/2335/source/",  "isLastSegment" : false } ], 
      "TagsetDescription" : [
        {"sofa" : 1,  "layer" : "webanno.custom.PartsofCause",  "name" : "Parts of Cause",  "input" : false }, 
        {"sofa" : 1,  "layer" : "webanno.custom.TypesofCause",  "name" : "Causal Relations",  "input" : false } ], 
      "Sentence" : [
        {"sofa" : 1,  "end" : 98 }, 
        {"sofa" : 1,  "begin" : 99,  "end" : 140 }, 
        {"sofa" : 1,  "begin" : 141,  "end" : 205 }, 
        {"sofa" : 1,  "begin" : 206,  "end" : 230 }, 
        {"sofa" : 1,  "begin" : 231,  "end" : 304 }, 
        {"sofa" : 1,  "begin" : 305,  "end" : 333 }, 
        {"sofa" : 1,  "begin" : 334,  "end" : 397 }, 
        {"sofa" : 1,  "begin" : 398,  "end" : 515 }, 
        {"sofa" : 1,  "begin" : 516,  "end" : 594 } ], 
      "Token" : [
        {"sofa" : 1,  "end" : 1 }, 
        {"sofa" : 1,  "begin" : 2,  "end" : 7 }, 
        {"sofa" : 1,  "begin" : 8,  "end" : 15 }, 
        {"sofa" : 1,  "begin" : 16,  "end" : 20 }, 
        {"sofa" : 1,  "begin" : 21,  "end" : 22 }, 
        {"sofa" : 1,  "begin" : 23,  "end" : 25 }, 
        {"sofa" : 1,  "begin" : 26,  "end" : 29 }, 
        {"sofa" : 1,  "begin" : 30,  "end" : 36 }, 
        {"sofa" : 1,  "begin" : 37,  "end" : 38 }, 
        {"sofa" : 1,  "begin" : 39,  "end" : 42 }, 
        {"sofa" : 1,  "begin" : 43,  "end" : 47 }, 
        {"sofa" : 1,  "begin" : 48,  "end" : 49 }, 
        {"sofa" : 1,  "begin" : 50,  "end" : 53 }, 
        {"sofa" : 1,  "begin" : 54,  "end" : 58 }, 
        {"sofa" : 1,  "begin" : 59,  "end" : 61 }, 
        {"sofa" : 1,  "begin" : 62,  "end" : 73 }, 
        {"sofa" : 1,  "begin" : 74,  "end" : 77 }, 
        {"sofa" : 1,  "begin" : 78,  "end" : 81 }, 
        {"sofa" : 1,  "begin" : 82,  "end" : 87 }, 
        {"sofa" : 1,  "begin" : 88,  "end" : 90 }, 
        {"sofa" : 1,  "begin" : 91,  "end" : 96 }, 
        {"sofa" : 1,  "begin" : 97,  "end" : 98 }, 
        {"sofa" : 1,  "begin" : 99,  "end" : 102 }, 
        {"sofa" : 1,  "begin" : 103,  "end" : 108 }, 
        {"sofa" : 1,  "begin" : 109,  "end" : 112 }, 
        {"sofa" : 1,  "begin" : 113,  "end" : 116 }, 
        {"sofa" : 1,  "begin" : 117,  "end" : 125 }, 
        {"sofa" : 1,  "begin" : 126,  "end" : 128 }, 
        {"sofa" : 1,  "begin" : 129,  "end" : 131 }, 
        {"sofa" : 1,  "begin" : 132,  "end" : 138 }, 
        {"sofa" : 1,  "begin" : 139,  "end" : 140 }, 
        {"sofa" : 1,  "begin" : 141,  "end" : 142 }, 
        {"sofa" : 1,  "begin" : 143,  "end" : 148 }, 
        {"sofa" : 1,  "begin" : 149,  "end" : 151 }, 
        {"sofa" : 1,  "begin" : 152,  "end" : 156 }, 
        {"sofa" : 1,  "begin" : 157,  "end" : 159 }, 
        {"sofa" : 1,  "begin" : 160,  "end" : 170 }, 
        {"sofa" : 1,  "begin" : 171,  "end" : 172 }, 
        {"sofa" : 1,  "begin" : 173,  "end" : 176 }, 
        {"sofa" : 1,  "begin" : 177,  "end" : 179 }, 
        {"sofa" : 1,  "begin" : 180,  "end" : 182 }, 
        {"sofa" : 1,  "begin" : 183,  "end" : 191 }, 
        {"sofa" : 1,  "begin" : 192,  "end" : 193 }, 
        {"sofa" : 1,  "begin" : 194,  "end" : 195 }, 
        {"sofa" : 1,  "begin" : 196,  "end" : 198 }, 
        {"sofa" : 1,  "begin" : 199,  "end" : 203 }, 
        {"sofa" : 1,  "begin" : 204,  "end" : 205 }, 
        {"sofa" : 1,  "begin" : 206,  "end" : 207 }, 
        {"sofa" : 1,  "begin" : 208,  "end" : 210 }, 
        {"sofa" : 1,  "begin" : 211,  "end" : 216 }, 
        {"sofa" : 1,  "begin" : 217,  "end" : 219 }, 
        {"sofa" : 1,  "begin" : 220,  "end" : 228 }, 
        {"sofa" : 1,  "begin" : 229,  "end" : 230 }, 
        {"sofa" : 1,  "begin" : 231,  "end" : 237 }, 
        {"sofa" : 1,  "begin" : 238,  "end" : 240 }, 
        {"sofa" : 1,  "begin" : 241,  "end" : 244 }, 
        {"sofa" : 1,  "begin" : 245,  "end" : 252 }, 
        {"sofa" : 1,  "begin" : 253,  "end" : 257 }, 
        {"sofa" : 1,  "begin" : 258,  "end" : 265 }, 
        {"sofa" : 1,  "begin" : 266,  "end" : 269 }, 
        {"sofa" : 1,  "begin" : 270,  "end" : 274 }, 
        {"sofa" : 1,  "begin" : 275,  "end" : 276 }, 
        {"sofa" : 1,  "begin" : 277,  "end" : 279 }, 
        {"sofa" : 1,  "begin" : 280,  "end" : 282 }, 
        {"sofa" : 1,  "begin" : 283,  "end" : 285 }, 
        {"sofa" : 1,  "begin" : 286,  "end" : 288 }, 
        {"sofa" : 1,  "begin" : 289,  "end" : 292 }, 
        {"sofa" : 1,  "begin" : 293,  "end" : 295 }, 
        {"sofa" : 1,  "begin" : 296,  "end" : 302 }, 
        {"sofa" : 1,  "begin" : 303,  "end" : 304 }, 
        {"sofa" : 1,  "begin" : 305,  "end" : 307 }, 
        {"sofa" : 1,  "begin" : 308,  "end" : 311 }, 
        {"sofa" : 1,  "begin" : 312,  "end" : 315 }, 
        {"sofa" : 1,  "begin" : 316,  "end" : 319 }, 
        {"sofa" : 1,  "begin" : 320,  "end" : 324 }, 
        {"sofa" : 1,  "begin" : 325,  "end" : 329 }, 
        {"sofa" : 1,  "begin" : 330,  "end" : 331 }, 
        {"sofa" : 1,  "begin" : 332,  "end" : 333 }, 
        {"sofa" : 1,  "begin" : 334,  "end" : 337 }, 
        {"sofa" : 1,  "begin" : 338,  "end" : 341 }, 
        {"sofa" : 1,  "begin" : 342,  "end" : 349 }, 
        {"sofa" : 1,  "begin" : 350,  "end" : 353 }, 
        {"sofa" : 1,  "begin" : 354,  "end" : 358 }, 
        {"sofa" : 1,  "begin" : 359,  "end" : 360 }, 
        {"sofa" : 1,  "begin" : 361,  "end" : 362 }, 
        {"sofa" : 1,  "begin" : 363,  "end" : 364 }, 
        {"sofa" : 1,  "begin" : 365,  "end" : 368 }, 
        {"sofa" : 1,  "begin" : 369,  "end" : 372 }, 
        {"sofa" : 1,  "begin" : 373,  "end" : 376 }, 
        {"sofa" : 1,  "begin" : 377,  "end" : 379 }, 
        {"sofa" : 1,  "begin" : 380,  "end" : 384 }, 
        {"sofa" : 1,  "begin" : 385,  "end" : 387 }, 
        {"sofa" : 1,  "begin" : 388,  "end" : 392 }, 
        {"sofa" : 1,  "begin" : 393,  "end" : 395 }, 
        {"sofa" : 1,  "begin" : 396,  "end" : 397 }, 
        {"sofa" : 1,  "begin" : 398,  "end" : 399 }, 
        {"sofa" : 1,  "begin" : 400,  "end" : 402 }, 
        {"sofa" : 1,  "begin" : 403,  "end" : 405 }, 
        {"sofa" : 1,  "begin" : 406,  "end" : 410 }, 
        {"sofa" : 1,  "begin" : 411,  "end" : 417 }, 
        {"sofa" : 1,  "begin" : 418,  "end" : 420 }, 
        {"sofa" : 1,  "begin" : 421,  "end" : 424 }, 
        {"sofa" : 1,  "begin" : 425,  "end" : 427 }, 
        {"sofa" : 1,  "begin" : 428,  "end" : 430 }, 
        {"sofa" : 1,  "begin" : 431,  "end" : 434 }, 
        {"sofa" : 1,  "begin" : 435,  "end" : 440 }, 
        {"sofa" : 1,  "begin" : 441,  "end" : 442 }, 
        {"sofa" : 1,  "begin" : 443,  "end" : 446 }, 
        {"sofa" : 1,  "begin" : 447,  "end" : 449 }, 
        {"sofa" : 1,  "begin" : 450,  "end" : 453 }, 
        {"sofa" : 1,  "begin" : 454,  "end" : 456 }, 
        {"sofa" : 1,  "begin" : 457,  "end" : 460 }, 
        {"sofa" : 1,  "begin" : 461,  "end" : 466 }, 
        {"sofa" : 1,  "begin" : 467,  "end" : 469 }, 
        {"sofa" : 1,  "begin" : 470,  "end" : 474 }, 
        {"sofa" : 1,  "begin" : 475,  "end" : 477 }, 
        {"sofa" : 1,  "begin" : 478,  "end" : 486 }, 
        {"sofa" : 1,  "begin" : 487,  "end" : 488 }, 
        {"sofa" : 1,  "begin" : 489,  "end" : 490 }, 
        {"sofa" : 1,  "begin" : 491,  "end" : 496 }, 
        {"sofa" : 1,  "begin" : 497,  "end" : 499 }, 
        {"sofa" : 1,  "begin" : 500,  "end" : 504 }, 
        {"sofa" : 1,  "begin" : 505,  "end" : 507 }, 
        {"sofa" : 1,  "begin" : 508,  "end" : 513 }, 
        {"sofa" : 1,  "begin" : 514,  "end" : 515 }, 
        {"sofa" : 1,  "begin" : 516,  "end" : 518 }, 
        {"sofa" : 1,  "begin" : 519,  "end" : 521 }, 
        {"sofa" : 1,  "begin" : 522,  "end" : 528 }, 
        {"sofa" : 1,  "begin" : 529,  "end" : 535 }, 
        {"sofa" : 1,  "begin" : 536,  "end" : 539 }, 
        {"sofa" : 1,  "begin" : 540,  "end" : 548 }, 
        {"sofa" : 1,  "begin" : 549,  "end" : 555 }, 
        {"sofa" : 1,  "begin" : 556,  "end" : 560 }, 
        {"sofa" : 1,  "begin" : 561,  "end" : 565 }, 
        {"sofa" : 1,  "begin" : 566,  "end" : 570 }, 
        {"sofa" : 1,  "begin" : 571,  "end" : 574 }, 
        {"sofa" : 1,  "begin" : 575,  "end" : 580 }, 
        {"sofa" : 1,  "begin" : 581,  "end" : 583 }, 
        {"sofa" : 1,  "begin" : 584,  "end" : 590 }, 
        {"sofa" : 1,  "begin" : 591,  "end" : 592 }, 
        {"sofa" : 1,  "begin" : 593,  "end" : 594 } ], 
      "PartsofCause" : [1901,  1914,  1927,  2052,  2039,  2080,  1970,  1983,  1996,  2108,  2121,  2134 ], 
      "TypesofCause" : [
        {"sofa" : 1,  "begin" : 149,  "end" : 170,  "Dependent" : 1914,  "Governor" : 1901,  "TypesofCause" : "Cause" }, 
        {"sofa" : 1,  "begin" : 173,  "end" : 191,  "Dependent" : 1927,  "Governor" : 1901,  "TypesofCause" : "Effect" }, 
        {"sofa" : 1,  "begin" : 398,  "end" : 440,  "Dependent" : 2052,  "Governor" : 2039,  "TypesofCause" : "Effect" }, 
        {"sofa" : 1,  "begin" : 447,  "end" : 513,  "Dependent" : 2080,  "Governor" : 2039,  "TypesofCause" : "Cause" }, 
        {"sofa" : 1,  "begin" : 450,  "end" : 486,  "Dependent" : 1983,  "Governor" : 1970,  "TypesofCause" : "Cause" }, 
        {"sofa" : 1,  "begin" : 489,  "end" : 513,  "Dependent" : 1996,  "Governor" : 1970,  "TypesofCause" : "Effect" }, 
        {"sofa" : 1,  "begin" : 519,  "end" : 548,  "Dependent" : 2121,  "Governor" : 2108,  "TypesofCause" : "Cause" }, 
        {"sofa" : 1,  "begin" : 549,  "end" : 590,  "Dependent" : 2134,  "Governor" : 2108,  "TypesofCause" : "Effect" } ] } }, 
  "_referenced_fss" : {
    "1" : {"_type" : "Sofa",  "sofaNum" : 1,  "sofaID" : "_InitialView",  "mimeType" : "text",  "sofaString" : "A RIVER carried down , in its stream , two Pots , one made of Earthenware and the other of Brass .\nThe Brass Pot was disposed to be social .\n“ Since we must be companions , let us be friendly , ” he said .\n“ In union is strength .\nThough we are carried away against our will , it is of no use to repine .\nWe may yet see much good . ”\nBut the Earthen Pot said : “ I beg you not to come so near me .\nI am as much afraid of you as of the river ; for if you do but touch me ever so slightly , I shall be sure to break .\nTo be really social and friendly people must have ways and needs in common . ”" }, 
    "1914" : {"_type" : "PartsofCause",  "sofa" : 1,  "begin" : 149,  "end" : 170,  "PartsofCause" : "Argument" }, 
    "1901" : {"_type" : "PartsofCause",  "sofa" : 1,  "begin" : 143,  "end" : 148,  "PartsofCause" : "Causing" }, 
    "1927" : {"_type" : "PartsofCause",  "sofa" : 1,  "begin" : 173,  "end" : 191,  "PartsofCause" : "Argument" }, 
    "2052" : {"_type" : "PartsofCause",  "sofa" : 1,  "begin" : 398,  "end" : 440,  "PartsofCause" : "Argument" }, 
    "2039" : {"_type" : "PartsofCause",  "sofa" : 1,  "begin" : 443,  "end" : 446,  "PartsofCause" : "Causing" }, 
    "2080" : {"_type" : "PartsofCause",  "sofa" : 1,  "begin" : 447,  "end" : 513,  "PartsofCause" : "Argument" }, 
    "1983" : {"_type" : "PartsofCause",  "sofa" : 1,  "begin" : 450,  "end" : 486,  "PartsofCause" : "Argument" }, 
    "1970" : {"_type" : "PartsofCause",  "sofa" : 1,  "begin" : 447,  "end" : 449,  "PartsofCause" : "Causing" }, 
    "1996" : {"_type" : "PartsofCause",  "sofa" : 1,  "begin" : 489,  "end" : 513,  "PartsofCause" : "Argument" }, 
    "2121" : {"_type" : "PartsofCause",  "sofa" : 1,  "begin" : 519,  "end" : 548,  "PartsofCause" : "Argument" }, 
    "2108" : {"_type" : "PartsofCause",  "sofa" : 1,  "begin" : 516,  "end" : 518,  "PartsofCause" : "Causing" }, 
    "2134" : {"_type" : "PartsofCause",  "sofa" : 1,  "begin" : 549,  "end" : 590,  "PartsofCause" : "Argument" }, 
    "2181" : {"_type" : "LayerDefinition",  "name" : "webanno.custom.DisjointCausalSpans",  "uiName" : "Disjoint Causal Spans" }, 
    "2192" : {"_type" : "LayerDefinition",  "name" : "webanno.custom.PartsofCause",  "uiName" : "Parts of Cause" }, 
    "2199" : {"_type" : "LayerDefinition",  "name" : "webanno.custom.TypesofCause",  "uiName" : "Types of Cause" } } }