{"_context" : {
    "_types" : {
      "DocumentMetaData" : {
        "_feature_types" : {"sofa" : "_ref" } }, 
      "FeatureDefinition" : {
        "_feature_types" : {"layer" : "_ref" } }, 
      "LayerDefinition" : { }, 
      "PartsofCause" : {
        "_feature_types" : {"sofa" : "_ref" } }, 
      "Sentence" : {
        "_feature_types" : {"sofa" : "_ref" } }, 
      "Sofa" : {
        "_feature_types" : {"sofaArray" : "_ref" } }, 
      "TagsetDescription" : {
        "_feature_types" : {"sofa" : "_ref",  "tags" : "_ref" } }, 
      "Token" : {
        "_feature_types" : {"sofa" : "_ref",  "parent" : "_ref",  "lemma" : "_ref",  "stem" : "_ref",  "pos" : "_ref",  "morph" : "_ref",  "form" : "_ref" } }, 
      "TypesofCause" : {
        "_feature_types" : {"sofa" : "_ref",  "Dependent" : "_ref",  "Governor" : "_ref" } }, 
      "DocumentAnnotation" : {
        "_feature_types" : {"sofa" : "_ref" }, 
        "_subtypes" : ["DocumentMetaData" ] }, 
      "Annotation" : {
        "_feature_types" : {"sofa" : "_ref" }, 
        "_subtypes" : ["DocumentAnnotation",  "PartsofCause",  "Sentence",  "TagsetDescription",  "Token",  "TypesofCause" ] }, 
      "AnnotationBase" : {
        "_feature_types" : {"sofa" : "_ref" }, 
        "_subtypes" : ["Annotation" ] }, 
      "TOP" : {
        "_subtypes" : ["AnnotationBase",  "FeatureDefinition",  "LayerDefinition",  "Sofa" ] } } }, 
  "_views" : {
    "_InitialView" : {
      "FeatureDefinition" : [
        {"layer" : 2649,  "name" : "referenceRelation",  "uiName" : "Reference Relation" }, 
        {"layer" : 2649,  "name" : "referenceType",  "uiName" : "Reference Type" }, 
        {"layer" : 2660,  "name" : "PartsofCause",  "uiName" : "Parts of Cause" }, 
        {"layer" : 2667,  "name" : "TypesofCause",  "uiName" : "Types of Cause" } ], 
      "LayerDefinition" : [2649,  2660,  2667 ], 
      "DocumentMetaData" : [
        {"sofa" : 1,  "end" : 985,  "language" : "x-unspecified",  "documentTitle" : "cnn-12.txt",  "documentId" : "AYC",  "documentUri" : "file:/srv/inception/repository/project/2/document/2364/source/AYC",  "collectionId" : "file:/srv/inception/repository/project/2/document/2364/source/",  "documentBaseUri" : "file:/srv/inception/repository/project/2/document/2364/source/",  "isLastSegment" : false } ], 
      "TagsetDescription" : [
        {"sofa" : 1,  "layer" : "webanno.custom.PartsofCause",  "name" : "Parts of Cause",  "input" : false }, 
        {"sofa" : 1,  "layer" : "webanno.custom.TypesofCause",  "name" : "Causal Relations",  "input" : false } ], 
      "Sentence" : [
        {"sofa" : 1,  "end" : 130 }, 
        {"sofa" : 1,  "begin" : 131,  "end" : 213 }, 
        {"sofa" : 1,  "begin" : 214,  "end" : 385 }, 
        {"sofa" : 1,  "begin" : 386,  "end" : 495 }, 
        {"sofa" : 1,  "begin" : 496,  "end" : 646 }, 
        {"sofa" : 1,  "begin" : 647,  "end" : 703 }, 
        {"sofa" : 1,  "begin" : 704,  "end" : 840 }, 
        {"sofa" : 1,  "begin" : 841,  "end" : 935 }, 
        {"sofa" : 1,  "begin" : 936,  "end" : 985 } ], 
      "Token" : [
        {"sofa" : 1,  "end" : 4 }, 
        {"sofa" : 1,  "begin" : 5,  "end" : 12 }, 
        {"sofa" : 1,  "begin" : 13,  "end" : 18 }, 
        {"sofa" : 1,  "begin" : 19,  "end" : 26 }, 
        {"sofa" : 1,  "begin" : 27,  "end" : 31 }, 
        {"sofa" : 1,  "begin" : 32,  "end" : 37 }, 
        {"sofa" : 1,  "begin" : 38,  "end" : 46 }, 
        {"sofa" : 1,  "begin" : 47,  "end" : 50 }, 
        {"sofa" : 1,  "begin" : 51,  "end" : 63 }, 
        {"sofa" : 1,  "begin" : 64,  "end" : 72 }, 
        {"sofa" : 1,  "begin" : 73,  "end" : 78 }, 
        {"sofa" : 1,  "begin" : 79,  "end" : 86 }, 
        {"sofa" : 1,  "begin" : 87,  "end" : 90 }, 
        {"sofa" : 1,  "begin" : 91,  "end" : 93 }, 
        {"sofa" : 1,  "begin" : 94,  "end" : 97 }, 
        {"sofa" : 1,  "begin" : 98,  "end" : 106 }, 
        {"sofa" : 1,  "begin" : 107,  "end" : 108 }, 
        {"sofa" : 1,  "begin" : 109,  "end" : 112 }, 
        {"sofa" : 1,  "begin" : 113,  "end" : 118 }, 
        {"sofa" : 1,  "begin" : 119,  "end" : 128 }, 
        {"sofa" : 1,  "begin" : 129,  "end" : 130 }, 
        {"sofa" : 1,  "begin" : 131,  "end" : 138 }, 
        {"sofa" : 1,  "begin" : 139,  "end" : 144 }, 
        {"sofa" : 1,  "begin" : 145,  "end" : 152 }, 
        {"sofa" : 1,  "begin" : 153,  "end" : 157 }, 
        {"sofa" : 1,  "begin" : 158,  "end" : 163 }, 
        {"sofa" : 1,  "begin" : 164,  "end" : 172 }, 
        {"sofa" : 1,  "begin" : 173,  "end" : 179 }, 
        {"sofa" : 1,  "begin" : 180,  "end" : 183 }, 
        {"sofa" : 1,  "begin" : 184,  "end" : 186 }, 
        {"sofa" : 1,  "begin" : 187,  "end" : 190 }, 
        {"sofa" : 1,  "begin" : 191,  "end" : 199 }, 
        {"sofa" : 1,  "begin" : 200,  "end" : 202 }, 
        {"sofa" : 1,  "begin" : 203,  "end" : 211 }, 
        {"sofa" : 1,  "begin" : 212,  "end" : 213 }, 
        {"sofa" : 1,  "begin" : 214,  "end" : 222 }, 
        {"sofa" : 1,  "begin" : 223,  "end" : 224 }, 
        {"sofa" : 1,  "begin" : 225,  "end" : 227 }, 
        {"sofa" : 1,  "begin" : 228,  "end" : 229 }, 
        {"sofa" : 1,  "begin" : 230,  "end" : 234 }, 
        {"sofa" : 1,  "begin" : 235,  "end" : 240 }, 
        {"sofa" : 1,  "begin" : 241,  "end" : 242 }, 
        {"sofa" : 1,  "begin" : 243,  "end" : 248 }, 
        {"sofa" : 1,  "begin" : 249,  "end" : 250 }, 
        {"sofa" : 1,  "begin" : 251,  "end" : 257 }, 
        {"sofa" : 1,  "begin" : 258,  "end" : 261 }, 
        {"sofa" : 1,  "begin" : 262,  "end" : 270 }, 
        {"sofa" : 1,  "begin" : 271,  "end" : 276 }, 
        {"sofa" : 1,  "begin" : 277,  "end" : 281 }, 
        {"sofa" : 1,  "begin" : 282,  "end" : 286 }, 
        {"sofa" : 1,  "begin" : 287,  "end" : 288 }, 
        {"sofa" : 1,  "begin" : 289,  "end" : 295 }, 
        {"sofa" : 1,  "begin" : 296,  "end" : 298 }, 
        {"sofa" : 1,  "begin" : 299,  "end" : 303 }, 
        {"sofa" : 1,  "begin" : 304,  "end" : 309 }, 
        {"sofa" : 1,  "begin" : 310,  "end" : 319 }, 
        {"sofa" : 1,  "begin" : 320,  "end" : 321 }, 
        {"sofa" : 1,  "begin" : 322,  "end" : 331 }, 
        {"sofa" : 1,  "begin" : 332,  "end" : 335 }, 
        {"sofa" : 1,  "begin" : 336,  "end" : 340 }, 
        {"sofa" : 1,  "begin" : 341,  "end" : 351 }, 
        {"sofa" : 1,  "begin" : 352,  "end" : 353 }, 
        {"sofa" : 1,  "begin" : 354,  "end" : 357 }, 
        {"sofa" : 1,  "begin" : 358,  "end" : 363 }, 
        {"sofa" : 1,  "begin" : 364,  "end" : 368 }, 
        {"sofa" : 1,  "begin" : 369,  "end" : 371 }, 
        {"sofa" : 1,  "begin" : 372,  "end" : 373 }, 
        {"sofa" : 1,  "begin" : 374,  "end" : 383 }, 
        {"sofa" : 1,  "begin" : 384,  "end" : 385 }, 
        {"sofa" : 1,  "begin" : 386,  "end" : 389 }, 
        {"sofa" : 1,  "begin" : 390,  "end" : 393 }, 
        {"sofa" : 1,  "begin" : 394,  "end" : 403 }, 
        {"sofa" : 1,  "begin" : 404,  "end" : 406 }, 
        {"sofa" : 1,  "begin" : 407,  "end" : 409 }, 
        {"sofa" : 1,  "begin" : 410,  "end" : 418 }, 
        {"sofa" : 1,  "begin" : 419,  "end" : 428 }, 
        {"sofa" : 1,  "begin" : 429,  "end" : 430 }, 
        {"sofa" : 1,  "begin" : 431,  "end" : 434 }, 
        {"sofa" : 1,  "begin" : 435,  "end" : 444 }, 
        {"sofa" : 1,  "begin" : 445,  "end" : 450 }, 
        {"sofa" : 1,  "begin" : 451,  "end" : 456 }, 
        {"sofa" : 1,  "begin" : 457,  "end" : 460 }, 
        {"sofa" : 1,  "begin" : 461,  "end" : 466 }, 
        {"sofa" : 1,  "begin" : 467,  "end" : 470 }, 
        {"sofa" : 1,  "begin" : 471,  "end" : 473 }, 
        {"sofa" : 1,  "begin" : 474,  "end" : 476 }, 
        {"sofa" : 1,  "begin" : 477,  "end" : 479 }, 
        {"sofa" : 1,  "begin" : 480,  "end" : 486 }, 
        {"sofa" : 1,  "begin" : 487,  "end" : 493 }, 
        {"sofa" : 1,  "begin" : 494,  "end" : 495 }, 
        {"sofa" : 1,  "begin" : 496,  "end" : 499 }, 
        {"sofa" : 1,  "begin" : 500,  "end" : 508 }, 
        {"sofa" : 1,  "begin" : 509,  "end" : 517 }, 
        {"sofa" : 1,  "begin" : 518,  "end" : 519 }, 
        {"sofa" : 1,  "begin" : 520,  "end" : 526 }, 
        {"sofa" : 1,  "begin" : 527,  "end" : 530 }, 
        {"sofa" : 1,  "begin" : 531,  "end" : 534 }, 
        {"sofa" : 1,  "begin" : 535,  "end" : 540 }, 
        {"sofa" : 1,  "begin" : 541,  "end" : 543 }, 
        {"sofa" : 1,  "begin" : 544,  "end" : 547 }, 
        {"sofa" : 1,  "begin" : 548,  "end" : 558 }, 
        {"sofa" : 1,  "begin" : 559,  "end" : 567 }, 
        {"sofa" : 1,  "begin" : 568,  "end" : 574 }, 
        {"sofa" : 1,  "begin" : 575,  "end" : 577 }, 
        {"sofa" : 1,  "begin" : 578,  "end" : 579 }, 
        {"sofa" : 1,  "begin" : 580,  "end" : 590 }, 
        {"sofa" : 1,  "begin" : 591,  "end" : 593 }, 
        {"sofa" : 1,  "begin" : 594,  "end" : 599 }, 
        {"sofa" : 1,  "begin" : 600,  "end" : 604 }, 
        {"sofa" : 1,  "begin" : 605,  "end" : 609 }, 
        {"sofa" : 1,  "begin" : 610,  "end" : 611 }, 
        {"sofa" : 1,  "begin" : 612,  "end" : 621 }, 
        {"sofa" : 1,  "begin" : 622,  "end" : 624 }, 
        {"sofa" : 1,  "begin" : 625,  "end" : 628 }, 
        {"sofa" : 1,  "begin" : 629,  "end" : 634 }, 
        {"sofa" : 1,  "begin" : 635,  "end" : 644 }, 
        {"sofa" : 1,  "begin" : 645,  "end" : 646 }, 
        {"sofa" : 1,  "begin" : 647,  "end" : 655 }, 
        {"sofa" : 1,  "begin" : 656,  "end" : 659 }, 
        {"sofa" : 1,  "begin" : 660,  "end" : 667 }, 
        {"sofa" : 1,  "begin" : 668,  "end" : 670 }, 
        {"sofa" : 1,  "begin" : 671,  "end" : 679 }, 
        {"sofa" : 1,  "begin" : 680,  "end" : 683 }, 
        {"sofa" : 1,  "begin" : 684,  "end" : 694 }, 
        {"sofa" : 1,  "begin" : 695,  "end" : 701 }, 
        {"sofa" : 1,  "begin" : 702,  "end" : 703 }, 
        {"sofa" : 1,  "begin" : 704,  "end" : 707 }, 
        {"sofa" : 1,  "begin" : 708,  "end" : 714 }, 
        {"sofa" : 1,  "begin" : 715,  "end" : 718 }, 
        {"sofa" : 1,  "begin" : 719,  "end" : 726 }, 
        {"sofa" : 1,  "begin" : 727,  "end" : 729 }, 
        {"sofa" : 1,  "begin" : 730,  "end" : 733 }, 
        {"sofa" : 1,  "begin" : 734,  "end" : 740 }, 
        {"sofa" : 1,  "begin" : 741,  "end" : 742 }, 
        {"sofa" : 1,  "begin" : 743,  "end" : 753 }, 
        {"sofa" : 1,  "begin" : 754,  "end" : 755 }, 
        {"sofa" : 1,  "begin" : 756,  "end" : 759 }, 
        {"sofa" : 1,  "begin" : 760,  "end" : 763 }, 
        {"sofa" : 1,  "begin" : 764,  "end" : 768 }, 
        {"sofa" : 1,  "begin" : 769,  "end" : 771 }, 
        {"sofa" : 1,  "begin" : 772,  "end" : 775 }, 
        {"sofa" : 1,  "begin" : 776,  "end" : 781 }, 
        {"sofa" : 1,  "begin" : 782,  "end" : 784 }, 
        {"sofa" : 1,  "begin" : 785,  "end" : 789 }, 
        {"sofa" : 1,  "begin" : 790,  "end" : 795 }, 
        {"sofa" : 1,  "begin" : 796,  "end" : 800 }, 
        {"sofa" : 1,  "begin" : 801,  "end" : 804 }, 
        {"sofa" : 1,  "begin" : 805,  "end" : 809 }, 
        {"sofa" : 1,  "begin" : 810,  "end" : 815 }, 
        {"sofa" : 1,  "begin" : 816,  "end" : 823 }, 
        {"sofa" : 1,  "begin" : 824,  "end" : 828 }, 
        {"sofa" : 1,  "begin" : 829,  "end" : 838 }, 
        {"sofa" : 1,  "begin" : 839,  "end" : 840 }, 
        {"sofa" : 1,  "begin" : 841,  "end" : 849 }, 
        {"sofa" : 1,  "begin" : 850,  "end" : 851 }, 
        {"sofa" : 1,  "begin" : 852,  "end" : 855 }, 
        {"sofa" : 1,  "begin" : 856,  "end" : 859 }, 
        {"sofa" : 1,  "begin" : 860,  "end" : 869 }, 
        {"sofa" : 1,  "begin" : 870,  "end" : 872 }, 
        {"sofa" : 1,  "begin" : 873,  "end" : 882 }, 
        {"sofa" : 1,  "begin" : 883,  "end" : 890 }, 
        {"sofa" : 1,  "begin" : 891,  "end" : 892 }, 
        {"sofa" : 1,  "begin" : 893,  "end" : 896 }, 
        {"sofa" : 1,  "begin" : 897,  "end" : 901 }, 
        {"sofa" : 1,  "begin" : 902,  "end" : 904 }, 
        {"sofa" : 1,  "begin" : 905,  "end" : 908 }, 
        {"sofa" : 1,  "begin" : 909,  "end" : 916 }, 
        {"sofa" : 1,  "begin" : 917,  "end" : 922 }, 
        {"sofa" : 1,  "begin" : 923,  "end" : 928 }, 
        {"sofa" : 1,  "begin" : 929,  "end" : 933 }, 
        {"sofa" : 1,  "begin" : 934,  "end" : 935 }, 
        {"sofa" : 1,  "begin" : 936,  "end" : 939 }, 
        {"sofa" : 1,  "begin" : 940,  "end" : 943 }, 
        {"sofa" : 1,  "begin" : 944,  "end" : 947 }, 
        {"sofa" : 1,  "begin" : 948,  "end" : 954 }, 
        {"sofa" : 1,  "begin" : 955,  "end" : 960 }, 
        {"sofa" : 1,  "begin" : 961,  "end" : 970 }, 
        {"sofa" : 1,  "begin" : 971,  "end" : 973 }, 
        {"sofa" : 1,  "begin" : 974,  "end" : 977 }, 
        {"sofa" : 1,  "begin" : 978,  "end" : 983 }, 
        {"sofa" : 1,  "begin" : 984,  "end" : 985 } ], 
      "PartsofCause" : [2434,  2447,  2421,  2512,  2499,  2525,  2580,  2593,  2606 ], 
      "TypesofCause" : [
        {"sofa" : 1,  "end" : 72,  "Dependent" : 2434,  "Governor" : 2447,  "TypesofCause" : "Effect" }, 
        {"sofa" : 1,  "begin" : 79,  "end" : 106,  "Dependent" : 2421,  "Governor" : 2447,  "TypesofCause" : "Cause" }, 
        {"sofa" : 1,  "begin" : 647,  "end" : 679,  "Dependent" : 2512,  "Governor" : 2499,  "TypesofCause" : "Effect" }, 
        {"sofa" : 1,  "begin" : 684,  "end" : 701,  "Dependent" : 2525,  "Governor" : 2499,  "TypesofCause" : "Cause" }, 
        {"sofa" : 1,  "begin" : 852,  "end" : 869,  "Dependent" : 2580,  "Governor" : 2593,  "TypesofCause" : "Effect" }, 
        {"sofa" : 1,  "begin" : 873,  "end" : 890,  "Dependent" : 2606,  "Governor" : 2593,  "TypesofCause" : "Cause" } ] } }, 
  "_referenced_fss" : {
    "1" : {"_type" : "Sofa",  "sofaNum" : 1,  "sofaID" : "_InitialView",  "mimeType" : "text",  "sofaString" : "U.S. Supreme Court Justice Ruth Bader Ginsburg was hospitalized Thursday after falling ill in her chambers , the court confirmed .\nSupreme Court Justice Ruth Bader Ginsburg became ill in her chambers on Thursday .\nGinsburg , 76 , felt faint , light - headed and fatigued about 4:50 p.m. , around an hour after receiving a treatment for iron deficiency , the court said in a statement .\nShe was monitored by an in-house physician , who performed blood tests and found her to be in stable health .\nHer symptoms improved , though she was taken to the Washington Hospital Center as a precaution at about 7:45 p.m. , according to the court statement .\nGinsburg had surgery in February for pancreatic cancer .\nShe termed the removal of her cancer \" successful \" and was back on the bench 18 days later when the high court resumed oral arguments .\nGinsburg , who was appointed by President Clinton , has been on the Supreme Court since 1993 .\nShe was the second woman appointed to the court ." }, 
    "2434" : {"_type" : "PartsofCause",  "sofa" : 1,  "end" : 72,  "PartsofCause" : "Argument" }, 
    "2447" : {"_type" : "PartsofCause",  "sofa" : 1,  "begin" : 73,  "end" : 78,  "PartsofCause" : "Causing" }, 
    "2421" : {"_type" : "PartsofCause",  "sofa" : 1,  "begin" : 79,  "end" : 106,  "PartsofCause" : "Argument" }, 
    "2512" : {"_type" : "PartsofCause",  "sofa" : 1,  "begin" : 647,  "end" : 679,  "PartsofCause" : "Argument" }, 
    "2499" : {"_type" : "PartsofCause",  "sofa" : 1,  "begin" : 680,  "end" : 683,  "PartsofCause" : "Causing" }, 
    "2525" : {"_type" : "PartsofCause",  "sofa" : 1,  "begin" : 684,  "end" : 701,  "PartsofCause" : "Argument" }, 
    "2580" : {"_type" : "PartsofCause",  "sofa" : 1,  "begin" : 852,  "end" : 869,  "PartsofCause" : "Argument" }, 
    "2593" : {"_type" : "PartsofCause",  "sofa" : 1,  "begin" : 870,  "end" : 872,  "PartsofCause" : "Causing" }, 
    "2606" : {"_type" : "PartsofCause",  "sofa" : 1,  "begin" : 873,  "end" : 890,  "PartsofCause" : "Argument" }, 
    "2649" : {"_type" : "LayerDefinition",  "name" : "webanno.custom.DisjointCausalSpans",  "uiName" : "Disjoint Causal Spans" }, 
    "2667" : {"_type" : "LayerDefinition",  "name" : "webanno.custom.TypesofCause",  "uiName" : "Types of Cause" }, 
    "2660" : {"_type" : "LayerDefinition",  "name" : "webanno.custom.PartsofCause",  "uiName" : "Parts of Cause" } } }