{"_context" : {
    "_types" : {
      "DocumentMetaData" : {
        "_feature_types" : {"sofa" : "_ref" } }, 
      "FeatureDefinition" : {
        "_feature_types" : {"layer" : "_ref" } }, 
      "LayerDefinition" : { }, 
      "PartsofCause" : {
        "_feature_types" : {"sofa" : "_ref" } }, 
      "Sentence" : {
        "_feature_types" : {"sofa" : "_ref" } }, 
      "Sofa" : {
        "_feature_types" : {"sofaArray" : "_ref" } }, 
      "TagsetDescription" : {
        "_feature_types" : {"sofa" : "_ref",  "tags" : "_ref" } }, 
      "Token" : {
        "_feature_types" : {"sofa" : "_ref",  "parent" : "_ref",  "lemma" : "_ref",  "stem" : "_ref",  "pos" : "_ref",  "morph" : "_ref",  "form" : "_ref" } }, 
      "TypesofCause" : {
        "_feature_types" : {"sofa" : "_ref",  "Dependent" : "_ref",  "Governor" : "_ref" } }, 
      "DocumentAnnotation" : {
        "_feature_types" : {"sofa" : "_ref" }, 
        "_subtypes" : ["DocumentMetaData" ] }, 
      "Annotation" : {
        "_feature_types" : {"sofa" : "_ref" }, 
        "_subtypes" : ["DocumentAnnotation",  "PartsofCause",  "Sentence",  "TagsetDescription",  "Token",  "TypesofCause" ] }, 
      "AnnotationBase" : {
        "_feature_types" : {"sofa" : "_ref" }, 
        "_subtypes" : ["Annotation" ] }, 
      "TOP" : {
        "_subtypes" : ["AnnotationBase",  "FeatureDefinition",  "LayerDefinition",  "Sofa" ] } } }, 
  "_views" : {
    "_InitialView" : {
      "FeatureDefinition" : [
        {"layer" : 1887,  "name" : "referenceRelation",  "uiName" : "Reference Relation" }, 
        {"layer" : 1887,  "name" : "referenceType",  "uiName" : "Reference Type" }, 
        {"layer" : 1898,  "name" : "PartsofCause",  "uiName" : "Parts of Cause" }, 
        {"layer" : 1905,  "name" : "TypesofCause",  "uiName" : "Types of Cause" } ], 
      "LayerDefinition" : [1887,  1898,  1905 ], 
      "DocumentMetaData" : [
        {"sofa" : 1,  "end" : 646,  "language" : "x-unspecified",  "documentTitle" : "reddit-044.txt",  "documentId" : "GJW",  "documentUri" : "file:/srv/inception/repository/project/2/document/2446/source/GJW",  "collectionId" : "file:/srv/inception/repository/project/2/document/2446/source/",  "documentBaseUri" : "file:/srv/inception/repository/project/2/document/2446/source/",  "isLastSegment" : false } ], 
      "TagsetDescription" : [
        {"sofa" : 1,  "layer" : "webanno.custom.PartsofCause",  "name" : "Parts of Cause",  "input" : false }, 
        {"sofa" : 1,  "layer" : "webanno.custom.TypesofCause",  "name" : "Causal Relations",  "input" : false } ], 
      "Sentence" : [
        {"sofa" : 1,  "end" : 48 }, 
        {"sofa" : 1,  "begin" : 49,  "end" : 121 }, 
        {"sofa" : 1,  "begin" : 122,  "end" : 195 }, 
        {"sofa" : 1,  "begin" : 196,  "end" : 242 }, 
        {"sofa" : 1,  "begin" : 243,  "end" : 309 }, 
        {"sofa" : 1,  "begin" : 310,  "end" : 422 }, 
        {"sofa" : 1,  "begin" : 423,  "end" : 473 }, 
        {"sofa" : 1,  "begin" : 474,  "end" : 646 } ], 
      "Token" : [
        {"sofa" : 1,  "end" : 1 }, 
        {"sofa" : 1,  "begin" : 2,  "end" : 6 }, 
        {"sofa" : 1,  "begin" : 7,  "end" : 15 }, 
        {"sofa" : 1,  "begin" : 16,  "end" : 18 }, 
        {"sofa" : 1,  "begin" : 19,  "end" : 24 }, 
        {"sofa" : 1,  "begin" : 25,  "end" : 29 }, 
        {"sofa" : 1,  "begin" : 30,  "end" : 32 }, 
        {"sofa" : 1,  "begin" : 33,  "end" : 34 }, 
        {"sofa" : 1,  "begin" : 35,  "end" : 38 }, 
        {"sofa" : 1,  "begin" : 39,  "end" : 46 }, 
        {"sofa" : 1,  "begin" : 47,  "end" : 48 }, 
        {"sofa" : 1,  "begin" : 49,  "end" : 50 }, 
        {"sofa" : 1,  "begin" : 51,  "end" : 56 }, 
        {"sofa" : 1,  "begin" : 57,  "end" : 63 }, 
        {"sofa" : 1,  "begin" : 64,  "end" : 67 }, 
        {"sofa" : 1,  "begin" : 68,  "end" : 74 }, 
        {"sofa" : 1,  "begin" : 75,  "end" : 79 }, 
        {"sofa" : 1,  "begin" : 80,  "end" : 88 }, 
        {"sofa" : 1,  "begin" : 89,  "end" : 96 }, 
        {"sofa" : 1,  "begin" : 97,  "end" : 98 }, 
        {"sofa" : 1,  "begin" : 99,  "end" : 104 }, 
        {"sofa" : 1,  "begin" : 105,  "end" : 114 }, 
        {"sofa" : 1,  "begin" : 115,  "end" : 119 }, 
        {"sofa" : 1,  "begin" : 120,  "end" : 121 }, 
        {"sofa" : 1,  "begin" : 122,  "end" : 124 }, 
        {"sofa" : 1,  "begin" : 125,  "end" : 131 }, 
        {"sofa" : 1,  "begin" : 132,  "end" : 139 }, 
        {"sofa" : 1,  "begin" : 140,  "end" : 142 }, 
        {"sofa" : 1,  "begin" : 143,  "end" : 153 }, 
        {"sofa" : 1,  "begin" : 154,  "end" : 160 }, 
        {"sofa" : 1,  "begin" : 161,  "end" : 163 }, 
        {"sofa" : 1,  "begin" : 164,  "end" : 170 }, 
        {"sofa" : 1,  "begin" : 171,  "end" : 177 }, 
        {"sofa" : 1,  "begin" : 178,  "end" : 181 }, 
        {"sofa" : 1,  "begin" : 182,  "end" : 184 }, 
        {"sofa" : 1,  "begin" : 185,  "end" : 193 }, 
        {"sofa" : 1,  "begin" : 194,  "end" : 195 }, 
        {"sofa" : 1,  "begin" : 196,  "end" : 201 }, 
        {"sofa" : 1,  "begin" : 202,  "end" : 203 }, 
        {"sofa" : 1,  "begin" : 204,  "end" : 211 }, 
        {"sofa" : 1,  "begin" : 212,  "end" : 220 }, 
        {"sofa" : 1,  "begin" : 221,  "end" : 225 }, 
        {"sofa" : 1,  "begin" : 226,  "end" : 229 }, 
        {"sofa" : 1,  "begin" : 230,  "end" : 240 }, 
        {"sofa" : 1,  "begin" : 241,  "end" : 242 }, 
        {"sofa" : 1,  "begin" : 243,  "end" : 244 }, 
        {"sofa" : 1,  "begin" : 245,  "end" : 249 }, 
        {"sofa" : 1,  "begin" : 250,  "end" : 252 }, 
        {"sofa" : 1,  "begin" : 253,  "end" : 260 }, 
        {"sofa" : 1,  "begin" : 261,  "end" : 271 }, 
        {"sofa" : 1,  "begin" : 272,  "end" : 275 }, 
        {"sofa" : 1,  "begin" : 276,  "end" : 277 }, 
        {"sofa" : 1,  "begin" : 278,  "end" : 282 }, 
        {"sofa" : 1,  "begin" : 283,  "end" : 285 }, 
        {"sofa" : 1,  "begin" : 286,  "end" : 290 }, 
        {"sofa" : 1,  "begin" : 291,  "end" : 293 }, 
        {"sofa" : 1,  "begin" : 294,  "end" : 296 }, 
        {"sofa" : 1,  "begin" : 297,  "end" : 307 }, 
        {"sofa" : 1,  "begin" : 308,  "end" : 309 }, 
        {"sofa" : 1,  "begin" : 310,  "end" : 311 }, 
        {"sofa" : 1,  "begin" : 312,  "end" : 314 }, 
        {"sofa" : 1,  "begin" : 315,  "end" : 318 }, 
        {"sofa" : 1,  "begin" : 319,  "end" : 323 }, 
        {"sofa" : 1,  "begin" : 324,  "end" : 328 }, 
        {"sofa" : 1,  "begin" : 329,  "end" : 336 }, 
        {"sofa" : 1,  "begin" : 337,  "end" : 341 }, 
        {"sofa" : 1,  "begin" : 342,  "end" : 343 }, 
        {"sofa" : 1,  "begin" : 344,  "end" : 347 }, 
        {"sofa" : 1,  "begin" : 348,  "end" : 349 }, 
        {"sofa" : 1,  "begin" : 350,  "end" : 352 }, 
        {"sofa" : 1,  "begin" : 353,  "end" : 355 }, 
        {"sofa" : 1,  "begin" : 356,  "end" : 361 }, 
        {"sofa" : 1,  "begin" : 362,  "end" : 365 }, 
        {"sofa" : 1,  "begin" : 366,  "end" : 373 }, 
        {"sofa" : 1,  "begin" : 374,  "end" : 377 }, 
        {"sofa" : 1,  "begin" : 378,  "end" : 381 }, 
        {"sofa" : 1,  "begin" : 382,  "end" : 387 }, 
        {"sofa" : 1,  "begin" : 388,  "end" : 392 }, 
        {"sofa" : 1,  "begin" : 393,  "end" : 395 }, 
        {"sofa" : 1,  "begin" : 396,  "end" : 397 }, 
        {"sofa" : 1,  "begin" : 398,  "end" : 402 }, 
        {"sofa" : 1,  "begin" : 403,  "end" : 404 }, 
        {"sofa" : 1,  "begin" : 405,  "end" : 409 }, 
        {"sofa" : 1,  "begin" : 410,  "end" : 414 }, 
        {"sofa" : 1,  "begin" : 415,  "end" : 419 }, 
        {"sofa" : 1,  "begin" : 420,  "end" : 422 }, 
        {"sofa" : 1,  "begin" : 423,  "end" : 425 }, 
        {"sofa" : 1,  "begin" : 426,  "end" : 430 }, 
        {"sofa" : 1,  "begin" : 431,  "end" : 432 }, 
        {"sofa" : 1,  "begin" : 433,  "end" : 438 }, 
        {"sofa" : 1,  "begin" : 439,  "end" : 442 }, 
        {"sofa" : 1,  "begin" : 443,  "end" : 446 }, 
        {"sofa" : 1,  "begin" : 447,  "end" : 450 }, 
        {"sofa" : 1,  "begin" : 451,  "end" : 454 }, 
        {"sofa" : 1,  "begin" : 455,  "end" : 463 }, 
        {"sofa" : 1,  "begin" : 464,  "end" : 471 }, 
        {"sofa" : 1,  "begin" : 472,  "end" : 473 }, 
        {"sofa" : 1,  "begin" : 474,  "end" : 475 }, 
        {"sofa" : 1,  "begin" : 476,  "end" : 479 }, 
        {"sofa" : 1,  "begin" : 480,  "end" : 486 }, 
        {"sofa" : 1,  "begin" : 487,  "end" : 490 }, 
        {"sofa" : 1,  "begin" : 491,  "end" : 495 }, 
        {"sofa" : 1,  "begin" : 496,  "end" : 500 }, 
        {"sofa" : 1,  "begin" : 501,  "end" : 505 }, 
        {"sofa" : 1,  "begin" : 506,  "end" : 512 }, 
        {"sofa" : 1,  "begin" : 513,  "end" : 517 }, 
        {"sofa" : 1,  "begin" : 518,  "end" : 519 }, 
        {"sofa" : 1,  "begin" : 520,  "end" : 524 }, 
        {"sofa" : 1,  "begin" : 525,  "end" : 529 }, 
        {"sofa" : 1,  "begin" : 530,  "end" : 532 }, 
        {"sofa" : 1,  "begin" : 533,  "end" : 536 }, 
        {"sofa" : 1,  "begin" : 537,  "end" : 542 }, 
        {"sofa" : 1,  "begin" : 543,  "end" : 548 }, 
        {"sofa" : 1,  "begin" : 549,  "end" : 550 }, 
        {"sofa" : 1,  "begin" : 551,  "end" : 557 }, 
        {"sofa" : 1,  "begin" : 558,  "end" : 561 }, 
        {"sofa" : 1,  "begin" : 562,  "end" : 566 }, 
        {"sofa" : 1,  "begin" : 567,  "end" : 569 }, 
        {"sofa" : 1,  "begin" : 570,  "end" : 574 }, 
        {"sofa" : 1,  "begin" : 575,  "end" : 580 }, 
        {"sofa" : 1,  "begin" : 581,  "end" : 584 }, 
        {"sofa" : 1,  "begin" : 585,  "end" : 587 }, 
        {"sofa" : 1,  "begin" : 588,  "end" : 591 }, 
        {"sofa" : 1,  "begin" : 592,  "end" : 596 }, 
        {"sofa" : 1,  "begin" : 597,  "end" : 605 }, 
        {"sofa" : 1,  "begin" : 606,  "end" : 609 }, 
        {"sofa" : 1,  "begin" : 610,  "end" : 614 }, 
        {"sofa" : 1,  "begin" : 615,  "end" : 617 }, 
        {"sofa" : 1,  "begin" : 618,  "end" : 620 }, 
        {"sofa" : 1,  "begin" : 621,  "end" : 626 }, 
        {"sofa" : 1,  "begin" : 627,  "end" : 631 }, 
        {"sofa" : 1,  "begin" : 632,  "end" : 638 }, 
        {"sofa" : 1,  "begin" : 639,  "end" : 644 }, 
        {"sofa" : 1,  "begin" : 645,  "end" : 646 } ], 
      "PartsofCause" : [1818,  1840,  1827 ], 
      "TypesofCause" : [
        {"sofa" : 1,  "begin" : 433,  "end" : 442,  "Dependent" : 1818,  "Governor" : 1840,  "TypesofCause" : "Effect" }, 
        {"sofa" : 1,  "begin" : 447,  "end" : 471,  "Dependent" : 1827,  "Governor" : 1840,  "TypesofCause" : "Cause" } ] } }, 
  "_referenced_fss" : {
    "1" : {"_type" : "Sofa",  "sofaNum" : 1,  "sofaID" : "_InitialView",  "mimeType" : "text",  "sofaString" : "i just finished my first year of a phd program .\ni spent almost the entire time debating leaving & doing something else .\nit really started to negatively impact my mental health and my research .\ntoday i finally withdrew from the university .\ni have no regrets whatsoever and i feel so FREE it ’s incredible .\ni do n’t know what happens next , but i am so happy and excited for the first time in a very , very long time !!\n\uD83E\uDD29 edit : thank you for all the positive support !\ni ’ve gotten way more love from reddit than i have from my lab mates since i shared the news \uD83D\uDE05 also shout out to the kind stranger who gave me my first ever reddit award !" }, 
    "1818" : {"_type" : "PartsofCause",  "sofa" : 1,  "begin" : 433,  "end" : 442,  "PartsofCause" : "Argument" }, 
    "1840" : {"_type" : "PartsofCause",  "sofa" : 1,  "begin" : 443,  "end" : 446,  "PartsofCause" : "Causing" }, 
    "1827" : {"_type" : "PartsofCause",  "sofa" : 1,  "begin" : 447,  "end" : 471,  "PartsofCause" : "Argument" }, 
    "1898" : {"_type" : "LayerDefinition",  "name" : "webanno.custom.PartsofCause",  "uiName" : "Parts of Cause" }, 
    "1887" : {"_type" : "LayerDefinition",  "name" : "webanno.custom.DisjointCausalSpans",  "uiName" : "Disjoint Causal Spans" }, 
    "1905" : {"_type" : "LayerDefinition",  "name" : "webanno.custom.TypesofCause",  "uiName" : "Types of Cause" } } }