{"_context" : {
    "_types" : {
      "DocumentMetaData" : {
        "_feature_types" : {"sofa" : "_ref" } }, 
      "FeatureDefinition" : {
        "_feature_types" : {"layer" : "_ref" } }, 
      "LayerDefinition" : { }, 
      "Sentence" : {
        "_feature_types" : {"sofa" : "_ref" } }, 
      "Sofa" : {
        "_feature_types" : {"sofaArray" : "_ref" } }, 
      "TagsetDescription" : {
        "_feature_types" : {"sofa" : "_ref",  "tags" : "_ref" } }, 
      "Token" : {
        "_feature_types" : {"sofa" : "_ref",  "parent" : "_ref",  "lemma" : "_ref",  "stem" : "_ref",  "pos" : "_ref",  "morph" : "_ref",  "form" : "_ref" } }, 
      "DocumentAnnotation" : {
        "_feature_types" : {"sofa" : "_ref" }, 
        "_subtypes" : ["DocumentMetaData" ] }, 
      "Annotation" : {
        "_feature_types" : {"sofa" : "_ref" }, 
        "_subtypes" : ["DocumentAnnotation",  "Sentence",  "TagsetDescription",  "Token" ] }, 
      "AnnotationBase" : {
        "_feature_types" : {"sofa" : "_ref" }, 
        "_subtypes" : ["Annotation" ] }, 
      "TOP" : {
        "_subtypes" : ["AnnotationBase",  "FeatureDefinition",  "LayerDefinition",  "Sofa" ] } } }, 
  "_views" : {
    "_InitialView" : {
      "FeatureDefinition" : [
        {"layer" : 1988,  "name" : "referenceRelation",  "uiName" : "Reference Relation" }, 
        {"layer" : 1988,  "name" : "referenceType",  "uiName" : "Reference Type" }, 
        {"layer" : 1999,  "name" : "PartsofCause",  "uiName" : "Parts of Cause" }, 
        {"layer" : 2006,  "name" : "TypesofCause",  "uiName" : "Types of Cause" } ], 
      "LayerDefinition" : [1988,  1999,  2006 ], 
      "DocumentMetaData" : [
        {"sofa" : 1,  "end" : 728,  "language" : "x-unspecified",  "documentTitle" : "cnn-06.txt",  "documentId" : "GJW",  "documentUri" : "file:/srv/inception/repository/project/2/document/2358/source/GJW",  "collectionId" : "file:/srv/inception/repository/project/2/document/2358/source/",  "documentBaseUri" : "file:/srv/inception/repository/project/2/document/2358/source/",  "isLastSegment" : false } ], 
      "TagsetDescription" : [
        {"sofa" : 1,  "layer" : "webanno.custom.PartsofCause",  "name" : "Parts of Cause",  "input" : false }, 
        {"sofa" : 1,  "layer" : "webanno.custom.TypesofCause",  "name" : "Causal Relations",  "input" : false } ], 
      "Sentence" : [
        {"sofa" : 1,  "end" : 79 }, 
        {"sofa" : 1,  "begin" : 80,  "end" : 315 }, 
        {"sofa" : 1,  "begin" : 316,  "end" : 497 }, 
        {"sofa" : 1,  "begin" : 498,  "end" : 532 }, 
        {"sofa" : 1,  "begin" : 533,  "end" : 728 } ], 
      "Token" : [
        {"sofa" : 1,  "end" : 2 }, 
        {"sofa" : 1,  "begin" : 3,  "end" : 5 }, 
        {"sofa" : 1,  "begin" : 6,  "end" : 9 }, 
        {"sofa" : 1,  "begin" : 10,  "end" : 15 }, 
        {"sofa" : 1,  "begin" : 16,  "end" : 18 }, 
        {"sofa" : 1,  "begin" : 19,  "end" : 21 }, 
        {"sofa" : 1,  "begin" : 22,  "end" : 28 }, 
        {"sofa" : 1,  "begin" : 29,  "end" : 35 }, 
        {"sofa" : 1,  "begin" : 36,  "end" : 44 }, 
        {"sofa" : 1,  "begin" : 45,  "end" : 51 }, 
        {"sofa" : 1,  "begin" : 52,  "end" : 59 }, 
        {"sofa" : 1,  "begin" : 60,  "end" : 67 }, 
        {"sofa" : 1,  "begin" : 68,  "end" : 73 }, 
        {"sofa" : 1,  "begin" : 74,  "end" : 77 }, 
        {"sofa" : 1,  "begin" : 78,  "end" : 79 }, 
        {"sofa" : 1,  "begin" : 80,  "end" : 81 }, 
        {"sofa" : 1,  "begin" : 82,  "end" : 88 }, 
        {"sofa" : 1,  "begin" : 89,  "end" : 90 }, 
        {"sofa" : 1,  "begin" : 91,  "end" : 99 }, 
        {"sofa" : 1,  "begin" : 100,  "end" : 101 }, 
        {"sofa" : 1,  "begin" : 102,  "end" : 106 }, 
        {"sofa" : 1,  "begin" : 107,  "end" : 109 }, 
        {"sofa" : 1,  "begin" : 110,  "end" : 117 }, 
        {"sofa" : 1,  "begin" : 118,  "end" : 119 }, 
        {"sofa" : 1,  "begin" : 120,  "end" : 123 }, 
        {"sofa" : 1,  "begin" : 124,  "end" : 125 }, 
        {"sofa" : 1,  "begin" : 126,  "end" : 133 }, 
        {"sofa" : 1,  "begin" : 134,  "end" : 141 }, 
        {"sofa" : 1,  "begin" : 142,  "end" : 143 }, 
        {"sofa" : 1,  "begin" : 144,  "end" : 145 }, 
        {"sofa" : 1,  "begin" : 146,  "end" : 150 }, 
        {"sofa" : 1,  "begin" : 151,  "end" : 155 }, 
        {"sofa" : 1,  "begin" : 156,  "end" : 159 }, 
        {"sofa" : 1,  "begin" : 160,  "end" : 162 }, 
        {"sofa" : 1,  "begin" : 163,  "end" : 169 }, 
        {"sofa" : 1,  "begin" : 170,  "end" : 172 }, 
        {"sofa" : 1,  "begin" : 173,  "end" : 181 }, 
        {"sofa" : 1,  "begin" : 182,  "end" : 185 }, 
        {"sofa" : 1,  "begin" : 186,  "end" : 187 }, 
        {"sofa" : 1,  "begin" : 188,  "end" : 189 }, 
        {"sofa" : 1,  "begin" : 190,  "end" : 194 }, 
        {"sofa" : 1,  "begin" : 195,  "end" : 196 }, 
        {"sofa" : 1,  "begin" : 197,  "end" : 200 }, 
        {"sofa" : 1,  "begin" : 201,  "end" : 207 }, 
        {"sofa" : 1,  "begin" : 208,  "end" : 212 }, 
        {"sofa" : 1,  "begin" : 213,  "end" : 214 }, 
        {"sofa" : 1,  "begin" : 215,  "end" : 220 }, 
        {"sofa" : 1,  "begin" : 221,  "end" : 229 }, 
        {"sofa" : 1,  "begin" : 230,  "end" : 231 }, 
        {"sofa" : 1,  "begin" : 232,  "end" : 235 }, 
        {"sofa" : 1,  "begin" : 236,  "end" : 238 }, 
        {"sofa" : 1,  "begin" : 239,  "end" : 244 }, 
        {"sofa" : 1,  "begin" : 245,  "end" : 253 }, 
        {"sofa" : 1,  "begin" : 254,  "end" : 258 }, 
        {"sofa" : 1,  "begin" : 259,  "end" : 261 }, 
        {"sofa" : 1,  "begin" : 262,  "end" : 270 }, 
        {"sofa" : 1,  "begin" : 271,  "end" : 276 }, 
        {"sofa" : 1,  "begin" : 277,  "end" : 279 }, 
        {"sofa" : 1,  "begin" : 280,  "end" : 281 }, 
        {"sofa" : 1,  "begin" : 282,  "end" : 286 }, 
        {"sofa" : 1,  "begin" : 287,  "end" : 294 }, 
        {"sofa" : 1,  "begin" : 295,  "end" : 296 }, 
        {"sofa" : 1,  "begin" : 297,  "end" : 299 }, 
        {"sofa" : 1,  "begin" : 300,  "end" : 303 }, 
        {"sofa" : 1,  "begin" : 304,  "end" : 313 }, 
        {"sofa" : 1,  "begin" : 314,  "end" : 315 }, 
        {"sofa" : 1,  "begin" : 316,  "end" : 319 }, 
        {"sofa" : 1,  "begin" : 320,  "end" : 324 }, 
        {"sofa" : 1,  "begin" : 325,  "end" : 331 }, 
        {"sofa" : 1,  "begin" : 332,  "end" : 333 }, 
        {"sofa" : 1,  "begin" : 334,  "end" : 342 }, 
        {"sofa" : 1,  "begin" : 343,  "end" : 347 }, 
        {"sofa" : 1,  "begin" : 348,  "end" : 352 }, 
        {"sofa" : 1,  "begin" : 353,  "end" : 357 }, 
        {"sofa" : 1,  "begin" : 358,  "end" : 363 }, 
        {"sofa" : 1,  "begin" : 364,  "end" : 370 }, 
        {"sofa" : 1,  "begin" : 371,  "end" : 373 }, 
        {"sofa" : 1,  "begin" : 374,  "end" : 382 }, 
        {"sofa" : 1,  "begin" : 383,  "end" : 384 }, 
        {"sofa" : 1,  "begin" : 385,  "end" : 388 }, 
        {"sofa" : 1,  "begin" : 389,  "end" : 396 }, 
        {"sofa" : 1,  "begin" : 397,  "end" : 399 }, 
        {"sofa" : 1,  "begin" : 400,  "end" : 406 }, 
        {"sofa" : 1,  "begin" : 407,  "end" : 408 }, 
        {"sofa" : 1,  "begin" : 409,  "end" : 412 }, 
        {"sofa" : 1,  "begin" : 413,  "end" : 418 }, 
        {"sofa" : 1,  "begin" : 419,  "end" : 421 }, 
        {"sofa" : 1,  "begin" : 422,  "end" : 428 }, 
        {"sofa" : 1,  "begin" : 429,  "end" : 434 }, 
        {"sofa" : 1,  "begin" : 435,  "end" : 436 }, 
        {"sofa" : 1,  "begin" : 437,  "end" : 442 }, 
        {"sofa" : 1,  "begin" : 443,  "end" : 452 }, 
        {"sofa" : 1,  "begin" : 453,  "end" : 455 }, 
        {"sofa" : 1,  "begin" : 456,  "end" : 459 }, 
        {"sofa" : 1,  "begin" : 460,  "end" : 466 }, 
        {"sofa" : 1,  "begin" : 467,  "end" : 468 }, 
        {"sofa" : 1,  "begin" : 469,  "end" : 472 }, 
        {"sofa" : 1,  "begin" : 473,  "end" : 479 }, 
        {"sofa" : 1,  "begin" : 480,  "end" : 485 }, 
        {"sofa" : 1,  "begin" : 486,  "end" : 488 }, 
        {"sofa" : 1,  "begin" : 489,  "end" : 495 }, 
        {"sofa" : 1,  "begin" : 496,  "end" : 497 }, 
        {"sofa" : 1,  "begin" : 498,  "end" : 501 }, 
        {"sofa" : 1,  "begin" : 502,  "end" : 505 }, 
        {"sofa" : 1,  "begin" : 506,  "end" : 514 }, 
        {"sofa" : 1,  "begin" : 515,  "end" : 520 }, 
        {"sofa" : 1,  "begin" : 521,  "end" : 523 }, 
        {"sofa" : 1,  "begin" : 524,  "end" : 530 }, 
        {"sofa" : 1,  "begin" : 531,  "end" : 532 }, 
        {"sofa" : 1,  "begin" : 533,  "end" : 537 }, 
        {"sofa" : 1,  "begin" : 538,  "end" : 541 }, 
        {"sofa" : 1,  "begin" : 542,  "end" : 546 }, 
        {"sofa" : 1,  "begin" : 547,  "end" : 549 }, 
        {"sofa" : 1,  "begin" : 550,  "end" : 551 }, 
        {"sofa" : 1,  "begin" : 552,  "end" : 555 }, 
        {"sofa" : 1,  "begin" : 556,  "end" : 563 }, 
        {"sofa" : 1,  "begin" : 564,  "end" : 571 }, 
        {"sofa" : 1,  "begin" : 572,  "end" : 577 }, 
        {"sofa" : 1,  "begin" : 578,  "end" : 586 }, 
        {"sofa" : 1,  "begin" : 587,  "end" : 589 }, 
        {"sofa" : 1,  "begin" : 590,  "end" : 597 }, 
        {"sofa" : 1,  "begin" : 598,  "end" : 599 }, 
        {"sofa" : 1,  "begin" : 600,  "end" : 608 }, 
        {"sofa" : 1,  "begin" : 609,  "end" : 616 }, 
        {"sofa" : 1,  "begin" : 617,  "end" : 620 }, 
        {"sofa" : 1,  "begin" : 621,  "end" : 628 }, 
        {"sofa" : 1,  "begin" : 629,  "end" : 633 }, 
        {"sofa" : 1,  "begin" : 634,  "end" : 636 }, 
        {"sofa" : 1,  "begin" : 637,  "end" : 638 }, 
        {"sofa" : 1,  "begin" : 639,  "end" : 644 }, 
        {"sofa" : 1,  "begin" : 645,  "end" : 651 }, 
        {"sofa" : 1,  "begin" : 652,  "end" : 653 }, 
        {"sofa" : 1,  "begin" : 654,  "end" : 658 }, 
        {"sofa" : 1,  "begin" : 659,  "end" : 663 }, 
        {"sofa" : 1,  "begin" : 664,  "end" : 668 }, 
        {"sofa" : 1,  "begin" : 669,  "end" : 674 }, 
        {"sofa" : 1,  "begin" : 675,  "end" : 676 }, 
        {"sofa" : 1,  "begin" : 677,  "end" : 680 }, 
        {"sofa" : 1,  "begin" : 681,  "end" : 682 }, 
        {"sofa" : 1,  "begin" : 683,  "end" : 686 }, 
        {"sofa" : 1,  "begin" : 687,  "end" : 694 }, 
        {"sofa" : 1,  "begin" : 695,  "end" : 697 }, 
        {"sofa" : 1,  "begin" : 698,  "end" : 699 }, 
        {"sofa" : 1,  "begin" : 700,  "end" : 706 }, 
        {"sofa" : 1,  "begin" : 707,  "end" : 708 }, 
        {"sofa" : 1,  "begin" : 709,  "end" : 714 }, 
        {"sofa" : 1,  "begin" : 715,  "end" : 717 }, 
        {"sofa" : 1,  "begin" : 718,  "end" : 728 } ] } }, 
  "_referenced_fss" : {
    "1" : {"_type" : "Sofa",  "sofaNum" : 1,  "sofaID" : "_InitialView",  "mimeType" : "text",  "sofaString" : "It 's not going to be Batman versus Superman versus Captain America after all .\n\" Batman v Superman : Dawn of Justice \" and \" Captain America 3 \" were both set to arrive in theaters May 6 , 2016 , but Warner Bros ' Caped Crusader / Man of Steel showdown will be released March 25 , 2016 instead , EW has confirmed .\nThe Zack Snyder - directed film will star Henry Cavill as Superman , Ben Affleck as Batman , Gal Gadot as Wonder Woman , Jesse Eisenberg as Lex Luthor , and Jeremy Irons as Alfred .\nSee the original story at EW.com .\nYour new Thor is a she Captain America being replaced by African - American partner Ben Affleck will be a great Batman , Adam West says Comic - Con : Ben Affleck 's ' Batman ' makes an appearance" }, 
    "1988" : {"_type" : "LayerDefinition",  "name" : "webanno.custom.DisjointCausalSpans",  "uiName" : "Disjoint Causal Spans" }, 
    "1999" : {"_type" : "LayerDefinition",  "name" : "webanno.custom.PartsofCause",  "uiName" : "Parts of Cause" }, 
    "2006" : {"_type" : "LayerDefinition",  "name" : "webanno.custom.TypesofCause",  "uiName" : "Types of Cause" } } }