{"_context" : {
    "_types" : {
      "DocumentMetaData" : {
        "_feature_types" : {"sofa" : "_ref" } }, 
      "FeatureDefinition" : {
        "_feature_types" : {"layer" : "_ref" } }, 
      "LayerDefinition" : { }, 
      "PartsofCause" : {
        "_feature_types" : {"sofa" : "_ref" } }, 
      "Sentence" : {
        "_feature_types" : {"sofa" : "_ref" } }, 
      "Sofa" : {
        "_feature_types" : {"sofaArray" : "_ref" } }, 
      "TagsetDescription" : {
        "_feature_types" : {"sofa" : "_ref",  "tags" : "_ref" } }, 
      "Token" : {
        "_feature_types" : {"sofa" : "_ref",  "parent" : "_ref",  "lemma" : "_ref",  "stem" : "_ref",  "pos" : "_ref",  "morph" : "_ref",  "form" : "_ref" } }, 
      "TypesofCause" : {
        "_feature_types" : {"sofa" : "_ref",  "Dependent" : "_ref",  "Governor" : "_ref" } }, 
      "DocumentAnnotation" : {
        "_feature_types" : {"sofa" : "_ref" }, 
        "_subtypes" : ["DocumentMetaData" ] }, 
      "Annotation" : {
        "_feature_types" : {"sofa" : "_ref" }, 
        "_subtypes" : ["DocumentAnnotation",  "PartsofCause",  "Sentence",  "TagsetDescription",  "Token",  "TypesofCause" ] }, 
      "AnnotationBase" : {
        "_feature_types" : {"sofa" : "_ref" }, 
        "_subtypes" : ["Annotation" ] }, 
      "TOP" : {
        "_subtypes" : ["AnnotationBase",  "FeatureDefinition",  "LayerDefinition",  "Sofa" ] } } }, 
  "_views" : {
    "_InitialView" : {
      "FeatureDefinition" : [
        {"layer" : 2028,  "name" : "referenceRelation",  "uiName" : "Reference Relation" }, 
        {"layer" : 2028,  "name" : "referenceType",  "uiName" : "Reference Type" }, 
        {"layer" : 2039,  "name" : "PartsofCause",  "uiName" : "Parts of Cause" }, 
        {"layer" : 2046,  "name" : "TypesofCause",  "uiName" : "Types of Cause" } ], 
      "LayerDefinition" : [2028,  2039,  2046 ], 
      "DocumentMetaData" : [
        {"sofa" : 1,  "end" : 648,  "language" : "x-unspecified",  "documentTitle" : "cnn-41.txt",  "documentId" : "GJW",  "documentUri" : "file:/srv/inception/repository/project/2/document/2393/source/GJW",  "collectionId" : "file:/srv/inception/repository/project/2/document/2393/source/",  "documentBaseUri" : "file:/srv/inception/repository/project/2/document/2393/source/",  "isLastSegment" : false } ], 
      "TagsetDescription" : [
        {"sofa" : 1,  "layer" : "webanno.custom.PartsofCause",  "name" : "Parts of Cause",  "input" : false }, 
        {"sofa" : 1,  "layer" : "webanno.custom.TypesofCause",  "name" : "Causal Relations",  "input" : false } ], 
      "Sentence" : [
        {"sofa" : 1,  "end" : 142 }, 
        {"sofa" : 1,  "begin" : 143,  "end" : 257 }, 
        {"sofa" : 1,  "begin" : 258,  "end" : 362 }, 
        {"sofa" : 1,  "begin" : 363,  "end" : 504 }, 
        {"sofa" : 1,  "begin" : 505,  "end" : 648 } ], 
      "Token" : [
        {"sofa" : 1,  "end" : 1 }, 
        {"sofa" : 1,  "begin" : 2,  "end" : 11 }, 
        {"sofa" : 1,  "begin" : 12,  "end" : 18 }, 
        {"sofa" : 1,  "begin" : 19,  "end" : 23 }, 
        {"sofa" : 1,  "begin" : 24,  "end" : 30 }, 
        {"sofa" : 1,  "begin" : 31,  "end" : 37 }, 
        {"sofa" : 1,  "begin" : 38,  "end" : 40 }, 
        {"sofa" : 1,  "begin" : 41,  "end" : 50 }, 
        {"sofa" : 1,  "begin" : 51,  "end" : 53 }, 
        {"sofa" : 1,  "begin" : 54,  "end" : 59 }, 
        {"sofa" : 1,  "begin" : 60,  "end" : 64 }, 
        {"sofa" : 1,  "begin" : 65,  "end" : 70 }, 
        {"sofa" : 1,  "begin" : 71,  "end" : 77 }, 
        {"sofa" : 1,  "begin" : 78,  "end" : 81 }, 
        {"sofa" : 1,  "begin" : 82,  "end" : 86 }, 
        {"sofa" : 1,  "begin" : 87,  "end" : 95 }, 
        {"sofa" : 1,  "begin" : 96,  "end" : 98 }, 
        {"sofa" : 1,  "begin" : 99,  "end" : 106 }, 
        {"sofa" : 1,  "begin" : 107,  "end" : 108 }, 
        {"sofa" : 1,  "begin" : 109,  "end" : 112 }, 
        {"sofa" : 1,  "begin" : 113,  "end" : 117 }, 
        {"sofa" : 1,  "begin" : 118,  "end" : 119 }, 
        {"sofa" : 1,  "begin" : 120,  "end" : 123 }, 
        {"sofa" : 1,  "begin" : 124,  "end" : 127 }, 
        {"sofa" : 1,  "begin" : 128,  "end" : 132 }, 
        {"sofa" : 1,  "begin" : 133,  "end" : 140 }, 
        {"sofa" : 1,  "begin" : 141,  "end" : 142 }, 
        {"sofa" : 1,  "begin" : 143,  "end" : 149 }, 
        {"sofa" : 1,  "begin" : 150,  "end" : 153 }, 
        {"sofa" : 1,  "begin" : 154,  "end" : 157 }, 
        {"sofa" : 1,  "begin" : 158,  "end" : 162 }, 
        {"sofa" : 1,  "begin" : 163,  "end" : 169 }, 
        {"sofa" : 1,  "begin" : 170,  "end" : 178 }, 
        {"sofa" : 1,  "begin" : 179,  "end" : 183 }, 
        {"sofa" : 1,  "begin" : 184,  "end" : 190 }, 
        {"sofa" : 1,  "begin" : 191,  "end" : 192 }, 
        {"sofa" : 1,  "begin" : 193,  "end" : 195 }, 
        {"sofa" : 1,  "begin" : 196,  "end" : 197 }, 
        {"sofa" : 1,  "begin" : 198,  "end" : 204 }, 
        {"sofa" : 1,  "begin" : 205,  "end" : 209 }, 
        {"sofa" : 1,  "begin" : 210,  "end" : 214 }, 
        {"sofa" : 1,  "begin" : 215,  "end" : 222 }, 
        {"sofa" : 1,  "begin" : 223,  "end" : 224 }, 
        {"sofa" : 1,  "begin" : 225,  "end" : 228 }, 
        {"sofa" : 1,  "begin" : 229,  "end" : 235 }, 
        {"sofa" : 1,  "begin" : 236,  "end" : 240 }, 
        {"sofa" : 1,  "begin" : 241,  "end" : 243 }, 
        {"sofa" : 1,  "begin" : 244,  "end" : 245 }, 
        {"sofa" : 1,  "begin" : 246,  "end" : 255 }, 
        {"sofa" : 1,  "begin" : 256,  "end" : 257 }, 
        {"sofa" : 1,  "begin" : 258,  "end" : 260 }, 
        {"sofa" : 1,  "begin" : 261,  "end" : 264 }, 
        {"sofa" : 1,  "begin" : 265,  "end" : 268 }, 
        {"sofa" : 1,  "begin" : 269,  "end" : 276 }, 
        {"sofa" : 1,  "begin" : 277,  "end" : 284 }, 
        {"sofa" : 1,  "begin" : 285,  "end" : 287 }, 
        {"sofa" : 1,  "begin" : 288,  "end" : 293 }, 
        {"sofa" : 1,  "begin" : 294,  "end" : 296 }, 
        {"sofa" : 1,  "begin" : 297,  "end" : 300 }, 
        {"sofa" : 1,  "begin" : 301,  "end" : 309 }, 
        {"sofa" : 1,  "begin" : 310,  "end" : 312 }, 
        {"sofa" : 1,  "begin" : 313,  "end" : 316 }, 
        {"sofa" : 1,  "begin" : 317,  "end" : 321 }, 
        {"sofa" : 1,  "begin" : 322,  "end" : 328 }, 
        {"sofa" : 1,  "begin" : 329,  "end" : 338 }, 
        {"sofa" : 1,  "begin" : 339,  "end" : 341 }, 
        {"sofa" : 1,  "begin" : 342,  "end" : 345 }, 
        {"sofa" : 1,  "begin" : 346,  "end" : 348 }, 
        {"sofa" : 1,  "begin" : 349,  "end" : 352 }, 
        {"sofa" : 1,  "begin" : 353,  "end" : 360 }, 
        {"sofa" : 1,  "begin" : 361,  "end" : 362 }, 
        {"sofa" : 1,  "begin" : 363,  "end" : 366 }, 
        {"sofa" : 1,  "begin" : 367,  "end" : 370 }, 
        {"sofa" : 1,  "begin" : 371,  "end" : 374 }, 
        {"sofa" : 1,  "begin" : 375,  "end" : 381 }, 
        {"sofa" : 1,  "begin" : 382,  "end" : 385 }, 
        {"sofa" : 1,  "begin" : 386,  "end" : 392 }, 
        {"sofa" : 1,  "begin" : 393,  "end" : 395 }, 
        {"sofa" : 1,  "begin" : 396,  "end" : 400 }, 
        {"sofa" : 1,  "begin" : 401,  "end" : 407 }, 
        {"sofa" : 1,  "begin" : 408,  "end" : 410 }, 
        {"sofa" : 1,  "begin" : 411,  "end" : 418 }, 
        {"sofa" : 1,  "begin" : 419,  "end" : 425 }, 
        {"sofa" : 1,  "begin" : 426,  "end" : 427 }, 
        {"sofa" : 1,  "begin" : 428,  "end" : 431 }, 
        {"sofa" : 1,  "begin" : 432,  "end" : 434 }, 
        {"sofa" : 1,  "begin" : 435,  "end" : 444 }, 
        {"sofa" : 1,  "begin" : 445,  "end" : 447 }, 
        {"sofa" : 1,  "begin" : 448,  "end" : 455 }, 
        {"sofa" : 1,  "begin" : 456,  "end" : 458 }, 
        {"sofa" : 1,  "begin" : 459,  "end" : 464 }, 
        {"sofa" : 1,  "begin" : 465,  "end" : 467 }, 
        {"sofa" : 1,  "begin" : 468,  "end" : 471 }, 
        {"sofa" : 1,  "begin" : 472,  "end" : 476 }, 
        {"sofa" : 1,  "begin" : 477,  "end" : 478 }, 
        {"sofa" : 1,  "begin" : 479,  "end" : 482 }, 
        {"sofa" : 1,  "begin" : 483,  "end" : 489 }, 
        {"sofa" : 1,  "begin" : 490,  "end" : 493 }, 
        {"sofa" : 1,  "begin" : 494,  "end" : 502 }, 
        {"sofa" : 1,  "begin" : 503,  "end" : 504 }, 
        {"sofa" : 1,  "begin" : 505,  "end" : 511 }, 
        {"sofa" : 1,  "begin" : 512,  "end" : 521 }, 
        {"sofa" : 1,  "begin" : 522,  "end" : 529 }, 
        {"sofa" : 1,  "begin" : 530,  "end" : 531 }, 
        {"sofa" : 1,  "begin" : 532,  "end" : 535 }, 
        {"sofa" : 1,  "begin" : 536,  "end" : 538 }, 
        {"sofa" : 1,  "begin" : 539,  "end" : 546 }, 
        {"sofa" : 1,  "begin" : 547,  "end" : 549 }, 
        {"sofa" : 1,  "begin" : 550,  "end" : 554 }, 
        {"sofa" : 1,  "begin" : 555,  "end" : 557 }, 
        {"sofa" : 1,  "begin" : 558,  "end" : 561 }, 
        {"sofa" : 1,  "begin" : 562,  "end" : 571 }, 
        {"sofa" : 1,  "begin" : 572,  "end" : 573 }, 
        {"sofa" : 1,  "begin" : 574,  "end" : 583 }, 
        {"sofa" : 1,  "begin" : 584,  "end" : 595 }, 
        {"sofa" : 1,  "begin" : 596,  "end" : 598 }, 
        {"sofa" : 1,  "begin" : 599,  "end" : 604 }, 
        {"sofa" : 1,  "begin" : 605,  "end" : 609 }, 
        {"sofa" : 1,  "begin" : 610,  "end" : 612 }, 
        {"sofa" : 1,  "begin" : 613,  "end" : 617 }, 
        {"sofa" : 1,  "begin" : 618,  "end" : 622 }, 
        {"sofa" : 1,  "begin" : 623,  "end" : 631 }, 
        {"sofa" : 1,  "begin" : 632,  "end" : 633 }, 
        {"sofa" : 1,  "begin" : 634,  "end" : 637 }, 
        {"sofa" : 1,  "begin" : 638,  "end" : 641 }, 
        {"sofa" : 1,  "begin" : 642,  "end" : 646 }, 
        {"sofa" : 1,  "begin" : 647,  "end" : 648 } ], 
      "PartsofCause" : [1809,  1839,  1818,  1886,  1899,  1908,  2004,  1968,  1959,  1773,  1707,  1716 ], 
      "TypesofCause" : [
        {"sofa" : 1,  "end" : 37,  "Dependent" : 1809,  "Governor" : 1839,  "TypesofCause" : "Cause" }, 
        {"sofa" : 1,  "begin" : 41,  "end" : 77,  "Dependent" : 1818,  "Governor" : 1839,  "TypesofCause" : "Effect" }, 
        {"sofa" : 1,  "begin" : 382,  "end" : 400,  "Dependent" : 1886,  "Governor" : 1899,  "TypesofCause" : "Cause" }, 
        {"sofa" : 1,  "begin" : 411,  "end" : 425,  "Dependent" : 1908,  "Governor" : 1899,  "TypesofCause" : "Effect" }, 
        {"sofa" : 1,  "begin" : 505,  "end" : 546,  "Dependent" : 2004,  "Governor" : 1968,  "TypesofCause" : "Effect" }, 
        {"sofa" : 1,  "begin" : 550,  "end" : 571,  "Dependent" : 1959,  "Governor" : 1968,  "TypesofCause" : "Cause" }, 
        {"sofa" : 1,  "begin" : 599,  "end" : 609,  "Dependent" : 1773,  "Governor" : 1707,  "TypesofCause" : "Effect" }, 
        {"sofa" : 1,  "begin" : 613,  "end" : 631,  "Dependent" : 1716,  "Governor" : 1707,  "TypesofCause" : "Cause" } ] } }, 
  "_referenced_fss" : {
    "1" : {"_type" : "Sofa",  "sofaNum" : 1,  "sofaID" : "_InitialView",  "mimeType" : "text",  "sofaString" : "A suspected serial bank robber wanted in incidents in three East Coast states has been arrested in Medford , New York , the FBI said Tuesday .\nAgents and New York police arrested Luis Alomar , 37 , around 2:30 a.m. Tuesday , the agency said in a statement .\nIt did n't provide details of where he was arrested in the Long Island community or how he was located .\nThe FBI had sought the public 's help Monday in finding Alomar , who is suspected of robbing 20 banks in New York , New Jersey and Delaware .\nAlomar allegedly flashed a gun at tellers in some of the robberies , sometimes threatening to shoot them if they said anything , the FBI said ." }, 
    "1809" : {"_type" : "PartsofCause",  "sofa" : 1,  "end" : 37,  "PartsofCause" : "Argument" }, 
    "1839" : {"_type" : "PartsofCause",  "sofa" : 1,  "begin" : 38,  "end" : 40,  "PartsofCause" : "Causing" }, 
    "1818" : {"_type" : "PartsofCause",  "sofa" : 1,  "begin" : 41,  "end" : 77,  "PartsofCause" : "Argument" }, 
    "1886" : {"_type" : "PartsofCause",  "sofa" : 1,  "begin" : 382,  "end" : 400,  "PartsofCause" : "Argument" }, 
    "1899" : {"_type" : "PartsofCause",  "sofa" : 1,  "begin" : 408,  "end" : 410,  "PartsofCause" : "Enabling" }, 
    "1908" : {"_type" : "PartsofCause",  "sofa" : 1,  "begin" : 411,  "end" : 425,  "PartsofCause" : "Argument" }, 
    "2004" : {"_type" : "PartsofCause",  "sofa" : 1,  "begin" : 505,  "end" : 546,  "PartsofCause" : "Argument" }, 
    "1968" : {"_type" : "PartsofCause",  "sofa" : 1,  "begin" : 547,  "end" : 549,  "PartsofCause" : "Enabling" }, 
    "1959" : {"_type" : "PartsofCause",  "sofa" : 1,  "begin" : 550,  "end" : 571,  "PartsofCause" : "Argument" }, 
    "1773" : {"_type" : "PartsofCause",  "sofa" : 1,  "begin" : 599,  "end" : 609,  "PartsofCause" : "Argument" }, 
    "1707" : {"_type" : "PartsofCause",  "sofa" : 1,  "begin" : 610,  "end" : 612,  "PartsofCause" : "Causing" }, 
    "1716" : {"_type" : "PartsofCause",  "sofa" : 1,  "begin" : 613,  "end" : 631,  "PartsofCause" : "Argument" }, 
    "2028" : {"_type" : "LayerDefinition",  "name" : "webanno.custom.DisjointCausalSpans",  "uiName" : "Disjoint Causal Spans" }, 
    "2046" : {"_type" : "LayerDefinition",  "name" : "webanno.custom.TypesofCause",  "uiName" : "Types of Cause" }, 
    "2039" : {"_type" : "LayerDefinition",  "name" : "webanno.custom.PartsofCause",  "uiName" : "Parts of Cause" } } }