{"_context" : {
    "_types" : {
      "DocumentMetaData" : {
        "_feature_types" : {"sofa" : "_ref" } }, 
      "FeatureDefinition" : {
        "_feature_types" : {"layer" : "_ref" } }, 
      "LayerDefinition" : { }, 
      "PartsofCause" : {
        "_feature_types" : {"sofa" : "_ref" } }, 
      "Sentence" : {
        "_feature_types" : {"sofa" : "_ref" } }, 
      "Sofa" : {
        "_feature_types" : {"sofaArray" : "_ref" } }, 
      "TagsetDescription" : {
        "_feature_types" : {"sofa" : "_ref",  "tags" : "_ref" } }, 
      "Token" : {
        "_feature_types" : {"sofa" : "_ref",  "parent" : "_ref",  "lemma" : "_ref",  "stem" : "_ref",  "pos" : "_ref",  "morph" : "_ref",  "form" : "_ref" } }, 
      "TypesofCause" : {
        "_feature_types" : {"sofa" : "_ref",  "Dependent" : "_ref",  "Governor" : "_ref" } }, 
      "DocumentAnnotation" : {
        "_feature_types" : {"sofa" : "_ref" }, 
        "_subtypes" : ["DocumentMetaData" ] }, 
      "Annotation" : {
        "_feature_types" : {"sofa" : "_ref" }, 
        "_subtypes" : ["DocumentAnnotation",  "PartsofCause",  "Sentence",  "TagsetDescription",  "Token",  "TypesofCause" ] }, 
      "AnnotationBase" : {
        "_feature_types" : {"sofa" : "_ref" }, 
        "_subtypes" : ["Annotation" ] }, 
      "TOP" : {
        "_subtypes" : ["AnnotationBase",  "FeatureDefinition",  "LayerDefinition",  "Sofa" ] } } }, 
  "_views" : {
    "_InitialView" : {
      "FeatureDefinition" : [
        {"layer" : 2706,  "name" : "referenceRelation",  "uiName" : "Reference Relation" }, 
        {"layer" : 2706,  "name" : "referenceType",  "uiName" : "Reference Type" }, 
        {"layer" : 2717,  "name" : "PartsofCause",  "uiName" : "Parts of Cause" }, 
        {"layer" : 2724,  "name" : "TypesofCause",  "uiName" : "Types of Cause" } ], 
      "LayerDefinition" : [2706,  2717,  2724 ], 
      "DocumentMetaData" : [
        {"sofa" : 1,  "end" : 754,  "language" : "x-unspecified",  "documentTitle" : "reddit-014.txt",  "documentId" : "AYC",  "documentUri" : "file:/srv/inception/repository/project/2/document/2416/source/AYC",  "collectionId" : "file:/srv/inception/repository/project/2/document/2416/source/",  "documentBaseUri" : "file:/srv/inception/repository/project/2/document/2416/source/",  "isLastSegment" : false } ], 
      "TagsetDescription" : [
        {"sofa" : 1,  "layer" : "webanno.custom.PartsofCause",  "name" : "Parts of Cause",  "input" : false }, 
        {"sofa" : 1,  "layer" : "webanno.custom.TypesofCause",  "name" : "Causal Relations",  "input" : false } ], 
      "Sentence" : [
        {"sofa" : 1,  "end" : 215 }, 
        {"sofa" : 1,  "begin" : 216,  "end" : 502 }, 
        {"sofa" : 1,  "begin" : 503,  "end" : 565 }, 
        {"sofa" : 1,  "begin" : 566,  "end" : 708 }, 
        {"sofa" : 1,  "begin" : 709,  "end" : 754 } ], 
      "Token" : [
        {"sofa" : 1,  "end" : 2 }, 
        {"sofa" : 1,  "begin" : 3,  "end" : 12 }, 
        {"sofa" : 1,  "begin" : 13,  "end" : 14 }, 
        {"sofa" : 1,  "begin" : 15,  "end" : 19 }, 
        {"sofa" : 1,  "begin" : 20,  "end" : 22 }, 
        {"sofa" : 1,  "begin" : 23,  "end" : 26 }, 
        {"sofa" : 1,  "begin" : 27,  "end" : 31 }, 
        {"sofa" : 1,  "begin" : 32,  "end" : 33 }, 
        {"sofa" : 1,  "begin" : 34,  "end" : 39 }, 
        {"sofa" : 1,  "begin" : 40,  "end" : 42 }, 
        {"sofa" : 1,  "begin" : 43,  "end" : 46 }, 
        {"sofa" : 1,  "begin" : 47,  "end" : 49 }, 
        {"sofa" : 1,  "begin" : 50,  "end" : 51 }, 
        {"sofa" : 1,  "begin" : 52,  "end" : 55 }, 
        {"sofa" : 1,  "begin" : 56,  "end" : 57 }, 
        {"sofa" : 1,  "begin" : 58,  "end" : 63 }, 
        {"sofa" : 1,  "begin" : 64,  "end" : 71 }, 
        {"sofa" : 1,  "begin" : 72,  "end" : 75 }, 
        {"sofa" : 1,  "begin" : 76,  "end" : 78 }, 
        {"sofa" : 1,  "begin" : 79,  "end" : 85 }, 
        {"sofa" : 1,  "begin" : 86,  "end" : 90 }, 
        {"sofa" : 1,  "begin" : 91,  "end" : 93 }, 
        {"sofa" : 1,  "begin" : 94,  "end" : 103 }, 
        {"sofa" : 1,  "begin" : 104,  "end" : 107 }, 
        {"sofa" : 1,  "begin" : 108,  "end" : 114 }, 
        {"sofa" : 1,  "begin" : 115,  "end" : 119 }, 
        {"sofa" : 1,  "begin" : 120,  "end" : 121 }, 
        {"sofa" : 1,  "begin" : 122,  "end" : 125 }, 
        {"sofa" : 1,  "begin" : 126,  "end" : 129 }, 
        {"sofa" : 1,  "begin" : 130,  "end" : 133 }, 
        {"sofa" : 1,  "begin" : 134,  "end" : 139 }, 
        {"sofa" : 1,  "begin" : 140,  "end" : 143 }, 
        {"sofa" : 1,  "begin" : 144,  "end" : 145 }, 
        {"sofa" : 1,  "begin" : 146,  "end" : 154 }, 
        {"sofa" : 1,  "begin" : 155,  "end" : 156 }, 
        {"sofa" : 1,  "begin" : 157,  "end" : 161 }, 
        {"sofa" : 1,  "begin" : 162,  "end" : 164 }, 
        {"sofa" : 1,  "begin" : 165,  "end" : 172 }, 
        {"sofa" : 1,  "begin" : 173,  "end" : 180 }, 
        {"sofa" : 1,  "begin" : 181,  "end" : 184 }, 
        {"sofa" : 1,  "begin" : 185,  "end" : 190 }, 
        {"sofa" : 1,  "begin" : 191,  "end" : 197 }, 
        {"sofa" : 1,  "begin" : 198,  "end" : 201 }, 
        {"sofa" : 1,  "begin" : 202,  "end" : 205 }, 
        {"sofa" : 1,  "begin" : 206,  "end" : 210 }, 
        {"sofa" : 1,  "begin" : 211,  "end" : 213 }, 
        {"sofa" : 1,  "begin" : 214,  "end" : 215 }, 
        {"sofa" : 1,  "begin" : 216,  "end" : 217 }, 
        {"sofa" : 1,  "begin" : 218,  "end" : 220 }, 
        {"sofa" : 1,  "begin" : 221,  "end" : 226 }, 
        {"sofa" : 1,  "begin" : 227,  "end" : 231 }, 
        {"sofa" : 1,  "begin" : 232,  "end" : 235 }, 
        {"sofa" : 1,  "begin" : 236,  "end" : 239 }, 
        {"sofa" : 1,  "begin" : 240,  "end" : 248 }, 
        {"sofa" : 1,  "begin" : 249,  "end" : 252 }, 
        {"sofa" : 1,  "begin" : 253,  "end" : 256 }, 
        {"sofa" : 1,  "begin" : 257,  "end" : 261 }, 
        {"sofa" : 1,  "begin" : 262,  "end" : 265 }, 
        {"sofa" : 1,  "begin" : 266,  "end" : 270 }, 
        {"sofa" : 1,  "begin" : 271,  "end" : 272 }, 
        {"sofa" : 1,  "begin" : 273,  "end" : 275 }, 
        {"sofa" : 1,  "begin" : 276,  "end" : 279 }, 
        {"sofa" : 1,  "begin" : 280,  "end" : 286 }, 
        {"sofa" : 1,  "begin" : 287,  "end" : 290 }, 
        {"sofa" : 1,  "begin" : 291,  "end" : 299 }, 
        {"sofa" : 1,  "begin" : 300,  "end" : 301 }, 
        {"sofa" : 1,  "begin" : 302,  "end" : 307 }, 
        {"sofa" : 1,  "begin" : 308,  "end" : 312 }, 
        {"sofa" : 1,  "begin" : 313,  "end" : 316 }, 
        {"sofa" : 1,  "begin" : 317,  "end" : 320 }, 
        {"sofa" : 1,  "begin" : 321,  "end" : 323 }, 
        {"sofa" : 1,  "begin" : 324,  "end" : 329 }, 
        {"sofa" : 1,  "begin" : 330,  "end" : 333 }, 
        {"sofa" : 1,  "begin" : 334,  "end" : 337 }, 
        {"sofa" : 1,  "begin" : 338,  "end" : 339 }, 
        {"sofa" : 1,  "begin" : 340,  "end" : 342 }, 
        {"sofa" : 1,  "begin" : 343,  "end" : 348 }, 
        {"sofa" : 1,  "begin" : 349,  "end" : 353 }, 
        {"sofa" : 1,  "begin" : 354,  "end" : 357 }, 
        {"sofa" : 1,  "begin" : 358,  "end" : 360 }, 
        {"sofa" : 1,  "begin" : 361,  "end" : 364 }, 
        {"sofa" : 1,  "begin" : 365,  "end" : 372 }, 
        {"sofa" : 1,  "begin" : 373,  "end" : 377 }, 
        {"sofa" : 1,  "begin" : 378,  "end" : 381 }, 
        {"sofa" : 1,  "begin" : 382,  "end" : 386 }, 
        {"sofa" : 1,  "begin" : 387,  "end" : 390 }, 
        {"sofa" : 1,  "begin" : 391,  "end" : 398 }, 
        {"sofa" : 1,  "begin" : 399,  "end" : 401 }, 
        {"sofa" : 1,  "begin" : 402,  "end" : 408 }, 
        {"sofa" : 1,  "begin" : 409,  "end" : 410 }, 
        {"sofa" : 1,  "begin" : 411,  "end" : 418 }, 
        {"sofa" : 1,  "begin" : 419,  "end" : 422 }, 
        {"sofa" : 1,  "begin" : 423,  "end" : 426 }, 
        {"sofa" : 1,  "begin" : 427,  "end" : 437 }, 
        {"sofa" : 1,  "begin" : 438,  "end" : 440 }, 
        {"sofa" : 1,  "begin" : 441,  "end" : 445 }, 
        {"sofa" : 1,  "begin" : 446,  "end" : 450 }, 
        {"sofa" : 1,  "begin" : 451,  "end" : 454 }, 
        {"sofa" : 1,  "begin" : 455,  "end" : 459 }, 
        {"sofa" : 1,  "begin" : 460,  "end" : 467 }, 
        {"sofa" : 1,  "begin" : 468,  "end" : 472 }, 
        {"sofa" : 1,  "begin" : 473,  "end" : 475 }, 
        {"sofa" : 1,  "begin" : 476,  "end" : 479 }, 
        {"sofa" : 1,  "begin" : 480,  "end" : 483 }, 
        {"sofa" : 1,  "begin" : 484,  "end" : 487 }, 
        {"sofa" : 1,  "begin" : 488,  "end" : 496 }, 
        {"sofa" : 1,  "begin" : 497,  "end" : 500 }, 
        {"sofa" : 1,  "begin" : 501,  "end" : 502 }, 
        {"sofa" : 1,  "begin" : 503,  "end" : 504 }, 
        {"sofa" : 1,  "begin" : 505,  "end" : 511 }, 
        {"sofa" : 1,  "begin" : 512,  "end" : 513 }, 
        {"sofa" : 1,  "begin" : 514,  "end" : 519 }, 
        {"sofa" : 1,  "begin" : 520,  "end" : 521 }, 
        {"sofa" : 1,  "begin" : 522,  "end" : 524 }, 
        {"sofa" : 1,  "begin" : 525,  "end" : 527 }, 
        {"sofa" : 1,  "begin" : 528,  "end" : 531 }, 
        {"sofa" : 1,  "begin" : 532,  "end" : 533 }, 
        {"sofa" : 1,  "begin" : 534,  "end" : 540 }, 
        {"sofa" : 1,  "begin" : 541,  "end" : 542 }, 
        {"sofa" : 1,  "begin" : 543,  "end" : 546 }, 
        {"sofa" : 1,  "begin" : 547,  "end" : 551 }, 
        {"sofa" : 1,  "begin" : 552,  "end" : 563 }, 
        {"sofa" : 1,  "begin" : 564,  "end" : 565 }, 
        {"sofa" : 1,  "begin" : 566,  "end" : 573 }, 
        {"sofa" : 1,  "begin" : 574,  "end" : 579 }, 
        {"sofa" : 1,  "begin" : 580,  "end" : 581 }, 
        {"sofa" : 1,  "begin" : 582,  "end" : 585 }, 
        {"sofa" : 1,  "begin" : 586,  "end" : 589 }, 
        {"sofa" : 1,  "begin" : 590,  "end" : 594 }, 
        {"sofa" : 1,  "begin" : 595,  "end" : 596 }, 
        {"sofa" : 1,  "begin" : 597,  "end" : 604 }, 
        {"sofa" : 1,  "begin" : 605,  "end" : 606 }, 
        {"sofa" : 1,  "begin" : 607,  "end" : 609 }, 
        {"sofa" : 1,  "begin" : 610,  "end" : 613 }, 
        {"sofa" : 1,  "begin" : 614,  "end" : 618 }, 
        {"sofa" : 1,  "begin" : 619,  "end" : 620 }, 
        {"sofa" : 1,  "begin" : 621,  "end" : 623 }, 
        {"sofa" : 1,  "begin" : 624,  "end" : 627 }, 
        {"sofa" : 1,  "begin" : 628,  "end" : 636 }, 
        {"sofa" : 1,  "begin" : 637,  "end" : 645 }, 
        {"sofa" : 1,  "begin" : 646,  "end" : 651 }, 
        {"sofa" : 1,  "begin" : 652,  "end" : 655 }, 
        {"sofa" : 1,  "begin" : 656,  "end" : 660 }, 
        {"sofa" : 1,  "begin" : 661,  "end" : 664 }, 
        {"sofa" : 1,  "begin" : 665,  "end" : 669 }, 
        {"sofa" : 1,  "begin" : 670,  "end" : 673 }, 
        {"sofa" : 1,  "begin" : 674,  "end" : 678 }, 
        {"sofa" : 1,  "begin" : 679,  "end" : 684 }, 
        {"sofa" : 1,  "begin" : 685,  "end" : 693 }, 
        {"sofa" : 1,  "begin" : 694,  "end" : 697 }, 
        {"sofa" : 1,  "begin" : 698,  "end" : 701 }, 
        {"sofa" : 1,  "begin" : 702,  "end" : 706 }, 
        {"sofa" : 1,  "begin" : 707,  "end" : 708 }, 
        {"sofa" : 1,  "begin" : 709,  "end" : 717 }, 
        {"sofa" : 1,  "begin" : 718,  "end" : 724 }, 
        {"sofa" : 1,  "begin" : 725,  "end" : 726 }, 
        {"sofa" : 1,  "begin" : 727,  "end" : 733 }, 
        {"sofa" : 1,  "begin" : 734,  "end" : 737 }, 
        {"sofa" : 1,  "begin" : 738,  "end" : 742 }, 
        {"sofa" : 1,  "begin" : 743,  "end" : 750 }, 
        {"sofa" : 1,  "begin" : 751,  "end" : 754 } ], 
      "PartsofCause" : [2654,  2629,  2667,  2167,  2141,  2154,  2214,  2227,  2240,  2395,  2478,  2369,  2450,  2491,  2504,  2283,  2296,  2309,  2573,  2547,  2560 ], 
      "TypesofCause" : [
        {"sofa" : 1,  "begin" : 32,  "end" : 71,  "Dependent" : 2654,  "Governor" : 2629,  "TypesofCause" : "Effect" }, 
        {"sofa" : 1,  "begin" : 76,  "end" : 90,  "Dependent" : 2667,  "Governor" : 2629,  "TypesofCause" : "Cause" }, 
        {"sofa" : 1,  "begin" : 126,  "end" : 172,  "Dependent" : 2167,  "Governor" : 2141,  "TypesofCause" : "Effect" }, 
        {"sofa" : 1,  "begin" : 181,  "end" : 213,  "Dependent" : 2154,  "Governor" : 2141,  "TypesofCause" : "Cause" }, 
        {"sofa" : 1,  "begin" : 300,  "end" : 320,  "Dependent" : 2227,  "Governor" : 2214,  "TypesofCause" : "Cause" }, 
        {"sofa" : 1,  "begin" : 321,  "end" : 337,  "Dependent" : 2240,  "Governor" : 2214,  "TypesofCause" : "Effect" }, 
        {"sofa" : 1,  "begin" : 340,  "end" : 353,  "Dependent" : 2395,  "Governor" : 2369,  "TypesofCause" : "Effect" }, 
        {"sofa" : 1,  "begin" : 340,  "end" : 353,  "Dependent" : 2478,  "Governor" : 2491,  "TypesofCause" : "Effect" }, 
        {"sofa" : 1,  "begin" : 361,  "end" : 386,  "Dependent" : 2450,  "Governor" : 2369,  "TypesofCause" : "Cause" }, 
        {"sofa" : 1,  "begin" : 399,  "end" : 496,  "Dependent" : 2504,  "Governor" : 2491,  "TypesofCause" : "Cause" }, 
        {"sofa" : 1,  "begin" : 427,  "end" : 472,  "Dependent" : 2283,  "Governor" : 2296,  "TypesofCause" : "Effect" }, 
        {"sofa" : 1,  "begin" : 476,  "end" : 496,  "Dependent" : 2309,  "Governor" : 2296,  "TypesofCause" : "Cause" }, 
        {"sofa" : 1,  "begin" : 580,  "end" : 618,  "Dependent" : 2573,  "Governor" : 2547,  "TypesofCause" : "Effect" }, 
        {"sofa" : 1,  "begin" : 624,  "end" : 706,  "Dependent" : 2560,  "Governor" : 2547,  "TypesofCause" : "Cause" } ] } }, 
  "_referenced_fss" : {
    "1" : {"_type" : "Sofa",  "sofaNum" : 1,  "sofaID" : "_InitialView",  "mimeType" : "text",  "sofaString" : "So basically I want to say that I acted as the on - the - field captain for my soccer team my sophomore and junior year , but was not given the \" official \" name of captain because the coach really did not like me .\n( He would goof off all practice and not help our team , we did poorly and whenever I would call him out he would get mad , he later quit due to bad results with the team and because he fucked a players mom and threatened to take away the kids playing time if she did n't continue ... )\n& #x200B ; Where , if at all , should I put this information .\nBecause truly I was the best \" Captain \" on the team , as the official captains would n't lead for crap and were super negative all the time .\nEveryone agreed I should 've been captain lol" }, 
    "2654" : {"_type" : "PartsofCause",  "sofa" : 1,  "begin" : 32,  "end" : 71,  "PartsofCause" : "Argument" }, 
    "2629" : {"_type" : "PartsofCause",  "sofa" : 1,  "begin" : 72,  "end" : 75,  "PartsofCause" : "Causing" }, 
    "2667" : {"_type" : "PartsofCause",  "sofa" : 1,  "begin" : 76,  "end" : 90,  "PartsofCause" : "Argument" }, 
    "2167" : {"_type" : "PartsofCause",  "sofa" : 1,  "begin" : 126,  "end" : 172,  "PartsofCause" : "Argument" }, 
    "2141" : {"_type" : "PartsofCause",  "sofa" : 1,  "begin" : 173,  "end" : 180,  "PartsofCause" : "Causing" }, 
    "2154" : {"_type" : "PartsofCause",  "sofa" : 1,  "begin" : 181,  "end" : 213,  "PartsofCause" : "Argument" }, 
    "2227" : {"_type" : "PartsofCause",  "sofa" : 1,  "begin" : 300,  "end" : 320,  "PartsofCause" : "Argument" }, 
    "2214" : {"_type" : "PartsofCause",  "sofa" : 1,  "begin" : 291,  "end" : 299,  "PartsofCause" : "Causing" }, 
    "2240" : {"_type" : "PartsofCause",  "sofa" : 1,  "begin" : 321,  "end" : 337,  "PartsofCause" : "Argument" }, 
    "2395" : {"_type" : "PartsofCause",  "sofa" : 1,  "begin" : 340,  "end" : 353,  "PartsofCause" : "Argument" }, 
    "2369" : {"_type" : "PartsofCause",  "sofa" : 1,  "begin" : 354,  "end" : 360,  "PartsofCause" : "Causing" }, 
    "2478" : {"_type" : "PartsofCause",  "sofa" : 1,  "begin" : 340,  "end" : 353,  "PartsofCause" : "Argument" }, 
    "2491" : {"_type" : "PartsofCause",  "sofa" : 1,  "begin" : 391,  "end" : 398,  "PartsofCause" : "Causing" }, 
    "2450" : {"_type" : "PartsofCause",  "sofa" : 1,  "begin" : 361,  "end" : 386,  "PartsofCause" : "Argument" }, 
    "2504" : {"_type" : "PartsofCause",  "sofa" : 1,  "begin" : 399,  "end" : 496,  "PartsofCause" : "Argument" }, 
    "2283" : {"_type" : "PartsofCause",  "sofa" : 1,  "begin" : 427,  "end" : 472,  "PartsofCause" : "Argument" }, 
    "2296" : {"_type" : "PartsofCause",  "sofa" : 1,  "begin" : 473,  "end" : 475,  "PartsofCause" : "Causing" }, 
    "2309" : {"_type" : "PartsofCause",  "sofa" : 1,  "begin" : 476,  "end" : 496,  "PartsofCause" : "Argument" }, 
    "2573" : {"_type" : "PartsofCause",  "sofa" : 1,  "begin" : 580,  "end" : 618,  "PartsofCause" : "Argument" }, 
    "2547" : {"_type" : "PartsofCause",  "sofa" : 1,  "begin" : 621,  "end" : 623,  "PartsofCause" : "Enabling" }, 
    "2560" : {"_type" : "PartsofCause",  "sofa" : 1,  "begin" : 624,  "end" : 706,  "PartsofCause" : "Argument" }, 
    "2717" : {"_type" : "LayerDefinition",  "name" : "webanno.custom.PartsofCause",  "uiName" : "Parts of Cause" }, 
    "2724" : {"_type" : "LayerDefinition",  "name" : "webanno.custom.TypesofCause",  "uiName" : "Types of Cause" }, 
    "2706" : {"_type" : "LayerDefinition",  "name" : "webanno.custom.DisjointCausalSpans",  "uiName" : "Disjoint Causal Spans" } } }