{"_context" : {
    "_types" : {
      "DocumentMetaData" : {
        "_feature_types" : {"sofa" : "_ref" } }, 
      "FeatureDefinition" : {
        "_feature_types" : {"layer" : "_ref" } }, 
      "LayerDefinition" : { }, 
      "PartsofCause" : {
        "_feature_types" : {"sofa" : "_ref" } }, 
      "Sentence" : {
        "_feature_types" : {"sofa" : "_ref" } }, 
      "Sofa" : {
        "_feature_types" : {"sofaArray" : "_ref" } }, 
      "TagsetDescription" : {
        "_feature_types" : {"sofa" : "_ref",  "tags" : "_ref" } }, 
      "Token" : {
        "_feature_types" : {"sofa" : "_ref",  "parent" : "_ref",  "lemma" : "_ref",  "stem" : "_ref",  "pos" : "_ref",  "morph" : "_ref",  "form" : "_ref" } }, 
      "TypesofCause" : {
        "_feature_types" : {"sofa" : "_ref",  "Dependent" : "_ref",  "Governor" : "_ref" } }, 
      "DocumentAnnotation" : {
        "_feature_types" : {"sofa" : "_ref" }, 
        "_subtypes" : ["DocumentMetaData" ] }, 
      "Annotation" : {
        "_feature_types" : {"sofa" : "_ref" }, 
        "_subtypes" : ["DocumentAnnotation",  "PartsofCause",  "Sentence",  "TagsetDescription",  "Token",  "TypesofCause" ] }, 
      "AnnotationBase" : {
        "_feature_types" : {"sofa" : "_ref" }, 
        "_subtypes" : ["Annotation" ] }, 
      "TOP" : {
        "_subtypes" : ["AnnotationBase",  "FeatureDefinition",  "LayerDefinition",  "Sofa" ] } } }, 
  "_views" : {
    "_InitialView" : {
      "FeatureDefinition" : [
        {"layer" : 2784,  "name" : "referenceRelation",  "uiName" : "Reference Relation" }, 
        {"layer" : 2784,  "name" : "referenceType",  "uiName" : "Reference Type" }, 
        {"layer" : 2795,  "name" : "PartsofCause",  "uiName" : "Parts of Cause" }, 
        {"layer" : 2802,  "name" : "TypesofCause",  "uiName" : "Types of Cause" } ], 
      "LayerDefinition" : [2784,  2795,  2802 ], 
      "DocumentMetaData" : [
        {"sofa" : 1,  "end" : 926,  "language" : "x-unspecified",  "documentTitle" : "fable-47.txt",  "documentId" : "AYC",  "documentUri" : "file:/srv/inception/repository/project/2/document/2349/source/AYC",  "collectionId" : "file:/srv/inception/repository/project/2/document/2349/source/",  "documentBaseUri" : "file:/srv/inception/repository/project/2/document/2349/source/",  "isLastSegment" : false } ], 
      "TagsetDescription" : [
        {"sofa" : 1,  "layer" : "webanno.custom.PartsofCause",  "name" : "Parts of Cause",  "input" : false }, 
        {"sofa" : 1,  "layer" : "webanno.custom.TypesofCause",  "name" : "Causal Relations",  "input" : false } ], 
      "Sentence" : [
        {"sofa" : 1,  "end" : 67 }, 
        {"sofa" : 1,  "begin" : 68,  "end" : 235 }, 
        {"sofa" : 1,  "begin" : 236,  "end" : 436 }, 
        {"sofa" : 1,  "begin" : 437,  "end" : 543 }, 
        {"sofa" : 1,  "begin" : 544,  "end" : 739 }, 
        {"sofa" : 1,  "begin" : 740,  "end" : 765 }, 
        {"sofa" : 1,  "begin" : 766,  "end" : 876 }, 
        {"sofa" : 1,  "begin" : 877,  "end" : 926 } ], 
      "Token" : [
        {"sofa" : 1,  "end" : 1 }, 
        {"sofa" : 1,  "begin" : 2,  "end" : 7 }, 
        {"sofa" : 1,  "begin" : 8,  "end" : 11 }, 
        {"sofa" : 1,  "begin" : 12,  "end" : 16 }, 
        {"sofa" : 1,  "begin" : 17,  "end" : 24 }, 
        {"sofa" : 1,  "begin" : 25,  "end" : 30 }, 
        {"sofa" : 1,  "begin" : 31,  "end" : 37 }, 
        {"sofa" : 1,  "begin" : 38,  "end" : 39 }, 
        {"sofa" : 1,  "begin" : 40,  "end" : 45 }, 
        {"sofa" : 1,  "begin" : 46,  "end" : 49 }, 
        {"sofa" : 1,  "begin" : 50,  "end" : 55 }, 
        {"sofa" : 1,  "begin" : 56,  "end" : 60 }, 
        {"sofa" : 1,  "begin" : 61,  "end" : 65 }, 
        {"sofa" : 1,  "begin" : 66,  "end" : 67 }, 
        {"sofa" : 1,  "begin" : 68,  "end" : 71 }, 
        {"sofa" : 1,  "begin" : 72,  "end" : 78 }, 
        {"sofa" : 1,  "begin" : 79,  "end" : 82 }, 
        {"sofa" : 1,  "begin" : 83,  "end" : 89 }, 
        {"sofa" : 1,  "begin" : 90,  "end" : 91 }, 
        {"sofa" : 1,  "begin" : 92,  "end" : 95 }, 
        {"sofa" : 1,  "begin" : 96,  "end" : 99 }, 
        {"sofa" : 1,  "begin" : 100,  "end" : 105 }, 
        {"sofa" : 1,  "begin" : 106,  "end" : 110 }, 
        {"sofa" : 1,  "begin" : 111,  "end" : 117 }, 
        {"sofa" : 1,  "begin" : 118,  "end" : 120 }, 
        {"sofa" : 1,  "begin" : 121,  "end" : 123 }, 
        {"sofa" : 1,  "begin" : 124,  "end" : 125 }, 
        {"sofa" : 1,  "begin" : 126,  "end" : 131 }, 
        {"sofa" : 1,  "begin" : 132,  "end" : 136 }, 
        {"sofa" : 1,  "begin" : 137,  "end" : 138 }, 
        {"sofa" : 1,  "begin" : 139,  "end" : 147 }, 
        {"sofa" : 1,  "begin" : 148,  "end" : 150 }, 
        {"sofa" : 1,  "begin" : 151,  "end" : 154 }, 
        {"sofa" : 1,  "begin" : 155,  "end" : 161 }, 
        {"sofa" : 1,  "begin" : 162,  "end" : 165 }, 
        {"sofa" : 1,  "begin" : 166,  "end" : 173 }, 
        {"sofa" : 1,  "begin" : 174,  "end" : 179 }, 
        {"sofa" : 1,  "begin" : 180,  "end" : 184 }, 
        {"sofa" : 1,  "begin" : 185,  "end" : 186 }, 
        {"sofa" : 1,  "begin" : 187,  "end" : 191 }, 
        {"sofa" : 1,  "begin" : 192,  "end" : 194 }, 
        {"sofa" : 1,  "begin" : 195,  "end" : 202 }, 
        {"sofa" : 1,  "begin" : 203,  "end" : 206 }, 
        {"sofa" : 1,  "begin" : 207,  "end" : 217 }, 
        {"sofa" : 1,  "begin" : 218,  "end" : 221 }, 
        {"sofa" : 1,  "begin" : 222,  "end" : 226 }, 
        {"sofa" : 1,  "begin" : 227,  "end" : 233 }, 
        {"sofa" : 1,  "begin" : 234,  "end" : 235 }, 
        {"sofa" : 1,  "begin" : 236,  "end" : 239 }, 
        {"sofa" : 1,  "begin" : 240,  "end" : 246 }, 
        {"sofa" : 1,  "begin" : 247,  "end" : 251 }, 
        {"sofa" : 1,  "begin" : 252,  "end" : 254 }, 
        {"sofa" : 1,  "begin" : 255,  "end" : 260 }, 
        {"sofa" : 1,  "begin" : 261,  "end" : 264 }, 
        {"sofa" : 1,  "begin" : 265,  "end" : 268 }, 
        {"sofa" : 1,  "begin" : 269,  "end" : 276 }, 
        {"sofa" : 1,  "begin" : 277,  "end" : 280 }, 
        {"sofa" : 1,  "begin" : 281,  "end" : 286 }, 
        {"sofa" : 1,  "begin" : 287,  "end" : 289 }, 
        {"sofa" : 1,  "begin" : 290,  "end" : 294 }, 
        {"sofa" : 1,  "begin" : 295,  "end" : 299 }, 
        {"sofa" : 1,  "begin" : 300,  "end" : 303 }, 
        {"sofa" : 1,  "begin" : 304,  "end" : 309 }, 
        {"sofa" : 1,  "begin" : 310,  "end" : 311 }, 
        {"sofa" : 1,  "begin" : 312,  "end" : 321 }, 
        {"sofa" : 1,  "begin" : 322,  "end" : 326 }, 
        {"sofa" : 1,  "begin" : 327,  "end" : 331 }, 
        {"sofa" : 1,  "begin" : 332,  "end" : 335 }, 
        {"sofa" : 1,  "begin" : 336,  "end" : 343 }, 
        {"sofa" : 1,  "begin" : 344,  "end" : 351 }, 
        {"sofa" : 1,  "begin" : 352,  "end" : 354 }, 
        {"sofa" : 1,  "begin" : 355,  "end" : 358 }, 
        {"sofa" : 1,  "begin" : 359,  "end" : 363 }, 
        {"sofa" : 1,  "begin" : 364,  "end" : 365 }, 
        {"sofa" : 1,  "begin" : 366,  "end" : 369 }, 
        {"sofa" : 1,  "begin" : 370,  "end" : 373 }, 
        {"sofa" : 1,  "begin" : 374,  "end" : 383 }, 
        {"sofa" : 1,  "begin" : 384,  "end" : 386 }, 
        {"sofa" : 1,  "begin" : 387,  "end" : 392 }, 
        {"sofa" : 1,  "begin" : 393,  "end" : 399 }, 
        {"sofa" : 1,  "begin" : 400,  "end" : 402 }, 
        {"sofa" : 1,  "begin" : 403,  "end" : 410 }, 
        {"sofa" : 1,  "begin" : 411,  "end" : 416 }, 
        {"sofa" : 1,  "begin" : 417,  "end" : 419 }, 
        {"sofa" : 1,  "begin" : 420,  "end" : 423 }, 
        {"sofa" : 1,  "begin" : 424,  "end" : 434 }, 
        {"sofa" : 1,  "begin" : 435,  "end" : 436 }, 
        {"sofa" : 1,  "begin" : 437,  "end" : 438 }, 
        {"sofa" : 1,  "begin" : 439,  "end" : 442 }, 
        {"sofa" : 1,  "begin" : 443,  "end" : 444 }, 
        {"sofa" : 1,  "begin" : 445,  "end" : 446 }, 
        {"sofa" : 1,  "begin" : 447,  "end" : 451 }, 
        {"sofa" : 1,  "begin" : 452,  "end" : 455 }, 
        {"sofa" : 1,  "begin" : 456,  "end" : 461 }, 
        {"sofa" : 1,  "begin" : 462,  "end" : 463 }, 
        {"sofa" : 1,  "begin" : 464,  "end" : 465 }, 
        {"sofa" : 1,  "begin" : 466,  "end" : 469 }, 
        {"sofa" : 1,  "begin" : 470,  "end" : 474 }, 
        {"sofa" : 1,  "begin" : 475,  "end" : 479 }, 
        {"sofa" : 1,  "begin" : 480,  "end" : 484 }, 
        {"sofa" : 1,  "begin" : 485,  "end" : 490 }, 
        {"sofa" : 1,  "begin" : 491,  "end" : 493 }, 
        {"sofa" : 1,  "begin" : 494,  "end" : 501 }, 
        {"sofa" : 1,  "begin" : 502,  "end" : 504 }, 
        {"sofa" : 1,  "begin" : 505,  "end" : 509 }, 
        {"sofa" : 1,  "begin" : 510,  "end" : 517 }, 
        {"sofa" : 1,  "begin" : 518,  "end" : 522 }, 
        {"sofa" : 1,  "begin" : 523,  "end" : 524 }, 
        {"sofa" : 1,  "begin" : 525,  "end" : 529 }, 
        {"sofa" : 1,  "begin" : 530,  "end" : 534 }, 
        {"sofa" : 1,  "begin" : 535,  "end" : 539 }, 
        {"sofa" : 1,  "begin" : 540,  "end" : 541 }, 
        {"sofa" : 1,  "begin" : 542,  "end" : 543 }, 
        {"sofa" : 1,  "begin" : 544,  "end" : 545 }, 
        {"sofa" : 1,  "begin" : 546,  "end" : 550 }, 
        {"sofa" : 1,  "begin" : 551,  "end" : 553 }, 
        {"sofa" : 1,  "begin" : 554,  "end" : 558 }, 
        {"sofa" : 1,  "begin" : 559,  "end" : 560 }, 
        {"sofa" : 1,  "begin" : 561,  "end" : 562 }, 
        {"sofa" : 1,  "begin" : 563,  "end" : 567 }, 
        {"sofa" : 1,  "begin" : 568,  "end" : 571 }, 
        {"sofa" : 1,  "begin" : 572,  "end" : 576 }, 
        {"sofa" : 1,  "begin" : 577,  "end" : 578 }, 
        {"sofa" : 1,  "begin" : 579,  "end" : 580 }, 
        {"sofa" : 1,  "begin" : 581,  "end" : 584 }, 
        {"sofa" : 1,  "begin" : 585,  "end" : 590 }, 
        {"sofa" : 1,  "begin" : 591,  "end" : 594 }, 
        {"sofa" : 1,  "begin" : 595,  "end" : 599 }, 
        {"sofa" : 1,  "begin" : 600,  "end" : 607 }, 
        {"sofa" : 1,  "begin" : 608,  "end" : 611 }, 
        {"sofa" : 1,  "begin" : 612,  "end" : 619 }, 
        {"sofa" : 1,  "begin" : 620,  "end" : 624 }, 
        {"sofa" : 1,  "begin" : 625,  "end" : 626 }, 
        {"sofa" : 1,  "begin" : 627,  "end" : 631 }, 
        {"sofa" : 1,  "begin" : 632,  "end" : 639 }, 
        {"sofa" : 1,  "begin" : 640,  "end" : 641 }, 
        {"sofa" : 1,  "begin" : 642,  "end" : 645 }, 
        {"sofa" : 1,  "begin" : 646,  "end" : 650 }, 
        {"sofa" : 1,  "begin" : 651,  "end" : 659 }, 
        {"sofa" : 1,  "begin" : 660,  "end" : 665 }, 
        {"sofa" : 1,  "begin" : 666,  "end" : 669 }, 
        {"sofa" : 1,  "begin" : 670,  "end" : 678 }, 
        {"sofa" : 1,  "begin" : 679,  "end" : 684 }, 
        {"sofa" : 1,  "begin" : 685,  "end" : 686 }, 
        {"sofa" : 1,  "begin" : 687,  "end" : 690 }, 
        {"sofa" : 1,  "begin" : 691,  "end" : 694 }, 
        {"sofa" : 1,  "begin" : 695,  "end" : 697 }, 
        {"sofa" : 1,  "begin" : 698,  "end" : 701 }, 
        {"sofa" : 1,  "begin" : 702,  "end" : 706 }, 
        {"sofa" : 1,  "begin" : 707,  "end" : 711 }, 
        {"sofa" : 1,  "begin" : 712,  "end" : 716 }, 
        {"sofa" : 1,  "begin" : 717,  "end" : 718 }, 
        {"sofa" : 1,  "begin" : 719,  "end" : 722 }, 
        {"sofa" : 1,  "begin" : 723,  "end" : 727 }, 
        {"sofa" : 1,  "begin" : 728,  "end" : 733 }, 
        {"sofa" : 1,  "begin" : 734,  "end" : 737 }, 
        {"sofa" : 1,  "begin" : 738,  "end" : 739 }, 
        {"sofa" : 1,  "begin" : 740,  "end" : 747 }, 
        {"sofa" : 1,  "begin" : 748,  "end" : 751 }, 
        {"sofa" : 1,  "begin" : 752,  "end" : 760 }, 
        {"sofa" : 1,  "begin" : 761,  "end" : 763 }, 
        {"sofa" : 1,  "begin" : 764,  "end" : 765 }, 
        {"sofa" : 1,  "begin" : 766,  "end" : 769 }, 
        {"sofa" : 1,  "begin" : 770,  "end" : 774 }, 
        {"sofa" : 1,  "begin" : 775,  "end" : 779 }, 
        {"sofa" : 1,  "begin" : 780,  "end" : 784 }, 
        {"sofa" : 1,  "begin" : 785,  "end" : 787 }, 
        {"sofa" : 1,  "begin" : 788,  "end" : 791 }, 
        {"sofa" : 1,  "begin" : 792,  "end" : 794 }, 
        {"sofa" : 1,  "begin" : 795,  "end" : 798 }, 
        {"sofa" : 1,  "begin" : 799,  "end" : 804 }, 
        {"sofa" : 1,  "begin" : 805,  "end" : 806 }, 
        {"sofa" : 1,  "begin" : 807,  "end" : 810 }, 
        {"sofa" : 1,  "begin" : 811,  "end" : 816 }, 
        {"sofa" : 1,  "begin" : 817,  "end" : 823 }, 
        {"sofa" : 1,  "begin" : 824,  "end" : 826 }, 
        {"sofa" : 1,  "begin" : 827,  "end" : 832 }, 
        {"sofa" : 1,  "begin" : 833,  "end" : 835 }, 
        {"sofa" : 1,  "begin" : 836,  "end" : 840 }, 
        {"sofa" : 1,  "begin" : 841,  "end" : 843 }, 
        {"sofa" : 1,  "begin" : 844,  "end" : 849 }, 
        {"sofa" : 1,  "begin" : 850,  "end" : 854 }, 
        {"sofa" : 1,  "begin" : 855,  "end" : 859 }, 
        {"sofa" : 1,  "begin" : 860,  "end" : 865 }, 
        {"sofa" : 1,  "begin" : 866,  "end" : 868 }, 
        {"sofa" : 1,  "begin" : 869,  "end" : 874 }, 
        {"sofa" : 1,  "begin" : 875,  "end" : 876 }, 
        {"sofa" : 1,  "begin" : 877,  "end" : 879 }, 
        {"sofa" : 1,  "begin" : 880,  "end" : 882 }, 
        {"sofa" : 1,  "begin" : 883,  "end" : 887 }, 
        {"sofa" : 1,  "begin" : 888,  "end" : 891 }, 
        {"sofa" : 1,  "begin" : 892,  "end" : 895 }, 
        {"sofa" : 1,  "begin" : 896,  "end" : 904 }, 
        {"sofa" : 1,  "begin" : 905,  "end" : 907 }, 
        {"sofa" : 1,  "begin" : 908,  "end" : 911 }, 
        {"sofa" : 1,  "begin" : 912,  "end" : 916 }, 
        {"sofa" : 1,  "begin" : 917,  "end" : 922 }, 
        {"sofa" : 1,  "begin" : 923,  "end" : 924 }, 
        {"sofa" : 1,  "begin" : 925,  "end" : 926 } ], 
      "PartsofCause" : [2650,  2663,  2676,  2719,  2732,  2745 ], 
      "TypesofCause" : [
        {"sofa" : 1,  "begin" : 236,  "end" : 294,  "Dependent" : 2650,  "Governor" : 2663,  "TypesofCause" : "Cause" }, 
        {"sofa" : 1,  "begin" : 300,  "end" : 434,  "Dependent" : 2676,  "Governor" : 2663,  "TypesofCause" : "Effect" }, 
        {"sofa" : 1,  "begin" : 775,  "end" : 804,  "Dependent" : 2732,  "Governor" : 2719,  "TypesofCause" : "Cause" }, 
        {"sofa" : 1,  "begin" : 807,  "end" : 874,  "Dependent" : 2745,  "Governor" : 2719,  "TypesofCause" : "Effect" } ] } }, 
  "_referenced_fss" : {
    "1" : {"_type" : "Sofa",  "sofaNum" : 1,  "sofaID" : "_InitialView",  "mimeType" : "text",  "sofaString" : "A GOURD was once planted close beside a large and noble Pine Tree .\nThe season was kindly , and the Gourd shot itself up in a short time , climbing by the boughs and twining about them , till it covered and overtopped the Tree itself .\nThe leaves were so large and the flowers and fruit so fair that the Gourd , comparing them with the slender needles of the Pine , had the assurance to think itself of greater value in the comparison .\n“ Why , ” said the Gourd , “ you have been more years in growing to this stature than I have been days . ”\n“ That is true , ” said the Pine ; “ but after the many winters and summers that I have endured , the many blasting colds and parching heats , you see me the very same that I was long years ago .\nNothing has overcome me .\nBut when your race is put to the proof , the first blight or frost is sure to bring down that pride of yours .\nIn an hour you are stripped of all your glory . ”" }, 
    "2650" : {"_type" : "PartsofCause",  "sofa" : 1,  "begin" : 236,  "end" : 294,  "PartsofCause" : "Argument" }, 
    "2663" : {"_type" : "PartsofCause",  "sofa" : 1,  "begin" : 295,  "end" : 299,  "PartsofCause" : "Causing" }, 
    "2676" : {"_type" : "PartsofCause",  "sofa" : 1,  "begin" : 300,  "end" : 434,  "PartsofCause" : "Argument" }, 
    "2732" : {"_type" : "PartsofCause",  "sofa" : 1,  "begin" : 775,  "end" : 804,  "PartsofCause" : "Argument" }, 
    "2719" : {"_type" : "PartsofCause",  "sofa" : 1,  "begin" : 770,  "end" : 774,  "PartsofCause" : "Causing" }, 
    "2745" : {"_type" : "PartsofCause",  "sofa" : 1,  "begin" : 807,  "end" : 874,  "PartsofCause" : "Argument" }, 
    "2784" : {"_type" : "LayerDefinition",  "name" : "webanno.custom.DisjointCausalSpans",  "uiName" : "Disjoint Causal Spans" }, 
    "2795" : {"_type" : "LayerDefinition",  "name" : "webanno.custom.PartsofCause",  "uiName" : "Parts of Cause" }, 
    "2802" : {"_type" : "LayerDefinition",  "name" : "webanno.custom.TypesofCause",  "uiName" : "Types of Cause" } } }