{"_context" : {
    "_types" : {
      "DocumentMetaData" : {
        "_feature_types" : {"sofa" : "_ref" } }, 
      "FeatureDefinition" : {
        "_feature_types" : {"layer" : "_ref" } }, 
      "LayerDefinition" : { }, 
      "PartsofCause" : {
        "_feature_types" : {"sofa" : "_ref" } }, 
      "Sentence" : {
        "_feature_types" : {"sofa" : "_ref" } }, 
      "Sofa" : {
        "_feature_types" : {"sofaArray" : "_ref" } }, 
      "TagsetDescription" : {
        "_feature_types" : {"sofa" : "_ref",  "tags" : "_ref" } }, 
      "Token" : {
        "_feature_types" : {"sofa" : "_ref",  "parent" : "_ref",  "lemma" : "_ref",  "stem" : "_ref",  "pos" : "_ref",  "morph" : "_ref",  "form" : "_ref" } }, 
      "TypesofCause" : {
        "_feature_types" : {"sofa" : "_ref",  "Dependent" : "_ref",  "Governor" : "_ref" } }, 
      "DocumentAnnotation" : {
        "_feature_types" : {"sofa" : "_ref" }, 
        "_subtypes" : ["DocumentMetaData" ] }, 
      "Annotation" : {
        "_feature_types" : {"sofa" : "_ref" }, 
        "_subtypes" : ["DocumentAnnotation",  "PartsofCause",  "Sentence",  "TagsetDescription",  "Token",  "TypesofCause" ] }, 
      "AnnotationBase" : {
        "_feature_types" : {"sofa" : "_ref" }, 
        "_subtypes" : ["Annotation" ] }, 
      "TOP" : {
        "_subtypes" : ["AnnotationBase",  "FeatureDefinition",  "LayerDefinition",  "Sofa" ] } } }, 
  "_views" : {
    "_InitialView" : {
      "FeatureDefinition" : [
        {"layer" : 2472,  "name" : "referenceRelation",  "uiName" : "Reference Relation" }, 
        {"layer" : 2472,  "name" : "referenceType",  "uiName" : "Reference Type" }, 
        {"layer" : 2483,  "name" : "PartsofCause",  "uiName" : "Parts of Cause" }, 
        {"layer" : 2490,  "name" : "TypesofCause",  "uiName" : "Types of Cause" } ], 
      "LayerDefinition" : [2472,  2483,  2490 ], 
      "DocumentMetaData" : [
        {"sofa" : 1,  "end" : 909,  "language" : "x-unspecified",  "documentTitle" : "cnn-14.txt",  "documentId" : "GJW",  "documentUri" : "file:/srv/inception/repository/project/2/document/2366/source/GJW",  "collectionId" : "file:/srv/inception/repository/project/2/document/2366/source/",  "documentBaseUri" : "file:/srv/inception/repository/project/2/document/2366/source/",  "isLastSegment" : false } ], 
      "TagsetDescription" : [
        {"sofa" : 1,  "layer" : "webanno.custom.PartsofCause",  "name" : "Parts of Cause",  "input" : false }, 
        {"sofa" : 1,  "layer" : "webanno.custom.TypesofCause",  "name" : "Causal Relations",  "input" : false } ], 
      "Sentence" : [
        {"sofa" : 1,  "end" : 141 }, 
        {"sofa" : 1,  "begin" : 142,  "end" : 172 }, 
        {"sofa" : 1,  "begin" : 173,  "end" : 325 }, 
        {"sofa" : 1,  "begin" : 326,  "end" : 419 }, 
        {"sofa" : 1,  "begin" : 420,  "end" : 576 }, 
        {"sofa" : 1,  "begin" : 577,  "end" : 663 }, 
        {"sofa" : 1,  "begin" : 664,  "end" : 749 }, 
        {"sofa" : 1,  "begin" : 750,  "end" : 857 }, 
        {"sofa" : 1,  "begin" : 858,  "end" : 909 } ], 
      "Token" : [
        {"sofa" : 1,  "end" : 3 }, 
        {"sofa" : 1,  "begin" : 4,  "end" : 7 }, 
        {"sofa" : 1,  "begin" : 8,  "end" : 12 }, 
        {"sofa" : 1,  "begin" : 13,  "end" : 16 }, 
        {"sofa" : 1,  "begin" : 17,  "end" : 25 }, 
        {"sofa" : 1,  "begin" : 26,  "end" : 30 }, 
        {"sofa" : 1,  "begin" : 31,  "end" : 40 }, 
        {"sofa" : 1,  "begin" : 41,  "end" : 43 }, 
        {"sofa" : 1,  "begin" : 44,  "end" : 52 }, 
        {"sofa" : 1,  "begin" : 53,  "end" : 55 }, 
        {"sofa" : 1,  "begin" : 56,  "end" : 62 }, 
        {"sofa" : 1,  "begin" : 63,  "end" : 72 }, 
        {"sofa" : 1,  "begin" : 73,  "end" : 77 }, 
        {"sofa" : 1,  "begin" : 78,  "end" : 87 }, 
        {"sofa" : 1,  "begin" : 88,  "end" : 91 }, 
        {"sofa" : 1,  "begin" : 92,  "end" : 100 }, 
        {"sofa" : 1,  "begin" : 101,  "end" : 103 }, 
        {"sofa" : 1,  "begin" : 104,  "end" : 110 }, 
        {"sofa" : 1,  "begin" : 111,  "end" : 112 }, 
        {"sofa" : 1,  "begin" : 113,  "end" : 124 }, 
        {"sofa" : 1,  "begin" : 125,  "end" : 129 }, 
        {"sofa" : 1,  "begin" : 130,  "end" : 134 }, 
        {"sofa" : 1,  "begin" : 135,  "end" : 139 }, 
        {"sofa" : 1,  "begin" : 140,  "end" : 141 }, 
        {"sofa" : 1,  "begin" : 142,  "end" : 145 }, 
        {"sofa" : 1,  "begin" : 146,  "end" : 152 }, 
        {"sofa" : 1,  "begin" : 153,  "end" : 159 }, 
        {"sofa" : 1,  "begin" : 160,  "end" : 162 }, 
        {"sofa" : 1,  "begin" : 163,  "end" : 170 }, 
        {"sofa" : 1,  "begin" : 171,  "end" : 172 }, 
        {"sofa" : 1,  "begin" : 173,  "end" : 176 }, 
        {"sofa" : 1,  "begin" : 177,  "end" : 180 }, 
        {"sofa" : 1,  "begin" : 181,  "end" : 185 }, 
        {"sofa" : 1,  "begin" : 186,  "end" : 195 }, 
        {"sofa" : 1,  "begin" : 196,  "end" : 198 }, 
        {"sofa" : 1,  "begin" : 199,  "end" : 202 }, 
        {"sofa" : 1,  "begin" : 203,  "end" : 211 }, 
        {"sofa" : 1,  "begin" : 212,  "end" : 219 }, 
        {"sofa" : 1,  "begin" : 220,  "end" : 223 }, 
        {"sofa" : 1,  "begin" : 224,  "end" : 230 }, 
        {"sofa" : 1,  "begin" : 231,  "end" : 235 }, 
        {"sofa" : 1,  "begin" : 236,  "end" : 242 }, 
        {"sofa" : 1,  "begin" : 243,  "end" : 249 }, 
        {"sofa" : 1,  "begin" : 250,  "end" : 253 }, 
        {"sofa" : 1,  "begin" : 254,  "end" : 259 }, 
        {"sofa" : 1,  "begin" : 260,  "end" : 263 }, 
        {"sofa" : 1,  "begin" : 264,  "end" : 265 }, 
        {"sofa" : 1,  "begin" : 266,  "end" : 270 }, 
        {"sofa" : 1,  "begin" : 271,  "end" : 282 }, 
        {"sofa" : 1,  "begin" : 283,  "end" : 288 }, 
        {"sofa" : 1,  "begin" : 289,  "end" : 290 }, 
        {"sofa" : 1,  "begin" : 291,  "end" : 294 }, 
        {"sofa" : 1,  "begin" : 295,  "end" : 299 }, 
        {"sofa" : 1,  "begin" : 300,  "end" : 302 }, 
        {"sofa" : 1,  "begin" : 303,  "end" : 317 }, 
        {"sofa" : 1,  "begin" : 318,  "end" : 323 }, 
        {"sofa" : 1,  "begin" : 324,  "end" : 325 }, 
        {"sofa" : 1,  "begin" : 326,  "end" : 330 }, 
        {"sofa" : 1,  "begin" : 331,  "end" : 335 }, 
        {"sofa" : 1,  "begin" : 336,  "end" : 342 }, 
        {"sofa" : 1,  "begin" : 343,  "end" : 347 }, 
        {"sofa" : 1,  "begin" : 348,  "end" : 353 }, 
        {"sofa" : 1,  "begin" : 354,  "end" : 360 }, 
        {"sofa" : 1,  "begin" : 361,  "end" : 368 }, 
        {"sofa" : 1,  "begin" : 369,  "end" : 373 }, 
        {"sofa" : 1,  "begin" : 374,  "end" : 380 }, 
        {"sofa" : 1,  "begin" : 381,  "end" : 383 }, 
        {"sofa" : 1,  "begin" : 384,  "end" : 387 }, 
        {"sofa" : 1,  "begin" : 388,  "end" : 393 }, 
        {"sofa" : 1,  "begin" : 394,  "end" : 400 }, 
        {"sofa" : 1,  "begin" : 401,  "end" : 402 }, 
        {"sofa" : 1,  "begin" : 403,  "end" : 412 }, 
        {"sofa" : 1,  "begin" : 413,  "end" : 417 }, 
        {"sofa" : 1,  "begin" : 418,  "end" : 419 }, 
        {"sofa" : 1,  "begin" : 420,  "end" : 422 }, 
        {"sofa" : 1,  "begin" : 423,  "end" : 426 }, 
        {"sofa" : 1,  "begin" : 427,  "end" : 431 }, 
        {"sofa" : 1,  "begin" : 432,  "end" : 434 }, 
        {"sofa" : 1,  "begin" : 435,  "end" : 438 }, 
        {"sofa" : 1,  "begin" : 439,  "end" : 441 }, 
        {"sofa" : 1,  "begin" : 442,  "end" : 445 }, 
        {"sofa" : 1,  "begin" : 446,  "end" : 454 }, 
        {"sofa" : 1,  "begin" : 455,  "end" : 458 }, 
        {"sofa" : 1,  "begin" : 459,  "end" : 460 }, 
        {"sofa" : 1,  "begin" : 461,  "end" : 467 }, 
        {"sofa" : 1,  "begin" : 468,  "end" : 473 }, 
        {"sofa" : 1,  "begin" : 474,  "end" : 475 }, 
        {"sofa" : 1,  "begin" : 476,  "end" : 479 }, 
        {"sofa" : 1,  "begin" : 480,  "end" : 490 }, 
        {"sofa" : 1,  "begin" : 491,  "end" : 494 }, 
        {"sofa" : 1,  "begin" : 495,  "end" : 503 }, 
        {"sofa" : 1,  "begin" : 504,  "end" : 506 }, 
        {"sofa" : 1,  "begin" : 507,  "end" : 514 }, 
        {"sofa" : 1,  "begin" : 515,  "end" : 521 }, 
        {"sofa" : 1,  "begin" : 522,  "end" : 523 }, 
        {"sofa" : 1,  "begin" : 524,  "end" : 527 }, 
        {"sofa" : 1,  "begin" : 528,  "end" : 540 }, 
        {"sofa" : 1,  "begin" : 541,  "end" : 551 }, 
        {"sofa" : 1,  "begin" : 552,  "end" : 557 }, 
        {"sofa" : 1,  "begin" : 558,  "end" : 560 }, 
        {"sofa" : 1,  "begin" : 561,  "end" : 569 }, 
        {"sofa" : 1,  "begin" : 570,  "end" : 574 }, 
        {"sofa" : 1,  "begin" : 575,  "end" : 576 }, 
        {"sofa" : 1,  "begin" : 577,  "end" : 583 }, 
        {"sofa" : 1,  "begin" : 584,  "end" : 590 }, 
        {"sofa" : 1,  "begin" : 591,  "end" : 593 }, 
        {"sofa" : 1,  "begin" : 594,  "end" : 597 }, 
        {"sofa" : 1,  "begin" : 598,  "end" : 600 }, 
        {"sofa" : 1,  "begin" : 601,  "end" : 606 }, 
        {"sofa" : 1,  "begin" : 607,  "end" : 621 }, 
        {"sofa" : 1,  "begin" : 622,  "end" : 628 }, 
        {"sofa" : 1,  "begin" : 629,  "end" : 637 }, 
        {"sofa" : 1,  "begin" : 638,  "end" : 643 }, 
        {"sofa" : 1,  "begin" : 644,  "end" : 647 }, 
        {"sofa" : 1,  "begin" : 648,  "end" : 654 }, 
        {"sofa" : 1,  "begin" : 655,  "end" : 661 }, 
        {"sofa" : 1,  "begin" : 662,  "end" : 663 }, 
        {"sofa" : 1,  "begin" : 664,  "end" : 669 }, 
        {"sofa" : 1,  "begin" : 670,  "end" : 674 }, 
        {"sofa" : 1,  "begin" : 675,  "end" : 680 }, 
        {"sofa" : 1,  "begin" : 681,  "end" : 683 }, 
        {"sofa" : 1,  "begin" : 684,  "end" : 687 }, 
        {"sofa" : 1,  "begin" : 688,  "end" : 692 }, 
        {"sofa" : 1,  "begin" : 693,  "end" : 696 }, 
        {"sofa" : 1,  "begin" : 697,  "end" : 706 }, 
        {"sofa" : 1,  "begin" : 707,  "end" : 708 }, 
        {"sofa" : 1,  "begin" : 709,  "end" : 716 }, 
        {"sofa" : 1,  "begin" : 717,  "end" : 727 }, 
        {"sofa" : 1,  "begin" : 728,  "end" : 731 }, 
        {"sofa" : 1,  "begin" : 732,  "end" : 741 }, 
        {"sofa" : 1,  "begin" : 742,  "end" : 747 }, 
        {"sofa" : 1,  "begin" : 748,  "end" : 749 }, 
        {"sofa" : 1,  "begin" : 750,  "end" : 752 }, 
        {"sofa" : 1,  "begin" : 753,  "end" : 756 }, 
        {"sofa" : 1,  "begin" : 757,  "end" : 761 }, 
        {"sofa" : 1,  "begin" : 762,  "end" : 765 }, 
        {"sofa" : 1,  "begin" : 766,  "end" : 770 }, 
        {"sofa" : 1,  "begin" : 771,  "end" : 783 }, 
        {"sofa" : 1,  "begin" : 784,  "end" : 789 }, 
        {"sofa" : 1,  "begin" : 790,  "end" : 793 }, 
        {"sofa" : 1,  "begin" : 794,  "end" : 803 }, 
        {"sofa" : 1,  "begin" : 804,  "end" : 806 }, 
        {"sofa" : 1,  "begin" : 807,  "end" : 814 }, 
        {"sofa" : 1,  "begin" : 815,  "end" : 824 }, 
        {"sofa" : 1,  "begin" : 825,  "end" : 826 }, 
        {"sofa" : 1,  "begin" : 827,  "end" : 829 }, 
        {"sofa" : 1,  "begin" : 830,  "end" : 833 }, 
        {"sofa" : 1,  "begin" : 834,  "end" : 842 }, 
        {"sofa" : 1,  "begin" : 843,  "end" : 845 }, 
        {"sofa" : 1,  "begin" : 846,  "end" : 849 }, 
        {"sofa" : 1,  "begin" : 850,  "end" : 855 }, 
        {"sofa" : 1,  "begin" : 856,  "end" : 857 }, 
        {"sofa" : 1,  "begin" : 858,  "end" : 868 }, 
        {"sofa" : 1,  "begin" : 869,  "end" : 874 }, 
        {"sofa" : 1,  "begin" : 875,  "end" : 880 }, 
        {"sofa" : 1,  "begin" : 881,  "end" : 892 }, 
        {"sofa" : 1,  "begin" : 893,  "end" : 895 }, 
        {"sofa" : 1,  "begin" : 896,  "end" : 900 }, 
        {"sofa" : 1,  "begin" : 901,  "end" : 907 }, 
        {"sofa" : 1,  "begin" : 908,  "end" : 909 } ], 
      "PartsofCause" : [2166,  2148,  2157,  2225,  2238,  2262,  2298,  2307,  2324,  2391,  2400,  2409 ], 
      "TypesofCause" : [
        {"sofa" : 1,  "begin" : 173,  "end" : 219,  "Dependent" : 2166,  "Governor" : 2148,  "TypesofCause" : "Cause" }, 
        {"sofa" : 1,  "begin" : 224,  "end" : 230,  "Dependent" : 2157,  "Governor" : 2148,  "TypesofCause" : "Effect" }, 
        {"sofa" : 1,  "begin" : 326,  "end" : 342,  "Dependent" : 2225,  "Governor" : 2238,  "TypesofCause" : "Effect" }, 
        {"sofa" : 1,  "begin" : 348,  "end" : 400,  "Dependent" : 2262,  "Governor" : 2238,  "TypesofCause" : "Cause" }, 
        {"sofa" : 1,  "begin" : 753,  "end" : 824,  "Dependent" : 2307,  "Governor" : 2298,  "TypesofCause" : "Cause" }, 
        {"sofa" : 1,  "begin" : 827,  "end" : 855,  "Dependent" : 2324,  "Governor" : 2298,  "TypesofCause" : "Effect" }, 
        {"sofa" : 1,  "begin" : 858,  "end" : 880,  "Dependent" : 2391,  "Governor" : 2400,  "TypesofCause" : "Cause" }, 
        {"sofa" : 1,  "begin" : 896,  "end" : 907,  "Dependent" : 2409,  "Governor" : 2400,  "TypesofCause" : "Effect" } ] } }, 
  "_referenced_fss" : {
    "1" : {"_type" : "Sofa",  "sofaNum" : 1,  "sofaID" : "_InitialView",  "mimeType" : "text",  "sofaString" : "Two men from the minority Sikh community in Pakistan 's tribal northwest were kidnapped and beheaded on Sunday , authorities said this week .\nTwo others remain in custody .\nThe men were kidnapped by the Pakistan Taliban for ransom from Khyber Agency two weeks ago , said Shafirullah Wazir , the area 's administrative chief .\nThey were killed when their family members were unable to pay their ransom , officials said .\nIn the case of one of the abducted men , Jaspal Singh , the kidnappers had demanded 20 million rupees , the semiofficial Associated Press of Pakistan said .\nKhyber Agency is one of seven semiautonomous tribal agencies along the Afghan border .\nSikhs have lived in the area for centuries , running businesses and operating farms .\nAs the area has come increasingly under the influence of Islamic militants , so has pressure on the Sikhs .\nJournalist Nasir Dawar contributed to this report ." }, 
    "2166" : {"_type" : "PartsofCause",  "sofa" : 1,  "begin" : 173,  "end" : 219,  "PartsofCause" : "Argument" }, 
    "2148" : {"_type" : "PartsofCause",  "sofa" : 1,  "begin" : 220,  "end" : 223,  "PartsofCause" : "Causing" }, 
    "2157" : {"_type" : "PartsofCause",  "sofa" : 1,  "begin" : 224,  "end" : 230,  "PartsofCause" : "Argument" }, 
    "2225" : {"_type" : "PartsofCause",  "sofa" : 1,  "begin" : 326,  "end" : 342,  "PartsofCause" : "Argument" }, 
    "2238" : {"_type" : "PartsofCause",  "sofa" : 1,  "begin" : 343,  "end" : 347,  "PartsofCause" : "Causing" }, 
    "2262" : {"_type" : "PartsofCause",  "sofa" : 1,  "begin" : 348,  "end" : 400,  "PartsofCause" : "Argument" }, 
    "2307" : {"_type" : "PartsofCause",  "sofa" : 1,  "begin" : 753,  "end" : 824,  "PartsofCause" : "Argument" }, 
    "2298" : {"_type" : "PartsofCause",  "sofa" : 1,  "begin" : 750,  "end" : 752,  "PartsofCause" : "Causing" }, 
    "2324" : {"_type" : "PartsofCause",  "sofa" : 1,  "begin" : 827,  "end" : 855,  "PartsofCause" : "Argument" }, 
    "2391" : {"_type" : "PartsofCause",  "sofa" : 1,  "begin" : 858,  "end" : 880,  "PartsofCause" : "Argument" }, 
    "2400" : {"_type" : "PartsofCause",  "sofa" : 1,  "begin" : 881,  "end" : 895,  "PartsofCause" : "Enabling" }, 
    "2409" : {"_type" : "PartsofCause",  "sofa" : 1,  "begin" : 896,  "end" : 907,  "PartsofCause" : "Argument" }, 
    "2483" : {"_type" : "LayerDefinition",  "name" : "webanno.custom.PartsofCause",  "uiName" : "Parts of Cause" }, 
    "2472" : {"_type" : "LayerDefinition",  "name" : "webanno.custom.DisjointCausalSpans",  "uiName" : "Disjoint Causal Spans" }, 
    "2490" : {"_type" : "LayerDefinition",  "name" : "webanno.custom.TypesofCause",  "uiName" : "Types of Cause" } } }