{"_context" : {
    "_types" : {
      "DocumentMetaData" : {
        "_feature_types" : {"sofa" : "_ref" } }, 
      "FeatureDefinition" : {
        "_feature_types" : {"layer" : "_ref" } }, 
      "LayerDefinition" : { }, 
      "PartsofCause" : {
        "_feature_types" : {"sofa" : "_ref" } }, 
      "Sentence" : {
        "_feature_types" : {"sofa" : "_ref" } }, 
      "Sofa" : {
        "_feature_types" : {"sofaArray" : "_ref" } }, 
      "TagsetDescription" : {
        "_feature_types" : {"sofa" : "_ref",  "tags" : "_ref" } }, 
      "Token" : {
        "_feature_types" : {"sofa" : "_ref",  "parent" : "_ref",  "lemma" : "_ref",  "stem" : "_ref",  "pos" : "_ref",  "morph" : "_ref",  "form" : "_ref" } }, 
      "TypesofCause" : {
        "_feature_types" : {"sofa" : "_ref",  "Dependent" : "_ref",  "Governor" : "_ref" } }, 
      "DocumentAnnotation" : {
        "_feature_types" : {"sofa" : "_ref" }, 
        "_subtypes" : ["DocumentMetaData" ] }, 
      "Annotation" : {
        "_feature_types" : {"sofa" : "_ref" }, 
        "_subtypes" : ["DocumentAnnotation",  "PartsofCause",  "Sentence",  "TagsetDescription",  "Token",  "TypesofCause" ] }, 
      "AnnotationBase" : {
        "_feature_types" : {"sofa" : "_ref" }, 
        "_subtypes" : ["Annotation" ] }, 
      "TOP" : {
        "_subtypes" : ["AnnotationBase",  "FeatureDefinition",  "LayerDefinition",  "Sofa" ] } } }, 
  "_views" : {
    "_InitialView" : {
      "FeatureDefinition" : [
        {"layer" : 2560,  "name" : "referenceRelation",  "uiName" : "Reference Relation" }, 
        {"layer" : 2560,  "name" : "referenceType",  "uiName" : "Reference Type" }, 
        {"layer" : 2571,  "name" : "PartsofCause",  "uiName" : "Parts of Cause" }, 
        {"layer" : 2578,  "name" : "TypesofCause",  "uiName" : "Types of Cause" } ], 
      "LayerDefinition" : [2560,  2571,  2578 ], 
      "DocumentMetaData" : [
        {"sofa" : 1,  "end" : 982,  "language" : "x-unspecified",  "documentTitle" : "cnn-20.txt",  "documentId" : "AYC",  "documentUri" : "file:/srv/inception/repository/project/2/document/2372/source/AYC",  "collectionId" : "file:/srv/inception/repository/project/2/document/2372/source/",  "documentBaseUri" : "file:/srv/inception/repository/project/2/document/2372/source/",  "isLastSegment" : false } ], 
      "TagsetDescription" : [
        {"sofa" : 1,  "layer" : "webanno.custom.PartsofCause",  "name" : "Parts of Cause",  "input" : false }, 
        {"sofa" : 1,  "layer" : "webanno.custom.TypesofCause",  "name" : "Causal Relations",  "input" : false } ], 
      "Sentence" : [
        {"sofa" : 1,  "end" : 173 }, 
        {"sofa" : 1,  "begin" : 174,  "end" : 262 }, 
        {"sofa" : 1,  "begin" : 263,  "end" : 423 }, 
        {"sofa" : 1,  "begin" : 424,  "end" : 508 }, 
        {"sofa" : 1,  "begin" : 509,  "end" : 649 }, 
        {"sofa" : 1,  "begin" : 650,  "end" : 845 }, 
        {"sofa" : 1,  "begin" : 846,  "end" : 982 } ], 
      "Token" : [
        {"sofa" : 1,  "end" : 8 }, 
        {"sofa" : 1,  "begin" : 9,  "end" : 18 }, 
        {"sofa" : 1,  "begin" : 19,  "end" : 22 }, 
        {"sofa" : 1,  "begin" : 23,  "end" : 30 }, 
        {"sofa" : 1,  "begin" : 31,  "end" : 33 }, 
        {"sofa" : 1,  "begin" : 34,  "end" : 40 }, 
        {"sofa" : 1,  "begin" : 41,  "end" : 48 }, 
        {"sofa" : 1,  "begin" : 49,  "end" : 51 }, 
        {"sofa" : 1,  "begin" : 52,  "end" : 60 }, 
        {"sofa" : 1,  "begin" : 61,  "end" : 64 }, 
        {"sofa" : 1,  "begin" : 65,  "end" : 71 }, 
        {"sofa" : 1,  "begin" : 72,  "end" : 78 }, 
        {"sofa" : 1,  "begin" : 79,  "end" : 84 }, 
        {"sofa" : 1,  "begin" : 85,  "end" : 91 }, 
        {"sofa" : 1,  "begin" : 92,  "end" : 93 }, 
        {"sofa" : 1,  "begin" : 94,  "end" : 98 }, 
        {"sofa" : 1,  "begin" : 99,  "end" : 107 }, 
        {"sofa" : 1,  "begin" : 108,  "end" : 110 }, 
        {"sofa" : 1,  "begin" : 111,  "end" : 120 }, 
        {"sofa" : 1,  "begin" : 121,  "end" : 124 }, 
        {"sofa" : 1,  "begin" : 125,  "end" : 135 }, 
        {"sofa" : 1,  "begin" : 136,  "end" : 137 }, 
        {"sofa" : 1,  "begin" : 138,  "end" : 141 }, 
        {"sofa" : 1,  "begin" : 142,  "end" : 148 }, 
        {"sofa" : 1,  "begin" : 149,  "end" : 151 }, 
        {"sofa" : 1,  "begin" : 152,  "end" : 154 }, 
        {"sofa" : 1,  "begin" : 155,  "end" : 158 }, 
        {"sofa" : 1,  "begin" : 159,  "end" : 161 }, 
        {"sofa" : 1,  "begin" : 162,  "end" : 171 }, 
        {"sofa" : 1,  "begin" : 172,  "end" : 173 }, 
        {"sofa" : 1,  "begin" : 174,  "end" : 177 }, 
        {"sofa" : 1,  "begin" : 178,  "end" : 185 }, 
        {"sofa" : 1,  "begin" : 186,  "end" : 188 }, 
        {"sofa" : 1,  "begin" : 189,  "end" : 195 }, 
        {"sofa" : 1,  "begin" : 196,  "end" : 202 }, 
        {"sofa" : 1,  "begin" : 203,  "end" : 205 }, 
        {"sofa" : 1,  "begin" : 206,  "end" : 209 }, 
        {"sofa" : 1,  "begin" : 210,  "end" : 222 }, 
        {"sofa" : 1,  "begin" : 223,  "end" : 229 }, 
        {"sofa" : 1,  "begin" : 230,  "end" : 232 }, 
        {"sofa" : 1,  "begin" : 233,  "end" : 240 }, 
        {"sofa" : 1,  "begin" : 241,  "end" : 243 }, 
        {"sofa" : 1,  "begin" : 244,  "end" : 251 }, 
        {"sofa" : 1,  "begin" : 252,  "end" : 253 }, 
        {"sofa" : 1,  "begin" : 254,  "end" : 256 }, 
        {"sofa" : 1,  "begin" : 257,  "end" : 260 }, 
        {"sofa" : 1,  "begin" : 261,  "end" : 262 }, 
        {"sofa" : 1,  "begin" : 263,  "end" : 270 }, 
        {"sofa" : 1,  "begin" : 271,  "end" : 272 }, 
        {"sofa" : 1,  "begin" : 273,  "end" : 279 }, 
        {"sofa" : 1,  "begin" : 280,  "end" : 281 }, 
        {"sofa" : 1,  "begin" : 282,  "end" : 291 }, 
        {"sofa" : 1,  "begin" : 292,  "end" : 294 }, 
        {"sofa" : 1,  "begin" : 295,  "end" : 296 }, 
        {"sofa" : 1,  "begin" : 297,  "end" : 302 }, 
        {"sofa" : 1,  "begin" : 303,  "end" : 304 }, 
        {"sofa" : 1,  "begin" : 305,  "end" : 308 }, 
        {"sofa" : 1,  "begin" : 309,  "end" : 316 }, 
        {"sofa" : 1,  "begin" : 317,  "end" : 318 }, 
        {"sofa" : 1,  "begin" : 319,  "end" : 322 }, 
        {"sofa" : 1,  "begin" : 323,  "end" : 326 }, 
        {"sofa" : 1,  "begin" : 327,  "end" : 332 }, 
        {"sofa" : 1,  "begin" : 333,  "end" : 339 }, 
        {"sofa" : 1,  "begin" : 340,  "end" : 347 }, 
        {"sofa" : 1,  "begin" : 348,  "end" : 350 }, 
        {"sofa" : 1,  "begin" : 351,  "end" : 354 }, 
        {"sofa" : 1,  "begin" : 355,  "end" : 361 }, 
        {"sofa" : 1,  "begin" : 362,  "end" : 367 }, 
        {"sofa" : 1,  "begin" : 368,  "end" : 376 }, 
        {"sofa" : 1,  "begin" : 377,  "end" : 380 }, 
        {"sofa" : 1,  "begin" : 381,  "end" : 387 }, 
        {"sofa" : 1,  "begin" : 388,  "end" : 396 }, 
        {"sofa" : 1,  "begin" : 397,  "end" : 399 }, 
        {"sofa" : 1,  "begin" : 400,  "end" : 403 }, 
        {"sofa" : 1,  "begin" : 404,  "end" : 414 }, 
        {"sofa" : 1,  "begin" : 415,  "end" : 421 }, 
        {"sofa" : 1,  "begin" : 422,  "end" : 423 }, 
        {"sofa" : 1,  "begin" : 424,  "end" : 428 }, 
        {"sofa" : 1,  "begin" : 429,  "end" : 433 }, 
        {"sofa" : 1,  "begin" : 434,  "end" : 439 }, 
        {"sofa" : 1,  "begin" : 440,  "end" : 444 }, 
        {"sofa" : 1,  "begin" : 445,  "end" : 449 }, 
        {"sofa" : 1,  "begin" : 450,  "end" : 453 }, 
        {"sofa" : 1,  "begin" : 454,  "end" : 460 }, 
        {"sofa" : 1,  "begin" : 461,  "end" : 462 }, 
        {"sofa" : 1,  "begin" : 463,  "end" : 470 }, 
        {"sofa" : 1,  "begin" : 471,  "end" : 479 }, 
        {"sofa" : 1,  "begin" : 480,  "end" : 487 }, 
        {"sofa" : 1,  "begin" : 488,  "end" : 494 }, 
        {"sofa" : 1,  "begin" : 495,  "end" : 498 }, 
        {"sofa" : 1,  "begin" : 499,  "end" : 506 }, 
        {"sofa" : 1,  "begin" : 507,  "end" : 508 }, 
        {"sofa" : 1,  "begin" : 509,  "end" : 512 }, 
        {"sofa" : 1,  "begin" : 513,  "end" : 522 }, 
        {"sofa" : 1,  "begin" : 523,  "end" : 528 }, 
        {"sofa" : 1,  "begin" : 529,  "end" : 532 }, 
        {"sofa" : 1,  "begin" : 533,  "end" : 543 }, 
        {"sofa" : 1,  "begin" : 544,  "end" : 545 }, 
        {"sofa" : 1,  "begin" : 546,  "end" : 549 }, 
        {"sofa" : 1,  "begin" : 550,  "end" : 556 }, 
        {"sofa" : 1,  "begin" : 557,  "end" : 559 }, 
        {"sofa" : 1,  "begin" : 560,  "end" : 563 }, 
        {"sofa" : 1,  "begin" : 564,  "end" : 565 }, 
        {"sofa" : 1,  "begin" : 566,  "end" : 570 }, 
        {"sofa" : 1,  "begin" : 571,  "end" : 574 }, 
        {"sofa" : 1,  "begin" : 575,  "end" : 582 }, 
        {"sofa" : 1,  "begin" : 583,  "end" : 592 }, 
        {"sofa" : 1,  "begin" : 593,  "end" : 597 }, 
        {"sofa" : 1,  "begin" : 598,  "end" : 601 }, 
        {"sofa" : 1,  "begin" : 602,  "end" : 610 }, 
        {"sofa" : 1,  "begin" : 611,  "end" : 613 }, 
        {"sofa" : 1,  "begin" : 614,  "end" : 618 }, 
        {"sofa" : 1,  "begin" : 619,  "end" : 622 }, 
        {"sofa" : 1,  "begin" : 623,  "end" : 630 }, 
        {"sofa" : 1,  "begin" : 631,  "end" : 635 }, 
        {"sofa" : 1,  "begin" : 636,  "end" : 637 }, 
        {"sofa" : 1,  "begin" : 638,  "end" : 642 }, 
        {"sofa" : 1,  "begin" : 643,  "end" : 647 }, 
        {"sofa" : 1,  "begin" : 648,  "end" : 649 }, 
        {"sofa" : 1,  "begin" : 650,  "end" : 657 }, 
        {"sofa" : 1,  "begin" : 658,  "end" : 660 }, 
        {"sofa" : 1,  "begin" : 661,  "end" : 667 }, 
        {"sofa" : 1,  "begin" : 668,  "end" : 674 }, 
        {"sofa" : 1,  "begin" : 675,  "end" : 677 }, 
        {"sofa" : 1,  "begin" : 678,  "end" : 688 }, 
        {"sofa" : 1,  "begin" : 689,  "end" : 696 }, 
        {"sofa" : 1,  "begin" : 697,  "end" : 699 }, 
        {"sofa" : 1,  "begin" : 700,  "end" : 703 }, 
        {"sofa" : 1,  "begin" : 704,  "end" : 710 }, 
        {"sofa" : 1,  "begin" : 711,  "end" : 714 }, 
        {"sofa" : 1,  "begin" : 715,  "end" : 717 }, 
        {"sofa" : 1,  "begin" : 718,  "end" : 721 }, 
        {"sofa" : 1,  "begin" : 722,  "end" : 730 }, 
        {"sofa" : 1,  "begin" : 731,  "end" : 733 }, 
        {"sofa" : 1,  "begin" : 734,  "end" : 745 }, 
        {"sofa" : 1,  "begin" : 746,  "end" : 750 }, 
        {"sofa" : 1,  "begin" : 751,  "end" : 759 }, 
        {"sofa" : 1,  "begin" : 760,  "end" : 762 }, 
        {"sofa" : 1,  "begin" : 763,  "end" : 765 }, 
        {"sofa" : 1,  "begin" : 766,  "end" : 770 }, 
        {"sofa" : 1,  "begin" : 771,  "end" : 774 }, 
        {"sofa" : 1,  "begin" : 775,  "end" : 783 }, 
        {"sofa" : 1,  "begin" : 784,  "end" : 787 }, 
        {"sofa" : 1,  "begin" : 788,  "end" : 789 }, 
        {"sofa" : 1,  "begin" : 790,  "end" : 793 }, 
        {"sofa" : 1,  "begin" : 794,  "end" : 804 }, 
        {"sofa" : 1,  "begin" : 805,  "end" : 806 }, 
        {"sofa" : 1,  "begin" : 807,  "end" : 810 }, 
        {"sofa" : 1,  "begin" : 811,  "end" : 819 }, 
        {"sofa" : 1,  "begin" : 820,  "end" : 831 }, 
        {"sofa" : 1,  "begin" : 832,  "end" : 838 }, 
        {"sofa" : 1,  "begin" : 839,  "end" : 843 }, 
        {"sofa" : 1,  "begin" : 844,  "end" : 845 }, 
        {"sofa" : 1,  "begin" : 846,  "end" : 849 }, 
        {"sofa" : 1,  "begin" : 850,  "end" : 856 }, 
        {"sofa" : 1,  "begin" : 857,  "end" : 859 }, 
        {"sofa" : 1,  "begin" : 860,  "end" : 865 }, 
        {"sofa" : 1,  "begin" : 866,  "end" : 876 }, 
        {"sofa" : 1,  "begin" : 877,  "end" : 886 }, 
        {"sofa" : 1,  "begin" : 887,  "end" : 897 }, 
        {"sofa" : 1,  "begin" : 898,  "end" : 905 }, 
        {"sofa" : 1,  "begin" : 906,  "end" : 909 }, 
        {"sofa" : 1,  "begin" : 910,  "end" : 912 }, 
        {"sofa" : 1,  "begin" : 913,  "end" : 915 }, 
        {"sofa" : 1,  "begin" : 916,  "end" : 917 }, 
        {"sofa" : 1,  "begin" : 918,  "end" : 921 }, 
        {"sofa" : 1,  "begin" : 922,  "end" : 928 }, 
        {"sofa" : 1,  "begin" : 929,  "end" : 935 }, 
        {"sofa" : 1,  "begin" : 936,  "end" : 938 }, 
        {"sofa" : 1,  "begin" : 939,  "end" : 943 }, 
        {"sofa" : 1,  "begin" : 944,  "end" : 945 }, 
        {"sofa" : 1,  "begin" : 946,  "end" : 950 }, 
        {"sofa" : 1,  "begin" : 951,  "end" : 953 }, 
        {"sofa" : 1,  "begin" : 954,  "end" : 957 }, 
        {"sofa" : 1,  "begin" : 958,  "end" : 966 }, 
        {"sofa" : 1,  "begin" : 967,  "end" : 971 }, 
        {"sofa" : 1,  "begin" : 972,  "end" : 980 }, 
        {"sofa" : 1,  "begin" : 981,  "end" : 982 } ], 
      "PartsofCause" : [2505,  2484,  2450,  2398,  2372,  2385 ], 
      "TypesofCause" : [
        {"sofa" : 1,  "begin" : 564,  "end" : 592,  "Dependent" : 2505,  "Governor" : 2484,  "TypesofCause" : "Cause" }, 
        {"sofa" : 1,  "begin" : 614,  "end" : 647,  "Dependent" : 2450,  "Governor" : 2484,  "TypesofCause" : "Effect" }, 
        {"sofa" : 1,  "begin" : 846,  "end" : 943,  "Dependent" : 2398,  "Governor" : 2372,  "TypesofCause" : "Effect" }, 
        {"sofa" : 1,  "begin" : 951,  "end" : 980,  "Dependent" : 2385,  "Governor" : 2372,  "TypesofCause" : "Cause" } ] } }, 
  "_referenced_fss" : {
    "1" : {"_type" : "Sofa",  "sofaNum" : 1,  "sofaID" : "_InitialView",  "mimeType" : "text",  "sofaString" : "Bolivian President Evo Morales on Sunday pledged to continue his hunger strike until Monday , when Congress -- including the opposition - led Senate -- is set to reconvene .\nEvo Morales on hunger strike at the presidential palace in Bolivia 's capital , La Paz .\nMorales ' speech , televised by a state - run station , was his first formal address to the nation since starting the strike Thursday in the government palace .\nMore than three days into the strike , Morales appeared healthy during his address .\nThe president wants the opposition - led Senate to set a date for general elections that are expected to give him another five - year term .\nMorales on Friday called on opposition members -- who walked out of the Congress in mid-session late Thursday -- to pass the election law , the government - run Bolivian Information Agency said .\nThe nation 's first indigenous president reportedly carried out an 18 - day hunger strike in 2002 , when he was expelled from Congress ." }, 
    "2505" : {"_type" : "PartsofCause",  "sofa" : 1,  "begin" : 564,  "end" : 592,  "PartsofCause" : "Argument" }, 
    "2484" : {"_type" : "PartsofCause",  "sofa" : 1,  "begin" : 611,  "end" : 613,  "PartsofCause" : "Causing" }, 
    "2450" : {"_type" : "PartsofCause",  "sofa" : 1,  "begin" : 614,  "end" : 647,  "PartsofCause" : "Argument" }, 
    "2398" : {"_type" : "PartsofCause",  "sofa" : 1,  "begin" : 846,  "end" : 943,  "PartsofCause" : "Argument" }, 
    "2372" : {"_type" : "PartsofCause",  "sofa" : 1,  "begin" : 946,  "end" : 950,  "PartsofCause" : "Causing" }, 
    "2385" : {"_type" : "PartsofCause",  "sofa" : 1,  "begin" : 951,  "end" : 980,  "PartsofCause" : "Argument" }, 
    "2560" : {"_type" : "LayerDefinition",  "name" : "webanno.custom.DisjointCausalSpans",  "uiName" : "Disjoint Causal Spans" }, 
    "2571" : {"_type" : "LayerDefinition",  "name" : "webanno.custom.PartsofCause",  "uiName" : "Parts of Cause" }, 
    "2578" : {"_type" : "LayerDefinition",  "name" : "webanno.custom.TypesofCause",  "uiName" : "Types of Cause" } } }