{"_context" : {
    "_types" : {
      "DocumentMetaData" : {
        "_feature_types" : {"sofa" : "_ref" } }, 
      "FeatureDefinition" : {
        "_feature_types" : {"layer" : "_ref" } }, 
      "LayerDefinition" : { }, 
      "PartsofCause" : {
        "_feature_types" : {"sofa" : "_ref" } }, 
      "Sentence" : {
        "_feature_types" : {"sofa" : "_ref" } }, 
      "Sofa" : {
        "_feature_types" : {"sofaArray" : "_ref" } }, 
      "TagsetDescription" : {
        "_feature_types" : {"sofa" : "_ref",  "tags" : "_ref" } }, 
      "Token" : {
        "_feature_types" : {"sofa" : "_ref",  "parent" : "_ref",  "lemma" : "_ref",  "stem" : "_ref",  "pos" : "_ref",  "morph" : "_ref",  "form" : "_ref" } }, 
      "TypesofCause" : {
        "_feature_types" : {"sofa" : "_ref",  "Dependent" : "_ref",  "Governor" : "_ref" } }, 
      "DocumentAnnotation" : {
        "_feature_types" : {"sofa" : "_ref" }, 
        "_subtypes" : ["DocumentMetaData" ] }, 
      "Annotation" : {
        "_feature_types" : {"sofa" : "_ref" }, 
        "_subtypes" : ["DocumentAnnotation",  "PartsofCause",  "Sentence",  "TagsetDescription",  "Token",  "TypesofCause" ] }, 
      "AnnotationBase" : {
        "_feature_types" : {"sofa" : "_ref" }, 
        "_subtypes" : ["Annotation" ] }, 
      "TOP" : {
        "_subtypes" : ["AnnotationBase",  "FeatureDefinition",  "LayerDefinition",  "Sofa" ] } } }, 
  "_views" : {
    "_InitialView" : {
      "FeatureDefinition" : [
        {"layer" : 2685,  "name" : "referenceRelation",  "uiName" : "Reference Relation" }, 
        {"layer" : 2685,  "name" : "referenceType",  "uiName" : "Reference Type" }, 
        {"layer" : 2696,  "name" : "PartsofCause",  "uiName" : "Parts of Cause" }, 
        {"layer" : 2703,  "name" : "TypesofCause",  "uiName" : "Types of Cause" } ], 
      "LayerDefinition" : [2685,  2696,  2703 ], 
      "DocumentMetaData" : [
        {"sofa" : 1,  "end" : 808,  "language" : "x-unspecified",  "documentTitle" : "fable-14.txt",  "documentId" : "AYC",  "documentUri" : "file:/srv/inception/repository/project/2/document/2316/source/AYC",  "collectionId" : "file:/srv/inception/repository/project/2/document/2316/source/",  "documentBaseUri" : "file:/srv/inception/repository/project/2/document/2316/source/",  "isLastSegment" : false } ], 
      "TagsetDescription" : [
        {"sofa" : 1,  "layer" : "webanno.custom.PartsofCause",  "name" : "Parts of Cause",  "input" : false }, 
        {"sofa" : 1,  "layer" : "webanno.custom.TypesofCause",  "name" : "Causal Relations",  "input" : false } ], 
      "Sentence" : [
        {"sofa" : 1,  "end" : 146 }, 
        {"sofa" : 1,  "begin" : 147,  "end" : 247 }, 
        {"sofa" : 1,  "begin" : 248,  "end" : 303 }, 
        {"sofa" : 1,  "begin" : 304,  "end" : 364 }, 
        {"sofa" : 1,  "begin" : 365,  "end" : 383 }, 
        {"sofa" : 1,  "begin" : 384,  "end" : 511 }, 
        {"sofa" : 1,  "begin" : 512,  "end" : 693 }, 
        {"sofa" : 1,  "begin" : 694,  "end" : 752 }, 
        {"sofa" : 1,  "begin" : 753,  "end" : 808 } ], 
      "Token" : [
        {"sofa" : 1,  "end" : 1 }, 
        {"sofa" : 1,  "begin" : 2,  "end" : 5 }, 
        {"sofa" : 1,  "begin" : 6,  "end" : 9 }, 
        {"sofa" : 1,  "begin" : 10,  "end" : 13 }, 
        {"sofa" : 1,  "begin" : 14,  "end" : 16 }, 
        {"sofa" : 1,  "begin" : 17,  "end" : 21 }, 
        {"sofa" : 1,  "begin" : 22,  "end" : 24 }, 
        {"sofa" : 1,  "begin" : 25,  "end" : 28 }, 
        {"sofa" : 1,  "begin" : 29,  "end" : 32 }, 
        {"sofa" : 1,  "begin" : 33,  "end" : 38 }, 
        {"sofa" : 1,  "begin" : 39,  "end" : 43 }, 
        {"sofa" : 1,  "begin" : 44,  "end" : 48 }, 
        {"sofa" : 1,  "begin" : 49,  "end" : 50 }, 
        {"sofa" : 1,  "begin" : 51,  "end" : 54 }, 
        {"sofa" : 1,  "begin" : 55,  "end" : 56 }, 
        {"sofa" : 1,  "begin" : 57,  "end" : 59 }, 
        {"sofa" : 1,  "begin" : 60,  "end" : 63 }, 
        {"sofa" : 1,  "begin" : 64,  "end" : 72 }, 
        {"sofa" : 1,  "begin" : 73,  "end" : 75 }, 
        {"sofa" : 1,  "begin" : 76,  "end" : 79 }, 
        {"sofa" : 1,  "begin" : 80,  "end" : 85 }, 
        {"sofa" : 1,  "begin" : 86,  "end" : 87 }, 
        {"sofa" : 1,  "begin" : 88,  "end" : 95 }, 
        {"sofa" : 1,  "begin" : 96,  "end" : 99 }, 
        {"sofa" : 1,  "begin" : 100,  "end" : 105 }, 
        {"sofa" : 1,  "begin" : 106,  "end" : 110 }, 
        {"sofa" : 1,  "begin" : 111,  "end" : 115 }, 
        {"sofa" : 1,  "begin" : 116,  "end" : 118 }, 
        {"sofa" : 1,  "begin" : 119,  "end" : 123 }, 
        {"sofa" : 1,  "begin" : 124,  "end" : 125 }, 
        {"sofa" : 1,  "begin" : 126,  "end" : 129 }, 
        {"sofa" : 1,  "begin" : 130,  "end" : 134 }, 
        {"sofa" : 1,  "begin" : 135,  "end" : 139 }, 
        {"sofa" : 1,  "begin" : 140,  "end" : 144 }, 
        {"sofa" : 1,  "begin" : 145,  "end" : 146 }, 
        {"sofa" : 1,  "begin" : 147,  "end" : 150 }, 
        {"sofa" : 1,  "begin" : 151,  "end" : 155 }, 
        {"sofa" : 1,  "begin" : 156,  "end" : 160 }, 
        {"sofa" : 1,  "begin" : 161,  "end" : 164 }, 
        {"sofa" : 1,  "begin" : 165,  "end" : 169 }, 
        {"sofa" : 1,  "begin" : 170,  "end" : 172 }, 
        {"sofa" : 1,  "begin" : 173,  "end" : 174 }, 
        {"sofa" : 1,  "begin" : 175,  "end" : 180 }, 
        {"sofa" : 1,  "begin" : 181,  "end" : 182 }, 
        {"sofa" : 1,  "begin" : 183,  "end" : 186 }, 
        {"sofa" : 1,  "begin" : 187,  "end" : 189 }, 
        {"sofa" : 1,  "begin" : 190,  "end" : 193 }, 
        {"sofa" : 1,  "begin" : 194,  "end" : 196 }, 
        {"sofa" : 1,  "begin" : 197,  "end" : 200 }, 
        {"sofa" : 1,  "begin" : 201,  "end" : 207 }, 
        {"sofa" : 1,  "begin" : 208,  "end" : 214 }, 
        {"sofa" : 1,  "begin" : 215,  "end" : 220 }, 
        {"sofa" : 1,  "begin" : 221,  "end" : 223 }, 
        {"sofa" : 1,  "begin" : 224,  "end" : 228 }, 
        {"sofa" : 1,  "begin" : 229,  "end" : 232 }, 
        {"sofa" : 1,  "begin" : 233,  "end" : 235 }, 
        {"sofa" : 1,  "begin" : 236,  "end" : 239 }, 
        {"sofa" : 1,  "begin" : 240,  "end" : 245 }, 
        {"sofa" : 1,  "begin" : 246,  "end" : 247 }, 
        {"sofa" : 1,  "begin" : 248,  "end" : 249 }, 
        {"sofa" : 1,  "begin" : 250,  "end" : 257 }, 
        {"sofa" : 1,  "begin" : 258,  "end" : 259 }, 
        {"sofa" : 1,  "begin" : 260,  "end" : 263 }, 
        {"sofa" : 1,  "begin" : 264,  "end" : 267 }, 
        {"sofa" : 1,  "begin" : 268,  "end" : 275 }, 
        {"sofa" : 1,  "begin" : 276,  "end" : 277 }, 
        {"sofa" : 1,  "begin" : 278,  "end" : 285 }, 
        {"sofa" : 1,  "begin" : 286,  "end" : 288 }, 
        {"sofa" : 1,  "begin" : 289,  "end" : 293 }, 
        {"sofa" : 1,  "begin" : 294,  "end" : 296 }, 
        {"sofa" : 1,  "begin" : 297,  "end" : 301 }, 
        {"sofa" : 1,  "begin" : 302,  "end" : 303 }, 
        {"sofa" : 1,  "begin" : 304,  "end" : 305 }, 
        {"sofa" : 1,  "begin" : 306,  "end" : 310 }, 
        {"sofa" : 1,  "begin" : 311,  "end" : 312 }, 
        {"sofa" : 1,  "begin" : 313,  "end" : 320 }, 
        {"sofa" : 1,  "begin" : 321,  "end" : 329 }, 
        {"sofa" : 1,  "begin" : 330,  "end" : 333 }, 
        {"sofa" : 1,  "begin" : 334,  "end" : 338 }, 
        {"sofa" : 1,  "begin" : 339,  "end" : 340 }, 
        {"sofa" : 1,  "begin" : 341,  "end" : 343 }, 
        {"sofa" : 1,  "begin" : 344,  "end" : 349 }, 
        {"sofa" : 1,  "begin" : 350,  "end" : 355 }, 
        {"sofa" : 1,  "begin" : 356,  "end" : 360 }, 
        {"sofa" : 1,  "begin" : 361,  "end" : 362 }, 
        {"sofa" : 1,  "begin" : 363,  "end" : 364 }, 
        {"sofa" : 1,  "begin" : 365,  "end" : 369 }, 
        {"sofa" : 1,  "begin" : 370,  "end" : 373 }, 
        {"sofa" : 1,  "begin" : 374,  "end" : 381 }, 
        {"sofa" : 1,  "begin" : 382,  "end" : 383 }, 
        {"sofa" : 1,  "begin" : 384,  "end" : 385 }, 
        {"sofa" : 1,  "begin" : 386,  "end" : 388 }, 
        {"sofa" : 1,  "begin" : 389,  "end" : 392 }, 
        {"sofa" : 1,  "begin" : 393,  "end" : 396 }, 
        {"sofa" : 1,  "begin" : 397,  "end" : 401 }, 
        {"sofa" : 1,  "begin" : 402,  "end" : 406 }, 
        {"sofa" : 1,  "begin" : 407,  "end" : 409 }, 
        {"sofa" : 1,  "begin" : 410,  "end" : 414 }, 
        {"sofa" : 1,  "begin" : 415,  "end" : 417 }, 
        {"sofa" : 1,  "begin" : 418,  "end" : 421 }, 
        {"sofa" : 1,  "begin" : 422,  "end" : 428 }, 
        {"sofa" : 1,  "begin" : 429,  "end" : 435 }, 
        {"sofa" : 1,  "begin" : 436,  "end" : 440 }, 
        {"sofa" : 1,  "begin" : 441,  "end" : 444 }, 
        {"sofa" : 1,  "begin" : 445,  "end" : 451 }, 
        {"sofa" : 1,  "begin" : 452,  "end" : 453 }, 
        {"sofa" : 1,  "begin" : 454,  "end" : 458 }, 
        {"sofa" : 1,  "begin" : 459,  "end" : 463 }, 
        {"sofa" : 1,  "begin" : 464,  "end" : 468 }, 
        {"sofa" : 1,  "begin" : 469,  "end" : 473 }, 
        {"sofa" : 1,  "begin" : 474,  "end" : 477 }, 
        {"sofa" : 1,  "begin" : 478,  "end" : 479 }, 
        {"sofa" : 1,  "begin" : 480,  "end" : 488 }, 
        {"sofa" : 1,  "begin" : 489,  "end" : 494 }, 
        {"sofa" : 1,  "begin" : 495,  "end" : 500 }, 
        {"sofa" : 1,  "begin" : 501,  "end" : 503 }, 
        {"sofa" : 1,  "begin" : 504,  "end" : 507 }, 
        {"sofa" : 1,  "begin" : 508,  "end" : 509 }, 
        {"sofa" : 1,  "begin" : 510,  "end" : 511 }, 
        {"sofa" : 1,  "begin" : 512,  "end" : 513 }, 
        {"sofa" : 1,  "begin" : 514,  "end" : 518 }, 
        {"sofa" : 1,  "begin" : 519,  "end" : 520 }, 
        {"sofa" : 1,  "begin" : 521,  "end" : 522 }, 
        {"sofa" : 1,  "begin" : 523,  "end" : 527 }, 
        {"sofa" : 1,  "begin" : 528,  "end" : 531 }, 
        {"sofa" : 1,  "begin" : 532,  "end" : 535 }, 
        {"sofa" : 1,  "begin" : 536,  "end" : 537 }, 
        {"sofa" : 1,  "begin" : 538,  "end" : 540 }, 
        {"sofa" : 1,  "begin" : 541,  "end" : 544 }, 
        {"sofa" : 1,  "begin" : 545,  "end" : 550 }, 
        {"sofa" : 1,  "begin" : 551,  "end" : 553 }, 
        {"sofa" : 1,  "begin" : 554,  "end" : 557 }, 
        {"sofa" : 1,  "begin" : 558,  "end" : 561 }, 
        {"sofa" : 1,  "begin" : 562,  "end" : 565 }, 
        {"sofa" : 1,  "begin" : 566,  "end" : 572 }, 
        {"sofa" : 1,  "begin" : 573,  "end" : 575 }, 
        {"sofa" : 1,  "begin" : 576,  "end" : 579 }, 
        {"sofa" : 1,  "begin" : 580,  "end" : 584 }, 
        {"sofa" : 1,  "begin" : 585,  "end" : 591 }, 
        {"sofa" : 1,  "begin" : 592,  "end" : 598 }, 
        {"sofa" : 1,  "begin" : 599,  "end" : 600 }, 
        {"sofa" : 1,  "begin" : 601,  "end" : 606 }, 
        {"sofa" : 1,  "begin" : 607,  "end" : 611 }, 
        {"sofa" : 1,  "begin" : 612,  "end" : 615 }, 
        {"sofa" : 1,  "begin" : 616,  "end" : 619 }, 
        {"sofa" : 1,  "begin" : 620,  "end" : 623 }, 
        {"sofa" : 1,  "begin" : 624,  "end" : 628 }, 
        {"sofa" : 1,  "begin" : 629,  "end" : 633 }, 
        {"sofa" : 1,  "begin" : 634,  "end" : 637 }, 
        {"sofa" : 1,  "begin" : 638,  "end" : 643 }, 
        {"sofa" : 1,  "begin" : 644,  "end" : 645 }, 
        {"sofa" : 1,  "begin" : 646,  "end" : 647 }, 
        {"sofa" : 1,  "begin" : 648,  "end" : 651 }, 
        {"sofa" : 1,  "begin" : 652,  "end" : 657 }, 
        {"sofa" : 1,  "begin" : 658,  "end" : 659 }, 
        {"sofa" : 1,  "begin" : 660,  "end" : 664 }, 
        {"sofa" : 1,  "begin" : 665,  "end" : 669 }, 
        {"sofa" : 1,  "begin" : 670,  "end" : 674 }, 
        {"sofa" : 1,  "begin" : 675,  "end" : 679 }, 
        {"sofa" : 1,  "begin" : 680,  "end" : 684 }, 
        {"sofa" : 1,  "begin" : 685,  "end" : 689 }, 
        {"sofa" : 1,  "begin" : 690,  "end" : 691 }, 
        {"sofa" : 1,  "begin" : 692,  "end" : 693 }, 
        {"sofa" : 1,  "begin" : 694,  "end" : 695 }, 
        {"sofa" : 1,  "begin" : 696,  "end" : 697 }, 
        {"sofa" : 1,  "begin" : 698,  "end" : 707 }, 
        {"sofa" : 1,  "begin" : 708,  "end" : 710 }, 
        {"sofa" : 1,  "begin" : 711,  "end" : 712 }, 
        {"sofa" : 1,  "begin" : 713,  "end" : 714 }, 
        {"sofa" : 1,  "begin" : 715,  "end" : 719 }, 
        {"sofa" : 1,  "begin" : 720,  "end" : 723 }, 
        {"sofa" : 1,  "begin" : 724,  "end" : 731 }, 
        {"sofa" : 1,  "begin" : 732,  "end" : 733 }, 
        {"sofa" : 1,  "begin" : 734,  "end" : 736 }, 
        {"sofa" : 1,  "begin" : 737,  "end" : 740 }, 
        {"sofa" : 1,  "begin" : 741,  "end" : 745 }, 
        {"sofa" : 1,  "begin" : 746,  "end" : 750 }, 
        {"sofa" : 1,  "begin" : 751,  "end" : 752 }, 
        {"sofa" : 1,  "begin" : 753,  "end" : 754 }, 
        {"sofa" : 1,  "begin" : 755,  "end" : 759 }, 
        {"sofa" : 1,  "begin" : 760,  "end" : 768 }, 
        {"sofa" : 1,  "begin" : 769,  "end" : 771 }, 
        {"sofa" : 1,  "begin" : 772,  "end" : 778 }, 
        {"sofa" : 1,  "begin" : 779,  "end" : 783 }, 
        {"sofa" : 1,  "begin" : 784,  "end" : 795 }, 
        {"sofa" : 1,  "begin" : 796,  "end" : 804 }, 
        {"sofa" : 1,  "begin" : 805,  "end" : 806 }, 
        {"sofa" : 1,  "begin" : 807,  "end" : 808 } ], 
      "PartsofCause" : [2538,  2512,  2525,  2611,  2589,  2602 ], 
      "TypesofCause" : [
        {"sofa" : 1,  "begin" : 278,  "end" : 285,  "Dependent" : 2538,  "Governor" : 2512,  "TypesofCause" : "Effect" }, 
        {"sofa" : 1,  "begin" : 289,  "end" : 301,  "Dependent" : 2525,  "Governor" : 2512,  "TypesofCause" : "Cause" }, 
        {"sofa" : 1,  "begin" : 306,  "end" : 338,  "Dependent" : 2611,  "Governor" : 2589,  "TypesofCause" : "Effect" }, 
        {"sofa" : 1,  "begin" : 344,  "end" : 360,  "Dependent" : 2602,  "Governor" : 2589,  "TypesofCause" : "Cause" } ] } }, 
  "_referenced_fss" : {
    "1" : {"_type" : "Sofa",  "sofaNum" : 1,  "sofaID" : "_InitialView",  "mimeType" : "text",  "sofaString" : "A HEN who had no nest of her own found some eggs , and , in the kindness of her heart , thought she would take care of them , and keep them warm .\nBut they were the eggs of a viper ; and by and by the little snakes began to come out of the shell .\nA Swallow , who was passing , stopped to look at them .\n“ What a foolish creature you were , to hatch those eggs ! ”\nsaid the Swallow .\n“ Do n’t you know that as soon as the little snakes grow big enough , they will bite some one — probably _you_ first of all ? ”\n“ Then , ” said the Hen , as she stood on one leg and looked at the ugly little snakes , first with one eye and then with the other , “ you think I have done more harm than good ? ”\n“ I certainly do , ” said the Swallow , as she flew away .\n“ Good judgment is better than thoughtless kindness . ”" }, 
    "2538" : {"_type" : "PartsofCause",  "sofa" : 1,  "begin" : 278,  "end" : 285,  "PartsofCause" : "Argument" }, 
    "2512" : {"_type" : "PartsofCause",  "sofa" : 1,  "begin" : 286,  "end" : 288,  "PartsofCause" : "Enabling" }, 
    "2525" : {"_type" : "PartsofCause",  "sofa" : 1,  "begin" : 289,  "end" : 301,  "PartsofCause" : "Argument" }, 
    "2611" : {"_type" : "PartsofCause",  "sofa" : 1,  "begin" : 306,  "end" : 338,  "PartsofCause" : "Argument" }, 
    "2589" : {"_type" : "PartsofCause",  "sofa" : 1,  "begin" : 341,  "end" : 343,  "PartsofCause" : "Causing" }, 
    "2602" : {"_type" : "PartsofCause",  "sofa" : 1,  "begin" : 344,  "end" : 360,  "PartsofCause" : "Argument" }, 
    "2696" : {"_type" : "LayerDefinition",  "name" : "webanno.custom.PartsofCause",  "uiName" : "Parts of Cause" }, 
    "2685" : {"_type" : "LayerDefinition",  "name" : "webanno.custom.DisjointCausalSpans",  "uiName" : "Disjoint Causal Spans" }, 
    "2703" : {"_type" : "LayerDefinition",  "name" : "webanno.custom.TypesofCause",  "uiName" : "Types of Cause" } } }