{"_context" : {
    "_types" : {
      "DocumentMetaData" : {
        "_feature_types" : {"sofa" : "_ref" } }, 
      "FeatureDefinition" : {
        "_feature_types" : {"layer" : "_ref" } }, 
      "LayerDefinition" : { }, 
      "PartsofCause" : {
        "_feature_types" : {"sofa" : "_ref" } }, 
      "Sentence" : {
        "_feature_types" : {"sofa" : "_ref" } }, 
      "Sofa" : {
        "_feature_types" : {"sofaArray" : "_ref" } }, 
      "TagsetDescription" : {
        "_feature_types" : {"sofa" : "_ref",  "tags" : "_ref" } }, 
      "Token" : {
        "_feature_types" : {"sofa" : "_ref",  "parent" : "_ref",  "lemma" : "_ref",  "stem" : "_ref",  "pos" : "_ref",  "morph" : "_ref",  "form" : "_ref" } }, 
      "TypesofCause" : {
        "_feature_types" : {"sofa" : "_ref",  "Dependent" : "_ref",  "Governor" : "_ref" } }, 
      "DocumentAnnotation" : {
        "_feature_types" : {"sofa" : "_ref" }, 
        "_subtypes" : ["DocumentMetaData" ] }, 
      "Annotation" : {
        "_feature_types" : {"sofa" : "_ref" }, 
        "_subtypes" : ["DocumentAnnotation",  "PartsofCause",  "Sentence",  "TagsetDescription",  "Token",  "TypesofCause" ] }, 
      "AnnotationBase" : {
        "_feature_types" : {"sofa" : "_ref" }, 
        "_subtypes" : ["Annotation" ] }, 
      "TOP" : {
        "_subtypes" : ["AnnotationBase",  "FeatureDefinition",  "LayerDefinition",  "Sofa" ] } } }, 
  "_views" : {
    "_InitialView" : {
      "FeatureDefinition" : [
        {"layer" : 1867,  "name" : "referenceRelation",  "uiName" : "Reference Relation" }, 
        {"layer" : 1867,  "name" : "referenceType",  "uiName" : "Reference Type" }, 
        {"layer" : 1878,  "name" : "PartsofCause",  "uiName" : "Parts of Cause" }, 
        {"layer" : 1885,  "name" : "TypesofCause",  "uiName" : "Types of Cause" } ], 
      "LayerDefinition" : [1867,  1878,  1885 ], 
      "DocumentMetaData" : [
        {"sofa" : 1,  "end" : 587,  "language" : "x-unspecified",  "documentTitle" : "reddit-058.txt",  "documentId" : "GJW",  "documentUri" : "file:/srv/inception/repository/project/2/document/2460/source/GJW",  "collectionId" : "file:/srv/inception/repository/project/2/document/2460/source/",  "documentBaseUri" : "file:/srv/inception/repository/project/2/document/2460/source/",  "isLastSegment" : false } ], 
      "TagsetDescription" : [
        {"sofa" : 1,  "layer" : "webanno.custom.PartsofCause",  "name" : "Parts of Cause",  "input" : false }, 
        {"sofa" : 1,  "layer" : "webanno.custom.TypesofCause",  "name" : "Causal Relations",  "input" : false } ], 
      "Sentence" : [
        {"sofa" : 1,  "end" : 182 }, 
        {"sofa" : 1,  "begin" : 183,  "end" : 262 }, 
        {"sofa" : 1,  "begin" : 263,  "end" : 320 }, 
        {"sofa" : 1,  "begin" : 321,  "end" : 562 }, 
        {"sofa" : 1,  "begin" : 563,  "end" : 587 } ], 
      "Token" : [
        {"sofa" : 1,  "end" : 4 }, 
        {"sofa" : 1,  "begin" : 5,  "end" : 8 }, 
        {"sofa" : 1,  "begin" : 9,  "end" : 14 }, 
        {"sofa" : 1,  "begin" : 15,  "end" : 19 }, 
        {"sofa" : 1,  "begin" : 20,  "end" : 21 }, 
        {"sofa" : 1,  "begin" : 22,  "end" : 25 }, 
        {"sofa" : 1,  "begin" : 26,  "end" : 29 }, 
        {"sofa" : 1,  "begin" : 30,  "end" : 35 }, 
        {"sofa" : 1,  "begin" : 36,  "end" : 37 }, 
        {"sofa" : 1,  "begin" : 38,  "end" : 42 }, 
        {"sofa" : 1,  "begin" : 43,  "end" : 47 }, 
        {"sofa" : 1,  "begin" : 48,  "end" : 56 }, 
        {"sofa" : 1,  "begin" : 57,  "end" : 59 }, 
        {"sofa" : 1,  "begin" : 60,  "end" : 61 }, 
        {"sofa" : 1,  "begin" : 62,  "end" : 65 }, 
        {"sofa" : 1,  "begin" : 66,  "end" : 73 }, 
        {"sofa" : 1,  "begin" : 74,  "end" : 82 }, 
        {"sofa" : 1,  "begin" : 83,  "end" : 85 }, 
        {"sofa" : 1,  "begin" : 86,  "end" : 89 }, 
        {"sofa" : 1,  "begin" : 90,  "end" : 95 }, 
        {"sofa" : 1,  "begin" : 96,  "end" : 103 }, 
        {"sofa" : 1,  "begin" : 104,  "end" : 105 }, 
        {"sofa" : 1,  "begin" : 106,  "end" : 108 }, 
        {"sofa" : 1,  "begin" : 109,  "end" : 113 }, 
        {"sofa" : 1,  "begin" : 114,  "end" : 121 }, 
        {"sofa" : 1,  "begin" : 122,  "end" : 130 }, 
        {"sofa" : 1,  "begin" : 131,  "end" : 142 }, 
        {"sofa" : 1,  "begin" : 143,  "end" : 146 }, 
        {"sofa" : 1,  "begin" : 147,  "end" : 150 }, 
        {"sofa" : 1,  "begin" : 151,  "end" : 155 }, 
        {"sofa" : 1,  "begin" : 156,  "end" : 158 }, 
        {"sofa" : 1,  "begin" : 159,  "end" : 165 }, 
        {"sofa" : 1,  "begin" : 166,  "end" : 168 }, 
        {"sofa" : 1,  "begin" : 169,  "end" : 172 }, 
        {"sofa" : 1,  "begin" : 173,  "end" : 180 }, 
        {"sofa" : 1,  "begin" : 181,  "end" : 182 }, 
        {"sofa" : 1,  "begin" : 183,  "end" : 184 }, 
        {"sofa" : 1,  "begin" : 185,  "end" : 189 }, 
        {"sofa" : 1,  "begin" : 190,  "end" : 192 }, 
        {"sofa" : 1,  "begin" : 193,  "end" : 201 }, 
        {"sofa" : 1,  "begin" : 202,  "end" : 205 }, 
        {"sofa" : 1,  "begin" : 206,  "end" : 208 }, 
        {"sofa" : 1,  "begin" : 209,  "end" : 216 }, 
        {"sofa" : 1,  "begin" : 217,  "end" : 223 }, 
        {"sofa" : 1,  "begin" : 224,  "end" : 225 }, 
        {"sofa" : 1,  "begin" : 226,  "end" : 233 }, 
        {"sofa" : 1,  "begin" : 234,  "end" : 239 }, 
        {"sofa" : 1,  "begin" : 240,  "end" : 244 }, 
        {"sofa" : 1,  "begin" : 245,  "end" : 251 }, 
        {"sofa" : 1,  "begin" : 252,  "end" : 260 }, 
        {"sofa" : 1,  "begin" : 261,  "end" : 262 }, 
        {"sofa" : 1,  "begin" : 263,  "end" : 264 }, 
        {"sofa" : 1,  "begin" : 265,  "end" : 267 }, 
        {"sofa" : 1,  "begin" : 268,  "end" : 271 }, 
        {"sofa" : 1,  "begin" : 272,  "end" : 276 }, 
        {"sofa" : 1,  "begin" : 277,  "end" : 284 }, 
        {"sofa" : 1,  "begin" : 285,  "end" : 293 }, 
        {"sofa" : 1,  "begin" : 294,  "end" : 301 }, 
        {"sofa" : 1,  "begin" : 302,  "end" : 304 }, 
        {"sofa" : 1,  "begin" : 305,  "end" : 310 }, 
        {"sofa" : 1,  "begin" : 311,  "end" : 314 }, 
        {"sofa" : 1,  "begin" : 315,  "end" : 318 }, 
        {"sofa" : 1,  "begin" : 319,  "end" : 320 }, 
        {"sofa" : 1,  "begin" : 321,  "end" : 328 }, 
        {"sofa" : 1,  "begin" : 329,  "end" : 332 }, 
        {"sofa" : 1,  "begin" : 333,  "end" : 341 }, 
        {"sofa" : 1,  "begin" : 342,  "end" : 346 }, 
        {"sofa" : 1,  "begin" : 347,  "end" : 350 }, 
        {"sofa" : 1,  "begin" : 351,  "end" : 356 }, 
        {"sofa" : 1,  "begin" : 357,  "end" : 367 }, 
        {"sofa" : 1,  "begin" : 368,  "end" : 370 }, 
        {"sofa" : 1,  "begin" : 371,  "end" : 373 }, 
        {"sofa" : 1,  "begin" : 374,  "end" : 378 }, 
        {"sofa" : 1,  "begin" : 379,  "end" : 380 }, 
        {"sofa" : 1,  "begin" : 381,  "end" : 388 }, 
        {"sofa" : 1,  "begin" : 389,  "end" : 394 }, 
        {"sofa" : 1,  "begin" : 395,  "end" : 404 }, 
        {"sofa" : 1,  "begin" : 405,  "end" : 409 }, 
        {"sofa" : 1,  "begin" : 410,  "end" : 411 }, 
        {"sofa" : 1,  "begin" : 412,  "end" : 420 }, 
        {"sofa" : 1,  "begin" : 421,  "end" : 428 }, 
        {"sofa" : 1,  "begin" : 429,  "end" : 430 }, 
        {"sofa" : 1,  "begin" : 431,  "end" : 435 }, 
        {"sofa" : 1,  "begin" : 436,  "end" : 437 }, 
        {"sofa" : 1,  "begin" : 438,  "end" : 446 }, 
        {"sofa" : 1,  "begin" : 447,  "end" : 448 }, 
        {"sofa" : 1,  "begin" : 449,  "end" : 451 }, 
        {"sofa" : 1,  "begin" : 452,  "end" : 454 }, 
        {"sofa" : 1,  "begin" : 455,  "end" : 461 }, 
        {"sofa" : 1,  "begin" : 462,  "end" : 467 }, 
        {"sofa" : 1,  "begin" : 468,  "end" : 472 }, 
        {"sofa" : 1,  "begin" : 473,  "end" : 478 }, 
        {"sofa" : 1,  "begin" : 479,  "end" : 489 }, 
        {"sofa" : 1,  "begin" : 490,  "end" : 493 }, 
        {"sofa" : 1,  "begin" : 494,  "end" : 498 }, 
        {"sofa" : 1,  "begin" : 499,  "end" : 500 }, 
        {"sofa" : 1,  "begin" : 501,  "end" : 507 }, 
        {"sofa" : 1,  "begin" : 508,  "end" : 512 }, 
        {"sofa" : 1,  "begin" : 513,  "end" : 516 }, 
        {"sofa" : 1,  "begin" : 517,  "end" : 521 }, 
        {"sofa" : 1,  "begin" : 522,  "end" : 523 }, 
        {"sofa" : 1,  "begin" : 524,  "end" : 526 }, 
        {"sofa" : 1,  "begin" : 527,  "end" : 531 }, 
        {"sofa" : 1,  "begin" : 532,  "end" : 537 }, 
        {"sofa" : 1,  "begin" : 538,  "end" : 540 }, 
        {"sofa" : 1,  "begin" : 541,  "end" : 547 }, 
        {"sofa" : 1,  "begin" : 548,  "end" : 552 }, 
        {"sofa" : 1,  "begin" : 553,  "end" : 560 }, 
        {"sofa" : 1,  "begin" : 561,  "end" : 562 }, 
        {"sofa" : 1,  "begin" : 563,  "end" : 564 }, 
        {"sofa" : 1,  "begin" : 565,  "end" : 570 }, 
        {"sofa" : 1,  "begin" : 571,  "end" : 572 }, 
        {"sofa" : 1,  "begin" : 573,  "end" : 575 }, 
        {"sofa" : 1,  "begin" : 576,  "end" : 580 }, 
        {"sofa" : 1,  "begin" : 581,  "end" : 585 }, 
        {"sofa" : 1,  "begin" : 586,  "end" : 587 } ], 
      "PartsofCause" : [1565,  1556,  1574,  1754,  1669,  1678,  1835,  1786,  1803 ], 
      "TypesofCause" : [
        {"sofa" : 1,  "begin" : 36,  "end" : 56,  "Dependent" : 1565,  "Governor" : 1556,  "TypesofCause" : "Cause" }, 
        {"sofa" : 1,  "begin" : 60,  "end" : 82,  "Dependent" : 1574,  "Governor" : 1556,  "TypesofCause" : "Cause" }, 
        {"sofa" : 1,  "begin" : 193,  "end" : 216,  "Dependent" : 1754,  "Governor" : 1669,  "TypesofCause" : "Cause" }, 
        {"sofa" : 1,  "begin" : 224,  "end" : 260,  "Dependent" : 1678,  "Governor" : 1669,  "TypesofCause" : "Effect" }, 
        {"sofa" : 1,  "begin" : 263,  "end" : 293,  "Dependent" : 1835,  "Governor" : 1786,  "TypesofCause" : "Effect" }, 
        {"sofa" : 1,  "begin" : 302,  "end" : 318,  "Dependent" : 1803,  "Governor" : 1786,  "TypesofCause" : "Cause" } ] } }, 
  "_referenced_fss" : {
    "1" : {"_type" : "Sofa",  "sofaNum" : 1,  "sofaID" : "_InitialView",  "mimeType" : "text",  "sofaString" : "Like the title says , the one class I need this semester so I can finally graduate is n't being offered , my last foreign language requirement and the Dean 's office is n't budging .\nI have to complete all my classes before I student teach this spring semester .\nI ca n't stay another semester because my loans run out .\nCollege has honestly been the worst experience of my life , between being diagnosed with a lifelong disease , type 1 diabetes , to my father dying this whole experience has been a living hell and when I 'm just about to finish this happens .\nI think I 'm just done ." }, 
    "1565" : {"_type" : "PartsofCause",  "sofa" : 1,  "begin" : 36,  "end" : 56 }, 
    "1556" : {"_type" : "PartsofCause",  "sofa" : 1,  "begin" : 57,  "end" : 59,  "PartsofCause" : "Enabling" }, 
    "1574" : {"_type" : "PartsofCause",  "sofa" : 1,  "begin" : 60,  "end" : 82,  "PartsofCause" : "Argument" }, 
    "1754" : {"_type" : "PartsofCause",  "sofa" : 1,  "begin" : 193,  "end" : 216,  "PartsofCause" : "Argument" }, 
    "1669" : {"_type" : "PartsofCause",  "sofa" : 1,  "begin" : 217,  "end" : 223,  "PartsofCause" : "Enabling" }, 
    "1678" : {"_type" : "PartsofCause",  "sofa" : 1,  "begin" : 224,  "end" : 260,  "PartsofCause" : "Argument" }, 
    "1835" : {"_type" : "PartsofCause",  "sofa" : 1,  "begin" : 263,  "end" : 293,  "PartsofCause" : "Argument" }, 
    "1786" : {"_type" : "PartsofCause",  "sofa" : 1,  "begin" : 294,  "end" : 301,  "PartsofCause" : "Causing" }, 
    "1803" : {"_type" : "PartsofCause",  "sofa" : 1,  "begin" : 302,  "end" : 318,  "PartsofCause" : "Argument" }, 
    "1878" : {"_type" : "LayerDefinition",  "name" : "webanno.custom.PartsofCause",  "uiName" : "Parts of Cause" }, 
    "1885" : {"_type" : "LayerDefinition",  "name" : "webanno.custom.TypesofCause",  "uiName" : "Types of Cause" }, 
    "1867" : {"_type" : "LayerDefinition",  "name" : "webanno.custom.DisjointCausalSpans",  "uiName" : "Disjoint Causal Spans" } } }