{"_context" : {
    "_types" : {
      "DisjointCausalSpansChain" : {
        "_feature_types" : {"sofa" : "_ref",  "first" : "_ref" } }, 
      "DisjointCausalSpansLink" : {
        "_feature_types" : {"sofa" : "_ref",  "next" : "_ref" } }, 
      "DocumentMetaData" : {
        "_feature_types" : {"sofa" : "_ref" } }, 
      "FeatureDefinition" : {
        "_feature_types" : {"layer" : "_ref" } }, 
      "LayerDefinition" : { }, 
      "PartsofCause" : {
        "_feature_types" : {"sofa" : "_ref" } }, 
      "Sentence" : {
        "_feature_types" : {"sofa" : "_ref" } }, 
      "Sofa" : {
        "_feature_types" : {"sofaArray" : "_ref" } }, 
      "TagsetDescription" : {
        "_feature_types" : {"sofa" : "_ref",  "tags" : "_ref" } }, 
      "Token" : {
        "_feature_types" : {"sofa" : "_ref",  "parent" : "_ref",  "lemma" : "_ref",  "stem" : "_ref",  "pos" : "_ref",  "morph" : "_ref",  "form" : "_ref" } }, 
      "TypesofCause" : {
        "_feature_types" : {"sofa" : "_ref",  "Dependent" : "_ref",  "Governor" : "_ref" } }, 
      "AnnotationBase" : {
        "_feature_types" : {"sofa" : "_ref" }, 
        "_subtypes" : ["DisjointCausalSpansChain",  "Annotation" ] }, 
      "TOP" : {
        "_subtypes" : ["AnnotationBase",  "FeatureDefinition",  "LayerDefinition",  "Sofa" ] }, 
      "Annotation" : {
        "_feature_types" : {"sofa" : "_ref" }, 
        "_subtypes" : ["DisjointCausalSpansLink",  "DocumentAnnotation",  "PartsofCause",  "Sentence",  "TagsetDescription",  "Token",  "TypesofCause" ] }, 
      "DocumentAnnotation" : {
        "_feature_types" : {"sofa" : "_ref" }, 
        "_subtypes" : ["DocumentMetaData" ] } } }, 
  "_views" : {
    "_InitialView" : {
      "FeatureDefinition" : [
        {"layer" : 2021,  "name" : "referenceRelation",  "uiName" : "Reference Relation" }, 
        {"layer" : 2021,  "name" : "referenceType",  "uiName" : "Reference Type" }, 
        {"layer" : 2032,  "name" : "PartsofCause",  "uiName" : "Parts of Cause" }, 
        {"layer" : 2039,  "name" : "TypesofCause",  "uiName" : "Types of Cause" } ], 
      "LayerDefinition" : [2021,  2032,  2039 ], 
      "DocumentMetaData" : [
        {"sofa" : 1,  "end" : 536,  "language" : "x-unspecified",  "documentTitle" : "fable-19.txt",  "documentId" : "AYC",  "documentUri" : "file:/srv/inception/repository/project/2/document/2321/source/AYC",  "collectionId" : "file:/srv/inception/repository/project/2/document/2321/source/",  "documentBaseUri" : "file:/srv/inception/repository/project/2/document/2321/source/",  "isLastSegment" : false } ], 
      "TagsetDescription" : [
        {"sofa" : 1,  "layer" : "webanno.custom.PartsofCause",  "name" : "Parts of Cause",  "input" : false }, 
        {"sofa" : 1,  "layer" : "webanno.custom.TypesofCause",  "name" : "Causal Relations",  "input" : false } ], 
      "Sentence" : [
        {"sofa" : 1,  "end" : 212 }, 
        {"sofa" : 1,  "begin" : 213,  "end" : 290 }, 
        {"sofa" : 1,  "begin" : 291,  "end" : 353 }, 
        {"sofa" : 1,  "begin" : 354,  "end" : 536 } ], 
      "Token" : [
        {"sofa" : 1,  "end" : 1 }, 
        {"sofa" : 1,  "begin" : 2,  "end" : 5 }, 
        {"sofa" : 1,  "begin" : 6,  "end" : 7 }, 
        {"sofa" : 1,  "begin" : 8,  "end" : 15 }, 
        {"sofa" : 1,  "begin" : 16,  "end" : 20 }, 
        {"sofa" : 1,  "begin" : 21,  "end" : 25 }, 
        {"sofa" : 1,  "begin" : 26,  "end" : 31 }, 
        {"sofa" : 1,  "begin" : 32,  "end" : 35 }, 
        {"sofa" : 1,  "begin" : 36,  "end" : 41 }, 
        {"sofa" : 1,  "begin" : 42,  "end" : 44 }, 
        {"sofa" : 1,  "begin" : 45,  "end" : 46 }, 
        {"sofa" : 1,  "begin" : 47,  "end" : 53 }, 
        {"sofa" : 1,  "begin" : 54,  "end" : 57 }, 
        {"sofa" : 1,  "begin" : 58,  "end" : 62 }, 
        {"sofa" : 1,  "begin" : 63,  "end" : 65 }, 
        {"sofa" : 1,  "begin" : 66,  "end" : 70 }, 
        {"sofa" : 1,  "begin" : 71,  "end" : 74 }, 
        {"sofa" : 1,  "begin" : 75,  "end" : 76 }, 
        {"sofa" : 1,  "begin" : 77,  "end" : 80 }, 
        {"sofa" : 1,  "begin" : 81,  "end" : 83 }, 
        {"sofa" : 1,  "begin" : 84,  "end" : 87 }, 
        {"sofa" : 1,  "begin" : 88,  "end" : 98 }, 
        {"sofa" : 1,  "begin" : 99,  "end" : 102 }, 
        {"sofa" : 1,  "begin" : 103,  "end" : 106 }, 
        {"sofa" : 1,  "begin" : 107,  "end" : 115 }, 
        {"sofa" : 1,  "begin" : 116,  "end" : 117 }, 
        {"sofa" : 1,  "begin" : 118,  "end" : 121 }, 
        {"sofa" : 1,  "begin" : 122,  "end" : 126 }, 
        {"sofa" : 1,  "begin" : 127,  "end" : 134 }, 
        {"sofa" : 1,  "begin" : 135,  "end" : 139 }, 
        {"sofa" : 1,  "begin" : 140,  "end" : 142 }, 
        {"sofa" : 1,  "begin" : 143,  "end" : 147 }, 
        {"sofa" : 1,  "begin" : 148,  "end" : 150 }, 
        {"sofa" : 1,  "begin" : 151,  "end" : 159 }, 
        {"sofa" : 1,  "begin" : 160,  "end" : 164 }, 
        {"sofa" : 1,  "begin" : 165,  "end" : 166 }, 
        {"sofa" : 1,  "begin" : 167,  "end" : 173 }, 
        {"sofa" : 1,  "begin" : 174,  "end" : 175 }, 
        {"sofa" : 1,  "begin" : 176,  "end" : 179 }, 
        {"sofa" : 1,  "begin" : 180,  "end" : 184 }, 
        {"sofa" : 1,  "begin" : 185,  "end" : 188 }, 
        {"sofa" : 1,  "begin" : 189,  "end" : 196 }, 
        {"sofa" : 1,  "begin" : 197,  "end" : 199 }, 
        {"sofa" : 1,  "begin" : 200,  "end" : 205 }, 
        {"sofa" : 1,  "begin" : 206,  "end" : 210 }, 
        {"sofa" : 1,  "begin" : 211,  "end" : 212 }, 
        {"sofa" : 1,  "begin" : 213,  "end" : 214 }, 
        {"sofa" : 1,  "begin" : 215,  "end" : 216 }, 
        {"sofa" : 1,  "begin" : 217,  "end" : 221 }, 
        {"sofa" : 1,  "begin" : 222,  "end" : 226 }, 
        {"sofa" : 1,  "begin" : 227,  "end" : 230 }, 
        {"sofa" : 1,  "begin" : 231,  "end" : 234 }, 
        {"sofa" : 1,  "begin" : 235,  "end" : 238 }, 
        {"sofa" : 1,  "begin" : 239,  "end" : 243 }, 
        {"sofa" : 1,  "begin" : 244,  "end" : 245 }, 
        {"sofa" : 1,  "begin" : 246,  "end" : 247 }, 
        {"sofa" : 1,  "begin" : 248,  "end" : 252 }, 
        {"sofa" : 1,  "begin" : 253,  "end" : 255 }, 
        {"sofa" : 1,  "begin" : 256,  "end" : 257 }, 
        {"sofa" : 1,  "begin" : 258,  "end" : 259 }, 
        {"sofa" : 1,  "begin" : 260,  "end" : 263 }, 
        {"sofa" : 1,  "begin" : 264,  "end" : 268 }, 
        {"sofa" : 1,  "begin" : 269,  "end" : 273 }, 
        {"sofa" : 1,  "begin" : 274,  "end" : 276 }, 
        {"sofa" : 1,  "begin" : 277,  "end" : 281 }, 
        {"sofa" : 1,  "begin" : 282,  "end" : 284 }, 
        {"sofa" : 1,  "begin" : 285,  "end" : 288 }, 
        {"sofa" : 1,  "begin" : 289,  "end" : 290 }, 
        {"sofa" : 1,  "begin" : 291,  "end" : 294 }, 
        {"sofa" : 1,  "begin" : 295,  "end" : 297 }, 
        {"sofa" : 1,  "begin" : 298,  "end" : 300 }, 
        {"sofa" : 1,  "begin" : 301,  "end" : 302 }, 
        {"sofa" : 1,  "begin" : 303,  "end" : 306 }, 
        {"sofa" : 1,  "begin" : 307,  "end" : 308 }, 
        {"sofa" : 1,  "begin" : 309,  "end" : 313 }, 
        {"sofa" : 1,  "begin" : 314,  "end" : 318 }, 
        {"sofa" : 1,  "begin" : 319,  "end" : 322 }, 
        {"sofa" : 1,  "begin" : 323,  "end" : 327 }, 
        {"sofa" : 1,  "begin" : 328,  "end" : 336 }, 
        {"sofa" : 1,  "begin" : 337,  "end" : 340 }, 
        {"sofa" : 1,  "begin" : 341,  "end" : 345 }, 
        {"sofa" : 1,  "begin" : 346,  "end" : 349 }, 
        {"sofa" : 1,  "begin" : 350,  "end" : 351 }, 
        {"sofa" : 1,  "begin" : 352,  "end" : 353 }, 
        {"sofa" : 1,  "begin" : 354,  "end" : 355 }, 
        {"sofa" : 1,  "begin" : 356,  "end" : 358 }, 
        {"sofa" : 1,  "begin" : 359,  "end" : 360 }, 
        {"sofa" : 1,  "begin" : 361,  "end" : 366 }, 
        {"sofa" : 1,  "begin" : 367,  "end" : 370 }, 
        {"sofa" : 1,  "begin" : 371,  "end" : 372 }, 
        {"sofa" : 1,  "begin" : 373,  "end" : 374 }, 
        {"sofa" : 1,  "begin" : 375,  "end" : 379 }, 
        {"sofa" : 1,  "begin" : 380,  "end" : 383 }, 
        {"sofa" : 1,  "begin" : 384,  "end" : 389 }, 
        {"sofa" : 1,  "begin" : 390,  "end" : 391 }, 
        {"sofa" : 1,  "begin" : 392,  "end" : 395 }, 
        {"sofa" : 1,  "begin" : 396,  "end" : 399 }, 
        {"sofa" : 1,  "begin" : 400,  "end" : 403 }, 
        {"sofa" : 1,  "begin" : 404,  "end" : 412 }, 
        {"sofa" : 1,  "begin" : 413,  "end" : 416 }, 
        {"sofa" : 1,  "begin" : 417,  "end" : 421 }, 
        {"sofa" : 1,  "begin" : 422,  "end" : 424 }, 
        {"sofa" : 1,  "begin" : 425,  "end" : 428 }, 
        {"sofa" : 1,  "begin" : 429,  "end" : 434 }, 
        {"sofa" : 1,  "begin" : 435,  "end" : 440 }, 
        {"sofa" : 1,  "begin" : 441,  "end" : 444 }, 
        {"sofa" : 1,  "begin" : 445,  "end" : 448 }, 
        {"sofa" : 1,  "begin" : 449,  "end" : 450 }, 
        {"sofa" : 1,  "begin" : 451,  "end" : 452 }, 
        {"sofa" : 1,  "begin" : 453,  "end" : 455 }, 
        {"sofa" : 1,  "begin" : 456,  "end" : 459 }, 
        {"sofa" : 1,  "begin" : 460,  "end" : 464 }, 
        {"sofa" : 1,  "begin" : 465,  "end" : 471 }, 
        {"sofa" : 1,  "begin" : 472,  "end" : 473 }, 
        {"sofa" : 1,  "begin" : 474,  "end" : 478 }, 
        {"sofa" : 1,  "begin" : 479,  "end" : 485 }, 
        {"sofa" : 1,  "begin" : 486,  "end" : 490 }, 
        {"sofa" : 1,  "begin" : 491,  "end" : 493 }, 
        {"sofa" : 1,  "begin" : 494,  "end" : 496 }, 
        {"sofa" : 1,  "begin" : 497,  "end" : 503 }, 
        {"sofa" : 1,  "begin" : 504,  "end" : 508 }, 
        {"sofa" : 1,  "begin" : 509,  "end" : 512 }, 
        {"sofa" : 1,  "begin" : 513,  "end" : 517 }, 
        {"sofa" : 1,  "begin" : 518,  "end" : 521 }, 
        {"sofa" : 1,  "begin" : 522,  "end" : 525 }, 
        {"sofa" : 1,  "begin" : 526,  "end" : 529 }, 
        {"sofa" : 1,  "begin" : 530,  "end" : 532 }, 
        {"sofa" : 1,  "begin" : 533,  "end" : 534 }, 
        {"sofa" : 1,  "begin" : 535,  "end" : 536 } ], 
      "DisjointCausalSpansChain" : [
        {"sofa" : 1,  "first" : 1971 } ], 
      "DisjointCausalSpansLink" : [1957,  1971 ], 
      "PartsofCause" : [1746,  1720,  1733,  1830,  1789,  1802 ], 
      "TypesofCause" : [
        {"sofa" : 1,  "end" : 5,  "Dependent" : 1746,  "Governor" : 1720,  "TypesofCause" : "Cause" }, 
        {"sofa" : 1,  "begin" : 127,  "end" : 173,  "Dependent" : 1733,  "Governor" : 1720,  "TypesofCause" : "Effect" }, 
        {"sofa" : 1,  "begin" : 264,  "end" : 273,  "Dependent" : 1830,  "Governor" : 1789,  "TypesofCause" : "Effect" }, 
        {"sofa" : 1,  "begin" : 277,  "end" : 288,  "Dependent" : 1802,  "Governor" : 1789,  "TypesofCause" : "Cause" } ] } }, 
  "_referenced_fss" : {
    "1" : {"_type" : "Sofa",  "sofaNum" : 1,  "sofaID" : "_InitialView",  "mimeType" : "text",  "sofaString" : "A CAT , hearing that some Birds who lived in a martin box near by were ill , put on his spectacles and his overcoat , and made himself look as much as possible like a doctor , and went and knocked at their door .\n“ I hear that you are all sick , ” said he , “ and have come to call on you .\nLet me in , and I will give you some medicine and cure you . ”\n“ No , thank you , ” said the Birds , who saw his whiskers and knew he was their enemy the Cat ; “ we are well enough — much better than if we should open our door and let you in . ”" }, 
    "1746" : {"_type" : "PartsofCause",  "sofa" : 1,  "end" : 5,  "PartsofCause" : "Argument" }, 
    "1720" : {"_type" : "PartsofCause",  "sofa" : 1,  "begin" : 122,  "end" : 126,  "PartsofCause" : "Causing" }, 
    "1733" : {"_type" : "PartsofCause",  "sofa" : 1,  "begin" : 127,  "end" : 173,  "PartsofCause" : "Argument" }, 
    "1830" : {"_type" : "PartsofCause",  "sofa" : 1,  "begin" : 264,  "end" : 273,  "PartsofCause" : "Argument" }, 
    "1789" : {"_type" : "PartsofCause",  "sofa" : 1,  "begin" : 274,  "end" : 276,  "PartsofCause" : "Causing" }, 
    "1802" : {"_type" : "PartsofCause",  "sofa" : 1,  "begin" : 277,  "end" : 288,  "PartsofCause" : "Argument" }, 
    "1957" : {"_type" : "DisjointCausalSpansLink",  "sofa" : 1,  "begin" : 215,  "end" : 216 }, 
    "1971" : {"_type" : "DisjointCausalSpansLink",  "sofa" : 1,  "begin" : 264,  "end" : 273,  "next" : 1957 }, 
    "2032" : {"_type" : "LayerDefinition",  "name" : "webanno.custom.PartsofCause",  "uiName" : "Parts of Cause" }, 
    "2021" : {"_type" : "LayerDefinition",  "name" : "webanno.custom.DisjointCausalSpans",  "uiName" : "Disjoint Causal Spans" }, 
    "2039" : {"_type" : "LayerDefinition",  "name" : "webanno.custom.TypesofCause",  "uiName" : "Types of Cause" } } }