{"_context" : {
    "_types" : {
      "DocumentMetaData" : {
        "_feature_types" : {"sofa" : "_ref" } }, 
      "FeatureDefinition" : {
        "_feature_types" : {"layer" : "_ref" } }, 
      "LayerDefinition" : { }, 
      "PartsofCause" : {
        "_feature_types" : {"sofa" : "_ref" } }, 
      "Sentence" : {
        "_feature_types" : {"sofa" : "_ref" } }, 
      "Sofa" : {
        "_feature_types" : {"sofaArray" : "_ref" } }, 
      "TagsetDescription" : {
        "_feature_types" : {"sofa" : "_ref",  "tags" : "_ref" } }, 
      "Token" : {
        "_feature_types" : {"sofa" : "_ref",  "parent" : "_ref",  "lemma" : "_ref",  "stem" : "_ref",  "pos" : "_ref",  "morph" : "_ref",  "form" : "_ref" } }, 
      "TypesofCause" : {
        "_feature_types" : {"sofa" : "_ref",  "Dependent" : "_ref",  "Governor" : "_ref" } }, 
      "DocumentAnnotation" : {
        "_feature_types" : {"sofa" : "_ref" }, 
        "_subtypes" : ["DocumentMetaData" ] }, 
      "Annotation" : {
        "_feature_types" : {"sofa" : "_ref" }, 
        "_subtypes" : ["DocumentAnnotation",  "PartsofCause",  "Sentence",  "TagsetDescription",  "Token",  "TypesofCause" ] }, 
      "AnnotationBase" : {
        "_feature_types" : {"sofa" : "_ref" }, 
        "_subtypes" : ["Annotation" ] }, 
      "TOP" : {
        "_subtypes" : ["AnnotationBase",  "FeatureDefinition",  "LayerDefinition",  "Sofa" ] } } }, 
  "_views" : {
    "_InitialView" : {
      "FeatureDefinition" : [
        {"layer" : 2271,  "name" : "referenceRelation",  "uiName" : "Reference Relation" }, 
        {"layer" : 2271,  "name" : "referenceType",  "uiName" : "Reference Type" }, 
        {"layer" : 2282,  "name" : "PartsofCause",  "uiName" : "Parts of Cause" }, 
        {"layer" : 2289,  "name" : "TypesofCause",  "uiName" : "Types of Cause" } ], 
      "LayerDefinition" : [2271,  2282,  2289 ], 
      "DocumentMetaData" : [
        {"sofa" : 1,  "end" : 803,  "language" : "x-unspecified",  "documentTitle" : "fable-25.txt",  "documentId" : "GJW",  "documentUri" : "file:/srv/inception/repository/project/2/document/2327/source/GJW",  "collectionId" : "file:/srv/inception/repository/project/2/document/2327/source/",  "documentBaseUri" : "file:/srv/inception/repository/project/2/document/2327/source/",  "isLastSegment" : false } ], 
      "TagsetDescription" : [
        {"sofa" : 1,  "layer" : "webanno.custom.PartsofCause",  "name" : "Parts of Cause",  "input" : false }, 
        {"sofa" : 1,  "layer" : "webanno.custom.TypesofCause",  "name" : "Causal Relations",  "input" : false } ], 
      "Sentence" : [
        {"sofa" : 1,  "end" : 230 }, 
        {"sofa" : 1,  "begin" : 231,  "end" : 442 }, 
        {"sofa" : 1,  "begin" : 443,  "end" : 610 }, 
        {"sofa" : 1,  "begin" : 611,  "end" : 803 } ], 
      "Token" : [
        {"sofa" : 1,  "end" : 7 }, 
        {"sofa" : 1,  "begin" : 8,  "end" : 14 }, 
        {"sofa" : 1,  "begin" : 15,  "end" : 25 }, 
        {"sofa" : 1,  "begin" : 26,  "end" : 27 }, 
        {"sofa" : 1,  "begin" : 28,  "end" : 30 }, 
        {"sofa" : 1,  "begin" : 31,  "end" : 33 }, 
        {"sofa" : 1,  "begin" : 34,  "end" : 38 }, 
        {"sofa" : 1,  "begin" : 39,  "end" : 40 }, 
        {"sofa" : 1,  "begin" : 41,  "end" : 43 }, 
        {"sofa" : 1,  "begin" : 44,  "end" : 51 }, 
        {"sofa" : 1,  "begin" : 52,  "end" : 53 }, 
        {"sofa" : 1,  "begin" : 54,  "end" : 63 }, 
        {"sofa" : 1,  "begin" : 64,  "end" : 68 }, 
        {"sofa" : 1,  "begin" : 69,  "end" : 72 }, 
        {"sofa" : 1,  "begin" : 73,  "end" : 78 }, 
        {"sofa" : 1,  "begin" : 79,  "end" : 80 }, 
        {"sofa" : 1,  "begin" : 81,  "end" : 93 }, 
        {"sofa" : 1,  "begin" : 94,  "end" : 97 }, 
        {"sofa" : 1,  "begin" : 98,  "end" : 102 }, 
        {"sofa" : 1,  "begin" : 103,  "end" : 107 }, 
        {"sofa" : 1,  "begin" : 108,  "end" : 110 }, 
        {"sofa" : 1,  "begin" : 111,  "end" : 112 }, 
        {"sofa" : 1,  "begin" : 113,  "end" : 120 }, 
        {"sofa" : 1,  "begin" : 121,  "end" : 124 }, 
        {"sofa" : 1,  "begin" : 125,  "end" : 128 }, 
        {"sofa" : 1,  "begin" : 129,  "end" : 139 }, 
        {"sofa" : 1,  "begin" : 140,  "end" : 146 }, 
        {"sofa" : 1,  "begin" : 147,  "end" : 154 }, 
        {"sofa" : 1,  "begin" : 155,  "end" : 165 }, 
        {"sofa" : 1,  "begin" : 166,  "end" : 172 }, 
        {"sofa" : 1,  "begin" : 173,  "end" : 176 }, 
        {"sofa" : 1,  "begin" : 177,  "end" : 178 }, 
        {"sofa" : 1,  "begin" : 179,  "end" : 182 }, 
        {"sofa" : 1,  "begin" : 183,  "end" : 185 }, 
        {"sofa" : 1,  "begin" : 186,  "end" : 191 }, 
        {"sofa" : 1,  "begin" : 192,  "end" : 198 }, 
        {"sofa" : 1,  "begin" : 199,  "end" : 202 }, 
        {"sofa" : 1,  "begin" : 203,  "end" : 207 }, 
        {"sofa" : 1,  "begin" : 208,  "end" : 217 }, 
        {"sofa" : 1,  "begin" : 218,  "end" : 220 }, 
        {"sofa" : 1,  "begin" : 221,  "end" : 223 }, 
        {"sofa" : 1,  "begin" : 224,  "end" : 228 }, 
        {"sofa" : 1,  "begin" : 229,  "end" : 230 }, 
        {"sofa" : 1,  "begin" : 231,  "end" : 234 }, 
        {"sofa" : 1,  "begin" : 235,  "end" : 242 }, 
        {"sofa" : 1,  "begin" : 243,  "end" : 244 }, 
        {"sofa" : 1,  "begin" : 245,  "end" : 252 }, 
        {"sofa" : 1,  "begin" : 253,  "end" : 256 }, 
        {"sofa" : 1,  "begin" : 257,  "end" : 260 }, 
        {"sofa" : 1,  "begin" : 261,  "end" : 269 }, 
        {"sofa" : 1,  "begin" : 270,  "end" : 271 }, 
        {"sofa" : 1,  "begin" : 272,  "end" : 275 }, 
        {"sofa" : 1,  "begin" : 276,  "end" : 283 }, 
        {"sofa" : 1,  "begin" : 284,  "end" : 286 }, 
        {"sofa" : 1,  "begin" : 287,  "end" : 291 }, 
        {"sofa" : 1,  "begin" : 292,  "end" : 296 }, 
        {"sofa" : 1,  "begin" : 297,  "end" : 300 }, 
        {"sofa" : 1,  "begin" : 301,  "end" : 306 }, 
        {"sofa" : 1,  "begin" : 307,  "end" : 308 }, 
        {"sofa" : 1,  "begin" : 309,  "end" : 317 }, 
        {"sofa" : 1,  "begin" : 318,  "end" : 325 }, 
        {"sofa" : 1,  "begin" : 326,  "end" : 331 }, 
        {"sofa" : 1,  "begin" : 332,  "end" : 335 }, 
        {"sofa" : 1,  "begin" : 336,  "end" : 342 }, 
        {"sofa" : 1,  "begin" : 343,  "end" : 346 }, 
        {"sofa" : 1,  "begin" : 347,  "end" : 355 }, 
        {"sofa" : 1,  "begin" : 356,  "end" : 361 }, 
        {"sofa" : 1,  "begin" : 362,  "end" : 365 }, 
        {"sofa" : 1,  "begin" : 366,  "end" : 372 }, 
        {"sofa" : 1,  "begin" : 373,  "end" : 377 }, 
        {"sofa" : 1,  "begin" : 378,  "end" : 381 }, 
        {"sofa" : 1,  "begin" : 382,  "end" : 387 }, 
        {"sofa" : 1,  "begin" : 388,  "end" : 390 }, 
        {"sofa" : 1,  "begin" : 391,  "end" : 394 }, 
        {"sofa" : 1,  "begin" : 395,  "end" : 405 }, 
        {"sofa" : 1,  "begin" : 406,  "end" : 407 }, 
        {"sofa" : 1,  "begin" : 408,  "end" : 411 }, 
        {"sofa" : 1,  "begin" : 412,  "end" : 417 }, 
        {"sofa" : 1,  "begin" : 418,  "end" : 422 }, 
        {"sofa" : 1,  "begin" : 423,  "end" : 426 }, 
        {"sofa" : 1,  "begin" : 427,  "end" : 431 }, 
        {"sofa" : 1,  "begin" : 432,  "end" : 435 }, 
        {"sofa" : 1,  "begin" : 436,  "end" : 440 }, 
        {"sofa" : 1,  "begin" : 441,  "end" : 442 }, 
        {"sofa" : 1,  "begin" : 443,  "end" : 447 }, 
        {"sofa" : 1,  "begin" : 448,  "end" : 451 }, 
        {"sofa" : 1,  "begin" : 452,  "end" : 461 }, 
        {"sofa" : 1,  "begin" : 462,  "end" : 465 }, 
        {"sofa" : 1,  "begin" : 466,  "end" : 473 }, 
        {"sofa" : 1,  "begin" : 474,  "end" : 475 }, 
        {"sofa" : 1,  "begin" : 476,  "end" : 479 }, 
        {"sofa" : 1,  "begin" : 480,  "end" : 483 }, 
        {"sofa" : 1,  "begin" : 484,  "end" : 489 }, 
        {"sofa" : 1,  "begin" : 490,  "end" : 493 }, 
        {"sofa" : 1,  "begin" : 494,  "end" : 503 }, 
        {"sofa" : 1,  "begin" : 504,  "end" : 505 }, 
        {"sofa" : 1,  "begin" : 506,  "end" : 509 }, 
        {"sofa" : 1,  "begin" : 510,  "end" : 517 }, 
        {"sofa" : 1,  "begin" : 518,  "end" : 522 }, 
        {"sofa" : 1,  "begin" : 523,  "end" : 526 }, 
        {"sofa" : 1,  "begin" : 527,  "end" : 537 }, 
        {"sofa" : 1,  "begin" : 538,  "end" : 540 }, 
        {"sofa" : 1,  "begin" : 541,  "end" : 544 }, 
        {"sofa" : 1,  "begin" : 545,  "end" : 549 }, 
        {"sofa" : 1,  "begin" : 550,  "end" : 551 }, 
        {"sofa" : 1,  "begin" : 552,  "end" : 561 }, 
        {"sofa" : 1,  "begin" : 562,  "end" : 568 }, 
        {"sofa" : 1,  "begin" : 569,  "end" : 570 }, 
        {"sofa" : 1,  "begin" : 571,  "end" : 574 }, 
        {"sofa" : 1,  "begin" : 575,  "end" : 582 }, 
        {"sofa" : 1,  "begin" : 583,  "end" : 591 }, 
        {"sofa" : 1,  "begin" : 592,  "end" : 594 }, 
        {"sofa" : 1,  "begin" : 595,  "end" : 599 }, 
        {"sofa" : 1,  "begin" : 600,  "end" : 603 }, 
        {"sofa" : 1,  "begin" : 604,  "end" : 608 }, 
        {"sofa" : 1,  "begin" : 609,  "end" : 610 }, 
        {"sofa" : 1,  "begin" : 611,  "end" : 615 }, 
        {"sofa" : 1,  "begin" : 616,  "end" : 622 }, 
        {"sofa" : 1,  "begin" : 623,  "end" : 627 }, 
        {"sofa" : 1,  "begin" : 628,  "end" : 629 }, 
        {"sofa" : 1,  "begin" : 630,  "end" : 633 }, 
        {"sofa" : 1,  "begin" : 634,  "end" : 639 }, 
        {"sofa" : 1,  "begin" : 640,  "end" : 645 }, 
        {"sofa" : 1,  "begin" : 646,  "end" : 650 }, 
        {"sofa" : 1,  "begin" : 651,  "end" : 660 }, 
        {"sofa" : 1,  "begin" : 661,  "end" : 662 }, 
        {"sofa" : 1,  "begin" : 663,  "end" : 666 }, 
        {"sofa" : 1,  "begin" : 667,  "end" : 671 }, 
        {"sofa" : 1,  "begin" : 672,  "end" : 680 }, 
        {"sofa" : 1,  "begin" : 681,  "end" : 685 }, 
        {"sofa" : 1,  "begin" : 686,  "end" : 689 }, 
        {"sofa" : 1,  "begin" : 690,  "end" : 697 }, 
        {"sofa" : 1,  "begin" : 698,  "end" : 701 }, 
        {"sofa" : 1,  "begin" : 702,  "end" : 705 }, 
        {"sofa" : 1,  "begin" : 706,  "end" : 710 }, 
        {"sofa" : 1,  "begin" : 711,  "end" : 713 }, 
        {"sofa" : 1,  "begin" : 714,  "end" : 722 }, 
        {"sofa" : 1,  "begin" : 723,  "end" : 724 }, 
        {"sofa" : 1,  "begin" : 725,  "end" : 729 }, 
        {"sofa" : 1,  "begin" : 730,  "end" : 734 }, 
        {"sofa" : 1,  "begin" : 735,  "end" : 738 }, 
        {"sofa" : 1,  "begin" : 739,  "end" : 747 }, 
        {"sofa" : 1,  "begin" : 748,  "end" : 752 }, 
        {"sofa" : 1,  "begin" : 753,  "end" : 754 }, 
        {"sofa" : 1,  "begin" : 755,  "end" : 760 }, 
        {"sofa" : 1,  "begin" : 761,  "end" : 768 }, 
        {"sofa" : 1,  "begin" : 769,  "end" : 773 }, 
        {"sofa" : 1,  "begin" : 774,  "end" : 776 }, 
        {"sofa" : 1,  "begin" : 777,  "end" : 782 }, 
        {"sofa" : 1,  "begin" : 783,  "end" : 785 }, 
        {"sofa" : 1,  "begin" : 786,  "end" : 794 }, 
        {"sofa" : 1,  "begin" : 795,  "end" : 801 }, 
        {"sofa" : 1,  "begin" : 802,  "end" : 803 } ], 
      "PartsofCause" : [2190,  2228,  2207,  2054,  2032,  2041,  2109,  2118,  2127 ], 
      "TypesofCause" : [
        {"sofa" : 1,  "begin" : 183,  "end" : 217,  "Dependent" : 2190,  "Governor" : 2228,  "TypesofCause" : "Effect" }, 
        {"sofa" : 1,  "begin" : 221,  "end" : 228,  "Dependent" : 2207,  "Governor" : 2228,  "TypesofCause" : "Cause" }, 
        {"sofa" : 1,  "begin" : 575,  "end" : 582,  "Dependent" : 2054,  "Governor" : 2032,  "TypesofCause" : "Cause" }, 
        {"sofa" : 1,  "begin" : 600,  "end" : 608,  "Dependent" : 2041,  "Governor" : 2032,  "TypesofCause" : "Effect" }, 
        {"sofa" : 1,  "begin" : 616,  "end" : 627,  "Dependent" : 2118,  "Governor" : 2109,  "TypesofCause" : "Cause" }, 
        {"sofa" : 1,  "begin" : 630,  "end" : 660,  "Dependent" : 2127,  "Governor" : 2109,  "TypesofCause" : "Effect" } ] } }, 
  "_referenced_fss" : {
    "1" : {"_type" : "Sofa",  "sofaNum" : 1,  "sofaID" : "_InitialView",  "mimeType" : "text",  "sofaString" : "JUPITER having determined , it is said , to appoint a sovereign over the birds , proclamation was made that on a certain day the candidates should present themselves before him , and he would choose the most beautiful to be king .\nThe Jackdaw , knowing his own ugliness , yet wishing to rule over the birds , searched through woods and fields for feathers which had fallen from the wings of his companions , and stuck them all over his body .\nWhen the appointed day arrived , and the birds had assembled , the Jackdaw made his appearance in his many - feathered finery , and Jupiter proposed to make him king .\nUpon seeing this , the other birds were indignant , and each plucking from the Jackdaw his own kind of feathers , they left the proposed king a plain Jackdaw with no claim to superior beauty ." }, 
    "2190" : {"_type" : "PartsofCause",  "sofa" : 1,  "begin" : 183,  "end" : 217,  "PartsofCause" : "Argument" }, 
    "2228" : {"_type" : "PartsofCause",  "sofa" : 1,  "begin" : 218,  "end" : 220,  "PartsofCause" : "Causing" }, 
    "2207" : {"_type" : "PartsofCause",  "sofa" : 1,  "begin" : 221,  "end" : 228,  "PartsofCause" : "Argument" }, 
    "2054" : {"_type" : "PartsofCause",  "sofa" : 1,  "begin" : 575,  "end" : 582,  "PartsofCause" : "Argument" }, 
    "2032" : {"_type" : "PartsofCause",  "sofa" : 1,  "begin" : 595,  "end" : 599,  "PartsofCause" : "Causing" }, 
    "2041" : {"_type" : "PartsofCause",  "sofa" : 1,  "begin" : 600,  "end" : 608,  "PartsofCause" : "Argument" }, 
    "2118" : {"_type" : "PartsofCause",  "sofa" : 1,  "begin" : 616,  "end" : 627,  "PartsofCause" : "Argument" }, 
    "2109" : {"_type" : "PartsofCause",  "sofa" : 1,  "begin" : 611,  "end" : 615,  "PartsofCause" : "Causing" }, 
    "2127" : {"_type" : "PartsofCause",  "sofa" : 1,  "begin" : 630,  "end" : 660,  "PartsofCause" : "Argument" }, 
    "2282" : {"_type" : "LayerDefinition",  "name" : "webanno.custom.PartsofCause",  "uiName" : "Parts of Cause" }, 
    "2271" : {"_type" : "LayerDefinition",  "name" : "webanno.custom.DisjointCausalSpans",  "uiName" : "Disjoint Causal Spans" }, 
    "2289" : {"_type" : "LayerDefinition",  "name" : "webanno.custom.TypesofCause",  "uiName" : "Types of Cause" } } }