{"_context" : {
    "_types" : {
      "DocumentMetaData" : {
        "_feature_types" : {"sofa" : "_ref" } }, 
      "FeatureDefinition" : {
        "_feature_types" : {"layer" : "_ref" } }, 
      "LayerDefinition" : { }, 
      "PartsofCause" : {
        "_feature_types" : {"sofa" : "_ref" } }, 
      "Sentence" : {
        "_feature_types" : {"sofa" : "_ref" } }, 
      "Sofa" : {
        "_feature_types" : {"sofaArray" : "_ref" } }, 
      "TagsetDescription" : {
        "_feature_types" : {"sofa" : "_ref",  "tags" : "_ref" } }, 
      "Token" : {
        "_feature_types" : {"sofa" : "_ref",  "parent" : "_ref",  "lemma" : "_ref",  "stem" : "_ref",  "pos" : "_ref",  "morph" : "_ref",  "form" : "_ref" } }, 
      "TypesofCause" : {
        "_feature_types" : {"sofa" : "_ref",  "Dependent" : "_ref",  "Governor" : "_ref" } }, 
      "DocumentAnnotation" : {
        "_feature_types" : {"sofa" : "_ref" }, 
        "_subtypes" : ["DocumentMetaData" ] }, 
      "Annotation" : {
        "_feature_types" : {"sofa" : "_ref" }, 
        "_subtypes" : ["DocumentAnnotation",  "PartsofCause",  "Sentence",  "TagsetDescription",  "Token",  "TypesofCause" ] }, 
      "AnnotationBase" : {
        "_feature_types" : {"sofa" : "_ref" }, 
        "_subtypes" : ["Annotation" ] }, 
      "TOP" : {
        "_subtypes" : ["AnnotationBase",  "FeatureDefinition",  "LayerDefinition",  "Sofa" ] } } }, 
  "_views" : {
    "_InitialView" : {
      "FeatureDefinition" : [
        {"layer" : 2262,  "name" : "referenceRelation",  "uiName" : "Reference Relation" }, 
        {"layer" : 2262,  "name" : "referenceType",  "uiName" : "Reference Type" }, 
        {"layer" : 2273,  "name" : "PartsofCause",  "uiName" : "Parts of Cause" }, 
        {"layer" : 2280,  "name" : "TypesofCause",  "uiName" : "Types of Cause" } ], 
      "LayerDefinition" : [2262,  2273,  2280 ], 
      "DocumentMetaData" : [
        {"sofa" : 1,  "end" : 760,  "language" : "x-unspecified",  "documentTitle" : "cnn-27.txt",  "documentId" : "AYC",  "documentUri" : "file:/srv/inception/repository/project/2/document/2379/source/AYC",  "collectionId" : "file:/srv/inception/repository/project/2/document/2379/source/",  "documentBaseUri" : "file:/srv/inception/repository/project/2/document/2379/source/",  "isLastSegment" : false } ], 
      "TagsetDescription" : [
        {"sofa" : 1,  "layer" : "webanno.custom.PartsofCause",  "name" : "Parts of Cause",  "input" : false }, 
        {"sofa" : 1,  "layer" : "webanno.custom.TypesofCause",  "name" : "Causal Relations",  "input" : false } ], 
      "Sentence" : [
        {"sofa" : 1,  "end" : 150 }, 
        {"sofa" : 1,  "begin" : 151,  "end" : 296 }, 
        {"sofa" : 1,  "begin" : 297,  "end" : 397 }, 
        {"sofa" : 1,  "begin" : 398,  "end" : 556 }, 
        {"sofa" : 1,  "begin" : 557,  "end" : 648 }, 
        {"sofa" : 1,  "begin" : 649,  "end" : 760 } ], 
      "Token" : [
        {"sofa" : 1,  "end" : 3 }, 
        {"sofa" : 1,  "begin" : 4,  "end" : 7 }, 
        {"sofa" : 1,  "begin" : 8,  "end" : 11 }, 
        {"sofa" : 1,  "begin" : 12,  "end" : 16 }, 
        {"sofa" : 1,  "begin" : 17,  "end" : 21 }, 
        {"sofa" : 1,  "begin" : 22,  "end" : 26 }, 
        {"sofa" : 1,  "begin" : 27,  "end" : 29 }, 
        {"sofa" : 1,  "begin" : 30,  "end" : 37 }, 
        {"sofa" : 1,  "begin" : 38,  "end" : 40 }, 
        {"sofa" : 1,  "begin" : 41,  "end" : 46 }, 
        {"sofa" : 1,  "begin" : 47,  "end" : 52 }, 
        {"sofa" : 1,  "begin" : 53,  "end" : 55 }, 
        {"sofa" : 1,  "begin" : 56,  "end" : 59 }, 
        {"sofa" : 1,  "begin" : 60,  "end" : 68 }, 
        {"sofa" : 1,  "begin" : 69,  "end" : 78 }, 
        {"sofa" : 1,  "begin" : 79,  "end" : 81 }, 
        {"sofa" : 1,  "begin" : 82,  "end" : 85 }, 
        {"sofa" : 1,  "begin" : 86,  "end" : 90 }, 
        {"sofa" : 1,  "begin" : 91,  "end" : 93 }, 
        {"sofa" : 1,  "begin" : 94,  "end" : 98 }, 
        {"sofa" : 1,  "begin" : 99,  "end" : 100 }, 
        {"sofa" : 1,  "begin" : 101,  "end" : 103 }, 
        {"sofa" : 1,  "begin" : 104,  "end" : 112 }, 
        {"sofa" : 1,  "begin" : 113,  "end" : 117 }, 
        {"sofa" : 1,  "begin" : 118,  "end" : 122 }, 
        {"sofa" : 1,  "begin" : 123,  "end" : 125 }, 
        {"sofa" : 1,  "begin" : 126,  "end" : 134 }, 
        {"sofa" : 1,  "begin" : 135,  "end" : 143 }, 
        {"sofa" : 1,  "begin" : 144,  "end" : 148 }, 
        {"sofa" : 1,  "begin" : 149,  "end" : 150 }, 
        {"sofa" : 1,  "begin" : 151,  "end" : 153 }, 
        {"sofa" : 1,  "begin" : 154,  "end" : 157 }, 
        {"sofa" : 1,  "begin" : 158,  "end" : 162 }, 
        {"sofa" : 1,  "begin" : 163,  "end" : 169 }, 
        {"sofa" : 1,  "begin" : 170,  "end" : 176 }, 
        {"sofa" : 1,  "begin" : 177,  "end" : 178 }, 
        {"sofa" : 1,  "begin" : 179,  "end" : 182 }, 
        {"sofa" : 1,  "begin" : 183,  "end" : 186 }, 
        {"sofa" : 1,  "begin" : 187,  "end" : 191 }, 
        {"sofa" : 1,  "begin" : 192,  "end" : 198 }, 
        {"sofa" : 1,  "begin" : 199,  "end" : 207 }, 
        {"sofa" : 1,  "begin" : 208,  "end" : 210 }, 
        {"sofa" : 1,  "begin" : 211,  "end" : 215 }, 
        {"sofa" : 1,  "begin" : 216,  "end" : 220 }, 
        {"sofa" : 1,  "begin" : 221,  "end" : 225 }, 
        {"sofa" : 1,  "begin" : 226,  "end" : 228 }, 
        {"sofa" : 1,  "begin" : 229,  "end" : 236 }, 
        {"sofa" : 1,  "begin" : 237,  "end" : 242 }, 
        {"sofa" : 1,  "begin" : 243,  "end" : 247 }, 
        {"sofa" : 1,  "begin" : 248,  "end" : 252 }, 
        {"sofa" : 1,  "begin" : 253,  "end" : 261 }, 
        {"sofa" : 1,  "begin" : 262,  "end" : 264 }, 
        {"sofa" : 1,  "begin" : 265,  "end" : 274 }, 
        {"sofa" : 1,  "begin" : 275,  "end" : 276 }, 
        {"sofa" : 1,  "begin" : 277,  "end" : 280 }, 
        {"sofa" : 1,  "begin" : 281,  "end" : 289 }, 
        {"sofa" : 1,  "begin" : 290,  "end" : 294 }, 
        {"sofa" : 1,  "begin" : 295,  "end" : 296 }, 
        {"sofa" : 1,  "begin" : 297,  "end" : 300 }, 
        {"sofa" : 1,  "begin" : 301,  "end" : 310 }, 
        {"sofa" : 1,  "begin" : 311,  "end" : 315 }, 
        {"sofa" : 1,  "begin" : 316,  "end" : 321 }, 
        {"sofa" : 1,  "begin" : 322,  "end" : 323 }, 
        {"sofa" : 1,  "begin" : 324,  "end" : 330 }, 
        {"sofa" : 1,  "begin" : 331,  "end" : 338 }, 
        {"sofa" : 1,  "begin" : 339,  "end" : 342 }, 
        {"sofa" : 1,  "begin" : 343,  "end" : 347 }, 
        {"sofa" : 1,  "begin" : 348,  "end" : 351 }, 
        {"sofa" : 1,  "begin" : 352,  "end" : 355 }, 
        {"sofa" : 1,  "begin" : 356,  "end" : 363 }, 
        {"sofa" : 1,  "begin" : 364,  "end" : 371 }, 
        {"sofa" : 1,  "begin" : 372,  "end" : 374 }, 
        {"sofa" : 1,  "begin" : 375,  "end" : 377 }, 
        {"sofa" : 1,  "begin" : 378,  "end" : 383 }, 
        {"sofa" : 1,  "begin" : 384,  "end" : 387 }, 
        {"sofa" : 1,  "begin" : 388,  "end" : 395 }, 
        {"sofa" : 1,  "begin" : 396,  "end" : 397 }, 
        {"sofa" : 1,  "begin" : 398,  "end" : 400 }, 
        {"sofa" : 1,  "begin" : 401,  "end" : 406 }, 
        {"sofa" : 1,  "begin" : 407,  "end" : 409 }, 
        {"sofa" : 1,  "begin" : 410,  "end" : 411 }, 
        {"sofa" : 1,  "begin" : 412,  "end" : 416 }, 
        {"sofa" : 1,  "begin" : 417,  "end" : 427 }, 
        {"sofa" : 1,  "begin" : 428,  "end" : 431 }, 
        {"sofa" : 1,  "begin" : 432,  "end" : 436 }, 
        {"sofa" : 1,  "begin" : 437,  "end" : 444 }, 
        {"sofa" : 1,  "begin" : 445,  "end" : 449 }, 
        {"sofa" : 1,  "begin" : 450,  "end" : 452 }, 
        {"sofa" : 1,  "begin" : 453,  "end" : 456 }, 
        {"sofa" : 1,  "begin" : 457,  "end" : 461 }, 
        {"sofa" : 1,  "begin" : 462,  "end" : 466 }, 
        {"sofa" : 1,  "begin" : 467,  "end" : 468 }, 
        {"sofa" : 1,  "begin" : 469,  "end" : 472 }, 
        {"sofa" : 1,  "begin" : 473,  "end" : 481 }, 
        {"sofa" : 1,  "begin" : 482,  "end" : 486 }, 
        {"sofa" : 1,  "begin" : 487,  "end" : 488 }, 
        {"sofa" : 1,  "begin" : 489,  "end" : 495 }, 
        {"sofa" : 1,  "begin" : 496,  "end" : 500 }, 
        {"sofa" : 1,  "begin" : 501,  "end" : 504 }, 
        {"sofa" : 1,  "begin" : 505,  "end" : 512 }, 
        {"sofa" : 1,  "begin" : 513,  "end" : 516 }, 
        {"sofa" : 1,  "begin" : 517,  "end" : 521 }, 
        {"sofa" : 1,  "begin" : 522,  "end" : 526 }, 
        {"sofa" : 1,  "begin" : 527,  "end" : 535 }, 
        {"sofa" : 1,  "begin" : 536,  "end" : 538 }, 
        {"sofa" : 1,  "begin" : 539,  "end" : 544 }, 
        {"sofa" : 1,  "begin" : 545,  "end" : 554 }, 
        {"sofa" : 1,  "begin" : 555,  "end" : 556 }, 
        {"sofa" : 1,  "begin" : 557,  "end" : 560 }, 
        {"sofa" : 1,  "begin" : 561,  "end" : 569 }, 
        {"sofa" : 1,  "begin" : 570,  "end" : 578 }, 
        {"sofa" : 1,  "begin" : 579,  "end" : 581 }, 
        {"sofa" : 1,  "begin" : 582,  "end" : 584 }, 
        {"sofa" : 1,  "begin" : 585,  "end" : 595 }, 
        {"sofa" : 1,  "begin" : 596,  "end" : 603 }, 
        {"sofa" : 1,  "begin" : 604,  "end" : 606 }, 
        {"sofa" : 1,  "begin" : 607,  "end" : 609 }, 
        {"sofa" : 1,  "begin" : 610,  "end" : 613 }, 
        {"sofa" : 1,  "begin" : 614,  "end" : 624 }, 
        {"sofa" : 1,  "begin" : 625,  "end" : 627 }, 
        {"sofa" : 1,  "begin" : 628,  "end" : 633 }, 
        {"sofa" : 1,  "begin" : 634,  "end" : 636 }, 
        {"sofa" : 1,  "begin" : 637,  "end" : 640 }, 
        {"sofa" : 1,  "begin" : 641,  "end" : 646 }, 
        {"sofa" : 1,  "begin" : 647,  "end" : 648 }, 
        {"sofa" : 1,  "begin" : 649,  "end" : 658 }, 
        {"sofa" : 1,  "begin" : 659,  "end" : 663 }, 
        {"sofa" : 1,  "begin" : 664,  "end" : 667 }, 
        {"sofa" : 1,  "begin" : 668,  "end" : 672 }, 
        {"sofa" : 1,  "begin" : 673,  "end" : 674 }, 
        {"sofa" : 1,  "begin" : 675,  "end" : 679 }, 
        {"sofa" : 1,  "begin" : 680,  "end" : 684 }, 
        {"sofa" : 1,  "begin" : 685,  "end" : 689 }, 
        {"sofa" : 1,  "begin" : 690,  "end" : 691 }, 
        {"sofa" : 1,  "begin" : 692,  "end" : 697 }, 
        {"sofa" : 1,  "begin" : 698,  "end" : 701 }, 
        {"sofa" : 1,  "begin" : 702,  "end" : 703 }, 
        {"sofa" : 1,  "begin" : 704,  "end" : 711 }, 
        {"sofa" : 1,  "begin" : 712,  "end" : 721 }, 
        {"sofa" : 1,  "begin" : 722,  "end" : 726 }, 
        {"sofa" : 1,  "begin" : 727,  "end" : 730 }, 
        {"sofa" : 1,  "begin" : 731,  "end" : 735 }, 
        {"sofa" : 1,  "begin" : 736,  "end" : 737 }, 
        {"sofa" : 1,  "begin" : 738,  "end" : 741 }, 
        {"sofa" : 1,  "begin" : 742,  "end" : 746 }, 
        {"sofa" : 1,  "begin" : 747,  "end" : 750 }, 
        {"sofa" : 1,  "begin" : 751,  "end" : 753 }, 
        {"sofa" : 1,  "begin" : 754,  "end" : 758 }, 
        {"sofa" : 1,  "begin" : 759,  "end" : 760 } ], 
      "PartsofCause" : [1990,  2016,  2003,  2210,  2223,  2197,  2100,  2059,  2072,  2154,  2128,  2141 ], 
      "TypesofCause" : [
        {"sofa" : 1,  "end" : 26,  "Dependent" : 1990,  "Governor" : 2016,  "TypesofCause" : "Effect" }, 
        {"sofa" : 1,  "begin" : 30,  "end" : 52,  "Dependent" : 2003,  "Governor" : 2016,  "TypesofCause" : "Cause" }, 
        {"sofa" : 1,  "begin" : 154,  "end" : 176,  "Dependent" : 2223,  "Governor" : 2210,  "TypesofCause" : "Cause" }, 
        {"sofa" : 1,  "begin" : 179,  "end" : 236,  "Dependent" : 2197,  "Governor" : 2210,  "TypesofCause" : "Effect" }, 
        {"sofa" : 1,  "begin" : 297,  "end" : 315,  "Dependent" : 2100,  "Governor" : 2059,  "TypesofCause" : "Effect" }, 
        {"sofa" : 1,  "begin" : 322,  "end" : 395,  "Dependent" : 2072,  "Governor" : 2059,  "TypesofCause" : "Cause" }, 
        {"sofa" : 1,  "begin" : 557,  "end" : 595,  "Dependent" : 2154,  "Governor" : 2128,  "TypesofCause" : "Effect" }, 
        {"sofa" : 1,  "begin" : 604,  "end" : 646,  "Dependent" : 2141,  "Governor" : 2128,  "TypesofCause" : "Cause" } ] } }, 
  "_referenced_fss" : {
    "1" : {"_type" : "Sofa",  "sofaNum" : 1,  "sofaID" : "_InitialView",  "mimeType" : "text",  "sofaString" : "Six gay men were shot dead by members of their tribe in two separate incidents in the past 10 days , an official with Iraq 's Interior ministry said .\nIn the most recent attack , two men were killed Thursday in Sadr City area of Baghdad after they were disowned by relatives , the official said .\nThe shootings came after a tribal meeting was held and the members decided to go after the victims .\nOn March 26 , four additional men were fatally shot in the same city , the official said , adding that the victims had also been disowned by their relatives .\nThe official declined to be identified because he is not authorized to speak to the media .\nWitnesses told CNN that a Sadr City cafe , which was a popular gathering spot for gays , was also set on fire ." }, 
    "1990" : {"_type" : "PartsofCause",  "sofa" : 1,  "end" : 26,  "PartsofCause" : "Argument" }, 
    "2016" : {"_type" : "PartsofCause",  "sofa" : 1,  "begin" : 27,  "end" : 29,  "PartsofCause" : "Causing" }, 
    "2003" : {"_type" : "PartsofCause",  "sofa" : 1,  "begin" : 30,  "end" : 52,  "PartsofCause" : "Argument" }, 
    "2223" : {"_type" : "PartsofCause",  "sofa" : 1,  "begin" : 154,  "end" : 176,  "PartsofCause" : "Argument" }, 
    "2210" : {"_type" : "PartsofCause",  "sofa" : 1,  "begin" : 151,  "end" : 153,  "PartsofCause" : "Causing" }, 
    "2197" : {"_type" : "PartsofCause",  "sofa" : 1,  "begin" : 179,  "end" : 236,  "PartsofCause" : "Argument" }, 
    "2100" : {"_type" : "PartsofCause",  "sofa" : 1,  "begin" : 297,  "end" : 315,  "PartsofCause" : "Argument" }, 
    "2059" : {"_type" : "PartsofCause",  "sofa" : 1,  "begin" : 316,  "end" : 321,  "PartsofCause" : "Enabling" }, 
    "2072" : {"_type" : "PartsofCause",  "sofa" : 1,  "begin" : 322,  "end" : 395,  "PartsofCause" : "Argument" }, 
    "2154" : {"_type" : "PartsofCause",  "sofa" : 1,  "begin" : 557,  "end" : 595,  "PartsofCause" : "Argument" }, 
    "2128" : {"_type" : "PartsofCause",  "sofa" : 1,  "begin" : 596,  "end" : 603,  "PartsofCause" : "Causing" }, 
    "2141" : {"_type" : "PartsofCause",  "sofa" : 1,  "begin" : 604,  "end" : 646,  "PartsofCause" : "Argument" }, 
    "2273" : {"_type" : "LayerDefinition",  "name" : "webanno.custom.PartsofCause",  "uiName" : "Parts of Cause" }, 
    "2262" : {"_type" : "LayerDefinition",  "name" : "webanno.custom.DisjointCausalSpans",  "uiName" : "Disjoint Causal Spans" }, 
    "2280" : {"_type" : "LayerDefinition",  "name" : "webanno.custom.TypesofCause",  "uiName" : "Types of Cause" } } }