{"_context" : {
    "_types" : {
      "DocumentMetaData" : {
        "_feature_types" : {"sofa" : "_ref" } }, 
      "FeatureDefinition" : {
        "_feature_types" : {"layer" : "_ref" } }, 
      "LayerDefinition" : { }, 
      "PartsofCause" : {
        "_feature_types" : {"sofa" : "_ref" } }, 
      "Sentence" : {
        "_feature_types" : {"sofa" : "_ref" } }, 
      "Sofa" : {
        "_feature_types" : {"sofaArray" : "_ref" } }, 
      "TagsetDescription" : {
        "_feature_types" : {"sofa" : "_ref",  "tags" : "_ref" } }, 
      "Token" : {
        "_feature_types" : {"sofa" : "_ref",  "parent" : "_ref",  "lemma" : "_ref",  "stem" : "_ref",  "pos" : "_ref",  "morph" : "_ref",  "form" : "_ref" } }, 
      "TypesofCause" : {
        "_feature_types" : {"sofa" : "_ref",  "Dependent" : "_ref",  "Governor" : "_ref" } }, 
      "DocumentAnnotation" : {
        "_feature_types" : {"sofa" : "_ref" }, 
        "_subtypes" : ["DocumentMetaData" ] }, 
      "Annotation" : {
        "_feature_types" : {"sofa" : "_ref" }, 
        "_subtypes" : ["DocumentAnnotation",  "PartsofCause",  "Sentence",  "TagsetDescription",  "Token",  "TypesofCause" ] }, 
      "AnnotationBase" : {
        "_feature_types" : {"sofa" : "_ref" }, 
        "_subtypes" : ["Annotation" ] }, 
      "TOP" : {
        "_subtypes" : ["AnnotationBase",  "FeatureDefinition",  "LayerDefinition",  "Sofa" ] } } }, 
  "_views" : {
    "_InitialView" : {
      "FeatureDefinition" : [
        {"layer" : 1890,  "name" : "referenceRelation",  "uiName" : "Reference Relation" }, 
        {"layer" : 1890,  "name" : "referenceType",  "uiName" : "Reference Type" }, 
        {"layer" : 1901,  "name" : "PartsofCause",  "uiName" : "Parts of Cause" }, 
        {"layer" : 1908,  "name" : "TypesofCause",  "uiName" : "Types of Cause" } ], 
      "LayerDefinition" : [1890,  1901,  1908 ], 
      "DocumentMetaData" : [
        {"sofa" : 1,  "end" : 601,  "language" : "x-unspecified",  "documentTitle" : "reddit-053.txt",  "documentId" : "GJW",  "documentUri" : "file:/srv/inception/repository/project/2/document/2455/source/GJW",  "collectionId" : "file:/srv/inception/repository/project/2/document/2455/source/",  "documentBaseUri" : "file:/srv/inception/repository/project/2/document/2455/source/",  "isLastSegment" : false } ], 
      "TagsetDescription" : [
        {"sofa" : 1,  "layer" : "webanno.custom.PartsofCause",  "name" : "Parts of Cause",  "input" : false }, 
        {"sofa" : 1,  "layer" : "webanno.custom.TypesofCause",  "name" : "Causal Relations",  "input" : false } ], 
      "Sentence" : [
        {"sofa" : 1,  "end" : 44 }, 
        {"sofa" : 1,  "begin" : 45,  "end" : 151 }, 
        {"sofa" : 1,  "begin" : 152,  "end" : 195 }, 
        {"sofa" : 1,  "begin" : 196,  "end" : 265 }, 
        {"sofa" : 1,  "begin" : 266,  "end" : 381 }, 
        {"sofa" : 1,  "begin" : 382,  "end" : 469 }, 
        {"sofa" : 1,  "begin" : 470,  "end" : 589 }, 
        {"sofa" : 1,  "begin" : 590,  "end" : 601 } ], 
      "Token" : [
        {"sofa" : 1,  "end" : 3 }, 
        {"sofa" : 1,  "begin" : 4,  "end" : 6 }, 
        {"sofa" : 1,  "begin" : 7,  "end" : 10 }, 
        {"sofa" : 1,  "begin" : 11,  "end" : 15 }, 
        {"sofa" : 1,  "begin" : 16,  "end" : 20 }, 
        {"sofa" : 1,  "begin" : 21,  "end" : 31 }, 
        {"sofa" : 1,  "begin" : 32,  "end" : 34 }, 
        {"sofa" : 1,  "begin" : 35,  "end" : 42 }, 
        {"sofa" : 1,  "begin" : 43,  "end" : 44 }, 
        {"sofa" : 1,  "begin" : 45,  "end" : 46 }, 
        {"sofa" : 1,  "begin" : 47,  "end" : 49 }, 
        {"sofa" : 1,  "begin" : 50,  "end" : 52 }, 
        {"sofa" : 1,  "begin" : 53,  "end" : 66 }, 
        {"sofa" : 1,  "begin" : 67,  "end" : 74 }, 
        {"sofa" : 1,  "begin" : 75,  "end" : 78 }, 
        {"sofa" : 1,  "begin" : 79,  "end" : 80 }, 
        {"sofa" : 1,  "begin" : 81,  "end" : 84 }, 
        {"sofa" : 1,  "begin" : 85,  "end" : 91 }, 
        {"sofa" : 1,  "begin" : 92,  "end" : 96 }, 
        {"sofa" : 1,  "begin" : 97,  "end" : 98 }, 
        {"sofa" : 1,  "begin" : 99,  "end" : 103 }, 
        {"sofa" : 1,  "begin" : 104,  "end" : 114 }, 
        {"sofa" : 1,  "begin" : 115,  "end" : 117 }, 
        {"sofa" : 1,  "begin" : 118,  "end" : 121 }, 
        {"sofa" : 1,  "begin" : 122,  "end" : 133 }, 
        {"sofa" : 1,  "begin" : 134,  "end" : 135 }, 
        {"sofa" : 1,  "begin" : 136,  "end" : 141 }, 
        {"sofa" : 1,  "begin" : 142,  "end" : 145 }, 
        {"sofa" : 1,  "begin" : 146,  "end" : 149 }, 
        {"sofa" : 1,  "begin" : 150,  "end" : 151 }, 
        {"sofa" : 1,  "begin" : 152,  "end" : 153 }, 
        {"sofa" : 1,  "begin" : 154,  "end" : 158 }, 
        {"sofa" : 1,  "begin" : 159,  "end" : 163 }, 
        {"sofa" : 1,  "begin" : 164,  "end" : 165 }, 
        {"sofa" : 1,  "begin" : 166,  "end" : 169 }, 
        {"sofa" : 1,  "begin" : 170,  "end" : 177 }, 
        {"sofa" : 1,  "begin" : 178,  "end" : 179 }, 
        {"sofa" : 1,  "begin" : 180,  "end" : 186 }, 
        {"sofa" : 1,  "begin" : 187,  "end" : 188 }, 
        {"sofa" : 1,  "begin" : 189,  "end" : 193 }, 
        {"sofa" : 1,  "begin" : 194,  "end" : 195 }, 
        {"sofa" : 1,  "begin" : 196,  "end" : 200 }, 
        {"sofa" : 1,  "begin" : 201,  "end" : 207 }, 
        {"sofa" : 1,  "begin" : 208,  "end" : 212 }, 
        {"sofa" : 1,  "begin" : 213,  "end" : 217 }, 
        {"sofa" : 1,  "begin" : 218,  "end" : 223 }, 
        {"sofa" : 1,  "begin" : 224,  "end" : 225 }, 
        {"sofa" : 1,  "begin" : 226,  "end" : 231 }, 
        {"sofa" : 1,  "begin" : 232,  "end" : 233 }, 
        {"sofa" : 1,  "begin" : 234,  "end" : 236 }, 
        {"sofa" : 1,  "begin" : 237,  "end" : 242 }, 
        {"sofa" : 1,  "begin" : 243,  "end" : 248 }, 
        {"sofa" : 1,  "begin" : 249,  "end" : 251 }, 
        {"sofa" : 1,  "begin" : 252,  "end" : 255 }, 
        {"sofa" : 1,  "begin" : 256,  "end" : 263 }, 
        {"sofa" : 1,  "begin" : 264,  "end" : 265 }, 
        {"sofa" : 1,  "begin" : 266,  "end" : 268 }, 
        {"sofa" : 1,  "begin" : 269,  "end" : 273 }, 
        {"sofa" : 1,  "begin" : 274,  "end" : 280 }, 
        {"sofa" : 1,  "begin" : 281,  "end" : 286 }, 
        {"sofa" : 1,  "begin" : 287,  "end" : 288 }, 
        {"sofa" : 1,  "begin" : 289,  "end" : 293 }, 
        {"sofa" : 1,  "begin" : 294,  "end" : 300 }, 
        {"sofa" : 1,  "begin" : 301,  "end" : 305 }, 
        {"sofa" : 1,  "begin" : 306,  "end" : 309 }, 
        {"sofa" : 1,  "begin" : 310,  "end" : 312 }, 
        {"sofa" : 1,  "begin" : 313,  "end" : 318 }, 
        {"sofa" : 1,  "begin" : 319,  "end" : 327 }, 
        {"sofa" : 1,  "begin" : 328,  "end" : 331 }, 
        {"sofa" : 1,  "begin" : 332,  "end" : 339 }, 
        {"sofa" : 1,  "begin" : 340,  "end" : 344 }, 
        {"sofa" : 1,  "begin" : 345,  "end" : 349 }, 
        {"sofa" : 1,  "begin" : 350,  "end" : 355 }, 
        {"sofa" : 1,  "begin" : 356,  "end" : 358 }, 
        {"sofa" : 1,  "begin" : 359,  "end" : 363 }, 
        {"sofa" : 1,  "begin" : 364,  "end" : 365 }, 
        {"sofa" : 1,  "begin" : 366,  "end" : 369 }, 
        {"sofa" : 1,  "begin" : 370,  "end" : 372 }, 
        {"sofa" : 1,  "begin" : 373,  "end" : 379 }, 
        {"sofa" : 1,  "begin" : 380,  "end" : 381 }, 
        {"sofa" : 1,  "begin" : 382,  "end" : 384 }, 
        {"sofa" : 1,  "begin" : 385,  "end" : 394 }, 
        {"sofa" : 1,  "begin" : 395,  "end" : 397 }, 
        {"sofa" : 1,  "begin" : 398,  "end" : 401 }, 
        {"sofa" : 1,  "begin" : 402,  "end" : 404 }, 
        {"sofa" : 1,  "begin" : 405,  "end" : 413 }, 
        {"sofa" : 1,  "begin" : 414,  "end" : 417 }, 
        {"sofa" : 1,  "begin" : 418,  "end" : 422 }, 
        {"sofa" : 1,  "begin" : 423,  "end" : 428 }, 
        {"sofa" : 1,  "begin" : 429,  "end" : 434 }, 
        {"sofa" : 1,  "begin" : 435,  "end" : 436 }, 
        {"sofa" : 1,  "begin" : 437,  "end" : 442 }, 
        {"sofa" : 1,  "begin" : 443,  "end" : 444 }, 
        {"sofa" : 1,  "begin" : 445,  "end" : 448 }, 
        {"sofa" : 1,  "begin" : 449,  "end" : 454 }, 
        {"sofa" : 1,  "begin" : 455,  "end" : 460 }, 
        {"sofa" : 1,  "begin" : 461,  "end" : 467 }, 
        {"sofa" : 1,  "begin" : 468,  "end" : 469 }, 
        {"sofa" : 1,  "begin" : 470,  "end" : 473 }, 
        {"sofa" : 1,  "begin" : 474,  "end" : 478 }, 
        {"sofa" : 1,  "begin" : 479,  "end" : 484 }, 
        {"sofa" : 1,  "begin" : 485,  "end" : 486 }, 
        {"sofa" : 1,  "begin" : 487,  "end" : 490 }, 
        {"sofa" : 1,  "begin" : 491,  "end" : 496 }, 
        {"sofa" : 1,  "begin" : 497,  "end" : 499 }, 
        {"sofa" : 1,  "begin" : 500,  "end" : 502 }, 
        {"sofa" : 1,  "begin" : 503,  "end" : 508 }, 
        {"sofa" : 1,  "begin" : 509,  "end" : 511 }, 
        {"sofa" : 1,  "begin" : 512,  "end" : 515 }, 
        {"sofa" : 1,  "begin" : 516,  "end" : 519 }, 
        {"sofa" : 1,  "begin" : 520,  "end" : 523 }, 
        {"sofa" : 1,  "begin" : 524,  "end" : 525 }, 
        {"sofa" : 1,  "begin" : 526,  "end" : 528 }, 
        {"sofa" : 1,  "begin" : 529,  "end" : 532 }, 
        {"sofa" : 1,  "begin" : 533,  "end" : 536 }, 
        {"sofa" : 1,  "begin" : 537,  "end" : 541 }, 
        {"sofa" : 1,  "begin" : 542,  "end" : 544 }, 
        {"sofa" : 1,  "begin" : 545,  "end" : 551 }, 
        {"sofa" : 1,  "begin" : 552,  "end" : 557 }, 
        {"sofa" : 1,  "begin" : 558,  "end" : 565 }, 
        {"sofa" : 1,  "begin" : 566,  "end" : 567 }, 
        {"sofa" : 1,  "begin" : 568,  "end" : 570 }, 
        {"sofa" : 1,  "begin" : 571,  "end" : 576 }, 
        {"sofa" : 1,  "begin" : 577,  "end" : 580 }, 
        {"sofa" : 1,  "begin" : 581,  "end" : 587 }, 
        {"sofa" : 1,  "begin" : 588,  "end" : 589 }, 
        {"sofa" : 1,  "begin" : 590,  "end" : 595 }, 
        {"sofa" : 1,  "begin" : 596,  "end" : 599 }, 
        {"sofa" : 1,  "begin" : 600,  "end" : 601 } ], 
      "PartsofCause" : [1740,  1766,  1753,  1817,  1826,  1843 ], 
      "TypesofCause" : [
        {"sofa" : 1,  "begin" : 136,  "end" : 141,  "Dependent" : 1740,  "Governor" : 1766,  "TypesofCause" : "Cause" }, 
        {"sofa" : 1,  "begin" : 146,  "end" : 149,  "Dependent" : 1753,  "Governor" : 1766,  "TypesofCause" : "Effect" }, 
        {"sofa" : 1,  "begin" : 269,  "end" : 286,  "Dependent" : 1826,  "Governor" : 1817,  "TypesofCause" : "Effect" }, 
        {"sofa" : 1,  "begin" : 289,  "end" : 379,  "Dependent" : 1843,  "Governor" : 1817,  "TypesofCause" : "Cause" } ] } }, 
  "_referenced_fss" : {
    "1" : {"_type" : "Sofa",  "sofaNum" : 1,  "sofaID" : "_InitialView",  "mimeType" : "text",  "sofaString" : "How do you deal with loneliness at college ?\nI ’m an international student and I was raised with a huge difference in the environment / ideas for fun .\nI only have a few friends / people I know .\nMost people here just drink , party , or binge watch in the weekend .\nTo make things worse , most people here are in state students and already know each other or have a lot in common .\nMy roommates do n’t do anything but play video games , study , and watch stuff online .\nThe only thing I can think of is going to the gym but I ca n’t get over my social fears because I ’m small and skinny .\nThank you ." }, 
    "1740" : {"_type" : "PartsofCause",  "sofa" : 1,  "begin" : 136,  "end" : 141,  "PartsofCause" : "Argument" }, 
    "1766" : {"_type" : "PartsofCause",  "sofa" : 1,  "begin" : 142,  "end" : 145,  "PartsofCause" : "Enabling" }, 
    "1753" : {"_type" : "PartsofCause",  "sofa" : 1,  "begin" : 146,  "end" : 149,  "PartsofCause" : "Argument" }, 
    "1826" : {"_type" : "PartsofCause",  "sofa" : 1,  "begin" : 269,  "end" : 286,  "PartsofCause" : "Argument" }, 
    "1817" : {"_type" : "PartsofCause",  "sofa" : 1,  "begin" : 266,  "end" : 268,  "PartsofCause" : "Causing" }, 
    "1843" : {"_type" : "PartsofCause",  "sofa" : 1,  "begin" : 289,  "end" : 379,  "PartsofCause" : "Argument" }, 
    "1901" : {"_type" : "LayerDefinition",  "name" : "webanno.custom.PartsofCause",  "uiName" : "Parts of Cause" }, 
    "1908" : {"_type" : "LayerDefinition",  "name" : "webanno.custom.TypesofCause",  "uiName" : "Types of Cause" }, 
    "1890" : {"_type" : "LayerDefinition",  "name" : "webanno.custom.DisjointCausalSpans",  "uiName" : "Disjoint Causal Spans" } } }