{"_context" : {
    "_types" : {
      "DocumentMetaData" : {
        "_feature_types" : {"sofa" : "_ref" } }, 
      "FeatureDefinition" : {
        "_feature_types" : {"layer" : "_ref" } }, 
      "LayerDefinition" : { }, 
      "PartsofCause" : {
        "_feature_types" : {"sofa" : "_ref" } }, 
      "Sentence" : {
        "_feature_types" : {"sofa" : "_ref" } }, 
      "Sofa" : {
        "_feature_types" : {"sofaArray" : "_ref" } }, 
      "TagsetDescription" : {
        "_feature_types" : {"sofa" : "_ref",  "tags" : "_ref" } }, 
      "Token" : {
        "_feature_types" : {"sofa" : "_ref",  "parent" : "_ref",  "lemma" : "_ref",  "stem" : "_ref",  "pos" : "_ref",  "morph" : "_ref",  "form" : "_ref" } }, 
      "TypesofCause" : {
        "_feature_types" : {"sofa" : "_ref",  "Dependent" : "_ref",  "Governor" : "_ref" } }, 
      "DocumentAnnotation" : {
        "_feature_types" : {"sofa" : "_ref" }, 
        "_subtypes" : ["DocumentMetaData" ] }, 
      "Annotation" : {
        "_feature_types" : {"sofa" : "_ref" }, 
        "_subtypes" : ["DocumentAnnotation",  "PartsofCause",  "Sentence",  "TagsetDescription",  "Token",  "TypesofCause" ] }, 
      "AnnotationBase" : {
        "_feature_types" : {"sofa" : "_ref" }, 
        "_subtypes" : ["Annotation" ] }, 
      "TOP" : {
        "_subtypes" : ["AnnotationBase",  "FeatureDefinition",  "LayerDefinition",  "Sofa" ] } } }, 
  "_views" : {
    "_InitialView" : {
      "FeatureDefinition" : [
        {"layer" : 2666,  "name" : "referenceRelation",  "uiName" : "Reference Relation" }, 
        {"layer" : 2666,  "name" : "referenceType",  "uiName" : "Reference Type" }, 
        {"layer" : 2677,  "name" : "PartsofCause",  "uiName" : "Parts of Cause" }, 
        {"layer" : 2684,  "name" : "TypesofCause",  "uiName" : "Types of Cause" } ], 
      "LayerDefinition" : [2666,  2677,  2684 ], 
      "DocumentMetaData" : [
        {"sofa" : 1,  "end" : 774,  "language" : "x-unspecified",  "documentTitle" : "reddit-020.txt",  "documentId" : "GJW",  "documentUri" : "file:/srv/inception/repository/project/2/document/2422/source/GJW",  "collectionId" : "file:/srv/inception/repository/project/2/document/2422/source/",  "documentBaseUri" : "file:/srv/inception/repository/project/2/document/2422/source/",  "isLastSegment" : false } ], 
      "TagsetDescription" : [
        {"sofa" : 1,  "layer" : "webanno.custom.PartsofCause",  "name" : "Parts of Cause",  "input" : false }, 
        {"sofa" : 1,  "layer" : "webanno.custom.TypesofCause",  "name" : "Causal Relations",  "input" : false } ], 
      "Sentence" : [
        {"sofa" : 1,  "end" : 115 }, 
        {"sofa" : 1,  "begin" : 116,  "end" : 345 }, 
        {"sofa" : 1,  "begin" : 346,  "end" : 474 }, 
        {"sofa" : 1,  "begin" : 475,  "end" : 508 }, 
        {"sofa" : 1,  "begin" : 509,  "end" : 607 }, 
        {"sofa" : 1,  "begin" : 608,  "end" : 657 }, 
        {"sofa" : 1,  "begin" : 658,  "end" : 743 }, 
        {"sofa" : 1,  "begin" : 744,  "end" : 774 } ], 
      "Token" : [
        {"sofa" : 1,  "end" : 1 }, 
        {"sofa" : 1,  "begin" : 2,  "end" : 6 }, 
        {"sofa" : 1,  "begin" : 7,  "end" : 10 }, 
        {"sofa" : 1,  "begin" : 11,  "end" : 14 }, 
        {"sofa" : 1,  "begin" : 15,  "end" : 23 }, 
        {"sofa" : 1,  "begin" : 24,  "end" : 28 }, 
        {"sofa" : 1,  "begin" : 29,  "end" : 33 }, 
        {"sofa" : 1,  "begin" : 34,  "end" : 35 }, 
        {"sofa" : 1,  "begin" : 36,  "end" : 38 }, 
        {"sofa" : 1,  "begin" : 39,  "end" : 42 }, 
        {"sofa" : 1,  "begin" : 43,  "end" : 47 }, 
        {"sofa" : 1,  "begin" : 48,  "end" : 60 }, 
        {"sofa" : 1,  "begin" : 61,  "end" : 62 }, 
        {"sofa" : 1,  "begin" : 63,  "end" : 68 }, 
        {"sofa" : 1,  "begin" : 69,  "end" : 75 }, 
        {"sofa" : 1,  "begin" : 76,  "end" : 79 }, 
        {"sofa" : 1,  "begin" : 80,  "end" : 85 }, 
        {"sofa" : 1,  "begin" : 86,  "end" : 90 }, 
        {"sofa" : 1,  "begin" : 91,  "end" : 95 }, 
        {"sofa" : 1,  "begin" : 96,  "end" : 104 }, 
        {"sofa" : 1,  "begin" : 105,  "end" : 113 }, 
        {"sofa" : 1,  "begin" : 114,  "end" : 115 }, 
        {"sofa" : 1,  "begin" : 116,  "end" : 117 }, 
        {"sofa" : 1,  "begin" : 118,  "end" : 120 }, 
        {"sofa" : 1,  "begin" : 121,  "end" : 123 }, 
        {"sofa" : 1,  "begin" : 124,  "end" : 130 }, 
        {"sofa" : 1,  "begin" : 131,  "end" : 132 }, 
        {"sofa" : 1,  "begin" : 133,  "end" : 138 }, 
        {"sofa" : 1,  "begin" : 139,  "end" : 143 }, 
        {"sofa" : 1,  "begin" : 144,  "end" : 148 }, 
        {"sofa" : 1,  "begin" : 149,  "end" : 151 }, 
        {"sofa" : 1,  "begin" : 152,  "end" : 158 }, 
        {"sofa" : 1,  "begin" : 159,  "end" : 162 }, 
        {"sofa" : 1,  "begin" : 163,  "end" : 164 }, 
        {"sofa" : 1,  "begin" : 165,  "end" : 173 }, 
        {"sofa" : 1,  "begin" : 174,  "end" : 181 }, 
        {"sofa" : 1,  "begin" : 182,  "end" : 184 }, 
        {"sofa" : 1,  "begin" : 185,  "end" : 188 }, 
        {"sofa" : 1,  "begin" : 189,  "end" : 193 }, 
        {"sofa" : 1,  "begin" : 194,  "end" : 195 }, 
        {"sofa" : 1,  "begin" : 196,  "end" : 200 }, 
        {"sofa" : 1,  "begin" : 201,  "end" : 206 }, 
        {"sofa" : 1,  "begin" : 207,  "end" : 210 }, 
        {"sofa" : 1,  "begin" : 211,  "end" : 213 }, 
        {"sofa" : 1,  "begin" : 214,  "end" : 216 }, 
        {"sofa" : 1,  "begin" : 217,  "end" : 218 }, 
        {"sofa" : 1,  "begin" : 219,  "end" : 220 }, 
        {"sofa" : 1,  "begin" : 221,  "end" : 226 }, 
        {"sofa" : 1,  "begin" : 227,  "end" : 230 }, 
        {"sofa" : 1,  "begin" : 231,  "end" : 237 }, 
        {"sofa" : 1,  "begin" : 238,  "end" : 241 }, 
        {"sofa" : 1,  "begin" : 242,  "end" : 250 }, 
        {"sofa" : 1,  "begin" : 251,  "end" : 253 }, 
        {"sofa" : 1,  "begin" : 254,  "end" : 256 }, 
        {"sofa" : 1,  "begin" : 257,  "end" : 263 }, 
        {"sofa" : 1,  "begin" : 264,  "end" : 269 }, 
        {"sofa" : 1,  "begin" : 270,  "end" : 275 }, 
        {"sofa" : 1,  "begin" : 276,  "end" : 278 }, 
        {"sofa" : 1,  "begin" : 279,  "end" : 284 }, 
        {"sofa" : 1,  "begin" : 285,  "end" : 292 }, 
        {"sofa" : 1,  "begin" : 293,  "end" : 295 }, 
        {"sofa" : 1,  "begin" : 296,  "end" : 299 }, 
        {"sofa" : 1,  "begin" : 300,  "end" : 303 }, 
        {"sofa" : 1,  "begin" : 304,  "end" : 306 }, 
        {"sofa" : 1,  "begin" : 307,  "end" : 312 }, 
        {"sofa" : 1,  "begin" : 313,  "end" : 315 }, 
        {"sofa" : 1,  "begin" : 316,  "end" : 318 }, 
        {"sofa" : 1,  "begin" : 319,  "end" : 322 }, 
        {"sofa" : 1,  "begin" : 323,  "end" : 328 }, 
        {"sofa" : 1,  "begin" : 329,  "end" : 331 }, 
        {"sofa" : 1,  "begin" : 332,  "end" : 336 }, 
        {"sofa" : 1,  "begin" : 337,  "end" : 343 }, 
        {"sofa" : 1,  "begin" : 344,  "end" : 345 }, 
        {"sofa" : 1,  "begin" : 346,  "end" : 353 }, 
        {"sofa" : 1,  "begin" : 354,  "end" : 356 }, 
        {"sofa" : 1,  "begin" : 357,  "end" : 360 }, 
        {"sofa" : 1,  "begin" : 361,  "end" : 369 }, 
        {"sofa" : 1,  "begin" : 370,  "end" : 371 }, 
        {"sofa" : 1,  "begin" : 372,  "end" : 376 }, 
        {"sofa" : 1,  "begin" : 377,  "end" : 380 }, 
        {"sofa" : 1,  "begin" : 381,  "end" : 385 }, 
        {"sofa" : 1,  "begin" : 386,  "end" : 389 }, 
        {"sofa" : 1,  "begin" : 390,  "end" : 394 }, 
        {"sofa" : 1,  "begin" : 395,  "end" : 397 }, 
        {"sofa" : 1,  "begin" : 398,  "end" : 400 }, 
        {"sofa" : 1,  "begin" : 401,  "end" : 407 }, 
        {"sofa" : 1,  "begin" : 408,  "end" : 411 }, 
        {"sofa" : 1,  "begin" : 412,  "end" : 416 }, 
        {"sofa" : 1,  "begin" : 417,  "end" : 418 }, 
        {"sofa" : 1,  "begin" : 419,  "end" : 425 }, 
        {"sofa" : 1,  "begin" : 426,  "end" : 427 }, 
        {"sofa" : 1,  "begin" : 428,  "end" : 430 }, 
        {"sofa" : 1,  "begin" : 431,  "end" : 432 }, 
        {"sofa" : 1,  "begin" : 433,  "end" : 437 }, 
        {"sofa" : 1,  "begin" : 438,  "end" : 442 }, 
        {"sofa" : 1,  "begin" : 443,  "end" : 444 }, 
        {"sofa" : 1,  "begin" : 445,  "end" : 451 }, 
        {"sofa" : 1,  "begin" : 452,  "end" : 456 }, 
        {"sofa" : 1,  "begin" : 457,  "end" : 462 }, 
        {"sofa" : 1,  "begin" : 463,  "end" : 470 }, 
        {"sofa" : 1,  "begin" : 471,  "end" : 472 }, 
        {"sofa" : 1,  "begin" : 473,  "end" : 474 }, 
        {"sofa" : 1,  "begin" : 475,  "end" : 478 }, 
        {"sofa" : 1,  "begin" : 479,  "end" : 480 }, 
        {"sofa" : 1,  "begin" : 481,  "end" : 489 }, 
        {"sofa" : 1,  "begin" : 490,  "end" : 493 }, 
        {"sofa" : 1,  "begin" : 494,  "end" : 497 }, 
        {"sofa" : 1,  "begin" : 498,  "end" : 506 }, 
        {"sofa" : 1,  "begin" : 507,  "end" : 508 }, 
        {"sofa" : 1,  "begin" : 509,  "end" : 513 }, 
        {"sofa" : 1,  "begin" : 514,  "end" : 516 }, 
        {"sofa" : 1,  "begin" : 517,  "end" : 520 }, 
        {"sofa" : 1,  "begin" : 521,  "end" : 522 }, 
        {"sofa" : 1,  "begin" : 523,  "end" : 526 }, 
        {"sofa" : 1,  "begin" : 527,  "end" : 529 }, 
        {"sofa" : 1,  "begin" : 530,  "end" : 538 }, 
        {"sofa" : 1,  "begin" : 539,  "end" : 540 }, 
        {"sofa" : 1,  "begin" : 541,  "end" : 546 }, 
        {"sofa" : 1,  "begin" : 547,  "end" : 548 }, 
        {"sofa" : 1,  "begin" : 549,  "end" : 555 }, 
        {"sofa" : 1,  "begin" : 556,  "end" : 562 }, 
        {"sofa" : 1,  "begin" : 563,  "end" : 566 }, 
        {"sofa" : 1,  "begin" : 567,  "end" : 569 }, 
        {"sofa" : 1,  "begin" : 570,  "end" : 574 }, 
        {"sofa" : 1,  "begin" : 575,  "end" : 576 }, 
        {"sofa" : 1,  "begin" : 577,  "end" : 578 }, 
        {"sofa" : 1,  "begin" : 579,  "end" : 582 }, 
        {"sofa" : 1,  "begin" : 583,  "end" : 592 }, 
        {"sofa" : 1,  "begin" : 593,  "end" : 595 }, 
        {"sofa" : 1,  "begin" : 596,  "end" : 598 }, 
        {"sofa" : 1,  "begin" : 599,  "end" : 605 }, 
        {"sofa" : 1,  "begin" : 606,  "end" : 607 }, 
        {"sofa" : 1,  "begin" : 608,  "end" : 613 }, 
        {"sofa" : 1,  "begin" : 614,  "end" : 616 }, 
        {"sofa" : 1,  "begin" : 617,  "end" : 622 }, 
        {"sofa" : 1,  "begin" : 623,  "end" : 625 }, 
        {"sofa" : 1,  "begin" : 626,  "end" : 632 }, 
        {"sofa" : 1,  "begin" : 633,  "end" : 635 }, 
        {"sofa" : 1,  "begin" : 636,  "end" : 643 }, 
        {"sofa" : 1,  "begin" : 644,  "end" : 646 }, 
        {"sofa" : 1,  "begin" : 647,  "end" : 655 }, 
        {"sofa" : 1,  "begin" : 656,  "end" : 657 }, 
        {"sofa" : 1,  "begin" : 658,  "end" : 659 }, 
        {"sofa" : 1,  "begin" : 660,  "end" : 663 }, 
        {"sofa" : 1,  "begin" : 664,  "end" : 668 }, 
        {"sofa" : 1,  "begin" : 669,  "end" : 673 }, 
        {"sofa" : 1,  "begin" : 674,  "end" : 675 }, 
        {"sofa" : 1,  "begin" : 676,  "end" : 681 }, 
        {"sofa" : 1,  "begin" : 682,  "end" : 685 }, 
        {"sofa" : 1,  "begin" : 686,  "end" : 689 }, 
        {"sofa" : 1,  "begin" : 690,  "end" : 693 }, 
        {"sofa" : 1,  "begin" : 694,  "end" : 696 }, 
        {"sofa" : 1,  "begin" : 697,  "end" : 700 }, 
        {"sofa" : 1,  "begin" : 701,  "end" : 704 }, 
        {"sofa" : 1,  "begin" : 705,  "end" : 706 }, 
        {"sofa" : 1,  "begin" : 707,  "end" : 712 }, 
        {"sofa" : 1,  "begin" : 713,  "end" : 721 }, 
        {"sofa" : 1,  "begin" : 722,  "end" : 725 }, 
        {"sofa" : 1,  "begin" : 726,  "end" : 734 }, 
        {"sofa" : 1,  "begin" : 735,  "end" : 741 }, 
        {"sofa" : 1,  "begin" : 742,  "end" : 743 }, 
        {"sofa" : 1,  "begin" : 744,  "end" : 746 }, 
        {"sofa" : 1,  "begin" : 747,  "end" : 748 }, 
        {"sofa" : 1,  "begin" : 749,  "end" : 752 }, 
        {"sofa" : 1,  "begin" : 753,  "end" : 755 }, 
        {"sofa" : 1,  "begin" : 756,  "end" : 758 }, 
        {"sofa" : 1,  "begin" : 759,  "end" : 760 }, 
        {"sofa" : 1,  "begin" : 761,  "end" : 766 }, 
        {"sofa" : 1,  "begin" : 767,  "end" : 770 }, 
        {"sofa" : 1,  "begin" : 771,  "end" : 774 } ], 
      "PartsofCause" : [2295,  2273,  2282,  2350,  2376,  2363,  2419,  2432,  2441,  2492,  2522,  2501 ], 
      "TypesofCause" : [
        {"sofa" : 1,  "begin" : 264,  "end" : 284,  "Dependent" : 2295,  "Governor" : 2273,  "TypesofCause" : "Effect" }, 
        {"sofa" : 1,  "begin" : 293,  "end" : 343,  "Dependent" : 2282,  "Governor" : 2273,  "TypesofCause" : "Cause" }, 
        {"sofa" : 1,  "begin" : 293,  "end" : 318,  "Dependent" : 2350,  "Governor" : 2376,  "TypesofCause" : "Effect" }, 
        {"sofa" : 1,  "begin" : 323,  "end" : 343,  "Dependent" : 2363,  "Governor" : 2376,  "TypesofCause" : "Cause" }, 
        {"sofa" : 1,  "begin" : 357,  "end" : 369,  "Dependent" : 2432,  "Governor" : 2419,  "TypesofCause" : "Cause" }, 
        {"sofa" : 1,  "begin" : 370,  "end" : 425,  "Dependent" : 2441,  "Governor" : 2419,  "TypesofCause" : "Effect" }, 
        {"sofa" : 1,  "begin" : 608,  "end" : 622,  "Dependent" : 2492,  "Governor" : 2522,  "TypesofCause" : "Cause" }, 
        {"sofa" : 1,  "begin" : 626,  "end" : 655,  "Dependent" : 2501,  "Governor" : 2522,  "TypesofCause" : "Effect" } ] } }, 
  "_referenced_fss" : {
    "1" : {"_type" : "Sofa",  "sofaNum" : 1,  "sofaID" : "_InitialView",  "mimeType" : "text",  "sofaString" : "I just had the semester from hell — my dad died unexpectedly 2 weeks before the world went into pandemic lockdown .\nI go to school 5 hours away from my family and I remember telling my mom that I just could n’t do it — I could n’t finish the semester or my degree which broke my heart because my dad was so proud of me for being in grad school .\nBecause of the pandemic I have not seen the rest of my family for over 2 months ( at a time when I really need their support ) .\nBut I finished out the semester !\nKept my 4.0 , did my research ( still a little behind but oh well ) , and fulfilled my TA duties .\nRight on track to finish my masters in December .\nI had days when I could n’t get out of bed but I still finished the semester strong .\nIf I can do it , y’all can too" }, 
    "2295" : {"_type" : "PartsofCause",  "sofa" : 1,  "begin" : 264,  "end" : 284,  "PartsofCause" : "Argument" }, 
    "2273" : {"_type" : "PartsofCause",  "sofa" : 1,  "begin" : 285,  "end" : 292,  "PartsofCause" : "Causing" }, 
    "2282" : {"_type" : "PartsofCause",  "sofa" : 1,  "begin" : 293,  "end" : 343,  "PartsofCause" : "Argument" }, 
    "2350" : {"_type" : "PartsofCause",  "sofa" : 1,  "begin" : 293,  "end" : 318,  "PartsofCause" : "Argument" }, 
    "2376" : {"_type" : "PartsofCause",  "sofa" : 1,  "begin" : 319,  "end" : 322,  "PartsofCause" : "Enabling" }, 
    "2363" : {"_type" : "PartsofCause",  "sofa" : 1,  "begin" : 323,  "end" : 343,  "PartsofCause" : "Argument" }, 
    "2432" : {"_type" : "PartsofCause",  "sofa" : 1,  "begin" : 357,  "end" : 369,  "PartsofCause" : "Argument" }, 
    "2419" : {"_type" : "PartsofCause",  "sofa" : 1,  "begin" : 346,  "end" : 353,  "PartsofCause" : "Causing" }, 
    "2441" : {"_type" : "PartsofCause",  "sofa" : 1,  "begin" : 370,  "end" : 425,  "PartsofCause" : "Argument" }, 
    "2492" : {"_type" : "PartsofCause",  "sofa" : 1,  "begin" : 608,  "end" : 622,  "PartsofCause" : "Argument" }, 
    "2522" : {"_type" : "PartsofCause",  "sofa" : 1,  "begin" : 623,  "end" : 625,  "PartsofCause" : "Enabling" }, 
    "2501" : {"_type" : "PartsofCause",  "sofa" : 1,  "begin" : 626,  "end" : 655,  "PartsofCause" : "Argument" }, 
    "2666" : {"_type" : "LayerDefinition",  "name" : "webanno.custom.DisjointCausalSpans",  "uiName" : "Disjoint Causal Spans" }, 
    "2684" : {"_type" : "LayerDefinition",  "name" : "webanno.custom.TypesofCause",  "uiName" : "Types of Cause" }, 
    "2677" : {"_type" : "LayerDefinition",  "name" : "webanno.custom.PartsofCause",  "uiName" : "Parts of Cause" } } }