{"_context" : {
    "_types" : {
      "DisjointCausalSpansChain" : {
        "_feature_types" : {"sofa" : "_ref",  "first" : "_ref" } }, 
      "DisjointCausalSpansLink" : {
        "_feature_types" : {"sofa" : "_ref",  "next" : "_ref" } }, 
      "DocumentMetaData" : {
        "_feature_types" : {"sofa" : "_ref" } }, 
      "FeatureDefinition" : {
        "_feature_types" : {"layer" : "_ref" } }, 
      "LayerDefinition" : { }, 
      "PartsofCause" : {
        "_feature_types" : {"sofa" : "_ref" } }, 
      "Sentence" : {
        "_feature_types" : {"sofa" : "_ref" } }, 
      "Sofa" : {
        "_feature_types" : {"sofaArray" : "_ref" } }, 
      "TagsetDescription" : {
        "_feature_types" : {"sofa" : "_ref",  "tags" : "_ref" } }, 
      "Token" : {
        "_feature_types" : {"sofa" : "_ref",  "parent" : "_ref",  "lemma" : "_ref",  "stem" : "_ref",  "pos" : "_ref",  "morph" : "_ref",  "form" : "_ref" } }, 
      "TypesofCause" : {
        "_feature_types" : {"sofa" : "_ref",  "Dependent" : "_ref",  "Governor" : "_ref" } }, 
      "AnnotationBase" : {
        "_feature_types" : {"sofa" : "_ref" }, 
        "_subtypes" : ["DisjointCausalSpansChain",  "Annotation" ] }, 
      "TOP" : {
        "_subtypes" : ["AnnotationBase",  "FeatureDefinition",  "LayerDefinition",  "Sofa" ] }, 
      "Annotation" : {
        "_feature_types" : {"sofa" : "_ref" }, 
        "_subtypes" : ["DisjointCausalSpansLink",  "DocumentAnnotation",  "PartsofCause",  "Sentence",  "TagsetDescription",  "Token",  "TypesofCause" ] }, 
      "DocumentAnnotation" : {
        "_feature_types" : {"sofa" : "_ref" }, 
        "_subtypes" : ["DocumentMetaData" ] } } }, 
  "_views" : {
    "_InitialView" : {
      "FeatureDefinition" : [
        {"layer" : 2702,  "name" : "referenceRelation",  "uiName" : "Reference Relation" }, 
        {"layer" : 2702,  "name" : "referenceType",  "uiName" : "Reference Type" }, 
        {"layer" : 2713,  "name" : "PartsofCause",  "uiName" : "Parts of Cause" }, 
        {"layer" : 2720,  "name" : "TypesofCause",  "uiName" : "Types of Cause" } ], 
      "LayerDefinition" : [2702,  2713,  2720 ], 
      "DocumentMetaData" : [
        {"sofa" : 1,  "end" : 999,  "language" : "x-unspecified",  "documentTitle" : "cnn-36.txt",  "documentId" : "GJW",  "documentUri" : "file:/srv/inception/repository/project/2/document/2388/source/GJW",  "collectionId" : "file:/srv/inception/repository/project/2/document/2388/source/",  "documentBaseUri" : "file:/srv/inception/repository/project/2/document/2388/source/",  "isLastSegment" : false } ], 
      "TagsetDescription" : [
        {"sofa" : 1,  "layer" : "webanno.custom.PartsofCause",  "name" : "Parts of Cause",  "input" : false }, 
        {"sofa" : 1,  "layer" : "webanno.custom.TypesofCause",  "name" : "Causal Relations",  "input" : false } ], 
      "Sentence" : [
        {"sofa" : 1,  "end" : 138 }, 
        {"sofa" : 1,  "begin" : 139,  "end" : 300 }, 
        {"sofa" : 1,  "begin" : 301,  "end" : 444 }, 
        {"sofa" : 1,  "begin" : 445,  "end" : 573 }, 
        {"sofa" : 1,  "begin" : 574,  "end" : 704 }, 
        {"sofa" : 1,  "begin" : 705,  "end" : 785 }, 
        {"sofa" : 1,  "begin" : 786,  "end" : 866 }, 
        {"sofa" : 1,  "begin" : 867,  "end" : 999 } ], 
      "Token" : [
        {"sofa" : 1,  "end" : 4 }, 
        {"sofa" : 1,  "begin" : 5,  "end" : 7 }, 
        {"sofa" : 1,  "begin" : 8,  "end" : 13 }, 
        {"sofa" : 1,  "begin" : 14,  "end" : 15 }, 
        {"sofa" : 1,  "begin" : 16,  "end" : 21 }, 
        {"sofa" : 1,  "begin" : 22,  "end" : 25 }, 
        {"sofa" : 1,  "begin" : 26,  "end" : 37 }, 
        {"sofa" : 1,  "begin" : 38,  "end" : 45 }, 
        {"sofa" : 1,  "begin" : 46,  "end" : 49 }, 
        {"sofa" : 1,  "begin" : 50,  "end" : 54 }, 
        {"sofa" : 1,  "begin" : 55,  "end" : 58 }, 
        {"sofa" : 1,  "begin" : 59,  "end" : 66 }, 
        {"sofa" : 1,  "begin" : 67,  "end" : 69 }, 
        {"sofa" : 1,  "begin" : 70,  "end" : 75 }, 
        {"sofa" : 1,  "begin" : 76,  "end" : 79 }, 
        {"sofa" : 1,  "begin" : 80,  "end" : 84 }, 
        {"sofa" : 1,  "begin" : 85,  "end" : 87 }, 
        {"sofa" : 1,  "begin" : 88,  "end" : 90 }, 
        {"sofa" : 1,  "begin" : 91,  "end" : 96 }, 
        {"sofa" : 1,  "begin" : 97,  "end" : 98 }, 
        {"sofa" : 1,  "begin" : 99,  "end" : 101 }, 
        {"sofa" : 1,  "begin" : 102,  "end" : 105 }, 
        {"sofa" : 1,  "begin" : 106,  "end" : 114 }, 
        {"sofa" : 1,  "begin" : 115,  "end" : 124 }, 
        {"sofa" : 1,  "begin" : 125,  "end" : 129 }, 
        {"sofa" : 1,  "begin" : 130,  "end" : 136 }, 
        {"sofa" : 1,  "begin" : 137,  "end" : 138 }, 
        {"sofa" : 1,  "begin" : 139,  "end" : 142 }, 
        {"sofa" : 1,  "begin" : 143,  "end" : 150 }, 
        {"sofa" : 1,  "begin" : 151,  "end" : 156 }, 
        {"sofa" : 1,  "begin" : 157,  "end" : 159 }, 
        {"sofa" : 1,  "begin" : 160,  "end" : 165 }, 
        {"sofa" : 1,  "begin" : 166,  "end" : 167 }, 
        {"sofa" : 1,  "begin" : 168,  "end" : 175 }, 
        {"sofa" : 1,  "begin" : 176,  "end" : 183 }, 
        {"sofa" : 1,  "begin" : 184,  "end" : 186 }, 
        {"sofa" : 1,  "begin" : 187,  "end" : 192 }, 
        {"sofa" : 1,  "begin" : 193,  "end" : 198 }, 
        {"sofa" : 1,  "begin" : 199,  "end" : 202 }, 
        {"sofa" : 1,  "begin" : 203,  "end" : 209 }, 
        {"sofa" : 1,  "begin" : 210,  "end" : 212 }, 
        {"sofa" : 1,  "begin" : 213,  "end" : 214 }, 
        {"sofa" : 1,  "begin" : 215,  "end" : 227 }, 
        {"sofa" : 1,  "begin" : 228,  "end" : 236 }, 
        {"sofa" : 1,  "begin" : 237,  "end" : 241 }, 
        {"sofa" : 1,  "begin" : 242,  "end" : 245 }, 
        {"sofa" : 1,  "begin" : 246,  "end" : 252 }, 
        {"sofa" : 1,  "begin" : 253,  "end" : 257 }, 
        {"sofa" : 1,  "begin" : 258,  "end" : 262 }, 
        {"sofa" : 1,  "begin" : 263,  "end" : 264 }, 
        {"sofa" : 1,  "begin" : 265,  "end" : 274 }, 
        {"sofa" : 1,  "begin" : 275,  "end" : 280 }, 
        {"sofa" : 1,  "begin" : 281,  "end" : 286 }, 
        {"sofa" : 1,  "begin" : 287,  "end" : 291 }, 
        {"sofa" : 1,  "begin" : 292,  "end" : 298 }, 
        {"sofa" : 1,  "begin" : 299,  "end" : 300 }, 
        {"sofa" : 1,  "begin" : 301,  "end" : 304 }, 
        {"sofa" : 1,  "begin" : 305,  "end" : 314 }, 
        {"sofa" : 1,  "begin" : 315,  "end" : 317 }, 
        {"sofa" : 1,  "begin" : 318,  "end" : 324 }, 
        {"sofa" : 1,  "begin" : 325,  "end" : 326 }, 
        {"sofa" : 1,  "begin" : 327,  "end" : 332 }, 
        {"sofa" : 1,  "begin" : 333,  "end" : 336 }, 
        {"sofa" : 1,  "begin" : 337,  "end" : 347 }, 
        {"sofa" : 1,  "begin" : 348,  "end" : 349 }, 
        {"sofa" : 1,  "begin" : 350,  "end" : 353 }, 
        {"sofa" : 1,  "begin" : 354,  "end" : 359 }, 
        {"sofa" : 1,  "begin" : 360,  "end" : 361 }, 
        {"sofa" : 1,  "begin" : 362,  "end" : 367 }, 
        {"sofa" : 1,  "begin" : 368,  "end" : 370 }, 
        {"sofa" : 1,  "begin" : 371,  "end" : 378 }, 
        {"sofa" : 1,  "begin" : 379,  "end" : 380 }, 
        {"sofa" : 1,  "begin" : 381,  "end" : 383 }, 
        {"sofa" : 1,  "begin" : 384,  "end" : 385 }, 
        {"sofa" : 1,  "begin" : 386,  "end" : 387 }, 
        {"sofa" : 1,  "begin" : 388,  "end" : 399 }, 
        {"sofa" : 1,  "begin" : 400,  "end" : 411 }, 
        {"sofa" : 1,  "begin" : 412,  "end" : 413 }, 
        {"sofa" : 1,  "begin" : 414,  "end" : 417 }, 
        {"sofa" : 1,  "begin" : 418,  "end" : 421 }, 
        {"sofa" : 1,  "begin" : 422,  "end" : 429 }, 
        {"sofa" : 1,  "begin" : 430,  "end" : 431 }, 
        {"sofa" : 1,  "begin" : 432,  "end" : 437 }, 
        {"sofa" : 1,  "begin" : 438,  "end" : 442 }, 
        {"sofa" : 1,  "begin" : 443,  "end" : 444 }, 
        {"sofa" : 1,  "begin" : 445,  "end" : 452 }, 
        {"sofa" : 1,  "begin" : 453,  "end" : 457 }, 
        {"sofa" : 1,  "begin" : 458,  "end" : 466 }, 
        {"sofa" : 1,  "begin" : 467,  "end" : 470 }, 
        {"sofa" : 1,  "begin" : 471,  "end" : 479 }, 
        {"sofa" : 1,  "begin" : 480,  "end" : 482 }, 
        {"sofa" : 1,  "begin" : 483,  "end" : 486 }, 
        {"sofa" : 1,  "begin" : 487,  "end" : 490 }, 
        {"sofa" : 1,  "begin" : 491,  "end" : 501 }, 
        {"sofa" : 1,  "begin" : 502,  "end" : 508 }, 
        {"sofa" : 1,  "begin" : 509,  "end" : 510 }, 
        {"sofa" : 1,  "begin" : 511,  "end" : 522 }, 
        {"sofa" : 1,  "begin" : 523,  "end" : 525 }, 
        {"sofa" : 1,  "begin" : 526,  "end" : 530 }, 
        {"sofa" : 1,  "begin" : 531,  "end" : 534 }, 
        {"sofa" : 1,  "begin" : 535,  "end" : 539 }, 
        {"sofa" : 1,  "begin" : 540,  "end" : 548 }, 
        {"sofa" : 1,  "begin" : 549,  "end" : 551 }, 
        {"sofa" : 1,  "begin" : 552,  "end" : 559 }, 
        {"sofa" : 1,  "begin" : 560,  "end" : 562 }, 
        {"sofa" : 1,  "begin" : 563,  "end" : 571 }, 
        {"sofa" : 1,  "begin" : 572,  "end" : 573 }, 
        {"sofa" : 1,  "begin" : 574,  "end" : 578 }, 
        {"sofa" : 1,  "begin" : 579,  "end" : 582 }, 
        {"sofa" : 1,  "begin" : 583,  "end" : 588 }, 
        {"sofa" : 1,  "begin" : 589,  "end" : 591 }, 
        {"sofa" : 1,  "begin" : 592,  "end" : 598 }, 
        {"sofa" : 1,  "begin" : 599,  "end" : 600 }, 
        {"sofa" : 1,  "begin" : 601,  "end" : 608 }, 
        {"sofa" : 1,  "begin" : 609,  "end" : 612 }, 
        {"sofa" : 1,  "begin" : 613,  "end" : 621 }, 
        {"sofa" : 1,  "begin" : 622,  "end" : 623 }, 
        {"sofa" : 1,  "begin" : 624,  "end" : 628 }, 
        {"sofa" : 1,  "begin" : 629,  "end" : 631 }, 
        {"sofa" : 1,  "begin" : 632,  "end" : 642 }, 
        {"sofa" : 1,  "begin" : 643,  "end" : 650 }, 
        {"sofa" : 1,  "begin" : 651,  "end" : 653 }, 
        {"sofa" : 1,  "begin" : 654,  "end" : 657 }, 
        {"sofa" : 1,  "begin" : 658,  "end" : 666 }, 
        {"sofa" : 1,  "begin" : 667,  "end" : 669 }, 
        {"sofa" : 1,  "begin" : 670,  "end" : 674 }, 
        {"sofa" : 1,  "begin" : 675,  "end" : 679 }, 
        {"sofa" : 1,  "begin" : 680,  "end" : 684 }, 
        {"sofa" : 1,  "begin" : 685,  "end" : 688 }, 
        {"sofa" : 1,  "begin" : 689,  "end" : 691 }, 
        {"sofa" : 1,  "begin" : 692,  "end" : 695 }, 
        {"sofa" : 1,  "begin" : 696,  "end" : 702 }, 
        {"sofa" : 1,  "begin" : 703,  "end" : 704 }, 
        {"sofa" : 1,  "begin" : 705,  "end" : 708 }, 
        {"sofa" : 1,  "begin" : 709,  "end" : 718 }, 
        {"sofa" : 1,  "begin" : 719,  "end" : 724 }, 
        {"sofa" : 1,  "begin" : 725,  "end" : 730 }, 
        {"sofa" : 1,  "begin" : 731,  "end" : 737 }, 
        {"sofa" : 1,  "begin" : 738,  "end" : 743 }, 
        {"sofa" : 1,  "begin" : 744,  "end" : 755 }, 
        {"sofa" : 1,  "begin" : 756,  "end" : 764 }, 
        {"sofa" : 1,  "begin" : 765,  "end" : 770 }, 
        {"sofa" : 1,  "begin" : 771,  "end" : 772 }, 
        {"sofa" : 1,  "begin" : 773,  "end" : 778 }, 
        {"sofa" : 1,  "begin" : 779,  "end" : 783 }, 
        {"sofa" : 1,  "begin" : 784,  "end" : 785 }, 
        {"sofa" : 1,  "begin" : 786,  "end" : 790 }, 
        {"sofa" : 1,  "begin" : 791,  "end" : 799 }, 
        {"sofa" : 1,  "begin" : 800,  "end" : 803 }, 
        {"sofa" : 1,  "begin" : 804,  "end" : 811 }, 
        {"sofa" : 1,  "begin" : 812,  "end" : 819 }, 
        {"sofa" : 1,  "begin" : 820,  "end" : 822 }, 
        {"sofa" : 1,  "begin" : 823,  "end" : 826 }, 
        {"sofa" : 1,  "begin" : 827,  "end" : 828 }, 
        {"sofa" : 1,  "begin" : 829,  "end" : 832 }, 
        {"sofa" : 1,  "begin" : 833,  "end" : 834 }, 
        {"sofa" : 1,  "begin" : 835,  "end" : 844 }, 
        {"sofa" : 1,  "begin" : 845,  "end" : 848 }, 
        {"sofa" : 1,  "begin" : 849,  "end" : 851 }, 
        {"sofa" : 1,  "begin" : 852,  "end" : 854 }, 
        {"sofa" : 1,  "begin" : 855,  "end" : 856 }, 
        {"sofa" : 1,  "begin" : 857,  "end" : 859 }, 
        {"sofa" : 1,  "begin" : 860,  "end" : 864 }, 
        {"sofa" : 1,  "begin" : 865,  "end" : 866 }, 
        {"sofa" : 1,  "begin" : 867,  "end" : 869 }, 
        {"sofa" : 1,  "begin" : 870,  "end" : 874 }, 
        {"sofa" : 1,  "begin" : 875,  "end" : 876 }, 
        {"sofa" : 1,  "begin" : 877,  "end" : 882 }, 
        {"sofa" : 1,  "begin" : 883,  "end" : 892 }, 
        {"sofa" : 1,  "begin" : 893,  "end" : 902 }, 
        {"sofa" : 1,  "begin" : 903,  "end" : 906 }, 
        {"sofa" : 1,  "begin" : 907,  "end" : 914 }, 
        {"sofa" : 1,  "begin" : 915,  "end" : 918 }, 
        {"sofa" : 1,  "begin" : 919,  "end" : 922 }, 
        {"sofa" : 1,  "begin" : 923,  "end" : 930 }, 
        {"sofa" : 1,  "begin" : 931,  "end" : 938 }, 
        {"sofa" : 1,  "begin" : 939,  "end" : 941 }, 
        {"sofa" : 1,  "begin" : 942,  "end" : 953 }, 
        {"sofa" : 1,  "begin" : 954,  "end" : 957 }, 
        {"sofa" : 1,  "begin" : 958,  "end" : 959 }, 
        {"sofa" : 1,  "begin" : 960,  "end" : 964 }, 
        {"sofa" : 1,  "begin" : 965,  "end" : 967 }, 
        {"sofa" : 1,  "begin" : 968,  "end" : 970 }, 
        {"sofa" : 1,  "begin" : 971,  "end" : 973 }, 
        {"sofa" : 1,  "begin" : 974,  "end" : 977 }, 
        {"sofa" : 1,  "begin" : 978,  "end" : 986 }, 
        {"sofa" : 1,  "begin" : 987,  "end" : 990 }, 
        {"sofa" : 1,  "begin" : 991,  "end" : 997 }, 
        {"sofa" : 1,  "begin" : 998,  "end" : 999 } ], 
      "DisjointCausalSpansChain" : [
        {"sofa" : 1,  "first" : 2610 } ], 
      "DisjointCausalSpansLink" : [2610,  2624 ], 
      "PartsofCause" : [2569,  2520,  2541,  2642,  2597,  2674 ], 
      "TypesofCause" : [
        {"sofa" : 1,  "begin" : 511,  "end" : 530,  "Dependent" : 2569,  "Governor" : 2520,  "TypesofCause" : "Effect" }, 
        {"sofa" : 1,  "begin" : 552,  "end" : 571,  "Dependent" : 2541,  "Governor" : 2520,  "TypesofCause" : "Means" }, 
        {"sofa" : 1,  "begin" : 705,  "end" : 718,  "Dependent" : 2642,  "Governor" : 2597,  "TypesofCause" : "Effect" }, 
        {"sofa" : 1,  "begin" : 744,  "end" : 770,  "Dependent" : 2674,  "Governor" : 2597,  "TypesofCause" : "Cause" } ] } }, 
  "_referenced_fss" : {
    "1" : {"_type" : "Sofa",  "sofaNum" : 1,  "sofaID" : "_InitialView",  "mimeType" : "text",  "sofaString" : "Iraq 's state - owned oil exploration company has made the country 's first oil find in 30 years , an Oil Ministry spokesman said Monday .\nThe company found at least a billion barrels of crude under the ground in a southeastern province near the border with Iran , spokesman Assim Jihad said Monday .\nThe discovery in Maysan , about 350 kilometers ( 215 miles ) south of Baghdad , is a \" significant achievement \" for the country , Jihad said .\nDespite vast reserves and reliance on oil for government income , exploration in Iraq has been hindered by decades of conflict .\nWith the world 's fourth - largest oil reserves , Iraq 's government depends on oil revenues to fund more than 90% of its budget .\nThe discovery comes seven months after exploratory drilling began , Jihad said .\nIraq produces 3.2 million barrels of oil a day , exporting 72% of it , he said .\nIn 2010 , Iraqi officials estimated the country had 143 billion barrels of extractable oil , most of it in the southern oil fields ." }, 
    "2569" : {"_type" : "PartsofCause",  "sofa" : 1,  "begin" : 511,  "end" : 530,  "PartsofCause" : "Argument" }, 
    "2520" : {"_type" : "PartsofCause",  "sofa" : 1,  "begin" : 540,  "end" : 548,  "PartsofCause" : "Preventing" }, 
    "2541" : {"_type" : "PartsofCause",  "sofa" : 1,  "begin" : 552,  "end" : 571,  "PartsofCause" : "Argument" }, 
    "2642" : {"_type" : "PartsofCause",  "sofa" : 1,  "begin" : 705,  "end" : 718,  "PartsofCause" : "Argument" }, 
    "2597" : {"_type" : "PartsofCause",  "sofa" : 1,  "begin" : 719,  "end" : 724,  "PartsofCause" : "Causing" }, 
    "2674" : {"_type" : "PartsofCause",  "sofa" : 1,  "begin" : 744,  "end" : 770,  "PartsofCause" : "Argument" }, 
    "2624" : {"_type" : "DisjointCausalSpansLink",  "sofa" : 1,  "begin" : 738,  "end" : 743 }, 
    "2610" : {"_type" : "DisjointCausalSpansLink",  "sofa" : 1,  "begin" : 719,  "end" : 724,  "next" : 2624 }, 
    "2702" : {"_type" : "LayerDefinition",  "name" : "webanno.custom.DisjointCausalSpans",  "uiName" : "Disjoint Causal Spans" }, 
    "2720" : {"_type" : "LayerDefinition",  "name" : "webanno.custom.TypesofCause",  "uiName" : "Types of Cause" }, 
    "2713" : {"_type" : "LayerDefinition",  "name" : "webanno.custom.PartsofCause",  "uiName" : "Parts of Cause" } } }