{"_context" : {
    "_types" : {
      "DocumentMetaData" : {
        "_feature_types" : {"sofa" : "_ref" } }, 
      "FeatureDefinition" : {
        "_feature_types" : {"layer" : "_ref" } }, 
      "LayerDefinition" : { }, 
      "PartsofCause" : {
        "_feature_types" : {"sofa" : "_ref" } }, 
      "Sentence" : {
        "_feature_types" : {"sofa" : "_ref" } }, 
      "Sofa" : {
        "_feature_types" : {"sofaArray" : "_ref" } }, 
      "TagsetDescription" : {
        "_feature_types" : {"sofa" : "_ref",  "tags" : "_ref" } }, 
      "Token" : {
        "_feature_types" : {"sofa" : "_ref",  "parent" : "_ref",  "lemma" : "_ref",  "stem" : "_ref",  "pos" : "_ref",  "morph" : "_ref",  "form" : "_ref" } }, 
      "TypesofCause" : {
        "_feature_types" : {"sofa" : "_ref",  "Dependent" : "_ref",  "Governor" : "_ref" } }, 
      "DocumentAnnotation" : {
        "_feature_types" : {"sofa" : "_ref" }, 
        "_subtypes" : ["DocumentMetaData" ] }, 
      "Annotation" : {
        "_feature_types" : {"sofa" : "_ref" }, 
        "_subtypes" : ["DocumentAnnotation",  "PartsofCause",  "Sentence",  "TagsetDescription",  "Token",  "TypesofCause" ] }, 
      "AnnotationBase" : {
        "_feature_types" : {"sofa" : "_ref" }, 
        "_subtypes" : ["Annotation" ] }, 
      "TOP" : {
        "_subtypes" : ["AnnotationBase",  "FeatureDefinition",  "LayerDefinition",  "Sofa" ] } } }, 
  "_views" : {
    "_InitialView" : {
      "FeatureDefinition" : [
        {"layer" : 2249,  "name" : "referenceRelation",  "uiName" : "Reference Relation" }, 
        {"layer" : 2249,  "name" : "referenceType",  "uiName" : "Reference Type" }, 
        {"layer" : 2260,  "name" : "PartsofCause",  "uiName" : "Parts of Cause" }, 
        {"layer" : 2267,  "name" : "TypesofCause",  "uiName" : "Types of Cause" } ], 
      "LayerDefinition" : [2249,  2260,  2267 ], 
      "DocumentMetaData" : [
        {"sofa" : 1,  "end" : 706,  "language" : "x-unspecified",  "documentTitle" : "fable-44.txt",  "documentId" : "AYC",  "documentUri" : "file:/srv/inception/repository/project/2/document/2346/source/AYC",  "collectionId" : "file:/srv/inception/repository/project/2/document/2346/source/",  "documentBaseUri" : "file:/srv/inception/repository/project/2/document/2346/source/",  "isLastSegment" : false } ], 
      "TagsetDescription" : [
        {"sofa" : 1,  "layer" : "webanno.custom.PartsofCause",  "name" : "Parts of Cause",  "input" : false }, 
        {"sofa" : 1,  "layer" : "webanno.custom.TypesofCause",  "name" : "Causal Relations",  "input" : false } ], 
      "Sentence" : [
        {"sofa" : 1,  "end" : 64 }, 
        {"sofa" : 1,  "begin" : 65,  "end" : 132 }, 
        {"sofa" : 1,  "begin" : 133,  "end" : 256 }, 
        {"sofa" : 1,  "begin" : 257,  "end" : 304 }, 
        {"sofa" : 1,  "begin" : 305,  "end" : 412 }, 
        {"sofa" : 1,  "begin" : 413,  "end" : 566 }, 
        {"sofa" : 1,  "begin" : 567,  "end" : 706 } ], 
      "Token" : [
        {"sofa" : 1,  "end" : 3 }, 
        {"sofa" : 1,  "begin" : 4,  "end" : 9 }, 
        {"sofa" : 1,  "begin" : 10,  "end" : 11 }, 
        {"sofa" : 1,  "begin" : 12,  "end" : 17 }, 
        {"sofa" : 1,  "begin" : 18,  "end" : 22 }, 
        {"sofa" : 1,  "begin" : 23,  "end" : 28 }, 
        {"sofa" : 1,  "begin" : 29,  "end" : 30 }, 
        {"sofa" : 1,  "begin" : 31,  "end" : 35 }, 
        {"sofa" : 1,  "begin" : 36,  "end" : 44 }, 
        {"sofa" : 1,  "begin" : 45,  "end" : 50 }, 
        {"sofa" : 1,  "begin" : 51,  "end" : 54 }, 
        {"sofa" : 1,  "begin" : 55,  "end" : 62 }, 
        {"sofa" : 1,  "begin" : 63,  "end" : 64 }, 
        {"sofa" : 1,  "begin" : 65,  "end" : 68 }, 
        {"sofa" : 1,  "begin" : 69,  "end" : 76 }, 
        {"sofa" : 1,  "begin" : 77,  "end" : 85 }, 
        {"sofa" : 1,  "begin" : 86,  "end" : 92 }, 
        {"sofa" : 1,  "begin" : 93,  "end" : 97 }, 
        {"sofa" : 1,  "begin" : 98,  "end" : 103 }, 
        {"sofa" : 1,  "begin" : 104,  "end" : 105 }, 
        {"sofa" : 1,  "begin" : 106,  "end" : 109 }, 
        {"sofa" : 1,  "begin" : 110,  "end" : 115 }, 
        {"sofa" : 1,  "begin" : 116,  "end" : 121 }, 
        {"sofa" : 1,  "begin" : 122,  "end" : 124 }, 
        {"sofa" : 1,  "begin" : 125,  "end" : 130 }, 
        {"sofa" : 1,  "begin" : 131,  "end" : 132 }, 
        {"sofa" : 1,  "begin" : 133,  "end" : 136 }, 
        {"sofa" : 1,  "begin" : 137,  "end" : 141 }, 
        {"sofa" : 1,  "begin" : 142,  "end" : 146 }, 
        {"sofa" : 1,  "begin" : 147,  "end" : 154 }, 
        {"sofa" : 1,  "begin" : 155,  "end" : 158 }, 
        {"sofa" : 1,  "begin" : 159,  "end" : 167 }, 
        {"sofa" : 1,  "begin" : 168,  "end" : 174 }, 
        {"sofa" : 1,  "begin" : 175,  "end" : 179 }, 
        {"sofa" : 1,  "begin" : 180,  "end" : 184 }, 
        {"sofa" : 1,  "begin" : 185,  "end" : 190 }, 
        {"sofa" : 1,  "begin" : 191,  "end" : 194 }, 
        {"sofa" : 1,  "begin" : 195,  "end" : 202 }, 
        {"sofa" : 1,  "begin" : 203,  "end" : 207 }, 
        {"sofa" : 1,  "begin" : 208,  "end" : 209 }, 
        {"sofa" : 1,  "begin" : 210,  "end" : 218 }, 
        {"sofa" : 1,  "begin" : 219,  "end" : 222 }, 
        {"sofa" : 1,  "begin" : 223,  "end" : 228 }, 
        {"sofa" : 1,  "begin" : 229,  "end" : 234 }, 
        {"sofa" : 1,  "begin" : 235,  "end" : 238 }, 
        {"sofa" : 1,  "begin" : 239,  "end" : 243 }, 
        {"sofa" : 1,  "begin" : 244,  "end" : 246 }, 
        {"sofa" : 1,  "begin" : 247,  "end" : 249 }, 
        {"sofa" : 1,  "begin" : 250,  "end" : 254 }, 
        {"sofa" : 1,  "begin" : 255,  "end" : 256 }, 
        {"sofa" : 1,  "begin" : 257,  "end" : 260 }, 
        {"sofa" : 1,  "begin" : 261,  "end" : 270 }, 
        {"sofa" : 1,  "begin" : 271,  "end" : 279 }, 
        {"sofa" : 1,  "begin" : 280,  "end" : 282 }, 
        {"sofa" : 1,  "begin" : 283,  "end" : 284 }, 
        {"sofa" : 1,  "begin" : 285,  "end" : 290 }, 
        {"sofa" : 1,  "begin" : 291,  "end" : 292 }, 
        {"sofa" : 1,  "begin" : 293,  "end" : 297 }, 
        {"sofa" : 1,  "begin" : 298,  "end" : 302 }, 
        {"sofa" : 1,  "begin" : 303,  "end" : 304 }, 
        {"sofa" : 1,  "begin" : 305,  "end" : 313 }, 
        {"sofa" : 1,  "begin" : 314,  "end" : 315 }, 
        {"sofa" : 1,  "begin" : 316,  "end" : 320 }, 
        {"sofa" : 1,  "begin" : 321,  "end" : 323 }, 
        {"sofa" : 1,  "begin" : 324,  "end" : 331 }, 
        {"sofa" : 1,  "begin" : 332,  "end" : 338 }, 
        {"sofa" : 1,  "begin" : 339,  "end" : 343 }, 
        {"sofa" : 1,  "begin" : 344,  "end" : 348 }, 
        {"sofa" : 1,  "begin" : 349,  "end" : 350 }, 
        {"sofa" : 1,  "begin" : 351,  "end" : 360 }, 
        {"sofa" : 1,  "begin" : 361,  "end" : 363 }, 
        {"sofa" : 1,  "begin" : 364,  "end" : 367 }, 
        {"sofa" : 1,  "begin" : 368,  "end" : 374 }, 
        {"sofa" : 1,  "begin" : 375,  "end" : 376 }, 
        {"sofa" : 1,  "begin" : 377,  "end" : 382 }, 
        {"sofa" : 1,  "begin" : 383,  "end" : 387 }, 
        {"sofa" : 1,  "begin" : 388,  "end" : 391 }, 
        {"sofa" : 1,  "begin" : 392,  "end" : 395 }, 
        {"sofa" : 1,  "begin" : 396,  "end" : 404 }, 
        {"sofa" : 1,  "begin" : 405,  "end" : 410 }, 
        {"sofa" : 1,  "begin" : 411,  "end" : 412 }, 
        {"sofa" : 1,  "begin" : 413,  "end" : 416 }, 
        {"sofa" : 1,  "begin" : 417,  "end" : 421 }, 
        {"sofa" : 1,  "begin" : 422,  "end" : 426 }, 
        {"sofa" : 1,  "begin" : 427,  "end" : 434 }, 
        {"sofa" : 1,  "begin" : 435,  "end" : 438 }, 
        {"sofa" : 1,  "begin" : 439,  "end" : 443 }, 
        {"sofa" : 1,  "begin" : 444,  "end" : 448 }, 
        {"sofa" : 1,  "begin" : 449,  "end" : 451 }, 
        {"sofa" : 1,  "begin" : 452,  "end" : 457 }, 
        {"sofa" : 1,  "begin" : 458,  "end" : 460 }, 
        {"sofa" : 1,  "begin" : 461,  "end" : 464 }, 
        {"sofa" : 1,  "begin" : 465,  "end" : 469 }, 
        {"sofa" : 1,  "begin" : 470,  "end" : 473 }, 
        {"sofa" : 1,  "begin" : 474,  "end" : 481 }, 
        {"sofa" : 1,  "begin" : 482,  "end" : 488 }, 
        {"sofa" : 1,  "begin" : 489,  "end" : 492 }, 
        {"sofa" : 1,  "begin" : 493,  "end" : 497 }, 
        {"sofa" : 1,  "begin" : 498,  "end" : 499 }, 
        {"sofa" : 1,  "begin" : 500,  "end" : 508 }, 
        {"sofa" : 1,  "begin" : 509,  "end" : 512 }, 
        {"sofa" : 1,  "begin" : 513,  "end" : 517 }, 
        {"sofa" : 1,  "begin" : 518,  "end" : 523 }, 
        {"sofa" : 1,  "begin" : 524,  "end" : 531 }, 
        {"sofa" : 1,  "begin" : 532,  "end" : 533 }, 
        {"sofa" : 1,  "begin" : 534,  "end" : 537 }, 
        {"sofa" : 1,  "begin" : 538,  "end" : 539 }, 
        {"sofa" : 1,  "begin" : 540,  "end" : 547 }, 
        {"sofa" : 1,  "begin" : 548,  "end" : 557 }, 
        {"sofa" : 1,  "begin" : 558,  "end" : 559 }, 
        {"sofa" : 1,  "begin" : 560,  "end" : 564 }, 
        {"sofa" : 1,  "begin" : 565,  "end" : 566 }, 
        {"sofa" : 1,  "begin" : 567,  "end" : 568 }, 
        {"sofa" : 1,  "begin" : 569,  "end" : 570 }, 
        {"sofa" : 1,  "begin" : 571,  "end" : 573 }, 
        {"sofa" : 1,  "begin" : 574,  "end" : 578 }, 
        {"sofa" : 1,  "begin" : 579,  "end" : 580 }, 
        {"sofa" : 1,  "begin" : 581,  "end" : 582 }, 
        {"sofa" : 1,  "begin" : 583,  "end" : 587 }, 
        {"sofa" : 1,  "begin" : 588,  "end" : 591 }, 
        {"sofa" : 1,  "begin" : 592,  "end" : 597 }, 
        {"sofa" : 1,  "begin" : 598,  "end" : 599 }, 
        {"sofa" : 1,  "begin" : 600,  "end" : 601 }, 
        {"sofa" : 1,  "begin" : 602,  "end" : 606 }, 
        {"sofa" : 1,  "begin" : 607,  "end" : 608 }, 
        {"sofa" : 1,  "begin" : 609,  "end" : 612 }, 
        {"sofa" : 1,  "begin" : 613,  "end" : 620 }, 
        {"sofa" : 1,  "begin" : 621,  "end" : 623 }, 
        {"sofa" : 1,  "begin" : 624,  "end" : 626 }, 
        {"sofa" : 1,  "begin" : 627,  "end" : 633 }, 
        {"sofa" : 1,  "begin" : 634,  "end" : 645 }, 
        {"sofa" : 1,  "begin" : 646,  "end" : 647 }, 
        {"sofa" : 1,  "begin" : 648,  "end" : 651 }, 
        {"sofa" : 1,  "begin" : 652,  "end" : 653 }, 
        {"sofa" : 1,  "begin" : 654,  "end" : 658 }, 
        {"sofa" : 1,  "begin" : 659,  "end" : 663 }, 
        {"sofa" : 1,  "begin" : 664,  "end" : 671 }, 
        {"sofa" : 1,  "begin" : 672,  "end" : 673 }, 
        {"sofa" : 1,  "begin" : 674,  "end" : 677 }, 
        {"sofa" : 1,  "begin" : 678,  "end" : 680 }, 
        {"sofa" : 1,  "begin" : 681,  "end" : 682 }, 
        {"sofa" : 1,  "begin" : 683,  "end" : 687 }, 
        {"sofa" : 1,  "begin" : 688,  "end" : 692 }, 
        {"sofa" : 1,  "begin" : 693,  "end" : 696 }, 
        {"sofa" : 1,  "begin" : 697,  "end" : 702 }, 
        {"sofa" : 1,  "begin" : 703,  "end" : 704 }, 
        {"sofa" : 1,  "begin" : 705,  "end" : 706 } ], 
      "PartsofCause" : [2115,  2128,  2141,  2184,  2197,  2210,  1995,  1969,  1982,  2042,  2055,  2068 ], 
      "TypesofCause" : [
        {"sofa" : 1,  "begin" : 413,  "end" : 464,  "Dependent" : 2115,  "Governor" : 2128,  "TypesofCause" : "Cause" }, 
        {"sofa" : 1,  "begin" : 470,  "end" : 497,  "Dependent" : 2141,  "Governor" : 2128,  "TypesofCause" : "Effect" }, 
        {"sofa" : 1,  "begin" : 500,  "end" : 512,  "Dependent" : 2184,  "Governor" : 2197,  "TypesofCause" : "Effect" }, 
        {"sofa" : 1,  "begin" : 518,  "end" : 531,  "Dependent" : 2210,  "Governor" : 2197,  "TypesofCause" : "Cause" }, 
        {"sofa" : 1,  "begin" : 607,  "end" : 645,  "Dependent" : 1995,  "Governor" : 1969,  "TypesofCause" : "Cause" }, 
        {"sofa" : 1,  "begin" : 652,  "end" : 671,  "Dependent" : 1982,  "Governor" : 1969,  "TypesofCause" : "Effect" }, 
        {"sofa" : 1,  "begin" : 681,  "end" : 687,  "Dependent" : 2042,  "Governor" : 2055,  "TypesofCause" : "Effect" }, 
        {"sofa" : 1,  "begin" : 693,  "end" : 702,  "Dependent" : 2068,  "Governor" : 2055,  "TypesofCause" : "Cause" } ] } }, 
  "_referenced_fss" : {
    "1" : {"_type" : "Sofa",  "sofaNum" : 1,  "sofaID" : "_InitialView",  "mimeType" : "text",  "sofaString" : "TWO Mules , laden with packs , were trudging along the highway .\nOne carried panniers filled with money , the other sacks of grain .\nThe Mule that carried the treasure walked with head erect and stately step , jingling the bells about his neck as he went .\nHis companion followed at a quiet , easy pace .\nSuddenly a band of Robbers sprang upon them , attracted by the strong , proud step and the jingling bells .\nThe Mule that carried the gold made so great an ado that the Robbers seized his pack , wounding him with their weapons , and , hearing footsteps , fled .\n“ I am glad , ” said the other , “ that I was thought of so little consequence , for I have lost nothing , nor am I hurt with any wound . ”" }, 
    "2115" : {"_type" : "PartsofCause",  "sofa" : 1,  "begin" : 413,  "end" : 464,  "PartsofCause" : "Argument" }, 
    "2128" : {"_type" : "PartsofCause",  "sofa" : 1,  "begin" : 465,  "end" : 469,  "PartsofCause" : "Causing" }, 
    "2141" : {"_type" : "PartsofCause",  "sofa" : 1,  "begin" : 470,  "end" : 497,  "PartsofCause" : "Argument" }, 
    "2184" : {"_type" : "PartsofCause",  "sofa" : 1,  "begin" : 500,  "end" : 512,  "PartsofCause" : "Argument" }, 
    "2197" : {"_type" : "PartsofCause",  "sofa" : 1,  "begin" : 513,  "end" : 517,  "PartsofCause" : "Causing" }, 
    "2210" : {"_type" : "PartsofCause",  "sofa" : 1,  "begin" : 518,  "end" : 531,  "PartsofCause" : "Argument" }, 
    "1995" : {"_type" : "PartsofCause",  "sofa" : 1,  "begin" : 607,  "end" : 645,  "PartsofCause" : "Argument" }, 
    "1969" : {"_type" : "PartsofCause",  "sofa" : 1,  "begin" : 648,  "end" : 651,  "PartsofCause" : "Causing" }, 
    "1982" : {"_type" : "PartsofCause",  "sofa" : 1,  "begin" : 652,  "end" : 671,  "PartsofCause" : "Argument" }, 
    "2042" : {"_type" : "PartsofCause",  "sofa" : 1,  "begin" : 681,  "end" : 687,  "PartsofCause" : "Argument" }, 
    "2055" : {"_type" : "PartsofCause",  "sofa" : 1,  "begin" : 688,  "end" : 692,  "PartsofCause" : "Causing" }, 
    "2068" : {"_type" : "PartsofCause",  "sofa" : 1,  "begin" : 693,  "end" : 702,  "PartsofCause" : "Argument" }, 
    "2260" : {"_type" : "LayerDefinition",  "name" : "webanno.custom.PartsofCause",  "uiName" : "Parts of Cause" }, 
    "2249" : {"_type" : "LayerDefinition",  "name" : "webanno.custom.DisjointCausalSpans",  "uiName" : "Disjoint Causal Spans" }, 
    "2267" : {"_type" : "LayerDefinition",  "name" : "webanno.custom.TypesofCause",  "uiName" : "Types of Cause" } } }