{"_context" : {
    "_types" : {
      "DocumentMetaData" : {
        "_feature_types" : {"sofa" : "_ref" } }, 
      "FeatureDefinition" : {
        "_feature_types" : {"layer" : "_ref" } }, 
      "LayerDefinition" : { }, 
      "PartsofCause" : {
        "_feature_types" : {"sofa" : "_ref" } }, 
      "Sentence" : {
        "_feature_types" : {"sofa" : "_ref" } }, 
      "Sofa" : {
        "_feature_types" : {"sofaArray" : "_ref" } }, 
      "TagsetDescription" : {
        "_feature_types" : {"sofa" : "_ref",  "tags" : "_ref" } }, 
      "Token" : {
        "_feature_types" : {"sofa" : "_ref",  "parent" : "_ref",  "lemma" : "_ref",  "stem" : "_ref",  "pos" : "_ref",  "morph" : "_ref",  "form" : "_ref" } }, 
      "TypesofCause" : {
        "_feature_types" : {"sofa" : "_ref",  "Dependent" : "_ref",  "Governor" : "_ref" } }, 
      "DocumentAnnotation" : {
        "_feature_types" : {"sofa" : "_ref" }, 
        "_subtypes" : ["DocumentMetaData" ] }, 
      "Annotation" : {
        "_feature_types" : {"sofa" : "_ref" }, 
        "_subtypes" : ["DocumentAnnotation",  "PartsofCause",  "Sentence",  "TagsetDescription",  "Token",  "TypesofCause" ] }, 
      "AnnotationBase" : {
        "_feature_types" : {"sofa" : "_ref" }, 
        "_subtypes" : ["Annotation" ] }, 
      "TOP" : {
        "_subtypes" : ["AnnotationBase",  "FeatureDefinition",  "LayerDefinition",  "Sofa" ] } } }, 
  "_views" : {
    "_InitialView" : {
      "FeatureDefinition" : [
        {"layer" : 1739,  "name" : "referenceRelation",  "uiName" : "Reference Relation" }, 
        {"layer" : 1739,  "name" : "referenceType",  "uiName" : "Reference Type" }, 
        {"layer" : 1750,  "name" : "PartsofCause",  "uiName" : "Parts of Cause" }, 
        {"layer" : 1757,  "name" : "TypesofCause",  "uiName" : "Types of Cause" } ], 
      "LayerDefinition" : [1739,  1750,  1757 ], 
      "DocumentMetaData" : [
        {"sofa" : 1,  "end" : 539,  "language" : "x-unspecified",  "documentTitle" : "reddit-056.txt",  "documentId" : "GJW",  "documentUri" : "file:/srv/inception/repository/project/2/document/2458/source/GJW",  "collectionId" : "file:/srv/inception/repository/project/2/document/2458/source/",  "documentBaseUri" : "file:/srv/inception/repository/project/2/document/2458/source/",  "isLastSegment" : false } ], 
      "TagsetDescription" : [
        {"sofa" : 1,  "layer" : "webanno.custom.PartsofCause",  "name" : "Parts of Cause",  "input" : false }, 
        {"sofa" : 1,  "layer" : "webanno.custom.TypesofCause",  "name" : "Causal Relations",  "input" : false } ], 
      "Sentence" : [
        {"sofa" : 1,  "end" : 30 }, 
        {"sofa" : 1,  "begin" : 31,  "end" : 123 }, 
        {"sofa" : 1,  "begin" : 124,  "end" : 234 }, 
        {"sofa" : 1,  "begin" : 235,  "end" : 252 }, 
        {"sofa" : 1,  "begin" : 253,  "end" : 334 }, 
        {"sofa" : 1,  "begin" : 335,  "end" : 366 }, 
        {"sofa" : 1,  "begin" : 367,  "end" : 460 }, 
        {"sofa" : 1,  "begin" : 461,  "end" : 485 }, 
        {"sofa" : 1,  "begin" : 486,  "end" : 539 } ], 
      "Token" : [
        {"sofa" : 1,  "end" : 4 }, 
        {"sofa" : 1,  "begin" : 5,  "end" : 11 }, 
        {"sofa" : 1,  "begin" : 12,  "end" : 17 }, 
        {"sofa" : 1,  "begin" : 18,  "end" : 23 }, 
        {"sofa" : 1,  "begin" : 24,  "end" : 28 }, 
        {"sofa" : 1,  "begin" : 29,  "end" : 30 }, 
        {"sofa" : 1,  "begin" : 31,  "end" : 33 }, 
        {"sofa" : 1,  "begin" : 34,  "end" : 37 }, 
        {"sofa" : 1,  "begin" : 38,  "end" : 47 }, 
        {"sofa" : 1,  "begin" : 48,  "end" : 50 }, 
        {"sofa" : 1,  "begin" : 51,  "end" : 54 }, 
        {"sofa" : 1,  "begin" : 55,  "end" : 56 }, 
        {"sofa" : 1,  "begin" : 57,  "end" : 59 }, 
        {"sofa" : 1,  "begin" : 60,  "end" : 64 }, 
        {"sofa" : 1,  "begin" : 65,  "end" : 69 }, 
        {"sofa" : 1,  "begin" : 70,  "end" : 73 }, 
        {"sofa" : 1,  "begin" : 74,  "end" : 78 }, 
        {"sofa" : 1,  "begin" : 79,  "end" : 81 }, 
        {"sofa" : 1,  "begin" : 82,  "end" : 87 }, 
        {"sofa" : 1,  "begin" : 88,  "end" : 90 }, 
        {"sofa" : 1,  "begin" : 91,  "end" : 98 }, 
        {"sofa" : 1,  "begin" : 99,  "end" : 102 }, 
        {"sofa" : 1,  "begin" : 103,  "end" : 108 }, 
        {"sofa" : 1,  "begin" : 109,  "end" : 112 }, 
        {"sofa" : 1,  "begin" : 113,  "end" : 115 }, 
        {"sofa" : 1,  "begin" : 116,  "end" : 121 }, 
        {"sofa" : 1,  "begin" : 122,  "end" : 123 }, 
        {"sofa" : 1,  "begin" : 124,  "end" : 125 }, 
        {"sofa" : 1,  "begin" : 126,  "end" : 131 }, 
        {"sofa" : 1,  "begin" : 132,  "end" : 134 }, 
        {"sofa" : 1,  "begin" : 135,  "end" : 137 }, 
        {"sofa" : 1,  "begin" : 138,  "end" : 144 }, 
        {"sofa" : 1,  "begin" : 145,  "end" : 148 }, 
        {"sofa" : 1,  "begin" : 149,  "end" : 154 }, 
        {"sofa" : 1,  "begin" : 155,  "end" : 160 }, 
        {"sofa" : 1,  "begin" : 161,  "end" : 164 }, 
        {"sofa" : 1,  "begin" : 165,  "end" : 166 }, 
        {"sofa" : 1,  "begin" : 167,  "end" : 173 }, 
        {"sofa" : 1,  "begin" : 174,  "end" : 176 }, 
        {"sofa" : 1,  "begin" : 177,  "end" : 181 }, 
        {"sofa" : 1,  "begin" : 182,  "end" : 184 }, 
        {"sofa" : 1,  "begin" : 185,  "end" : 191 }, 
        {"sofa" : 1,  "begin" : 192,  "end" : 193 }, 
        {"sofa" : 1,  "begin" : 194,  "end" : 197 }, 
        {"sofa" : 1,  "begin" : 198,  "end" : 199 }, 
        {"sofa" : 1,  "begin" : 200,  "end" : 204 }, 
        {"sofa" : 1,  "begin" : 205,  "end" : 207 }, 
        {"sofa" : 1,  "begin" : 208,  "end" : 213 }, 
        {"sofa" : 1,  "begin" : 214,  "end" : 216 }, 
        {"sofa" : 1,  "begin" : 217,  "end" : 219 }, 
        {"sofa" : 1,  "begin" : 220,  "end" : 224 }, 
        {"sofa" : 1,  "begin" : 225,  "end" : 229 }, 
        {"sofa" : 1,  "begin" : 230,  "end" : 232 }, 
        {"sofa" : 1,  "begin" : 233,  "end" : 234 }, 
        {"sofa" : 1,  "begin" : 235,  "end" : 237 }, 
        {"sofa" : 1,  "begin" : 238,  "end" : 240 }, 
        {"sofa" : 1,  "begin" : 241,  "end" : 244 }, 
        {"sofa" : 1,  "begin" : 245,  "end" : 250 }, 
        {"sofa" : 1,  "begin" : 251,  "end" : 252 }, 
        {"sofa" : 1,  "begin" : 253,  "end" : 255 }, 
        {"sofa" : 1,  "begin" : 256,  "end" : 258 }, 
        {"sofa" : 1,  "begin" : 259,  "end" : 261 }, 
        {"sofa" : 1,  "begin" : 262,  "end" : 263 }, 
        {"sofa" : 1,  "begin" : 264,  "end" : 270 }, 
        {"sofa" : 1,  "begin" : 271,  "end" : 276 }, 
        {"sofa" : 1,  "begin" : 277,  "end" : 283 }, 
        {"sofa" : 1,  "begin" : 284,  "end" : 289 }, 
        {"sofa" : 1,  "begin" : 290,  "end" : 294 }, 
        {"sofa" : 1,  "begin" : 295,  "end" : 304 }, 
        {"sofa" : 1,  "begin" : 305,  "end" : 307 }, 
        {"sofa" : 1,  "begin" : 308,  "end" : 311 }, 
        {"sofa" : 1,  "begin" : 312,  "end" : 314 }, 
        {"sofa" : 1,  "begin" : 315,  "end" : 317 }, 
        {"sofa" : 1,  "begin" : 318,  "end" : 324 }, 
        {"sofa" : 1,  "begin" : 325,  "end" : 332 }, 
        {"sofa" : 1,  "begin" : 333,  "end" : 334 }, 
        {"sofa" : 1,  "begin" : 335,  "end" : 337 }, 
        {"sofa" : 1,  "begin" : 338,  "end" : 339 }, 
        {"sofa" : 1,  "begin" : 340,  "end" : 344 }, 
        {"sofa" : 1,  "begin" : 345,  "end" : 347 }, 
        {"sofa" : 1,  "begin" : 348,  "end" : 351 }, 
        {"sofa" : 1,  "begin" : 352,  "end" : 353 }, 
        {"sofa" : 1,  "begin" : 354,  "end" : 362 }, 
        {"sofa" : 1,  "begin" : 363,  "end" : 366 }, 
        {"sofa" : 1,  "begin" : 367,  "end" : 371 }, 
        {"sofa" : 1,  "begin" : 372,  "end" : 374 }, 
        {"sofa" : 1,  "begin" : 375,  "end" : 383 }, 
        {"sofa" : 1,  "begin" : 384,  "end" : 386 }, 
        {"sofa" : 1,  "begin" : 387,  "end" : 392 }, 
        {"sofa" : 1,  "begin" : 393,  "end" : 394 }, 
        {"sofa" : 1,  "begin" : 395,  "end" : 404 }, 
        {"sofa" : 1,  "begin" : 405,  "end" : 406 }, 
        {"sofa" : 1,  "begin" : 407,  "end" : 413 }, 
        {"sofa" : 1,  "begin" : 414,  "end" : 415 }, 
        {"sofa" : 1,  "begin" : 416,  "end" : 421 }, 
        {"sofa" : 1,  "begin" : 422,  "end" : 423 }, 
        {"sofa" : 1,  "begin" : 424,  "end" : 430 }, 
        {"sofa" : 1,  "begin" : 431,  "end" : 433 }, 
        {"sofa" : 1,  "begin" : 434,  "end" : 441 }, 
        {"sofa" : 1,  "begin" : 442,  "end" : 449 }, 
        {"sofa" : 1,  "begin" : 450,  "end" : 453 }, 
        {"sofa" : 1,  "begin" : 454,  "end" : 458 }, 
        {"sofa" : 1,  "begin" : 459,  "end" : 460 }, 
        {"sofa" : 1,  "begin" : 461,  "end" : 463 }, 
        {"sofa" : 1,  "begin" : 464,  "end" : 468 }, 
        {"sofa" : 1,  "begin" : 469,  "end" : 470 }, 
        {"sofa" : 1,  "begin" : 471,  "end" : 474 }, 
        {"sofa" : 1,  "begin" : 475,  "end" : 476 }, 
        {"sofa" : 1,  "begin" : 477,  "end" : 483 }, 
        {"sofa" : 1,  "begin" : 484,  "end" : 485 }, 
        {"sofa" : 1,  "begin" : 486,  "end" : 488 }, 
        {"sofa" : 1,  "begin" : 489,  "end" : 493 }, 
        {"sofa" : 1,  "begin" : 494,  "end" : 495 }, 
        {"sofa" : 1,  "begin" : 496,  "end" : 504 }, 
        {"sofa" : 1,  "begin" : 505,  "end" : 510 }, 
        {"sofa" : 1,  "begin" : 511,  "end" : 513 }, 
        {"sofa" : 1,  "begin" : 514,  "end" : 517 }, 
        {"sofa" : 1,  "begin" : 518,  "end" : 524 }, 
        {"sofa" : 1,  "begin" : 525,  "end" : 528 }, 
        {"sofa" : 1,  "begin" : 529,  "end" : 530 }, 
        {"sofa" : 1,  "begin" : 531,  "end" : 532 }, 
        {"sofa" : 1,  "begin" : 533,  "end" : 539 } ], 
      "PartsofCause" : [1676,  1654,  1663 ], 
      "TypesofCause" : [
        {"sofa" : 1,  "begin" : 256,  "end" : 283,  "Dependent" : 1676,  "Governor" : 1654,  "TypesofCause" : "Effect" }, 
        {"sofa" : 1,  "begin" : 290,  "end" : 332,  "Dependent" : 1663,  "Governor" : 1654,  "TypesofCause" : "Cause" } ] } }, 
  "_referenced_fss" : {
    "1" : {"_type" : "Sofa",  "sofaNum" : 1,  "sofaID" : "_InitialView",  "mimeType" : "text",  "sofaString" : "last minute essay panic here .\nOn the Princeton ed app , it asks what you want to learn in college and gives you 50 words .\nI tried to be quirky and wrote about how I refuse to poop in public , and I want to learn to be fine with it .\nIs it too risky ?\nor is it a chance worth taking given that princeton is out of my league anyways ?\nno , this is n't a shitpost ...\nthis is actually my essay , seriously & #x200B ; *edit : lmaooo im getting trashed out here .\ndw yall i had a backup .\nno more \" dropping coins in the public can \" i guess*" }, 
    "1676" : {"_type" : "PartsofCause",  "sofa" : 1,  "begin" : 256,  "end" : 283,  "PartsofCause" : "Argument" }, 
    "1654" : {"_type" : "PartsofCause",  "sofa" : 1,  "begin" : 284,  "end" : 289,  "PartsofCause" : "Enabling" }, 
    "1663" : {"_type" : "PartsofCause",  "sofa" : 1,  "begin" : 290,  "end" : 332,  "PartsofCause" : "Argument" }, 
    "1739" : {"_type" : "LayerDefinition",  "name" : "webanno.custom.DisjointCausalSpans",  "uiName" : "Disjoint Causal Spans" }, 
    "1757" : {"_type" : "LayerDefinition",  "name" : "webanno.custom.TypesofCause",  "uiName" : "Types of Cause" }, 
    "1750" : {"_type" : "LayerDefinition",  "name" : "webanno.custom.PartsofCause",  "uiName" : "Parts of Cause" } } }