{"_context" : {
    "_types" : {
      "DocumentMetaData" : {
        "_feature_types" : {"sofa" : "_ref" } }, 
      "FeatureDefinition" : {
        "_feature_types" : {"layer" : "_ref" } }, 
      "LayerDefinition" : { }, 
      "PartsofCause" : {
        "_feature_types" : {"sofa" : "_ref" } }, 
      "Sentence" : {
        "_feature_types" : {"sofa" : "_ref" } }, 
      "Sofa" : {
        "_feature_types" : {"sofaArray" : "_ref" } }, 
      "TagsetDescription" : {
        "_feature_types" : {"sofa" : "_ref",  "tags" : "_ref" } }, 
      "Token" : {
        "_feature_types" : {"sofa" : "_ref",  "parent" : "_ref",  "lemma" : "_ref",  "stem" : "_ref",  "pos" : "_ref",  "morph" : "_ref",  "form" : "_ref" } }, 
      "TypesofCause" : {
        "_feature_types" : {"sofa" : "_ref",  "Dependent" : "_ref",  "Governor" : "_ref" } }, 
      "DocumentAnnotation" : {
        "_feature_types" : {"sofa" : "_ref" }, 
        "_subtypes" : ["DocumentMetaData" ] }, 
      "Annotation" : {
        "_feature_types" : {"sofa" : "_ref" }, 
        "_subtypes" : ["DocumentAnnotation",  "PartsofCause",  "Sentence",  "TagsetDescription",  "Token",  "TypesofCause" ] }, 
      "AnnotationBase" : {
        "_feature_types" : {"sofa" : "_ref" }, 
        "_subtypes" : ["Annotation" ] }, 
      "TOP" : {
        "_subtypes" : ["AnnotationBase",  "FeatureDefinition",  "LayerDefinition",  "Sofa" ] } } }, 
  "_views" : {
    "_InitialView" : {
      "FeatureDefinition" : [
        {"layer" : 2273,  "name" : "referenceRelation",  "uiName" : "Reference Relation" }, 
        {"layer" : 2273,  "name" : "referenceType",  "uiName" : "Reference Type" }, 
        {"layer" : 2284,  "name" : "PartsofCause",  "uiName" : "Parts of Cause" }, 
        {"layer" : 2291,  "name" : "TypesofCause",  "uiName" : "Types of Cause" } ], 
      "LayerDefinition" : [2273,  2284,  2291 ], 
      "DocumentMetaData" : [
        {"sofa" : 1,  "end" : 700,  "language" : "x-unspecified",  "documentTitle" : "reddit-051.txt",  "documentId" : "AYC",  "documentUri" : "file:/srv/inception/repository/project/2/document/2453/source/AYC",  "collectionId" : "file:/srv/inception/repository/project/2/document/2453/source/",  "documentBaseUri" : "file:/srv/inception/repository/project/2/document/2453/source/",  "isLastSegment" : false } ], 
      "TagsetDescription" : [
        {"sofa" : 1,  "layer" : "webanno.custom.PartsofCause",  "name" : "Parts of Cause",  "input" : false }, 
        {"sofa" : 1,  "layer" : "webanno.custom.TypesofCause",  "name" : "Causal Relations",  "input" : false } ], 
      "Sentence" : [
        {"sofa" : 1,  "end" : 289 }, 
        {"sofa" : 1,  "begin" : 290,  "end" : 497 }, 
        {"sofa" : 1,  "begin" : 498,  "end" : 684 }, 
        {"sofa" : 1,  "begin" : 685,  "end" : 700 } ], 
      "Token" : [
        {"sofa" : 1,  "end" : 3 }, 
        {"sofa" : 1,  "begin" : 4,  "end" : 7 }, 
        {"sofa" : 1,  "begin" : 8,  "end" : 9 }, 
        {"sofa" : 1,  "begin" : 10,  "end" : 13 }, 
        {"sofa" : 1,  "begin" : 14,  "end" : 15 }, 
        {"sofa" : 1,  "begin" : 16,  "end" : 20 }, 
        {"sofa" : 1,  "begin" : 21,  "end" : 25 }, 
        {"sofa" : 1,  "begin" : 26,  "end" : 30 }, 
        {"sofa" : 1,  "begin" : 31,  "end" : 35 }, 
        {"sofa" : 1,  "begin" : 36,  "end" : 39 }, 
        {"sofa" : 1,  "begin" : 40,  "end" : 42 }, 
        {"sofa" : 1,  "begin" : 43,  "end" : 47 }, 
        {"sofa" : 1,  "begin" : 48,  "end" : 53 }, 
        {"sofa" : 1,  "begin" : 54,  "end" : 55 }, 
        {"sofa" : 1,  "begin" : 56,  "end" : 58 }, 
        {"sofa" : 1,  "begin" : 59,  "end" : 60 }, 
        {"sofa" : 1,  "begin" : 61,  "end" : 69 }, 
        {"sofa" : 1,  "begin" : 70,  "end" : 71 }, 
        {"sofa" : 1,  "begin" : 72,  "end" : 74 }, 
        {"sofa" : 1,  "begin" : 75,  "end" : 77 }, 
        {"sofa" : 1,  "begin" : 78,  "end" : 85 }, 
        {"sofa" : 1,  "begin" : 86,  "end" : 89 }, 
        {"sofa" : 1,  "begin" : 90,  "end" : 94 }, 
        {"sofa" : 1,  "begin" : 95,  "end" : 100 }, 
        {"sofa" : 1,  "begin" : 101,  "end" : 108 }, 
        {"sofa" : 1,  "begin" : 109,  "end" : 112 }, 
        {"sofa" : 1,  "begin" : 113,  "end" : 116 }, 
        {"sofa" : 1,  "begin" : 117,  "end" : 120 }, 
        {"sofa" : 1,  "begin" : 121,  "end" : 124 }, 
        {"sofa" : 1,  "begin" : 125,  "end" : 128 }, 
        {"sofa" : 1,  "begin" : 129,  "end" : 134 }, 
        {"sofa" : 1,  "begin" : 135,  "end" : 136 }, 
        {"sofa" : 1,  "begin" : 137,  "end" : 140 }, 
        {"sofa" : 1,  "begin" : 141,  "end" : 143 }, 
        {"sofa" : 1,  "begin" : 144,  "end" : 146 }, 
        {"sofa" : 1,  "begin" : 147,  "end" : 153 }, 
        {"sofa" : 1,  "begin" : 154,  "end" : 161 }, 
        {"sofa" : 1,  "begin" : 162,  "end" : 164 }, 
        {"sofa" : 1,  "begin" : 165,  "end" : 172 }, 
        {"sofa" : 1,  "begin" : 173,  "end" : 174 }, 
        {"sofa" : 1,  "begin" : 175,  "end" : 179 }, 
        {"sofa" : 1,  "begin" : 180,  "end" : 184 }, 
        {"sofa" : 1,  "begin" : 185,  "end" : 186 }, 
        {"sofa" : 1,  "begin" : 187,  "end" : 193 }, 
        {"sofa" : 1,  "begin" : 194,  "end" : 207 }, 
        {"sofa" : 1,  "begin" : 208,  "end" : 218 }, 
        {"sofa" : 1,  "begin" : 219,  "end" : 223 }, 
        {"sofa" : 1,  "begin" : 224,  "end" : 226 }, 
        {"sofa" : 1,  "begin" : 227,  "end" : 232 }, 
        {"sofa" : 1,  "begin" : 233,  "end" : 235 }, 
        {"sofa" : 1,  "begin" : 236,  "end" : 238 }, 
        {"sofa" : 1,  "begin" : 239,  "end" : 241 }, 
        {"sofa" : 1,  "begin" : 242,  "end" : 249 }, 
        {"sofa" : 1,  "begin" : 250,  "end" : 251 }, 
        {"sofa" : 1,  "begin" : 252,  "end" : 262 }, 
        {"sofa" : 1,  "begin" : 263,  "end" : 266 }, 
        {"sofa" : 1,  "begin" : 267,  "end" : 271 }, 
        {"sofa" : 1,  "begin" : 272,  "end" : 277 }, 
        {"sofa" : 1,  "begin" : 278,  "end" : 279 }, 
        {"sofa" : 1,  "begin" : 280,  "end" : 287 }, 
        {"sofa" : 1,  "begin" : 288,  "end" : 289 }, 
        {"sofa" : 1,  "begin" : 290,  "end" : 294 }, 
        {"sofa" : 1,  "begin" : 295,  "end" : 299 }, 
        {"sofa" : 1,  "begin" : 300,  "end" : 301 }, 
        {"sofa" : 1,  "begin" : 302,  "end" : 303 }, 
        {"sofa" : 1,  "begin" : 304,  "end" : 307 }, 
        {"sofa" : 1,  "begin" : 308,  "end" : 310 }, 
        {"sofa" : 1,  "begin" : 311,  "end" : 315 }, 
        {"sofa" : 1,  "begin" : 316,  "end" : 318 }, 
        {"sofa" : 1,  "begin" : 319,  "end" : 327 }, 
        {"sofa" : 1,  "begin" : 328,  "end" : 331 }, 
        {"sofa" : 1,  "begin" : 332,  "end" : 343 }, 
        {"sofa" : 1,  "begin" : 344,  "end" : 350 }, 
        {"sofa" : 1,  "begin" : 351,  "end" : 359 }, 
        {"sofa" : 1,  "begin" : 360,  "end" : 371 }, 
        {"sofa" : 1,  "begin" : 372,  "end" : 374 }, 
        {"sofa" : 1,  "begin" : 375,  "end" : 377 }, 
        {"sofa" : 1,  "begin" : 378,  "end" : 388 }, 
        {"sofa" : 1,  "begin" : 389,  "end" : 393 }, 
        {"sofa" : 1,  "begin" : 394,  "end" : 396 }, 
        {"sofa" : 1,  "begin" : 397,  "end" : 402 }, 
        {"sofa" : 1,  "begin" : 403,  "end" : 404 }, 
        {"sofa" : 1,  "begin" : 405,  "end" : 411 }, 
        {"sofa" : 1,  "begin" : 412,  "end" : 413 }, 
        {"sofa" : 1,  "begin" : 414,  "end" : 417 }, 
        {"sofa" : 1,  "begin" : 418,  "end" : 422 }, 
        {"sofa" : 1,  "begin" : 423,  "end" : 424 }, 
        {"sofa" : 1,  "begin" : 425,  "end" : 427 }, 
        {"sofa" : 1,  "begin" : 428,  "end" : 432 }, 
        {"sofa" : 1,  "begin" : 433,  "end" : 437 }, 
        {"sofa" : 1,  "begin" : 438,  "end" : 441 }, 
        {"sofa" : 1,  "begin" : 442,  "end" : 447 }, 
        {"sofa" : 1,  "begin" : 448,  "end" : 449 }, 
        {"sofa" : 1,  "begin" : 450,  "end" : 453 }, 
        {"sofa" : 1,  "begin" : 454,  "end" : 457 }, 
        {"sofa" : 1,  "begin" : 458,  "end" : 464 }, 
        {"sofa" : 1,  "begin" : 465,  "end" : 473 }, 
        {"sofa" : 1,  "begin" : 474,  "end" : 478 }, 
        {"sofa" : 1,  "begin" : 479,  "end" : 482 }, 
        {"sofa" : 1,  "begin" : 483,  "end" : 489 }, 
        {"sofa" : 1,  "begin" : 490,  "end" : 492 }, 
        {"sofa" : 1,  "begin" : 493,  "end" : 495 }, 
        {"sofa" : 1,  "begin" : 496,  "end" : 497 }, 
        {"sofa" : 1,  "begin" : 498,  "end" : 499 }, 
        {"sofa" : 1,  "begin" : 500,  "end" : 504 }, 
        {"sofa" : 1,  "begin" : 505,  "end" : 509 }, 
        {"sofa" : 1,  "begin" : 510,  "end" : 516 }, 
        {"sofa" : 1,  "begin" : 517,  "end" : 521 }, 
        {"sofa" : 1,  "begin" : 522,  "end" : 528 }, 
        {"sofa" : 1,  "begin" : 529,  "end" : 532 }, 
        {"sofa" : 1,  "begin" : 533,  "end" : 535 }, 
        {"sofa" : 1,  "begin" : 536,  "end" : 541 }, 
        {"sofa" : 1,  "begin" : 542,  "end" : 547 }, 
        {"sofa" : 1,  "begin" : 548,  "end" : 549 }, 
        {"sofa" : 1,  "begin" : 550,  "end" : 558 }, 
        {"sofa" : 1,  "begin" : 559,  "end" : 562 }, 
        {"sofa" : 1,  "begin" : 563,  "end" : 565 }, 
        {"sofa" : 1,  "begin" : 566,  "end" : 571 }, 
        {"sofa" : 1,  "begin" : 572,  "end" : 580 }, 
        {"sofa" : 1,  "begin" : 581,  "end" : 582 }, 
        {"sofa" : 1,  "begin" : 583,  "end" : 587 }, 
        {"sofa" : 1,  "begin" : 588,  "end" : 589 }, 
        {"sofa" : 1,  "begin" : 590,  "end" : 594 }, 
        {"sofa" : 1,  "begin" : 595,  "end" : 598 }, 
        {"sofa" : 1,  "begin" : 599,  "end" : 602 }, 
        {"sofa" : 1,  "begin" : 603,  "end" : 607 }, 
        {"sofa" : 1,  "begin" : 608,  "end" : 612 }, 
        {"sofa" : 1,  "begin" : 613,  "end" : 614 }, 
        {"sofa" : 1,  "begin" : 615,  "end" : 617 }, 
        {"sofa" : 1,  "begin" : 618,  "end" : 622 }, 
        {"sofa" : 1,  "begin" : 623,  "end" : 626 }, 
        {"sofa" : 1,  "begin" : 627,  "end" : 629 }, 
        {"sofa" : 1,  "begin" : 630,  "end" : 636 }, 
        {"sofa" : 1,  "begin" : 637,  "end" : 639 }, 
        {"sofa" : 1,  "begin" : 640,  "end" : 644 }, 
        {"sofa" : 1,  "begin" : 645,  "end" : 646 }, 
        {"sofa" : 1,  "begin" : 647,  "end" : 650 }, 
        {"sofa" : 1,  "begin" : 651,  "end" : 657 }, 
        {"sofa" : 1,  "begin" : 658,  "end" : 659 }, 
        {"sofa" : 1,  "begin" : 660,  "end" : 665 }, 
        {"sofa" : 1,  "begin" : 666,  "end" : 670 }, 
        {"sofa" : 1,  "begin" : 671,  "end" : 672 }, 
        {"sofa" : 1,  "begin" : 673,  "end" : 676 }, 
        {"sofa" : 1,  "begin" : 677,  "end" : 682 }, 
        {"sofa" : 1,  "begin" : 683,  "end" : 684 }, 
        {"sofa" : 1,  "begin" : 685,  "end" : 687 }, 
        {"sofa" : 1,  "begin" : 688,  "end" : 690 }, 
        {"sofa" : 1,  "begin" : 691,  "end" : 695 }, 
        {"sofa" : 1,  "begin" : 696,  "end" : 698 }, 
        {"sofa" : 1,  "begin" : 699,  "end" : 700 } ], 
      "PartsofCause" : [2062,  2075,  2088,  2208,  2221,  2234,  2131,  2144,  2157,  2019,  1993,  2006 ], 
      "TypesofCause" : [
        {"sofa" : 1,  "begin" : 141,  "end" : 164,  "Dependent" : 2062,  "Governor" : 2075,  "TypesofCause" : "Effect" }, 
        {"sofa" : 1,  "begin" : 173,  "end" : 287,  "Dependent" : 2088,  "Governor" : 2075,  "TypesofCause" : "Cause" }, 
        {"sofa" : 1,  "begin" : 304,  "end" : 371,  "Dependent" : 2208,  "Governor" : 2221,  "TypesofCause" : "Effect" }, 
        {"sofa" : 1,  "begin" : 375,  "end" : 411,  "Dependent" : 2234,  "Governor" : 2221,  "TypesofCause" : "Cause" }, 
        {"sofa" : 1,  "begin" : 423,  "end" : 447,  "Dependent" : 2144,  "Governor" : 2131,  "TypesofCause" : "Cause" }, 
        {"sofa" : 1,  "begin" : 450,  "end" : 495,  "Dependent" : 2157,  "Governor" : 2131,  "TypesofCause" : "Effect" }, 
        {"sofa" : 1,  "begin" : 498,  "end" : 580,  "Dependent" : 2019,  "Governor" : 1993,  "TypesofCause" : "Effect" }, 
        {"sofa" : 1,  "begin" : 588,  "end" : 682,  "Dependent" : 2006,  "Governor" : 1993,  "TypesofCause" : "Cause" } ] } }, 
  "_referenced_fss" : {
    "1" : {"_type" : "Sofa",  "sofaNum" : 1,  "sofaID" : "_InitialView",  "mimeType" : "text",  "sofaString" : "Idk why , but I just feel like that all of this stuff I ’m “ learning ” in my classes are just going through one ear and out the other , and it ’s really scaring me because I feel like I should fundamentally understand what is going on in my classes , especially the ones major - related .\nLike sure , I ’ll be able to memorize and regurgitate enough relevant information to do relatively well on exams / finals , but once I ’m done with the class , you can forget anything that was taught to me .\nI just feel really dumb taking all of these notes , labeling all of these diagrams , when I know for the most part I ’m just gon na forget it come a few months , maybe even a few weeks .\nIs it just me ?" }, 
    "2062" : {"_type" : "PartsofCause",  "sofa" : 1,  "begin" : 141,  "end" : 164,  "PartsofCause" : "Argument" }, 
    "2075" : {"_type" : "PartsofCause",  "sofa" : 1,  "begin" : 165,  "end" : 172,  "PartsofCause" : "Causing" }, 
    "2088" : {"_type" : "PartsofCause",  "sofa" : 1,  "begin" : 173,  "end" : 287,  "PartsofCause" : "Argument" }, 
    "2208" : {"_type" : "PartsofCause",  "sofa" : 1,  "begin" : 304,  "end" : 371,  "PartsofCause" : "Argument" }, 
    "2221" : {"_type" : "PartsofCause",  "sofa" : 1,  "begin" : 372,  "end" : 374,  "PartsofCause" : "Causing" }, 
    "2234" : {"_type" : "PartsofCause",  "sofa" : 1,  "begin" : 375,  "end" : 411,  "PartsofCause" : "Argument" }, 
    "2144" : {"_type" : "PartsofCause",  "sofa" : 1,  "begin" : 423,  "end" : 447,  "PartsofCause" : "Argument" }, 
    "2131" : {"_type" : "PartsofCause",  "sofa" : 1,  "begin" : 418,  "end" : 422,  "PartsofCause" : "Enabling" }, 
    "2157" : {"_type" : "PartsofCause",  "sofa" : 1,  "begin" : 450,  "end" : 495,  "PartsofCause" : "Argument" }, 
    "2019" : {"_type" : "PartsofCause",  "sofa" : 1,  "begin" : 498,  "end" : 580,  "PartsofCause" : "Argument" }, 
    "1993" : {"_type" : "PartsofCause",  "sofa" : 1,  "begin" : 583,  "end" : 587,  "PartsofCause" : "Causing" }, 
    "2006" : {"_type" : "PartsofCause",  "sofa" : 1,  "begin" : 588,  "end" : 682,  "PartsofCause" : "Argument" }, 
    "2273" : {"_type" : "LayerDefinition",  "name" : "webanno.custom.DisjointCausalSpans",  "uiName" : "Disjoint Causal Spans" }, 
    "2291" : {"_type" : "LayerDefinition",  "name" : "webanno.custom.TypesofCause",  "uiName" : "Types of Cause" }, 
    "2284" : {"_type" : "LayerDefinition",  "name" : "webanno.custom.PartsofCause",  "uiName" : "Parts of Cause" } } }