{"_context" : {
    "_types" : {
      "DocumentMetaData" : {
        "_feature_types" : {"sofa" : "_ref" } }, 
      "FeatureDefinition" : {
        "_feature_types" : {"layer" : "_ref" } }, 
      "LayerDefinition" : { }, 
      "PartsofCause" : {
        "_feature_types" : {"sofa" : "_ref" } }, 
      "Sentence" : {
        "_feature_types" : {"sofa" : "_ref" } }, 
      "Sofa" : {
        "_feature_types" : {"sofaArray" : "_ref" } }, 
      "TagsetDescription" : {
        "_feature_types" : {"sofa" : "_ref",  "tags" : "_ref" } }, 
      "Token" : {
        "_feature_types" : {"sofa" : "_ref",  "parent" : "_ref",  "lemma" : "_ref",  "stem" : "_ref",  "pos" : "_ref",  "morph" : "_ref",  "form" : "_ref" } }, 
      "TypesofCause" : {
        "_feature_types" : {"sofa" : "_ref",  "Dependent" : "_ref",  "Governor" : "_ref" } }, 
      "DocumentAnnotation" : {
        "_feature_types" : {"sofa" : "_ref" }, 
        "_subtypes" : ["DocumentMetaData" ] }, 
      "Annotation" : {
        "_feature_types" : {"sofa" : "_ref" }, 
        "_subtypes" : ["DocumentAnnotation",  "PartsofCause",  "Sentence",  "TagsetDescription",  "Token",  "TypesofCause" ] }, 
      "AnnotationBase" : {
        "_feature_types" : {"sofa" : "_ref" }, 
        "_subtypes" : ["Annotation" ] }, 
      "TOP" : {
        "_subtypes" : ["AnnotationBase",  "FeatureDefinition",  "LayerDefinition",  "Sofa" ] } } }, 
  "_views" : {
    "_InitialView" : {
      "FeatureDefinition" : [
        {"layer" : 2115,  "name" : "referenceRelation",  "uiName" : "Reference Relation" }, 
        {"layer" : 2115,  "name" : "referenceType",  "uiName" : "Reference Type" }, 
        {"layer" : 2126,  "name" : "PartsofCause",  "uiName" : "Parts of Cause" }, 
        {"layer" : 2133,  "name" : "TypesofCause",  "uiName" : "Types of Cause" } ], 
      "LayerDefinition" : [2115,  2126,  2133 ], 
      "DocumentMetaData" : [
        {"sofa" : 1,  "end" : 811,  "language" : "x-unspecified",  "documentTitle" : "cnn-47.txt",  "documentId" : "AYC",  "documentUri" : "file:/srv/inception/repository/project/2/document/2399/source/AYC",  "collectionId" : "file:/srv/inception/repository/project/2/document/2399/source/",  "documentBaseUri" : "file:/srv/inception/repository/project/2/document/2399/source/",  "isLastSegment" : false } ], 
      "TagsetDescription" : [
        {"sofa" : 1,  "layer" : "webanno.custom.PartsofCause",  "name" : "Parts of Cause",  "input" : false }, 
        {"sofa" : 1,  "layer" : "webanno.custom.TypesofCause",  "name" : "Causal Relations",  "input" : false } ], 
      "Sentence" : [
        {"sofa" : 1,  "end" : 163 }, 
        {"sofa" : 1,  "begin" : 164,  "end" : 316 }, 
        {"sofa" : 1,  "begin" : 317,  "end" : 386 }, 
        {"sofa" : 1,  "begin" : 387,  "end" : 440 }, 
        {"sofa" : 1,  "begin" : 441,  "end" : 529 }, 
        {"sofa" : 1,  "begin" : 530,  "end" : 640 }, 
        {"sofa" : 1,  "begin" : 641,  "end" : 692 }, 
        {"sofa" : 1,  "begin" : 693,  "end" : 811 } ], 
      "Token" : [
        {"sofa" : 1,  "end" : 6 }, 
        {"sofa" : 1,  "begin" : 7,  "end" : 9 }, 
        {"sofa" : 1,  "begin" : 10,  "end" : 19 }, 
        {"sofa" : 1,  "begin" : 20,  "end" : 29 }, 
        {"sofa" : 1,  "begin" : 30,  "end" : 35 }, 
        {"sofa" : 1,  "begin" : 36,  "end" : 39 }, 
        {"sofa" : 1,  "begin" : 40,  "end" : 44 }, 
        {"sofa" : 1,  "begin" : 45,  "end" : 46 }, 
        {"sofa" : 1,  "begin" : 47,  "end" : 52 }, 
        {"sofa" : 1,  "begin" : 53,  "end" : 56 }, 
        {"sofa" : 1,  "begin" : 57,  "end" : 62 }, 
        {"sofa" : 1,  "begin" : 63,  "end" : 64 }, 
        {"sofa" : 1,  "begin" : 65,  "end" : 71 }, 
        {"sofa" : 1,  "begin" : 72,  "end" : 77 }, 
        {"sofa" : 1,  "begin" : 78,  "end" : 86 }, 
        {"sofa" : 1,  "begin" : 87,  "end" : 94 }, 
        {"sofa" : 1,  "begin" : 95,  "end" : 101 }, 
        {"sofa" : 1,  "begin" : 102,  "end" : 105 }, 
        {"sofa" : 1,  "begin" : 106,  "end" : 110 }, 
        {"sofa" : 1,  "begin" : 111,  "end" : 121 }, 
        {"sofa" : 1,  "begin" : 122,  "end" : 125 }, 
        {"sofa" : 1,  "begin" : 126,  "end" : 129 }, 
        {"sofa" : 1,  "begin" : 130,  "end" : 131 }, 
        {"sofa" : 1,  "begin" : 132,  "end" : 135 }, 
        {"sofa" : 1,  "begin" : 136,  "end" : 141 }, 
        {"sofa" : 1,  "begin" : 142,  "end" : 146 }, 
        {"sofa" : 1,  "begin" : 147,  "end" : 149 }, 
        {"sofa" : 1,  "begin" : 150,  "end" : 151 }, 
        {"sofa" : 1,  "begin" : 152,  "end" : 161 }, 
        {"sofa" : 1,  "begin" : 162,  "end" : 163 }, 
        {"sofa" : 1,  "begin" : 164,  "end" : 165 }, 
        {"sofa" : 1,  "begin" : 166,  "end" : 169 }, 
        {"sofa" : 1,  "begin" : 170,  "end" : 176 }, 
        {"sofa" : 1,  "begin" : 177,  "end" : 179 }, 
        {"sofa" : 1,  "begin" : 180,  "end" : 186 }, 
        {"sofa" : 1,  "begin" : 187,  "end" : 191 }, 
        {"sofa" : 1,  "begin" : 192,  "end" : 198 }, 
        {"sofa" : 1,  "begin" : 199,  "end" : 202 }, 
        {"sofa" : 1,  "begin" : 203,  "end" : 205 }, 
        {"sofa" : 1,  "begin" : 206,  "end" : 210 }, 
        {"sofa" : 1,  "begin" : 211,  "end" : 217 }, 
        {"sofa" : 1,  "begin" : 218,  "end" : 219 }, 
        {"sofa" : 1,  "begin" : 220,  "end" : 221 }, 
        {"sofa" : 1,  "begin" : 222,  "end" : 230 }, 
        {"sofa" : 1,  "begin" : 231,  "end" : 240 }, 
        {"sofa" : 1,  "begin" : 241,  "end" : 247 }, 
        {"sofa" : 1,  "begin" : 248,  "end" : 253 }, 
        {"sofa" : 1,  "begin" : 254,  "end" : 258 }, 
        {"sofa" : 1,  "begin" : 259,  "end" : 261 }, 
        {"sofa" : 1,  "begin" : 262,  "end" : 265 }, 
        {"sofa" : 1,  "begin" : 266,  "end" : 273 }, 
        {"sofa" : 1,  "begin" : 274,  "end" : 276 }, 
        {"sofa" : 1,  "begin" : 277,  "end" : 280 }, 
        {"sofa" : 1,  "begin" : 281,  "end" : 289 }, 
        {"sofa" : 1,  "begin" : 290,  "end" : 293 }, 
        {"sofa" : 1,  "begin" : 294,  "end" : 304 }, 
        {"sofa" : 1,  "begin" : 305,  "end" : 314 }, 
        {"sofa" : 1,  "begin" : 315,  "end" : 316 }, 
        {"sofa" : 1,  "begin" : 317,  "end" : 318 }, 
        {"sofa" : 1,  "begin" : 319,  "end" : 322 }, 
        {"sofa" : 1,  "begin" : 323,  "end" : 327 }, 
        {"sofa" : 1,  "begin" : 328,  "end" : 331 }, 
        {"sofa" : 1,  "begin" : 332,  "end" : 334 }, 
        {"sofa" : 1,  "begin" : 335,  "end" : 338 }, 
        {"sofa" : 1,  "begin" : 339,  "end" : 347 }, 
        {"sofa" : 1,  "begin" : 348,  "end" : 349 }, 
        {"sofa" : 1,  "begin" : 350,  "end" : 353 }, 
        {"sofa" : 1,  "begin" : 354,  "end" : 363 }, 
        {"sofa" : 1,  "begin" : 364,  "end" : 367 }, 
        {"sofa" : 1,  "begin" : 368,  "end" : 371 }, 
        {"sofa" : 1,  "begin" : 372,  "end" : 382 }, 
        {"sofa" : 1,  "begin" : 383,  "end" : 384 }, 
        {"sofa" : 1,  "begin" : 385,  "end" : 386 }, 
        {"sofa" : 1,  "begin" : 387,  "end" : 395 }, 
        {"sofa" : 1,  "begin" : 396,  "end" : 401 }, 
        {"sofa" : 1,  "begin" : 402,  "end" : 409 }, 
        {"sofa" : 1,  "begin" : 410,  "end" : 412 }, 
        {"sofa" : 1,  "begin" : 413,  "end" : 416 }, 
        {"sofa" : 1,  "begin" : 417,  "end" : 429 }, 
        {"sofa" : 1,  "begin" : 430,  "end" : 438 }, 
        {"sofa" : 1,  "begin" : 439,  "end" : 440 }, 
        {"sofa" : 1,  "begin" : 441,  "end" : 444 }, 
        {"sofa" : 1,  "begin" : 445,  "end" : 453 }, 
        {"sofa" : 1,  "begin" : 454,  "end" : 463 }, 
        {"sofa" : 1,  "begin" : 464,  "end" : 465 }, 
        {"sofa" : 1,  "begin" : 466,  "end" : 473 }, 
        {"sofa" : 1,  "begin" : 474,  "end" : 478 }, 
        {"sofa" : 1,  "begin" : 479,  "end" : 480 }, 
        {"sofa" : 1,  "begin" : 481,  "end" : 485 }, 
        {"sofa" : 1,  "begin" : 486,  "end" : 488 }, 
        {"sofa" : 1,  "begin" : 489,  "end" : 494 }, 
        {"sofa" : 1,  "begin" : 495,  "end" : 497 }, 
        {"sofa" : 1,  "begin" : 498,  "end" : 504 }, 
        {"sofa" : 1,  "begin" : 505,  "end" : 506 }, 
        {"sofa" : 1,  "begin" : 507,  "end" : 512 }, 
        {"sofa" : 1,  "begin" : 513,  "end" : 522 }, 
        {"sofa" : 1,  "begin" : 523,  "end" : 527 }, 
        {"sofa" : 1,  "begin" : 528,  "end" : 529 }, 
        {"sofa" : 1,  "begin" : 530,  "end" : 534 }, 
        {"sofa" : 1,  "begin" : 535,  "end" : 537 }, 
        {"sofa" : 1,  "begin" : 538,  "end" : 541 }, 
        {"sofa" : 1,  "begin" : 542,  "end" : 548 }, 
        {"sofa" : 1,  "begin" : 549,  "end" : 551 }, 
        {"sofa" : 1,  "begin" : 552,  "end" : 555 }, 
        {"sofa" : 1,  "begin" : 556,  "end" : 566 }, 
        {"sofa" : 1,  "begin" : 567,  "end" : 576 }, 
        {"sofa" : 1,  "begin" : 577,  "end" : 582 }, 
        {"sofa" : 1,  "begin" : 583,  "end" : 586 }, 
        {"sofa" : 1,  "begin" : 587,  "end" : 588 }, 
        {"sofa" : 1,  "begin" : 589,  "end" : 594 }, 
        {"sofa" : 1,  "begin" : 595,  "end" : 601 }, 
        {"sofa" : 1,  "begin" : 602,  "end" : 604 }, 
        {"sofa" : 1,  "begin" : 605,  "end" : 610 }, 
        {"sofa" : 1,  "begin" : 611,  "end" : 613 }, 
        {"sofa" : 1,  "begin" : 614,  "end" : 624 }, 
        {"sofa" : 1,  "begin" : 625,  "end" : 627 }, 
        {"sofa" : 1,  "begin" : 628,  "end" : 631 }, 
        {"sofa" : 1,  "begin" : 632,  "end" : 638 }, 
        {"sofa" : 1,  "begin" : 639,  "end" : 640 }, 
        {"sofa" : 1,  "begin" : 641,  "end" : 644 }, 
        {"sofa" : 1,  "begin" : 645,  "end" : 655 }, 
        {"sofa" : 1,  "begin" : 656,  "end" : 660 }, 
        {"sofa" : 1,  "begin" : 661,  "end" : 665 }, 
        {"sofa" : 1,  "begin" : 666,  "end" : 668 }, 
        {"sofa" : 1,  "begin" : 669,  "end" : 672 }, 
        {"sofa" : 1,  "begin" : 673,  "end" : 685 }, 
        {"sofa" : 1,  "begin" : 686,  "end" : 690 }, 
        {"sofa" : 1,  "begin" : 691,  "end" : 692 }, 
        {"sofa" : 1,  "begin" : 693,  "end" : 699 }, 
        {"sofa" : 1,  "begin" : 700,  "end" : 703 }, 
        {"sofa" : 1,  "begin" : 704,  "end" : 712 }, 
        {"sofa" : 1,  "begin" : 713,  "end" : 723 }, 
        {"sofa" : 1,  "begin" : 724,  "end" : 732 }, 
        {"sofa" : 1,  "begin" : 733,  "end" : 737 }, 
        {"sofa" : 1,  "begin" : 738,  "end" : 744 }, 
        {"sofa" : 1,  "begin" : 745,  "end" : 747 }, 
        {"sofa" : 1,  "begin" : 748,  "end" : 759 }, 
        {"sofa" : 1,  "begin" : 760,  "end" : 768 }, 
        {"sofa" : 1,  "begin" : 769,  "end" : 772 }, 
        {"sofa" : 1,  "begin" : 773,  "end" : 776 }, 
        {"sofa" : 1,  "begin" : 777,  "end" : 787 }, 
        {"sofa" : 1,  "begin" : 788,  "end" : 796 }, 
        {"sofa" : 1,  "begin" : 797,  "end" : 799 }, 
        {"sofa" : 1,  "begin" : 800,  "end" : 803 }, 
        {"sofa" : 1,  "begin" : 804,  "end" : 809 }, 
        {"sofa" : 1,  "begin" : 810,  "end" : 811 } ], 
      "PartsofCause" : [1987,  1961,  1974,  2030,  2043,  2056 ], 
      "TypesofCause" : [
        {"sofa" : 1,  "end" : 71,  "Dependent" : 1987,  "Governor" : 1961,  "TypesofCause" : "Effect" }, 
        {"sofa" : 1,  "begin" : 78,  "end" : 129,  "Dependent" : 1974,  "Governor" : 1961,  "TypesofCause" : "Cause" }, 
        {"sofa" : 1,  "begin" : 387,  "end" : 409,  "Dependent" : 2030,  "Governor" : 2043,  "TypesofCause" : "Effect" }, 
        {"sofa" : 1,  "begin" : 413,  "end" : 438,  "Dependent" : 2056,  "Governor" : 2043,  "TypesofCause" : "Cause" } ] } }, 
  "_referenced_fss" : {
    "1" : {"_type" : "Sofa",  "sofaNum" : 1,  "sofaID" : "_InitialView",  "mimeType" : "text",  "sofaString" : "Zambia 's incumbent president bowed out with \" grace and honor \" Friday after election results showed his main challenger had won , his party said in a statement .\n\" The people of Zambia have spoken and we must listen , \" outgoing President Rupiah Banda said on the website of his Movement for Multiparty Democracy .\n\" The time now is for maturity , for composure and for compassion . \"\nZambians voted Tuesday in the presidential election .\nThe incoming president , Michael Sata , will be sworn in Friday , party officials said .\nSata is the leader of the opposition Patriotic Front and a major critic of China 's investment in the nation .\nTen candidates took part in the presidential race .\nZambia has remained relatively peaceful amid unrest in neighboring Zimbabwe and the Democratic Republic of the Congo ." }, 
    "1987" : {"_type" : "PartsofCause",  "sofa" : 1,  "end" : 71,  "PartsofCause" : "Argument" }, 
    "1961" : {"_type" : "PartsofCause",  "sofa" : 1,  "begin" : 72,  "end" : 77,  "PartsofCause" : "Causing" }, 
    "1974" : {"_type" : "PartsofCause",  "sofa" : 1,  "begin" : 78,  "end" : 129,  "PartsofCause" : "Argument" }, 
    "2030" : {"_type" : "PartsofCause",  "sofa" : 1,  "begin" : 387,  "end" : 409,  "PartsofCause" : "Argument" }, 
    "2043" : {"_type" : "PartsofCause",  "sofa" : 1,  "begin" : 410,  "end" : 412,  "PartsofCause" : "Enabling" }, 
    "2056" : {"_type" : "PartsofCause",  "sofa" : 1,  "begin" : 413,  "end" : 438,  "PartsofCause" : "Argument" }, 
    "2126" : {"_type" : "LayerDefinition",  "name" : "webanno.custom.PartsofCause",  "uiName" : "Parts of Cause" }, 
    "2115" : {"_type" : "LayerDefinition",  "name" : "webanno.custom.DisjointCausalSpans",  "uiName" : "Disjoint Causal Spans" }, 
    "2133" : {"_type" : "LayerDefinition",  "name" : "webanno.custom.TypesofCause",  "uiName" : "Types of Cause" } } }