{"_context" : {
    "_types" : {
      "DocumentMetaData" : {
        "_feature_types" : {"sofa" : "_ref" } }, 
      "FeatureDefinition" : {
        "_feature_types" : {"layer" : "_ref" } }, 
      "LayerDefinition" : { }, 
      "PartsofCause" : {
        "_feature_types" : {"sofa" : "_ref" } }, 
      "Sentence" : {
        "_feature_types" : {"sofa" : "_ref" } }, 
      "Sofa" : {
        "_feature_types" : {"sofaArray" : "_ref" } }, 
      "TagsetDescription" : {
        "_feature_types" : {"sofa" : "_ref",  "tags" : "_ref" } }, 
      "Token" : {
        "_feature_types" : {"sofa" : "_ref",  "parent" : "_ref",  "lemma" : "_ref",  "stem" : "_ref",  "pos" : "_ref",  "morph" : "_ref",  "form" : "_ref" } }, 
      "TypesofCause" : {
        "_feature_types" : {"sofa" : "_ref",  "Dependent" : "_ref",  "Governor" : "_ref" } }, 
      "DocumentAnnotation" : {
        "_feature_types" : {"sofa" : "_ref" }, 
        "_subtypes" : ["DocumentMetaData" ] }, 
      "Annotation" : {
        "_feature_types" : {"sofa" : "_ref" }, 
        "_subtypes" : ["DocumentAnnotation",  "PartsofCause",  "Sentence",  "TagsetDescription",  "Token",  "TypesofCause" ] }, 
      "AnnotationBase" : {
        "_feature_types" : {"sofa" : "_ref" }, 
        "_subtypes" : ["Annotation" ] }, 
      "TOP" : {
        "_subtypes" : ["AnnotationBase",  "FeatureDefinition",  "LayerDefinition",  "Sofa" ] } } }, 
  "_views" : {
    "_InitialView" : {
      "FeatureDefinition" : [
        {"layer" : 2856,  "name" : "referenceRelation",  "uiName" : "Reference Relation" }, 
        {"layer" : 2856,  "name" : "referenceType",  "uiName" : "Reference Type" }, 
        {"layer" : 2867,  "name" : "PartsofCause",  "uiName" : "Parts of Cause" }, 
        {"layer" : 2874,  "name" : "TypesofCause",  "uiName" : "Types of Cause" } ], 
      "LayerDefinition" : [2856,  2867,  2874 ], 
      "DocumentMetaData" : [
        {"sofa" : 1,  "end" : 856,  "language" : "x-unspecified",  "documentTitle" : "fable-31.txt",  "documentId" : "GJW",  "documentUri" : "file:/srv/inception/repository/project/2/document/2333/source/GJW",  "collectionId" : "file:/srv/inception/repository/project/2/document/2333/source/",  "documentBaseUri" : "file:/srv/inception/repository/project/2/document/2333/source/",  "isLastSegment" : false } ], 
      "TagsetDescription" : [
        {"sofa" : 1,  "layer" : "webanno.custom.PartsofCause",  "name" : "Parts of Cause",  "input" : false }, 
        {"sofa" : 1,  "layer" : "webanno.custom.TypesofCause",  "name" : "Causal Relations",  "input" : false } ], 
      "Sentence" : [
        {"sofa" : 1,  "end" : 103 }, 
        {"sofa" : 1,  "begin" : 104,  "end" : 227 }, 
        {"sofa" : 1,  "begin" : 228,  "end" : 374 }, 
        {"sofa" : 1,  "begin" : 375,  "end" : 632 }, 
        {"sofa" : 1,  "begin" : 633,  "end" : 683 }, 
        {"sofa" : 1,  "begin" : 684,  "end" : 791 }, 
        {"sofa" : 1,  "begin" : 792,  "end" : 856 } ], 
      "Token" : [
        {"sofa" : 1,  "end" : 3 }, 
        {"sofa" : 1,  "begin" : 4,  "end" : 8 }, 
        {"sofa" : 1,  "begin" : 9,  "end" : 12 }, 
        {"sofa" : 1,  "begin" : 13,  "end" : 16 }, 
        {"sofa" : 1,  "begin" : 17,  "end" : 18 }, 
        {"sofa" : 1,  "begin" : 19,  "end" : 27 }, 
        {"sofa" : 1,  "begin" : 28,  "end" : 33 }, 
        {"sofa" : 1,  "begin" : 34,  "end" : 35 }, 
        {"sofa" : 1,  "begin" : 36,  "end" : 40 }, 
        {"sofa" : 1,  "begin" : 41,  "end" : 45 }, 
        {"sofa" : 1,  "begin" : 46,  "end" : 49 }, 
        {"sofa" : 1,  "begin" : 50,  "end" : 56 }, 
        {"sofa" : 1,  "begin" : 57,  "end" : 59 }, 
        {"sofa" : 1,  "begin" : 60,  "end" : 65 }, 
        {"sofa" : 1,  "begin" : 66,  "end" : 70 }, 
        {"sofa" : 1,  "begin" : 71,  "end" : 82 }, 
        {"sofa" : 1,  "begin" : 83,  "end" : 85 }, 
        {"sofa" : 1,  "begin" : 86,  "end" : 87 }, 
        {"sofa" : 1,  "begin" : 88,  "end" : 95 }, 
        {"sofa" : 1,  "begin" : 96,  "end" : 101 }, 
        {"sofa" : 1,  "begin" : 102,  "end" : 103 }, 
        {"sofa" : 1,  "begin" : 104,  "end" : 107 }, 
        {"sofa" : 1,  "begin" : 108,  "end" : 111 }, 
        {"sofa" : 1,  "begin" : 112,  "end" : 115 }, 
        {"sofa" : 1,  "begin" : 116,  "end" : 122 }, 
        {"sofa" : 1,  "begin" : 123,  "end" : 124 }, 
        {"sofa" : 1,  "begin" : 125,  "end" : 130 }, 
        {"sofa" : 1,  "begin" : 131,  "end" : 136 }, 
        {"sofa" : 1,  "begin" : 137,  "end" : 138 }, 
        {"sofa" : 1,  "begin" : 139,  "end" : 142 }, 
        {"sofa" : 1,  "begin" : 143,  "end" : 146 }, 
        {"sofa" : 1,  "begin" : 147,  "end" : 150 }, 
        {"sofa" : 1,  "begin" : 151,  "end" : 156 }, 
        {"sofa" : 1,  "begin" : 157,  "end" : 166 }, 
        {"sofa" : 1,  "begin" : 167,  "end" : 170 }, 
        {"sofa" : 1,  "begin" : 171,  "end" : 172 }, 
        {"sofa" : 1,  "begin" : 173,  "end" : 176 }, 
        {"sofa" : 1,  "begin" : 177,  "end" : 185 }, 
        {"sofa" : 1,  "begin" : 186,  "end" : 192 }, 
        {"sofa" : 1,  "begin" : 193,  "end" : 197 }, 
        {"sofa" : 1,  "begin" : 198,  "end" : 201 }, 
        {"sofa" : 1,  "begin" : 202,  "end" : 208 }, 
        {"sofa" : 1,  "begin" : 209,  "end" : 211 }, 
        {"sofa" : 1,  "begin" : 212,  "end" : 216 }, 
        {"sofa" : 1,  "begin" : 217,  "end" : 220 }, 
        {"sofa" : 1,  "begin" : 221,  "end" : 225 }, 
        {"sofa" : 1,  "begin" : 226,  "end" : 227 }, 
        {"sofa" : 1,  "begin" : 228,  "end" : 230 }, 
        {"sofa" : 1,  "begin" : 231,  "end" : 237 }, 
        {"sofa" : 1,  "begin" : 238,  "end" : 242 }, 
        {"sofa" : 1,  "begin" : 243,  "end" : 246 }, 
        {"sofa" : 1,  "begin" : 247,  "end" : 253 }, 
        {"sofa" : 1,  "begin" : 254,  "end" : 258 }, 
        {"sofa" : 1,  "begin" : 259,  "end" : 261 }, 
        {"sofa" : 1,  "begin" : 262,  "end" : 265 }, 
        {"sofa" : 1,  "begin" : 266,  "end" : 269 }, 
        {"sofa" : 1,  "begin" : 270,  "end" : 271 }, 
        {"sofa" : 1,  "begin" : 272,  "end" : 277 }, 
        {"sofa" : 1,  "begin" : 278,  "end" : 281 }, 
        {"sofa" : 1,  "begin" : 282,  "end" : 289 }, 
        {"sofa" : 1,  "begin" : 290,  "end" : 292 }, 
        {"sofa" : 1,  "begin" : 293,  "end" : 296 }, 
        {"sofa" : 1,  "begin" : 297,  "end" : 300 }, 
        {"sofa" : 1,  "begin" : 301,  "end" : 309 }, 
        {"sofa" : 1,  "begin" : 310,  "end" : 311 }, 
        {"sofa" : 1,  "begin" : 312,  "end" : 315 }, 
        {"sofa" : 1,  "begin" : 316,  "end" : 324 }, 
        {"sofa" : 1,  "begin" : 325,  "end" : 334 }, 
        {"sofa" : 1,  "begin" : 335,  "end" : 337 }, 
        {"sofa" : 1,  "begin" : 338,  "end" : 341 }, 
        {"sofa" : 1,  "begin" : 342,  "end" : 346 }, 
        {"sofa" : 1,  "begin" : 347,  "end" : 349 }, 
        {"sofa" : 1,  "begin" : 350,  "end" : 353 }, 
        {"sofa" : 1,  "begin" : 354,  "end" : 360 }, 
        {"sofa" : 1,  "begin" : 361,  "end" : 363 }, 
        {"sofa" : 1,  "begin" : 364,  "end" : 367 }, 
        {"sofa" : 1,  "begin" : 368,  "end" : 372 }, 
        {"sofa" : 1,  "begin" : 373,  "end" : 374 }, 
        {"sofa" : 1,  "begin" : 375,  "end" : 378 }, 
        {"sofa" : 1,  "begin" : 379,  "end" : 380 }, 
        {"sofa" : 1,  "begin" : 381,  "end" : 388 }, 
        {"sofa" : 1,  "begin" : 389,  "end" : 396 }, 
        {"sofa" : 1,  "begin" : 397,  "end" : 402 }, 
        {"sofa" : 1,  "begin" : 403,  "end" : 404 }, 
        {"sofa" : 1,  "begin" : 405,  "end" : 408 }, 
        {"sofa" : 1,  "begin" : 409,  "end" : 412 }, 
        {"sofa" : 1,  "begin" : 413,  "end" : 419 }, 
        {"sofa" : 1,  "begin" : 420,  "end" : 423 }, 
        {"sofa" : 1,  "begin" : 424,  "end" : 434 }, 
        {"sofa" : 1,  "begin" : 435,  "end" : 438 }, 
        {"sofa" : 1,  "begin" : 439,  "end" : 442 }, 
        {"sofa" : 1,  "begin" : 443,  "end" : 446 }, 
        {"sofa" : 1,  "begin" : 447,  "end" : 448 }, 
        {"sofa" : 1,  "begin" : 449,  "end" : 452 }, 
        {"sofa" : 1,  "begin" : 453,  "end" : 456 }, 
        {"sofa" : 1,  "begin" : 457,  "end" : 463 }, 
        {"sofa" : 1,  "begin" : 464,  "end" : 465 }, 
        {"sofa" : 1,  "begin" : 466,  "end" : 467 }, 
        {"sofa" : 1,  "begin" : 468,  "end" : 473 }, 
        {"sofa" : 1,  "begin" : 474,  "end" : 480 }, 
        {"sofa" : 1,  "begin" : 481,  "end" : 482 }, 
        {"sofa" : 1,  "begin" : 483,  "end" : 489 }, 
        {"sofa" : 1,  "begin" : 490,  "end" : 496 }, 
        {"sofa" : 1,  "begin" : 497,  "end" : 500 }, 
        {"sofa" : 1,  "begin" : 501,  "end" : 509 }, 
        {"sofa" : 1,  "begin" : 510,  "end" : 513 }, 
        {"sofa" : 1,  "begin" : 514,  "end" : 518 }, 
        {"sofa" : 1,  "begin" : 519,  "end" : 520 }, 
        {"sofa" : 1,  "begin" : 521,  "end" : 529 }, 
        {"sofa" : 1,  "begin" : 530,  "end" : 533 }, 
        {"sofa" : 1,  "begin" : 534,  "end" : 538 }, 
        {"sofa" : 1,  "begin" : 539,  "end" : 542 }, 
        {"sofa" : 1,  "begin" : 543,  "end" : 550 }, 
        {"sofa" : 1,  "begin" : 551,  "end" : 552 }, 
        {"sofa" : 1,  "begin" : 553,  "end" : 559 }, 
        {"sofa" : 1,  "begin" : 560,  "end" : 561 }, 
        {"sofa" : 1,  "begin" : 562,  "end" : 563 }, 
        {"sofa" : 1,  "begin" : 564,  "end" : 568 }, 
        {"sofa" : 1,  "begin" : 569,  "end" : 572 }, 
        {"sofa" : 1,  "begin" : 573,  "end" : 578 }, 
        {"sofa" : 1,  "begin" : 579,  "end" : 583 }, 
        {"sofa" : 1,  "begin" : 584,  "end" : 588 }, 
        {"sofa" : 1,  "begin" : 589,  "end" : 591 }, 
        {"sofa" : 1,  "begin" : 592,  "end" : 594 }, 
        {"sofa" : 1,  "begin" : 595,  "end" : 596 }, 
        {"sofa" : 1,  "begin" : 597,  "end" : 600 }, 
        {"sofa" : 1,  "begin" : 601,  "end" : 605 }, 
        {"sofa" : 1,  "begin" : 606,  "end" : 613 }, 
        {"sofa" : 1,  "begin" : 614,  "end" : 619 }, 
        {"sofa" : 1,  "begin" : 620,  "end" : 623 }, 
        {"sofa" : 1,  "begin" : 624,  "end" : 630 }, 
        {"sofa" : 1,  "begin" : 631,  "end" : 632 }, 
        {"sofa" : 1,  "begin" : 633,  "end" : 635 }, 
        {"sofa" : 1,  "begin" : 636,  "end" : 639 }, 
        {"sofa" : 1,  "begin" : 640,  "end" : 643 }, 
        {"sofa" : 1,  "begin" : 644,  "end" : 648 }, 
        {"sofa" : 1,  "begin" : 649,  "end" : 653 }, 
        {"sofa" : 1,  "begin" : 654,  "end" : 657 }, 
        {"sofa" : 1,  "begin" : 658,  "end" : 659 }, 
        {"sofa" : 1,  "begin" : 660,  "end" : 663 }, 
        {"sofa" : 1,  "begin" : 664,  "end" : 668 }, 
        {"sofa" : 1,  "begin" : 669,  "end" : 672 }, 
        {"sofa" : 1,  "begin" : 673,  "end" : 676 }, 
        {"sofa" : 1,  "begin" : 677,  "end" : 679 }, 
        {"sofa" : 1,  "begin" : 680,  "end" : 681 }, 
        {"sofa" : 1,  "begin" : 682,  "end" : 683 }, 
        {"sofa" : 1,  "begin" : 684,  "end" : 687 }, 
        {"sofa" : 1,  "begin" : 688,  "end" : 698 }, 
        {"sofa" : 1,  "begin" : 699,  "end" : 703 }, 
        {"sofa" : 1,  "begin" : 704,  "end" : 706 }, 
        {"sofa" : 1,  "begin" : 707,  "end" : 714 }, 
        {"sofa" : 1,  "begin" : 715,  "end" : 719 }, 
        {"sofa" : 1,  "begin" : 720,  "end" : 724 }, 
        {"sofa" : 1,  "begin" : 725,  "end" : 731 }, 
        {"sofa" : 1,  "begin" : 732,  "end" : 735 }, 
        {"sofa" : 1,  "begin" : 736,  "end" : 740 }, 
        {"sofa" : 1,  "begin" : 741,  "end" : 742 }, 
        {"sofa" : 1,  "begin" : 743,  "end" : 746 }, 
        {"sofa" : 1,  "begin" : 747,  "end" : 751 }, 
        {"sofa" : 1,  "begin" : 752,  "end" : 761 }, 
        {"sofa" : 1,  "begin" : 762,  "end" : 764 }, 
        {"sofa" : 1,  "begin" : 765,  "end" : 768 }, 
        {"sofa" : 1,  "begin" : 769,  "end" : 776 }, 
        {"sofa" : 1,  "begin" : 777,  "end" : 780 }, 
        {"sofa" : 1,  "begin" : 781,  "end" : 784 }, 
        {"sofa" : 1,  "begin" : 785,  "end" : 789 }, 
        {"sofa" : 1,  "begin" : 790,  "end" : 791 }, 
        {"sofa" : 1,  "begin" : 792,  "end" : 795 }, 
        {"sofa" : 1,  "begin" : 796,  "end" : 798 }, 
        {"sofa" : 1,  "begin" : 799,  "end" : 800 }, 
        {"sofa" : 1,  "begin" : 801,  "end" : 803 }, 
        {"sofa" : 1,  "begin" : 804,  "end" : 813 }, 
        {"sofa" : 1,  "begin" : 814,  "end" : 819 }, 
        {"sofa" : 1,  "begin" : 820,  "end" : 823 }, 
        {"sofa" : 1,  "begin" : 824,  "end" : 830 }, 
        {"sofa" : 1,  "begin" : 831,  "end" : 835 }, 
        {"sofa" : 1,  "begin" : 836,  "end" : 840 }, 
        {"sofa" : 1,  "begin" : 841,  "end" : 844 }, 
        {"sofa" : 1,  "begin" : 845,  "end" : 854 }, 
        {"sofa" : 1,  "begin" : 855,  "end" : 856 } ], 
      "PartsofCause" : [2403,  2394,  2412,  2471,  2489,  2480,  2548,  2561,  2578,  2621,  2630,  2639,  2711,  2702,  2724,  2783,  2792,  2805 ], 
      "TypesofCause" : [
        {"sofa" : 1,  "begin" : 17,  "end" : 56,  "Dependent" : 2403,  "Governor" : 2394,  "TypesofCause" : "Effect" }, 
        {"sofa" : 1,  "begin" : 60,  "end" : 101,  "Dependent" : 2412,  "Governor" : 2394,  "TypesofCause" : "Cause" }, 
        {"sofa" : 1,  "begin" : 231,  "end" : 269,  "Dependent" : 2489,  "Governor" : 2471,  "TypesofCause" : "Cause" }, 
        {"sofa" : 1,  "begin" : 312,  "end" : 372,  "Dependent" : 2480,  "Governor" : 2471,  "TypesofCause" : "Effect" }, 
        {"sofa" : 1,  "begin" : 379,  "end" : 402,  "Dependent" : 2548,  "Governor" : 2561,  "TypesofCause" : "Effect" }, 
        {"sofa" : 1,  "begin" : 409,  "end" : 446,  "Dependent" : 2578,  "Governor" : 2561,  "TypesofCause" : "Cause" }, 
        {"sofa" : 1,  "begin" : 636,  "end" : 657,  "Dependent" : 2630,  "Governor" : 2621,  "TypesofCause" : "Cause" }, 
        {"sofa" : 1,  "begin" : 660,  "end" : 679,  "Dependent" : 2639,  "Governor" : 2621,  "TypesofCause" : "Effect" }, 
        {"sofa" : 1,  "begin" : 684,  "end" : 714,  "Dependent" : 2711,  "Governor" : 2702,  "TypesofCause" : "Cause" }, 
        {"sofa" : 1,  "begin" : 720,  "end" : 740,  "Dependent" : 2724,  "Governor" : 2702,  "TypesofCause" : "Effect" }, 
        {"sofa" : 1,  "begin" : 804,  "end" : 830,  "Dependent" : 2792,  "Governor" : 2783,  "TypesofCause" : "Cause" }, 
        {"sofa" : 1,  "begin" : 831,  "end" : 854,  "Dependent" : 2805,  "Governor" : 2783,  "TypesofCause" : "Effect" } ] } }, 
  "_referenced_fss" : {
    "1" : {"_type" : "Sofa",  "sofaNum" : 1,  "sofaID" : "_InitialView",  "mimeType" : "text",  "sofaString" : "ONE very hot day a Traveler hired a Mule with his driver to carry some merchandise to a distant place .\nThe way lay across a sandy plain , and the day being intensely hot , the Traveler called upon the driver to stop for rest .\nTo escape from the direct heat of the sun , which was shining in all its strength , the Traveler proceeded to sit down in the shadow of the Mule .\nBut a violent dispute arose , for the shadow was sufficient for but one , and the driver , a lusty fellow , rudely pushed the Traveler one side , claiming the spot for himself , saying : “ When you hired this Mule of me , you said nothing about the shadow .\nIf now you want that too , you must pay for it . ”\nThe discussion grew so violent that they forgot the Mule , who took advantage of his freedom and ran away .\nAnd so , in disputing about the shadow they lost the substance ." }, 
    "2403" : {"_type" : "PartsofCause",  "sofa" : 1,  "begin" : 17,  "end" : 56,  "PartsofCause" : "Argument" }, 
    "2394" : {"_type" : "PartsofCause",  "sofa" : 1,  "begin" : 57,  "end" : 59,  "PartsofCause" : "Causing" }, 
    "2412" : {"_type" : "PartsofCause",  "sofa" : 1,  "begin" : 60,  "end" : 101,  "PartsofCause" : "Argument" }, 
    "2489" : {"_type" : "PartsofCause",  "sofa" : 1,  "begin" : 231,  "end" : 269,  "PartsofCause" : "Argument" }, 
    "2471" : {"_type" : "PartsofCause",  "sofa" : 1,  "begin" : 228,  "end" : 230,  "PartsofCause" : "Causing" }, 
    "2480" : {"_type" : "PartsofCause",  "sofa" : 1,  "begin" : 312,  "end" : 372 }, 
    "2548" : {"_type" : "PartsofCause",  "sofa" : 1,  "begin" : 379,  "end" : 402,  "PartsofCause" : "Argument" }, 
    "2561" : {"_type" : "PartsofCause",  "sofa" : 1,  "begin" : 405,  "end" : 408,  "PartsofCause" : "Causing" }, 
    "2578" : {"_type" : "PartsofCause",  "sofa" : 1,  "begin" : 409,  "end" : 446,  "PartsofCause" : "Argument" }, 
    "2630" : {"_type" : "PartsofCause",  "sofa" : 1,  "begin" : 636,  "end" : 657,  "PartsofCause" : "Argument" }, 
    "2621" : {"_type" : "PartsofCause",  "sofa" : 1,  "begin" : 633,  "end" : 635,  "PartsofCause" : "Causing" }, 
    "2639" : {"_type" : "PartsofCause",  "sofa" : 1,  "begin" : 660,  "end" : 679,  "PartsofCause" : "Argument" }, 
    "2711" : {"_type" : "PartsofCause",  "sofa" : 1,  "begin" : 684,  "end" : 714,  "PartsofCause" : "Argument" }, 
    "2702" : {"_type" : "PartsofCause",  "sofa" : 1,  "begin" : 715,  "end" : 719,  "PartsofCause" : "Causing" }, 
    "2724" : {"_type" : "PartsofCause",  "sofa" : 1,  "begin" : 720,  "end" : 740,  "PartsofCause" : "Argument" }, 
    "2792" : {"_type" : "PartsofCause",  "sofa" : 1,  "begin" : 804,  "end" : 830,  "PartsofCause" : "Argument" }, 
    "2783" : {"_type" : "PartsofCause",  "sofa" : 1,  "begin" : 801,  "end" : 803,  "PartsofCause" : "Causing" }, 
    "2805" : {"_type" : "PartsofCause",  "sofa" : 1,  "begin" : 831,  "end" : 854,  "PartsofCause" : "Argument" }, 
    "2856" : {"_type" : "LayerDefinition",  "name" : "webanno.custom.DisjointCausalSpans",  "uiName" : "Disjoint Causal Spans" }, 
    "2867" : {"_type" : "LayerDefinition",  "name" : "webanno.custom.PartsofCause",  "uiName" : "Parts of Cause" }, 
    "2874" : {"_type" : "LayerDefinition",  "name" : "webanno.custom.TypesofCause",  "uiName" : "Types of Cause" } } }