{"_context" : {
    "_types" : {
      "DocumentMetaData" : {
        "_feature_types" : {"sofa" : "_ref" } }, 
      "FeatureDefinition" : {
        "_feature_types" : {"layer" : "_ref" } }, 
      "LayerDefinition" : { }, 
      "PartsofCause" : {
        "_feature_types" : {"sofa" : "_ref" } }, 
      "Sentence" : {
        "_feature_types" : {"sofa" : "_ref" } }, 
      "Sofa" : {
        "_feature_types" : {"sofaArray" : "_ref" } }, 
      "TagsetDescription" : {
        "_feature_types" : {"sofa" : "_ref",  "tags" : "_ref" } }, 
      "Token" : {
        "_feature_types" : {"sofa" : "_ref",  "parent" : "_ref",  "lemma" : "_ref",  "stem" : "_ref",  "pos" : "_ref",  "morph" : "_ref",  "form" : "_ref" } }, 
      "TypesofCause" : {
        "_feature_types" : {"sofa" : "_ref",  "Dependent" : "_ref",  "Governor" : "_ref" } }, 
      "DocumentAnnotation" : {
        "_feature_types" : {"sofa" : "_ref" }, 
        "_subtypes" : ["DocumentMetaData" ] }, 
      "Annotation" : {
        "_feature_types" : {"sofa" : "_ref" }, 
        "_subtypes" : ["DocumentAnnotation",  "PartsofCause",  "Sentence",  "TagsetDescription",  "Token",  "TypesofCause" ] }, 
      "AnnotationBase" : {
        "_feature_types" : {"sofa" : "_ref" }, 
        "_subtypes" : ["Annotation" ] }, 
      "TOP" : {
        "_subtypes" : ["AnnotationBase",  "FeatureDefinition",  "LayerDefinition",  "Sofa" ] } } }, 
  "_views" : {
    "_InitialView" : {
      "FeatureDefinition" : [
        {"layer" : 2443,  "name" : "referenceRelation",  "uiName" : "Reference Relation" }, 
        {"layer" : 2443,  "name" : "referenceType",  "uiName" : "Reference Type" }, 
        {"layer" : 2454,  "name" : "PartsofCause",  "uiName" : "Parts of Cause" }, 
        {"layer" : 2461,  "name" : "TypesofCause",  "uiName" : "Types of Cause" } ], 
      "LayerDefinition" : [2443,  2454,  2461 ], 
      "DocumentMetaData" : [
        {"sofa" : 1,  "end" : 701,  "language" : "x-unspecified",  "documentTitle" : "reddit-034.txt",  "documentId" : "GJW",  "documentUri" : "file:/srv/inception/repository/project/2/document/2436/source/GJW",  "collectionId" : "file:/srv/inception/repository/project/2/document/2436/source/",  "documentBaseUri" : "file:/srv/inception/repository/project/2/document/2436/source/",  "isLastSegment" : false } ], 
      "TagsetDescription" : [
        {"sofa" : 1,  "layer" : "webanno.custom.PartsofCause",  "name" : "Parts of Cause",  "input" : false }, 
        {"sofa" : 1,  "layer" : "webanno.custom.TypesofCause",  "name" : "Causal Relations",  "input" : false } ], 
      "Sentence" : [
        {"sofa" : 1,  "end" : 83 }, 
        {"sofa" : 1,  "begin" : 84,  "end" : 248 }, 
        {"sofa" : 1,  "begin" : 249,  "end" : 347 }, 
        {"sofa" : 1,  "begin" : 348,  "end" : 422 }, 
        {"sofa" : 1,  "begin" : 423,  "end" : 465 }, 
        {"sofa" : 1,  "begin" : 466,  "end" : 528 }, 
        {"sofa" : 1,  "begin" : 529,  "end" : 612 }, 
        {"sofa" : 1,  "begin" : 613,  "end" : 692 }, 
        {"sofa" : 1,  "begin" : 693,  "end" : 701 } ], 
      "Token" : [
        {"sofa" : 1,  "end" : 1 }, 
        {"sofa" : 1,  "begin" : 2,  "end" : 4 }, 
        {"sofa" : 1,  "begin" : 5,  "end" : 13 }, 
        {"sofa" : 1,  "begin" : 14,  "end" : 16 }, 
        {"sofa" : 1,  "begin" : 17,  "end" : 22 }, 
        {"sofa" : 1,  "begin" : 23,  "end" : 27 }, 
        {"sofa" : 1,  "begin" : 28,  "end" : 30 }, 
        {"sofa" : 1,  "begin" : 31,  "end" : 33 }, 
        {"sofa" : 1,  "begin" : 34,  "end" : 41 }, 
        {"sofa" : 1,  "begin" : 42,  "end" : 46 }, 
        {"sofa" : 1,  "begin" : 47,  "end" : 50 }, 
        {"sofa" : 1,  "begin" : 51,  "end" : 55 }, 
        {"sofa" : 1,  "begin" : 56,  "end" : 66 }, 
        {"sofa" : 1,  "begin" : 67,  "end" : 70 }, 
        {"sofa" : 1,  "begin" : 71,  "end" : 72 }, 
        {"sofa" : 1,  "begin" : 73,  "end" : 77 }, 
        {"sofa" : 1,  "begin" : 78,  "end" : 81 }, 
        {"sofa" : 1,  "begin" : 82,  "end" : 83 }, 
        {"sofa" : 1,  "begin" : 84,  "end" : 89 }, 
        {"sofa" : 1,  "begin" : 90,  "end" : 92 }, 
        {"sofa" : 1,  "begin" : 93,  "end" : 94 }, 
        {"sofa" : 1,  "begin" : 95,  "end" : 98 }, 
        {"sofa" : 1,  "begin" : 99,  "end" : 101 }, 
        {"sofa" : 1,  "begin" : 102,  "end" : 109 }, 
        {"sofa" : 1,  "begin" : 110,  "end" : 117 }, 
        {"sofa" : 1,  "begin" : 118,  "end" : 122 }, 
        {"sofa" : 1,  "begin" : 123,  "end" : 128 }, 
        {"sofa" : 1,  "begin" : 129,  "end" : 131 }, 
        {"sofa" : 1,  "begin" : 132,  "end" : 136 }, 
        {"sofa" : 1,  "begin" : 137,  "end" : 139 }, 
        {"sofa" : 1,  "begin" : 140,  "end" : 147 }, 
        {"sofa" : 1,  "begin" : 148,  "end" : 149 }, 
        {"sofa" : 1,  "begin" : 150,  "end" : 155 }, 
        {"sofa" : 1,  "begin" : 156,  "end" : 161 }, 
        {"sofa" : 1,  "begin" : 162,  "end" : 165 }, 
        {"sofa" : 1,  "begin" : 166,  "end" : 170 }, 
        {"sofa" : 1,  "begin" : 171,  "end" : 176 }, 
        {"sofa" : 1,  "begin" : 177,  "end" : 188 }, 
        {"sofa" : 1,  "begin" : 189,  "end" : 192 }, 
        {"sofa" : 1,  "begin" : 193,  "end" : 196 }, 
        {"sofa" : 1,  "begin" : 197,  "end" : 199 }, 
        {"sofa" : 1,  "begin" : 200,  "end" : 208 }, 
        {"sofa" : 1,  "begin" : 209,  "end" : 211 }, 
        {"sofa" : 1,  "begin" : 212,  "end" : 219 }, 
        {"sofa" : 1,  "begin" : 220,  "end" : 222 }, 
        {"sofa" : 1,  "begin" : 223,  "end" : 226 }, 
        {"sofa" : 1,  "begin" : 227,  "end" : 229 }, 
        {"sofa" : 1,  "begin" : 230,  "end" : 232 }, 
        {"sofa" : 1,  "begin" : 233,  "end" : 238 }, 
        {"sofa" : 1,  "begin" : 239,  "end" : 241 }, 
        {"sofa" : 1,  "begin" : 242,  "end" : 246 }, 
        {"sofa" : 1,  "begin" : 247,  "end" : 248 }, 
        {"sofa" : 1,  "begin" : 249,  "end" : 251 }, 
        {"sofa" : 1,  "begin" : 252,  "end" : 255 }, 
        {"sofa" : 1,  "begin" : 256,  "end" : 258 }, 
        {"sofa" : 1,  "begin" : 259,  "end" : 263 }, 
        {"sofa" : 1,  "begin" : 264,  "end" : 265 }, 
        {"sofa" : 1,  "begin" : 266,  "end" : 272 }, 
        {"sofa" : 1,  "begin" : 273,  "end" : 274 }, 
        {"sofa" : 1,  "begin" : 275,  "end" : 278 }, 
        {"sofa" : 1,  "begin" : 279,  "end" : 285 }, 
        {"sofa" : 1,  "begin" : 286,  "end" : 288 }, 
        {"sofa" : 1,  "begin" : 289,  "end" : 293 }, 
        {"sofa" : 1,  "begin" : 294,  "end" : 299 }, 
        {"sofa" : 1,  "begin" : 300,  "end" : 303 }, 
        {"sofa" : 1,  "begin" : 304,  "end" : 307 }, 
        {"sofa" : 1,  "begin" : 308,  "end" : 312 }, 
        {"sofa" : 1,  "begin" : 313,  "end" : 315 }, 
        {"sofa" : 1,  "begin" : 316,  "end" : 318 }, 
        {"sofa" : 1,  "begin" : 319,  "end" : 327 }, 
        {"sofa" : 1,  "begin" : 328,  "end" : 329 }, 
        {"sofa" : 1,  "begin" : 330,  "end" : 334 }, 
        {"sofa" : 1,  "begin" : 335,  "end" : 336 }, 
        {"sofa" : 1,  "begin" : 337,  "end" : 340 }, 
        {"sofa" : 1,  "begin" : 341,  "end" : 345 }, 
        {"sofa" : 1,  "begin" : 346,  "end" : 347 }, 
        {"sofa" : 1,  "begin" : 348,  "end" : 349 }, 
        {"sofa" : 1,  "begin" : 350,  "end" : 353 }, 
        {"sofa" : 1,  "begin" : 354,  "end" : 357 }, 
        {"sofa" : 1,  "begin" : 358,  "end" : 364 }, 
        {"sofa" : 1,  "begin" : 365,  "end" : 372 }, 
        {"sofa" : 1,  "begin" : 373,  "end" : 376 }, 
        {"sofa" : 1,  "begin" : 377,  "end" : 383 }, 
        {"sofa" : 1,  "begin" : 384,  "end" : 388 }, 
        {"sofa" : 1,  "begin" : 389,  "end" : 398 }, 
        {"sofa" : 1,  "begin" : 399,  "end" : 402 }, 
        {"sofa" : 1,  "begin" : 403,  "end" : 406 }, 
        {"sofa" : 1,  "begin" : 407,  "end" : 410 }, 
        {"sofa" : 1,  "begin" : 411,  "end" : 412 }, 
        {"sofa" : 1,  "begin" : 413,  "end" : 414 }, 
        {"sofa" : 1,  "begin" : 415,  "end" : 420 }, 
        {"sofa" : 1,  "begin" : 421,  "end" : 422 }, 
        {"sofa" : 1,  "begin" : 423,  "end" : 424 }, 
        {"sofa" : 1,  "begin" : 425,  "end" : 429 }, 
        {"sofa" : 1,  "begin" : 430,  "end" : 432 }, 
        {"sofa" : 1,  "begin" : 433,  "end" : 435 }, 
        {"sofa" : 1,  "begin" : 436,  "end" : 439 }, 
        {"sofa" : 1,  "begin" : 440,  "end" : 446 }, 
        {"sofa" : 1,  "begin" : 447,  "end" : 449 }, 
        {"sofa" : 1,  "begin" : 450,  "end" : 453 }, 
        {"sofa" : 1,  "begin" : 454,  "end" : 459 }, 
        {"sofa" : 1,  "begin" : 460,  "end" : 463 }, 
        {"sofa" : 1,  "begin" : 464,  "end" : 465 }, 
        {"sofa" : 1,  "begin" : 466,  "end" : 467 }, 
        {"sofa" : 1,  "begin" : 468,  "end" : 473 }, 
        {"sofa" : 1,  "begin" : 474,  "end" : 476 }, 
        {"sofa" : 1,  "begin" : 477,  "end" : 478 }, 
        {"sofa" : 1,  "begin" : 479,  "end" : 481 }, 
        {"sofa" : 1,  "begin" : 482,  "end" : 485 }, 
        {"sofa" : 1,  "begin" : 486,  "end" : 493 }, 
        {"sofa" : 1,  "begin" : 494,  "end" : 495 }, 
        {"sofa" : 1,  "begin" : 496,  "end" : 500 }, 
        {"sofa" : 1,  "begin" : 501,  "end" : 506 }, 
        {"sofa" : 1,  "begin" : 507,  "end" : 509 }, 
        {"sofa" : 1,  "begin" : 510,  "end" : 514 }, 
        {"sofa" : 1,  "begin" : 515,  "end" : 518 }, 
        {"sofa" : 1,  "begin" : 519,  "end" : 526 }, 
        {"sofa" : 1,  "begin" : 527,  "end" : 528 }, 
        {"sofa" : 1,  "begin" : 529,  "end" : 535 }, 
        {"sofa" : 1,  "begin" : 536,  "end" : 537 }, 
        {"sofa" : 1,  "begin" : 538,  "end" : 541 }, 
        {"sofa" : 1,  "begin" : 542,  "end" : 546 }, 
        {"sofa" : 1,  "begin" : 547,  "end" : 550 }, 
        {"sofa" : 1,  "begin" : 551,  "end" : 558 }, 
        {"sofa" : 1,  "begin" : 559,  "end" : 562 }, 
        {"sofa" : 1,  "begin" : 563,  "end" : 567 }, 
        {"sofa" : 1,  "begin" : 568,  "end" : 571 }, 
        {"sofa" : 1,  "begin" : 572,  "end" : 573 }, 
        {"sofa" : 1,  "begin" : 574,  "end" : 577 }, 
        {"sofa" : 1,  "begin" : 578,  "end" : 581 }, 
        {"sofa" : 1,  "begin" : 582,  "end" : 583 }, 
        {"sofa" : 1,  "begin" : 584,  "end" : 587 }, 
        {"sofa" : 1,  "begin" : 588,  "end" : 591 }, 
        {"sofa" : 1,  "begin" : 592,  "end" : 597 }, 
        {"sofa" : 1,  "begin" : 598,  "end" : 601 }, 
        {"sofa" : 1,  "begin" : 602,  "end" : 610 }, 
        {"sofa" : 1,  "begin" : 611,  "end" : 612 }, 
        {"sofa" : 1,  "begin" : 613,  "end" : 618 }, 
        {"sofa" : 1,  "begin" : 619,  "end" : 625 }, 
        {"sofa" : 1,  "begin" : 626,  "end" : 627 }, 
        {"sofa" : 1,  "begin" : 628,  "end" : 631 }, 
        {"sofa" : 1,  "begin" : 632,  "end" : 635 }, 
        {"sofa" : 1,  "begin" : 636,  "end" : 641 }, 
        {"sofa" : 1,  "begin" : 642,  "end" : 645 }, 
        {"sofa" : 1,  "begin" : 646,  "end" : 654 }, 
        {"sofa" : 1,  "begin" : 655,  "end" : 657 }, 
        {"sofa" : 1,  "begin" : 658,  "end" : 659 }, 
        {"sofa" : 1,  "begin" : 660,  "end" : 661 }, 
        {"sofa" : 1,  "begin" : 662,  "end" : 669 }, 
        {"sofa" : 1,  "begin" : 670,  "end" : 679 }, 
        {"sofa" : 1,  "begin" : 680,  "end" : 681 }, 
        {"sofa" : 1,  "begin" : 682,  "end" : 690 }, 
        {"sofa" : 1,  "begin" : 691,  "end" : 692 }, 
        {"sofa" : 1,  "begin" : 693,  "end" : 699 }, 
        {"sofa" : 1,  "begin" : 700,  "end" : 701 } ], 
      "PartsofCause" : [2092,  2083,  2101,  2177,  2168,  2205,  2288,  2310,  2297,  2374,  2387,  2396 ], 
      "TypesofCause" : [
        {"sofa" : 1,  "begin" : 84,  "end" : 117,  "Dependent" : 2092,  "Governor" : 2083,  "TypesofCause" : "Cause" }, 
        {"sofa" : 1,  "begin" : 129,  "end" : 131,  "Dependent" : 2101,  "Governor" : 2083,  "TypesofCause" : "Effect" }, 
        {"sofa" : 1,  "begin" : 249,  "end" : 255,  "Dependent" : 2177,  "Governor" : 2168,  "TypesofCause" : "Cause" }, 
        {"sofa" : 1,  "begin" : 286,  "end" : 345,  "Dependent" : 2205,  "Governor" : 2168,  "TypesofCause" : "Effect" }, 
        {"sofa" : 1,  "begin" : 466,  "end" : 481,  "Dependent" : 2288,  "Governor" : 2310,  "TypesofCause" : "Effect" }, 
        {"sofa" : 1,  "begin" : 486,  "end" : 493,  "Dependent" : 2297,  "Governor" : 2310,  "TypesofCause" : "Cause" }, 
        {"sofa" : 1,  "begin" : 536,  "end" : 577,  "Dependent" : 2374,  "Governor" : 2387,  "TypesofCause" : "Effect" }, 
        {"sofa" : 1,  "begin" : 582,  "end" : 610,  "Dependent" : 2396,  "Governor" : 2387,  "TypesofCause" : "Cause" } ] } }, 
  "_referenced_fss" : {
    "1" : {"_type" : "Sofa",  "sofaNum" : 1,  "sofaID" : "_InitialView",  "mimeType" : "text",  "sofaString" : "I 'm starting to crack down on my isomnia that has been persistent for a year now .\nThere 's a lot of various factors that cause it such as working a night shift and late night assignments but now im starting to believe my bed is an issue as well .\nMy bed is hard , broken , and causes me pain every now and then in my shoulder , back , and knee .\nI say its broken because the center pole collapsed and its now a v shape .\nI wake up in the middle of the night too .\nI saved up $ 4k for college , this money is only for college .\nShould I dip into the savings and take out $ 500 for a new bed frame and mattress ?\nWould buying a new bed frame and mattress be a \" college essential \" purchase ?\nThanks !" }, 
    "2092" : {"_type" : "PartsofCause",  "sofa" : 1,  "begin" : 84,  "end" : 117,  "PartsofCause" : "Argument" }, 
    "2083" : {"_type" : "PartsofCause",  "sofa" : 1,  "begin" : 123,  "end" : 128,  "PartsofCause" : "Causing" }, 
    "2101" : {"_type" : "PartsofCause",  "sofa" : 1,  "begin" : 129,  "end" : 131,  "PartsofCause" : "Argument" }, 
    "2177" : {"_type" : "PartsofCause",  "sofa" : 1,  "begin" : 249,  "end" : 255,  "PartsofCause" : "Argument" }, 
    "2168" : {"_type" : "PartsofCause",  "sofa" : 1,  "begin" : 279,  "end" : 285,  "PartsofCause" : "Causing" }, 
    "2205" : {"_type" : "PartsofCause",  "sofa" : 1,  "begin" : 286,  "end" : 345,  "PartsofCause" : "Argument" }, 
    "2288" : {"_type" : "PartsofCause",  "sofa" : 1,  "begin" : 466,  "end" : 481,  "PartsofCause" : "Argument" }, 
    "2310" : {"_type" : "PartsofCause",  "sofa" : 1,  "begin" : 482,  "end" : 485,  "PartsofCause" : "Causing" }, 
    "2297" : {"_type" : "PartsofCause",  "sofa" : 1,  "begin" : 486,  "end" : 493,  "PartsofCause" : "Argument" }, 
    "2374" : {"_type" : "PartsofCause",  "sofa" : 1,  "begin" : 536,  "end" : 577,  "PartsofCause" : "Argument" }, 
    "2387" : {"_type" : "PartsofCause",  "sofa" : 1,  "begin" : 578,  "end" : 581,  "PartsofCause" : "Causing" }, 
    "2396" : {"_type" : "PartsofCause",  "sofa" : 1,  "begin" : 582,  "end" : 610,  "PartsofCause" : "Argument" }, 
    "2454" : {"_type" : "LayerDefinition",  "name" : "webanno.custom.PartsofCause",  "uiName" : "Parts of Cause" }, 
    "2443" : {"_type" : "LayerDefinition",  "name" : "webanno.custom.DisjointCausalSpans",  "uiName" : "Disjoint Causal Spans" }, 
    "2461" : {"_type" : "LayerDefinition",  "name" : "webanno.custom.TypesofCause",  "uiName" : "Types of Cause" } } }