{"_context" : {
    "_types" : {
      "DocumentMetaData" : {
        "_feature_types" : {"sofa" : "_ref" } }, 
      "FeatureDefinition" : {
        "_feature_types" : {"layer" : "_ref" } }, 
      "LayerDefinition" : { }, 
      "PartsofCause" : {
        "_feature_types" : {"sofa" : "_ref" } }, 
      "Sentence" : {
        "_feature_types" : {"sofa" : "_ref" } }, 
      "Sofa" : {
        "_feature_types" : {"sofaArray" : "_ref" } }, 
      "TagsetDescription" : {
        "_feature_types" : {"sofa" : "_ref",  "tags" : "_ref" } }, 
      "Token" : {
        "_feature_types" : {"sofa" : "_ref",  "parent" : "_ref",  "lemma" : "_ref",  "stem" : "_ref",  "pos" : "_ref",  "morph" : "_ref",  "form" : "_ref" } }, 
      "TypesofCause" : {
        "_feature_types" : {"sofa" : "_ref",  "Dependent" : "_ref",  "Governor" : "_ref" } }, 
      "DocumentAnnotation" : {
        "_feature_types" : {"sofa" : "_ref" }, 
        "_subtypes" : ["DocumentMetaData" ] }, 
      "Annotation" : {
        "_feature_types" : {"sofa" : "_ref" }, 
        "_subtypes" : ["DocumentAnnotation",  "PartsofCause",  "Sentence",  "TagsetDescription",  "Token",  "TypesofCause" ] }, 
      "AnnotationBase" : {
        "_feature_types" : {"sofa" : "_ref" }, 
        "_subtypes" : ["Annotation" ] }, 
      "TOP" : {
        "_subtypes" : ["AnnotationBase",  "FeatureDefinition",  "LayerDefinition",  "Sofa" ] } } }, 
  "_views" : {
    "_InitialView" : {
      "FeatureDefinition" : [
        {"layer" : 2426,  "name" : "referenceRelation",  "uiName" : "Reference Relation" }, 
        {"layer" : 2426,  "name" : "referenceType",  "uiName" : "Reference Type" }, 
        {"layer" : 2437,  "name" : "PartsofCause",  "uiName" : "Parts of Cause" }, 
        {"layer" : 2444,  "name" : "TypesofCause",  "uiName" : "Types of Cause" } ], 
      "LayerDefinition" : [2426,  2437,  2444 ], 
      "DocumentMetaData" : [
        {"sofa" : 1,  "end" : 797,  "language" : "x-unspecified",  "documentTitle" : "reddit-052.txt",  "documentId" : "AYC",  "documentUri" : "file:/srv/inception/repository/project/2/document/2454/source/AYC",  "collectionId" : "file:/srv/inception/repository/project/2/document/2454/source/",  "documentBaseUri" : "file:/srv/inception/repository/project/2/document/2454/source/",  "isLastSegment" : false } ], 
      "TagsetDescription" : [
        {"sofa" : 1,  "layer" : "webanno.custom.PartsofCause",  "name" : "Parts of Cause",  "input" : false }, 
        {"sofa" : 1,  "layer" : "webanno.custom.TypesofCause",  "name" : "Causal Relations",  "input" : false } ], 
      "Sentence" : [
        {"sofa" : 1,  "end" : 33 }, 
        {"sofa" : 1,  "begin" : 34,  "end" : 172 }, 
        {"sofa" : 1,  "begin" : 173,  "end" : 224 }, 
        {"sofa" : 1,  "begin" : 225,  "end" : 248 }, 
        {"sofa" : 1,  "begin" : 249,  "end" : 269 }, 
        {"sofa" : 1,  "begin" : 270,  "end" : 310 }, 
        {"sofa" : 1,  "begin" : 311,  "end" : 334 }, 
        {"sofa" : 1,  "begin" : 335,  "end" : 391 }, 
        {"sofa" : 1,  "begin" : 392,  "end" : 475 }, 
        {"sofa" : 1,  "begin" : 476,  "end" : 522 }, 
        {"sofa" : 1,  "begin" : 523,  "end" : 552 }, 
        {"sofa" : 1,  "begin" : 553,  "end" : 596 }, 
        {"sofa" : 1,  "begin" : 597,  "end" : 666 }, 
        {"sofa" : 1,  "begin" : 667,  "end" : 690 }, 
        {"sofa" : 1,  "begin" : 691,  "end" : 751 }, 
        {"sofa" : 1,  "begin" : 752,  "end" : 797 } ], 
      "Token" : [
        {"sofa" : 1,  "end" : 1 }, 
        {"sofa" : 1,  "begin" : 2,  "end" : 11 }, 
        {"sofa" : 1,  "begin" : 12,  "end" : 19 }, 
        {"sofa" : 1,  "begin" : 20,  "end" : 22 }, 
        {"sofa" : 1,  "begin" : 23,  "end" : 24 }, 
        {"sofa" : 1,  "begin" : 25,  "end" : 29 }, 
        {"sofa" : 1,  "begin" : 30,  "end" : 33 }, 
        {"sofa" : 1,  "begin" : 34,  "end" : 37 }, 
        {"sofa" : 1,  "begin" : 38,  "end" : 42 }, 
        {"sofa" : 1,  "begin" : 43,  "end" : 44 }, 
        {"sofa" : 1,  "begin" : 45,  "end" : 52 }, 
        {"sofa" : 1,  "begin" : 53,  "end" : 57 }, 
        {"sofa" : 1,  "begin" : 58,  "end" : 60 }, 
        {"sofa" : 1,  "begin" : 61,  "end" : 65 }, 
        {"sofa" : 1,  "begin" : 66,  "end" : 73 }, 
        {"sofa" : 1,  "begin" : 74,  "end" : 79 }, 
        {"sofa" : 1,  "begin" : 80,  "end" : 84 }, 
        {"sofa" : 1,  "begin" : 85,  "end" : 87 }, 
        {"sofa" : 1,  "begin" : 88,  "end" : 93 }, 
        {"sofa" : 1,  "begin" : 94,  "end" : 103 }, 
        {"sofa" : 1,  "begin" : 104,  "end" : 108 }, 
        {"sofa" : 1,  "begin" : 109,  "end" : 111 }, 
        {"sofa" : 1,  "begin" : 112,  "end" : 113 }, 
        {"sofa" : 1,  "begin" : 114,  "end" : 115 }, 
        {"sofa" : 1,  "begin" : 116,  "end" : 127 }, 
        {"sofa" : 1,  "begin" : 128,  "end" : 129 }, 
        {"sofa" : 1,  "begin" : 130,  "end" : 134 }, 
        {"sofa" : 1,  "begin" : 135,  "end" : 137 }, 
        {"sofa" : 1,  "begin" : 138,  "end" : 141 }, 
        {"sofa" : 1,  "begin" : 142,  "end" : 144 }, 
        {"sofa" : 1,  "begin" : 145,  "end" : 150 }, 
        {"sofa" : 1,  "begin" : 151,  "end" : 159 }, 
        {"sofa" : 1,  "begin" : 160,  "end" : 167 }, 
        {"sofa" : 1,  "begin" : 168,  "end" : 172 }, 
        {"sofa" : 1,  "begin" : 173,  "end" : 174 }, 
        {"sofa" : 1,  "begin" : 175,  "end" : 177 }, 
        {"sofa" : 1,  "begin" : 178,  "end" : 187 }, 
        {"sofa" : 1,  "begin" : 188,  "end" : 196 }, 
        {"sofa" : 1,  "begin" : 197,  "end" : 199 }, 
        {"sofa" : 1,  "begin" : 200,  "end" : 210 }, 
        {"sofa" : 1,  "begin" : 211,  "end" : 214 }, 
        {"sofa" : 1,  "begin" : 215,  "end" : 222 }, 
        {"sofa" : 1,  "begin" : 223,  "end" : 224 }, 
        {"sofa" : 1,  "begin" : 225,  "end" : 235 }, 
        {"sofa" : 1,  "begin" : 236,  "end" : 237 }, 
        {"sofa" : 1,  "begin" : 238,  "end" : 241 }, 
        {"sofa" : 1,  "begin" : 242,  "end" : 246 }, 
        {"sofa" : 1,  "begin" : 247,  "end" : 248 }, 
        {"sofa" : 1,  "begin" : 249,  "end" : 255 }, 
        {"sofa" : 1,  "begin" : 256,  "end" : 267 }, 
        {"sofa" : 1,  "begin" : 268,  "end" : 269 }, 
        {"sofa" : 1,  "begin" : 270,  "end" : 276 }, 
        {"sofa" : 1,  "begin" : 277,  "end" : 278 }, 
        {"sofa" : 1,  "begin" : 279,  "end" : 283 }, 
        {"sofa" : 1,  "begin" : 284,  "end" : 287 }, 
        {"sofa" : 1,  "begin" : 288,  "end" : 293 }, 
        {"sofa" : 1,  "begin" : 294,  "end" : 301 }, 
        {"sofa" : 1,  "begin" : 302,  "end" : 303 }, 
        {"sofa" : 1,  "begin" : 304,  "end" : 308 }, 
        {"sofa" : 1,  "begin" : 309,  "end" : 310 }, 
        {"sofa" : 1,  "begin" : 311,  "end" : 314 }, 
        {"sofa" : 1,  "begin" : 315,  "end" : 318 }, 
        {"sofa" : 1,  "begin" : 319,  "end" : 322 }, 
        {"sofa" : 1,  "begin" : 323,  "end" : 327 }, 
        {"sofa" : 1,  "begin" : 328,  "end" : 332 }, 
        {"sofa" : 1,  "begin" : 333,  "end" : 334 }, 
        {"sofa" : 1,  "begin" : 335,  "end" : 338 }, 
        {"sofa" : 1,  "begin" : 339,  "end" : 341 }, 
        {"sofa" : 1,  "begin" : 342,  "end" : 344 }, 
        {"sofa" : 1,  "begin" : 345,  "end" : 349 }, 
        {"sofa" : 1,  "begin" : 350,  "end" : 354 }, 
        {"sofa" : 1,  "begin" : 355,  "end" : 362 }, 
        {"sofa" : 1,  "begin" : 363,  "end" : 365 }, 
        {"sofa" : 1,  "begin" : 366,  "end" : 373 }, 
        {"sofa" : 1,  "begin" : 374,  "end" : 377 }, 
        {"sofa" : 1,  "begin" : 378,  "end" : 382 }, 
        {"sofa" : 1,  "begin" : 383,  "end" : 389 }, 
        {"sofa" : 1,  "begin" : 390,  "end" : 391 }, 
        {"sofa" : 1,  "begin" : 392,  "end" : 395 }, 
        {"sofa" : 1,  "begin" : 396,  "end" : 400 }, 
        {"sofa" : 1,  "begin" : 401,  "end" : 405 }, 
        {"sofa" : 1,  "begin" : 406,  "end" : 407 }, 
        {"sofa" : 1,  "begin" : 408,  "end" : 412 }, 
        {"sofa" : 1,  "begin" : 413,  "end" : 415 }, 
        {"sofa" : 1,  "begin" : 416,  "end" : 420 }, 
        {"sofa" : 1,  "begin" : 421,  "end" : 431 }, 
        {"sofa" : 1,  "begin" : 432,  "end" : 436 }, 
        {"sofa" : 1,  "begin" : 437,  "end" : 438 }, 
        {"sofa" : 1,  "begin" : 439,  "end" : 443 }, 
        {"sofa" : 1,  "begin" : 444,  "end" : 446 }, 
        {"sofa" : 1,  "begin" : 447,  "end" : 450 }, 
        {"sofa" : 1,  "begin" : 451,  "end" : 458 }, 
        {"sofa" : 1,  "begin" : 459,  "end" : 470 }, 
        {"sofa" : 1,  "begin" : 471,  "end" : 475 }, 
        {"sofa" : 1,  "begin" : 476,  "end" : 477 }, 
        {"sofa" : 1,  "begin" : 478,  "end" : 482 }, 
        {"sofa" : 1,  "begin" : 483,  "end" : 487 }, 
        {"sofa" : 1,  "begin" : 488,  "end" : 489 }, 
        {"sofa" : 1,  "begin" : 490,  "end" : 492 }, 
        {"sofa" : 1,  "begin" : 493,  "end" : 500 }, 
        {"sofa" : 1,  "begin" : 501,  "end" : 503 }, 
        {"sofa" : 1,  "begin" : 504,  "end" : 508 }, 
        {"sofa" : 1,  "begin" : 509,  "end" : 511 }, 
        {"sofa" : 1,  "begin" : 512,  "end" : 518 }, 
        {"sofa" : 1,  "begin" : 519,  "end" : 522 }, 
        {"sofa" : 1,  "begin" : 523,  "end" : 524 }, 
        {"sofa" : 1,  "begin" : 525,  "end" : 533 }, 
        {"sofa" : 1,  "begin" : 534,  "end" : 538 }, 
        {"sofa" : 1,  "begin" : 539,  "end" : 541 }, 
        {"sofa" : 1,  "begin" : 542,  "end" : 548 }, 
        {"sofa" : 1,  "begin" : 549,  "end" : 552 }, 
        {"sofa" : 1,  "begin" : 553,  "end" : 555 }, 
        {"sofa" : 1,  "begin" : 556,  "end" : 563 }, 
        {"sofa" : 1,  "begin" : 564,  "end" : 570 }, 
        {"sofa" : 1,  "begin" : 571,  "end" : 573 }, 
        {"sofa" : 1,  "begin" : 574,  "end" : 576 }, 
        {"sofa" : 1,  "begin" : 577,  "end" : 583 }, 
        {"sofa" : 1,  "begin" : 584,  "end" : 591 }, 
        {"sofa" : 1,  "begin" : 592,  "end" : 596 }, 
        {"sofa" : 1,  "begin" : 597,  "end" : 602 }, 
        {"sofa" : 1,  "begin" : 603,  "end" : 609 }, 
        {"sofa" : 1,  "begin" : 610,  "end" : 612 }, 
        {"sofa" : 1,  "begin" : 613,  "end" : 614 }, 
        {"sofa" : 1,  "begin" : 615,  "end" : 619 }, 
        {"sofa" : 1,  "begin" : 620,  "end" : 625 }, 
        {"sofa" : 1,  "begin" : 626,  "end" : 633 }, 
        {"sofa" : 1,  "begin" : 634,  "end" : 642 }, 
        {"sofa" : 1,  "begin" : 643,  "end" : 648 }, 
        {"sofa" : 1,  "begin" : 649,  "end" : 652 }, 
        {"sofa" : 1,  "begin" : 653,  "end" : 662 }, 
        {"sofa" : 1,  "begin" : 663,  "end" : 666 }, 
        {"sofa" : 1,  "begin" : 667,  "end" : 670 }, 
        {"sofa" : 1,  "begin" : 671,  "end" : 674 }, 
        {"sofa" : 1,  "begin" : 675,  "end" : 678 }, 
        {"sofa" : 1,  "begin" : 679,  "end" : 686 }, 
        {"sofa" : 1,  "begin" : 687,  "end" : 690 }, 
        {"sofa" : 1,  "begin" : 691,  "end" : 694 }, 
        {"sofa" : 1,  "begin" : 695,  "end" : 696 }, 
        {"sofa" : 1,  "begin" : 697,  "end" : 706 }, 
        {"sofa" : 1,  "begin" : 707,  "end" : 711 }, 
        {"sofa" : 1,  "begin" : 712,  "end" : 714 }, 
        {"sofa" : 1,  "begin" : 715,  "end" : 719 }, 
        {"sofa" : 1,  "begin" : 720,  "end" : 722 }, 
        {"sofa" : 1,  "begin" : 723,  "end" : 726 }, 
        {"sofa" : 1,  "begin" : 727,  "end" : 729 }, 
        {"sofa" : 1,  "begin" : 730,  "end" : 732 }, 
        {"sofa" : 1,  "begin" : 733,  "end" : 735 }, 
        {"sofa" : 1,  "begin" : 736,  "end" : 740 }, 
        {"sofa" : 1,  "begin" : 741,  "end" : 746 }, 
        {"sofa" : 1,  "begin" : 747,  "end" : 751 }, 
        {"sofa" : 1,  "begin" : 752,  "end" : 753 }, 
        {"sofa" : 1,  "begin" : 754,  "end" : 756 }, 
        {"sofa" : 1,  "begin" : 757,  "end" : 760 }, 
        {"sofa" : 1,  "begin" : 761,  "end" : 765 }, 
        {"sofa" : 1,  "begin" : 766,  "end" : 769 }, 
        {"sofa" : 1,  "begin" : 770,  "end" : 772 }, 
        {"sofa" : 1,  "begin" : 773,  "end" : 778 }, 
        {"sofa" : 1,  "begin" : 779,  "end" : 784 }, 
        {"sofa" : 1,  "begin" : 785,  "end" : 792 }, 
        {"sofa" : 1,  "begin" : 793,  "end" : 797 } ], 
      "PartsofCause" : [2333,  2265,  2278,  2183,  2196,  2209,  2361,  2374,  2387 ], 
      "TypesofCause" : [
        {"sofa" : 1,  "begin" : 43,  "end" : 127,  "Dependent" : 2333,  "Governor" : 2265,  "TypesofCause" : "Effect" }, 
        {"sofa" : 1,  "begin" : 138,  "end" : 167,  "Dependent" : 2278,  "Governor" : 2265,  "TypesofCause" : "Cause" }, 
        {"sofa" : 1,  "begin" : 342,  "end" : 362,  "Dependent" : 2183,  "Governor" : 2196,  "TypesofCause" : "Effect" }, 
        {"sofa" : 1,  "begin" : 366,  "end" : 389,  "Dependent" : 2209,  "Governor" : 2196,  "TypesofCause" : "Cause" }, 
        {"sofa" : 1,  "begin" : 421,  "end" : 446,  "Dependent" : 2361,  "Governor" : 2374,  "TypesofCause" : "Effect" }, 
        {"sofa" : 1,  "begin" : 451,  "end" : 470,  "Dependent" : 2387,  "Governor" : 2374,  "TypesofCause" : "Cause" } ] } }, 
  "_referenced_fss" : {
    "1" : {"_type" : "Sofa",  "sofaNum" : 1,  "sofaID" : "_InitialView",  "mimeType" : "text",  "sofaString" : "I convinced college is a scam ...\nwhy does a student need to jump through hoops just to learn something that is a \" requirement \" just to get to major specific classes ?!?!\nI am currently majoring in Accounting and Finance .\nAccounting , its easy .\nRecord transaction .\nSimple , plus and minus Finance , easy .\nBuy low and sell high .\nWhy do we need more classes to justify our damn majors ?\nNot only that , what is with professors with a hard on for written assignments ?!?!\nI feel like I am wasting my life in school ...\nI honestly have no choice ...\nmy parents expect me to attend college ....\nbeing raised in a time where college actually meant for something ...\nand was WAY cheaper ...\nAll I literally want to know is how to do my damn taxes ....\nI do n't need any of these other classes ...." }, 
    "2333" : {"_type" : "PartsofCause",  "sofa" : 1,  "begin" : 43,  "end" : 127,  "PartsofCause" : "Argument" }, 
    "2265" : {"_type" : "PartsofCause",  "sofa" : 1,  "begin" : 135,  "end" : 137,  "PartsofCause" : "Causing" }, 
    "2278" : {"_type" : "PartsofCause",  "sofa" : 1,  "begin" : 138,  "end" : 167,  "PartsofCause" : "Argument" }, 
    "2183" : {"_type" : "PartsofCause",  "sofa" : 1,  "begin" : 342,  "end" : 362,  "PartsofCause" : "Argument" }, 
    "2196" : {"_type" : "PartsofCause",  "sofa" : 1,  "begin" : 363,  "end" : 365,  "PartsofCause" : "Causing" }, 
    "2209" : {"_type" : "PartsofCause",  "sofa" : 1,  "begin" : 366,  "end" : 389,  "PartsofCause" : "Argument" }, 
    "2361" : {"_type" : "PartsofCause",  "sofa" : 1,  "begin" : 421,  "end" : 446,  "PartsofCause" : "Argument" }, 
    "2374" : {"_type" : "PartsofCause",  "sofa" : 1,  "begin" : 447,  "end" : 450,  "PartsofCause" : "Causing" }, 
    "2387" : {"_type" : "PartsofCause",  "sofa" : 1,  "begin" : 451,  "end" : 470,  "PartsofCause" : "Argument" }, 
    "2437" : {"_type" : "LayerDefinition",  "name" : "webanno.custom.PartsofCause",  "uiName" : "Parts of Cause" }, 
    "2426" : {"_type" : "LayerDefinition",  "name" : "webanno.custom.DisjointCausalSpans",  "uiName" : "Disjoint Causal Spans" }, 
    "2444" : {"_type" : "LayerDefinition",  "name" : "webanno.custom.TypesofCause",  "uiName" : "Types of Cause" } } }