{"_context" : {
    "_types" : {
      "DocumentMetaData" : {
        "_feature_types" : {"sofa" : "_ref" } }, 
      "FeatureDefinition" : {
        "_feature_types" : {"layer" : "_ref" } }, 
      "LayerDefinition" : { }, 
      "PartsofCause" : {
        "_feature_types" : {"sofa" : "_ref" } }, 
      "Sentence" : {
        "_feature_types" : {"sofa" : "_ref" } }, 
      "Sofa" : {
        "_feature_types" : {"sofaArray" : "_ref" } }, 
      "TagsetDescription" : {
        "_feature_types" : {"sofa" : "_ref",  "tags" : "_ref" } }, 
      "Token" : {
        "_feature_types" : {"sofa" : "_ref",  "parent" : "_ref",  "lemma" : "_ref",  "stem" : "_ref",  "pos" : "_ref",  "morph" : "_ref",  "form" : "_ref" } }, 
      "TypesofCause" : {
        "_feature_types" : {"sofa" : "_ref",  "Dependent" : "_ref",  "Governor" : "_ref" } }, 
      "DocumentAnnotation" : {
        "_feature_types" : {"sofa" : "_ref" }, 
        "_subtypes" : ["DocumentMetaData" ] }, 
      "Annotation" : {
        "_feature_types" : {"sofa" : "_ref" }, 
        "_subtypes" : ["DocumentAnnotation",  "PartsofCause",  "Sentence",  "TagsetDescription",  "Token",  "TypesofCause" ] }, 
      "AnnotationBase" : {
        "_feature_types" : {"sofa" : "_ref" }, 
        "_subtypes" : ["Annotation" ] }, 
      "TOP" : {
        "_subtypes" : ["AnnotationBase",  "FeatureDefinition",  "LayerDefinition",  "Sofa" ] } } }, 
  "_views" : {
    "_InitialView" : {
      "FeatureDefinition" : [
        {"layer" : 2332,  "name" : "referenceRelation",  "uiName" : "Reference Relation" }, 
        {"layer" : 2332,  "name" : "referenceType",  "uiName" : "Reference Type" }, 
        {"layer" : 2343,  "name" : "PartsofCause",  "uiName" : "Parts of Cause" }, 
        {"layer" : 2350,  "name" : "TypesofCause",  "uiName" : "Types of Cause" } ], 
      "LayerDefinition" : [2332,  2343,  2350 ], 
      "DocumentMetaData" : [
        {"sofa" : 1,  "end" : 722,  "language" : "x-unspecified",  "documentTitle" : "reddit-028.txt",  "documentId" : "GJW",  "documentUri" : "file:/srv/inception/repository/project/2/document/2430/source/GJW",  "collectionId" : "file:/srv/inception/repository/project/2/document/2430/source/",  "documentBaseUri" : "file:/srv/inception/repository/project/2/document/2430/source/",  "isLastSegment" : false } ], 
      "TagsetDescription" : [
        {"sofa" : 1,  "layer" : "webanno.custom.PartsofCause",  "name" : "Parts of Cause",  "input" : false }, 
        {"sofa" : 1,  "layer" : "webanno.custom.TypesofCause",  "name" : "Causal Relations",  "input" : false } ], 
      "Sentence" : [
        {"sofa" : 1,  "end" : 26 }, 
        {"sofa" : 1,  "begin" : 27,  "end" : 77 }, 
        {"sofa" : 1,  "begin" : 78,  "end" : 140 }, 
        {"sofa" : 1,  "begin" : 141,  "end" : 233 }, 
        {"sofa" : 1,  "begin" : 234,  "end" : 250 }, 
        {"sofa" : 1,  "begin" : 251,  "end" : 261 }, 
        {"sofa" : 1,  "begin" : 262,  "end" : 275 }, 
        {"sofa" : 1,  "begin" : 276,  "end" : 318 }, 
        {"sofa" : 1,  "begin" : 319,  "end" : 522 }, 
        {"sofa" : 1,  "begin" : 523,  "end" : 570 }, 
        {"sofa" : 1,  "begin" : 571,  "end" : 627 }, 
        {"sofa" : 1,  "begin" : 628,  "end" : 672 }, 
        {"sofa" : 1,  "begin" : 673,  "end" : 683 }, 
        {"sofa" : 1,  "begin" : 684,  "end" : 722 } ], 
      "Token" : [
        {"sofa" : 1,  "end" : 1 }, 
        {"sofa" : 1,  "begin" : 2,  "end" : 5 }, 
        {"sofa" : 1,  "begin" : 6,  "end" : 7 }, 
        {"sofa" : 1,  "begin" : 8,  "end" : 12 }, 
        {"sofa" : 1,  "begin" : 13,  "end" : 24 }, 
        {"sofa" : 1,  "begin" : 25,  "end" : 26 }, 
        {"sofa" : 1,  "begin" : 27,  "end" : 28 }, 
        {"sofa" : 1,  "begin" : 29,  "end" : 33 }, 
        {"sofa" : 1,  "begin" : 34,  "end" : 37 }, 
        {"sofa" : 1,  "begin" : 38,  "end" : 41 }, 
        {"sofa" : 1,  "begin" : 42,  "end" : 47 }, 
        {"sofa" : 1,  "begin" : 48,  "end" : 50 }, 
        {"sofa" : 1,  "begin" : 51,  "end" : 56 }, 
        {"sofa" : 1,  "begin" : 57,  "end" : 60 }, 
        {"sofa" : 1,  "begin" : 61,  "end" : 70 }, 
        {"sofa" : 1,  "begin" : 71,  "end" : 75 }, 
        {"sofa" : 1,  "begin" : 76,  "end" : 77 }, 
        {"sofa" : 1,  "begin" : 78,  "end" : 81 }, 
        {"sofa" : 1,  "begin" : 82,  "end" : 91 }, 
        {"sofa" : 1,  "begin" : 92,  "end" : 96 }, 
        {"sofa" : 1,  "begin" : 97,  "end" : 99 }, 
        {"sofa" : 1,  "begin" : 100,  "end" : 104 }, 
        {"sofa" : 1,  "begin" : 105,  "end" : 110 }, 
        {"sofa" : 1,  "begin" : 111,  "end" : 114 }, 
        {"sofa" : 1,  "begin" : 115,  "end" : 118 }, 
        {"sofa" : 1,  "begin" : 119,  "end" : 121 }, 
        {"sofa" : 1,  "begin" : 122,  "end" : 129 }, 
        {"sofa" : 1,  "begin" : 130,  "end" : 133 }, 
        {"sofa" : 1,  "begin" : 134,  "end" : 138 }, 
        {"sofa" : 1,  "begin" : 139,  "end" : 140 }, 
        {"sofa" : 1,  "begin" : 141,  "end" : 146 }, 
        {"sofa" : 1,  "begin" : 147,  "end" : 149 }, 
        {"sofa" : 1,  "begin" : 150,  "end" : 154 }, 
        {"sofa" : 1,  "begin" : 155,  "end" : 164 }, 
        {"sofa" : 1,  "begin" : 165,  "end" : 169 }, 
        {"sofa" : 1,  "begin" : 170,  "end" : 173 }, 
        {"sofa" : 1,  "begin" : 174,  "end" : 178 }, 
        {"sofa" : 1,  "begin" : 179,  "end" : 182 }, 
        {"sofa" : 1,  "begin" : 183,  "end" : 190 }, 
        {"sofa" : 1,  "begin" : 191,  "end" : 192 }, 
        {"sofa" : 1,  "begin" : 193,  "end" : 196 }, 
        {"sofa" : 1,  "begin" : 197,  "end" : 206 }, 
        {"sofa" : 1,  "begin" : 207,  "end" : 217 }, 
        {"sofa" : 1,  "begin" : 218,  "end" : 222 }, 
        {"sofa" : 1,  "begin" : 223,  "end" : 226 }, 
        {"sofa" : 1,  "begin" : 227,  "end" : 231 }, 
        {"sofa" : 1,  "begin" : 232,  "end" : 233 }, 
        {"sofa" : 1,  "begin" : 234,  "end" : 237 }, 
        {"sofa" : 1,  "begin" : 238,  "end" : 242 }, 
        {"sofa" : 1,  "begin" : 243,  "end" : 244 }, 
        {"sofa" : 1,  "begin" : 245,  "end" : 248 }, 
        {"sofa" : 1,  "begin" : 249,  "end" : 250 }, 
        {"sofa" : 1,  "begin" : 251,  "end" : 253 }, 
        {"sofa" : 1,  "begin" : 254,  "end" : 255 }, 
        {"sofa" : 1,  "begin" : 256,  "end" : 259 }, 
        {"sofa" : 1,  "begin" : 260,  "end" : 261 }, 
        {"sofa" : 1,  "begin" : 262,  "end" : 266 }, 
        {"sofa" : 1,  "begin" : 267,  "end" : 275 }, 
        {"sofa" : 1,  "begin" : 276,  "end" : 277 }, 
        {"sofa" : 1,  "begin" : 278,  "end" : 282 }, 
        {"sofa" : 1,  "begin" : 283,  "end" : 287 }, 
        {"sofa" : 1,  "begin" : 288,  "end" : 298 }, 
        {"sofa" : 1,  "begin" : 299,  "end" : 303 }, 
        {"sofa" : 1,  "begin" : 304,  "end" : 308 }, 
        {"sofa" : 1,  "begin" : 309,  "end" : 316 }, 
        {"sofa" : 1,  "begin" : 317,  "end" : 318 }, 
        {"sofa" : 1,  "begin" : 319,  "end" : 320 }, 
        {"sofa" : 1,  "begin" : 321,  "end" : 324 }, 
        {"sofa" : 1,  "begin" : 325,  "end" : 328 }, 
        {"sofa" : 1,  "begin" : 329,  "end" : 335 }, 
        {"sofa" : 1,  "begin" : 336,  "end" : 338 }, 
        {"sofa" : 1,  "begin" : 339,  "end" : 340 }, 
        {"sofa" : 1,  "begin" : 341,  "end" : 343 }, 
        {"sofa" : 1,  "begin" : 344,  "end" : 347 }, 
        {"sofa" : 1,  "begin" : 348,  "end" : 353 }, 
        {"sofa" : 1,  "begin" : 354,  "end" : 357 }, 
        {"sofa" : 1,  "begin" : 358,  "end" : 364 }, 
        {"sofa" : 1,  "begin" : 365,  "end" : 367 }, 
        {"sofa" : 1,  "begin" : 368,  "end" : 371 }, 
        {"sofa" : 1,  "begin" : 372,  "end" : 375 }, 
        {"sofa" : 1,  "begin" : 376,  "end" : 380 }, 
        {"sofa" : 1,  "begin" : 381,  "end" : 384 }, 
        {"sofa" : 1,  "begin" : 385,  "end" : 389 }, 
        {"sofa" : 1,  "begin" : 390,  "end" : 391 }, 
        {"sofa" : 1,  "begin" : 392,  "end" : 395 }, 
        {"sofa" : 1,  "begin" : 396,  "end" : 399 }, 
        {"sofa" : 1,  "begin" : 400,  "end" : 405 }, 
        {"sofa" : 1,  "begin" : 406,  "end" : 410 }, 
        {"sofa" : 1,  "begin" : 411,  "end" : 412 }, 
        {"sofa" : 1,  "begin" : 413,  "end" : 414 }, 
        {"sofa" : 1,  "begin" : 415,  "end" : 417 }, 
        {"sofa" : 1,  "begin" : 418,  "end" : 422 }, 
        {"sofa" : 1,  "begin" : 423,  "end" : 431 }, 
        {"sofa" : 1,  "begin" : 432,  "end" : 438 }, 
        {"sofa" : 1,  "begin" : 439,  "end" : 442 }, 
        {"sofa" : 1,  "begin" : 443,  "end" : 448 }, 
        {"sofa" : 1,  "begin" : 449,  "end" : 450 }, 
        {"sofa" : 1,  "begin" : 451,  "end" : 452 }, 
        {"sofa" : 1,  "begin" : 453,  "end" : 460 }, 
        {"sofa" : 1,  "begin" : 461,  "end" : 462 }, 
        {"sofa" : 1,  "begin" : 463,  "end" : 470 }, 
        {"sofa" : 1,  "begin" : 471,  "end" : 472 }, 
        {"sofa" : 1,  "begin" : 473,  "end" : 480 }, 
        {"sofa" : 1,  "begin" : 481,  "end" : 485 }, 
        {"sofa" : 1,  "begin" : 486,  "end" : 489 }, 
        {"sofa" : 1,  "begin" : 490,  "end" : 492 }, 
        {"sofa" : 1,  "begin" : 493,  "end" : 497 }, 
        {"sofa" : 1,  "begin" : 498,  "end" : 499 }, 
        {"sofa" : 1,  "begin" : 500,  "end" : 503 }, 
        {"sofa" : 1,  "begin" : 504,  "end" : 507 }, 
        {"sofa" : 1,  "begin" : 508,  "end" : 512 }, 
        {"sofa" : 1,  "begin" : 513,  "end" : 515 }, 
        {"sofa" : 1,  "begin" : 516,  "end" : 520 }, 
        {"sofa" : 1,  "begin" : 521,  "end" : 522 }, 
        {"sofa" : 1,  "begin" : 523,  "end" : 525 }, 
        {"sofa" : 1,  "begin" : 526,  "end" : 528 }, 
        {"sofa" : 1,  "begin" : 529,  "end" : 533 }, 
        {"sofa" : 1,  "begin" : 534,  "end" : 536 }, 
        {"sofa" : 1,  "begin" : 537,  "end" : 542 }, 
        {"sofa" : 1,  "begin" : 543,  "end" : 547 }, 
        {"sofa" : 1,  "begin" : 548,  "end" : 551 }, 
        {"sofa" : 1,  "begin" : 552,  "end" : 553 }, 
        {"sofa" : 1,  "begin" : 554,  "end" : 560 }, 
        {"sofa" : 1,  "begin" : 561,  "end" : 563 }, 
        {"sofa" : 1,  "begin" : 564,  "end" : 568 }, 
        {"sofa" : 1,  "begin" : 569,  "end" : 570 }, 
        {"sofa" : 1,  "begin" : 571,  "end" : 574 }, 
        {"sofa" : 1,  "begin" : 575,  "end" : 581 }, 
        {"sofa" : 1,  "begin" : 582,  "end" : 586 }, 
        {"sofa" : 1,  "begin" : 587,  "end" : 589 }, 
        {"sofa" : 1,  "begin" : 590,  "end" : 592 }, 
        {"sofa" : 1,  "begin" : 593,  "end" : 598 }, 
        {"sofa" : 1,  "begin" : 599,  "end" : 603 }, 
        {"sofa" : 1,  "begin" : 604,  "end" : 607 }, 
        {"sofa" : 1,  "begin" : 608,  "end" : 613 }, 
        {"sofa" : 1,  "begin" : 614,  "end" : 617 }, 
        {"sofa" : 1,  "begin" : 618,  "end" : 620 }, 
        {"sofa" : 1,  "begin" : 621,  "end" : 625 }, 
        {"sofa" : 1,  "begin" : 626,  "end" : 627 }, 
        {"sofa" : 1,  "begin" : 628,  "end" : 629 }, 
        {"sofa" : 1,  "begin" : 630,  "end" : 632 }, 
        {"sofa" : 1,  "begin" : 633,  "end" : 634 }, 
        {"sofa" : 1,  "begin" : 635,  "end" : 643 }, 
        {"sofa" : 1,  "begin" : 644,  "end" : 647 }, 
        {"sofa" : 1,  "begin" : 648,  "end" : 649 }, 
        {"sofa" : 1,  "begin" : 650,  "end" : 652 }, 
        {"sofa" : 1,  "begin" : 653,  "end" : 655 }, 
        {"sofa" : 1,  "begin" : 656,  "end" : 661 }, 
        {"sofa" : 1,  "begin" : 662,  "end" : 670 }, 
        {"sofa" : 1,  "begin" : 671,  "end" : 672 }, 
        {"sofa" : 1,  "begin" : 673,  "end" : 677 }, 
        {"sofa" : 1,  "begin" : 678,  "end" : 683 }, 
        {"sofa" : 1,  "begin" : 684,  "end" : 685 }, 
        {"sofa" : 1,  "begin" : 686,  "end" : 692 }, 
        {"sofa" : 1,  "begin" : 693,  "end" : 696 }, 
        {"sofa" : 1,  "begin" : 697,  "end" : 699 }, 
        {"sofa" : 1,  "begin" : 700,  "end" : 703 }, 
        {"sofa" : 1,  "begin" : 704,  "end" : 707 }, 
        {"sofa" : 1,  "begin" : 708,  "end" : 713 }, 
        {"sofa" : 1,  "begin" : 714,  "end" : 720 }, 
        {"sofa" : 1,  "begin" : 721,  "end" : 722 } ], 
      "PartsofCause" : [2285,  2263,  2272,  2235,  2186,  2195 ], 
      "TypesofCause" : [
        {"sofa" : 1,  "begin" : 276,  "end" : 298,  "Dependent" : 2285,  "Governor" : 2263,  "TypesofCause" : "Effect" }, 
        {"sofa" : 1,  "begin" : 304,  "end" : 316,  "Dependent" : 2272,  "Governor" : 2263,  "TypesofCause" : "Cause" }, 
        {"sofa" : 1,  "begin" : 319,  "end" : 410,  "Dependent" : 2235,  "Governor" : 2186,  "TypesofCause" : "Effect" }, 
        {"sofa" : 1,  "begin" : 461,  "end" : 520,  "Dependent" : 2195,  "Governor" : 2186,  "TypesofCause" : "Cause" } ] } }, 
  "_referenced_fss" : {
    "1" : {"_type" : "Sofa",  "sofaNum" : 1,  "sofaID" : "_InitialView",  "mimeType" : "text",  "sofaString" : "I did a good preperation .\nI made all the notes in class and memorized them .\nThe professor said to make notes and not to preffer the book .\nStill he gave questions from rhe book and luckily i did memorized everything from the book .\nAnd what i got ?\n45 / 100 .\nFuck !!!!!!!.\nI have been struggling with this subject .\nI got bad grades in 3 of the exams and passed in one and that one exam i did was essay type , ( we have multiple choice not essay , ) because i arrived 5 minutes late and he said i can not take my exam .\nSo he made an essay exam and i passed in that .\nBut worked hard in my final exam and still did nt pass .\nI am a freshman and i am in first semester .\nFuck !!!!!\nI really wan na cry and break things ." }, 
    "2285" : {"_type" : "PartsofCause",  "sofa" : 1,  "begin" : 276,  "end" : 298,  "PartsofCause" : "Argument" }, 
    "2263" : {"_type" : "PartsofCause",  "sofa" : 1,  "begin" : 299,  "end" : 303,  "PartsofCause" : "Causing" }, 
    "2272" : {"_type" : "PartsofCause",  "sofa" : 1,  "begin" : 304,  "end" : 316,  "PartsofCause" : "Argument" }, 
    "2235" : {"_type" : "PartsofCause",  "sofa" : 1,  "begin" : 319,  "end" : 410,  "PartsofCause" : "Argument" }, 
    "2186" : {"_type" : "PartsofCause",  "sofa" : 1,  "begin" : 453,  "end" : 460,  "PartsofCause" : "Causing" }, 
    "2195" : {"_type" : "PartsofCause",  "sofa" : 1,  "begin" : 461,  "end" : 520,  "PartsofCause" : "Argument" }, 
    "2350" : {"_type" : "LayerDefinition",  "name" : "webanno.custom.TypesofCause",  "uiName" : "Types of Cause" }, 
    "2332" : {"_type" : "LayerDefinition",  "name" : "webanno.custom.DisjointCausalSpans",  "uiName" : "Disjoint Causal Spans" }, 
    "2343" : {"_type" : "LayerDefinition",  "name" : "webanno.custom.PartsofCause",  "uiName" : "Parts of Cause" } } }