{"_context" : {
    "_types" : {
      "DocumentMetaData" : {
        "_feature_types" : {"sofa" : "_ref" } }, 
      "FeatureDefinition" : {
        "_feature_types" : {"layer" : "_ref" } }, 
      "LayerDefinition" : { }, 
      "PartsofCause" : {
        "_feature_types" : {"sofa" : "_ref" } }, 
      "Sentence" : {
        "_feature_types" : {"sofa" : "_ref" } }, 
      "Sofa" : {
        "_feature_types" : {"sofaArray" : "_ref" } }, 
      "TagsetDescription" : {
        "_feature_types" : {"sofa" : "_ref",  "tags" : "_ref" } }, 
      "Token" : {
        "_feature_types" : {"sofa" : "_ref",  "parent" : "_ref",  "lemma" : "_ref",  "stem" : "_ref",  "pos" : "_ref",  "morph" : "_ref",  "form" : "_ref" } }, 
      "TypesofCause" : {
        "_feature_types" : {"sofa" : "_ref",  "Dependent" : "_ref",  "Governor" : "_ref" } }, 
      "DocumentAnnotation" : {
        "_feature_types" : {"sofa" : "_ref" }, 
        "_subtypes" : ["DocumentMetaData" ] }, 
      "Annotation" : {
        "_feature_types" : {"sofa" : "_ref" }, 
        "_subtypes" : ["DocumentAnnotation",  "PartsofCause",  "Sentence",  "TagsetDescription",  "Token",  "TypesofCause" ] }, 
      "AnnotationBase" : {
        "_feature_types" : {"sofa" : "_ref" }, 
        "_subtypes" : ["Annotation" ] }, 
      "TOP" : {
        "_subtypes" : ["AnnotationBase",  "FeatureDefinition",  "LayerDefinition",  "Sofa" ] } } }, 
  "_views" : {
    "_InitialView" : {
      "FeatureDefinition" : [
        {"layer" : 2710,  "name" : "referenceRelation",  "uiName" : "Reference Relation" }, 
        {"layer" : 2710,  "name" : "referenceType",  "uiName" : "Reference Type" }, 
        {"layer" : 2721,  "name" : "PartsofCause",  "uiName" : "Parts of Cause" }, 
        {"layer" : 2728,  "name" : "TypesofCause",  "uiName" : "Types of Cause" } ], 
      "LayerDefinition" : [2710,  2721,  2728 ], 
      "DocumentMetaData" : [
        {"sofa" : 1,  "end" : 1073,  "language" : "x-unspecified",  "documentTitle" : "cnn-28.txt",  "documentId" : "AYC",  "documentUri" : "file:/srv/inception/repository/project/2/document/2380/source/AYC",  "collectionId" : "file:/srv/inception/repository/project/2/document/2380/source/",  "documentBaseUri" : "file:/srv/inception/repository/project/2/document/2380/source/",  "isLastSegment" : false } ], 
      "TagsetDescription" : [
        {"sofa" : 1,  "layer" : "webanno.custom.PartsofCause",  "name" : "Parts of Cause",  "input" : false }, 
        {"sofa" : 1,  "layer" : "webanno.custom.TypesofCause",  "name" : "Causal Relations",  "input" : false } ], 
      "Sentence" : [
        {"sofa" : 1,  "end" : 167 }, 
        {"sofa" : 1,  "begin" : 168,  "end" : 336 }, 
        {"sofa" : 1,  "begin" : 337,  "end" : 438 }, 
        {"sofa" : 1,  "begin" : 439,  "end" : 550 }, 
        {"sofa" : 1,  "begin" : 551,  "end" : 656 }, 
        {"sofa" : 1,  "begin" : 657,  "end" : 825 }, 
        {"sofa" : 1,  "begin" : 826,  "end" : 891 }, 
        {"sofa" : 1,  "begin" : 892,  "end" : 1073 } ], 
      "Token" : [
        {"sofa" : 1,  "end" : 11 }, 
        {"sofa" : 1,  "begin" : 12,  "end" : 16 }, 
        {"sofa" : 1,  "begin" : 17,  "end" : 25 }, 
        {"sofa" : 1,  "begin" : 26,  "end" : 27 }, 
        {"sofa" : 1,  "begin" : 28,  "end" : 31 }, 
        {"sofa" : 1,  "begin" : 32,  "end" : 36 }, 
        {"sofa" : 1,  "begin" : 37,  "end" : 40 }, 
        {"sofa" : 1,  "begin" : 41,  "end" : 44 }, 
        {"sofa" : 1,  "begin" : 45,  "end" : 48 }, 
        {"sofa" : 1,  "begin" : 49,  "end" : 55 }, 
        {"sofa" : 1,  "begin" : 56,  "end" : 58 }, 
        {"sofa" : 1,  "begin" : 59,  "end" : 60 }, 
        {"sofa" : 1,  "begin" : 61,  "end" : 71 }, 
        {"sofa" : 1,  "begin" : 72,  "end" : 76 }, 
        {"sofa" : 1,  "begin" : 77,  "end" : 88 }, 
        {"sofa" : 1,  "begin" : 89,  "end" : 92 }, 
        {"sofa" : 1,  "begin" : 93,  "end" : 103 }, 
        {"sofa" : 1,  "begin" : 104,  "end" : 105 }, 
        {"sofa" : 1,  "begin" : 106,  "end" : 112 }, 
        {"sofa" : 1,  "begin" : 113,  "end" : 116 }, 
        {"sofa" : 1,  "begin" : 117,  "end" : 126 }, 
        {"sofa" : 1,  "begin" : 127,  "end" : 134 }, 
        {"sofa" : 1,  "begin" : 135,  "end" : 140 }, 
        {"sofa" : 1,  "begin" : 141,  "end" : 144 }, 
        {"sofa" : 1,  "begin" : 145,  "end" : 149 }, 
        {"sofa" : 1,  "begin" : 150,  "end" : 151 }, 
        {"sofa" : 1,  "begin" : 152,  "end" : 158 }, 
        {"sofa" : 1,  "begin" : 159,  "end" : 165 }, 
        {"sofa" : 1,  "begin" : 166,  "end" : 167 }, 
        {"sofa" : 1,  "begin" : 168,  "end" : 175 }, 
        {"sofa" : 1,  "begin" : 176,  "end" : 182 }, 
        {"sofa" : 1,  "begin" : 183,  "end" : 184 }, 
        {"sofa" : 1,  "begin" : 185,  "end" : 190 }, 
        {"sofa" : 1,  "begin" : 191,  "end" : 194 }, 
        {"sofa" : 1,  "begin" : 195,  "end" : 203 }, 
        {"sofa" : 1,  "begin" : 204,  "end" : 206 }, 
        {"sofa" : 1,  "begin" : 207,  "end" : 210 }, 
        {"sofa" : 1,  "begin" : 211,  "end" : 215 }, 
        {"sofa" : 1,  "begin" : 216,  "end" : 218 }, 
        {"sofa" : 1,  "begin" : 219,  "end" : 226 }, 
        {"sofa" : 1,  "begin" : 227,  "end" : 228 }, 
        {"sofa" : 1,  "begin" : 229,  "end" : 235 }, 
        {"sofa" : 1,  "begin" : 236,  "end" : 237 }, 
        {"sofa" : 1,  "begin" : 238,  "end" : 240 }, 
        {"sofa" : 1,  "begin" : 241,  "end" : 250 }, 
        {"sofa" : 1,  "begin" : 251,  "end" : 252 }, 
        {"sofa" : 1,  "begin" : 253,  "end" : 254 }, 
        {"sofa" : 1,  "begin" : 255,  "end" : 264 }, 
        {"sofa" : 1,  "begin" : 265,  "end" : 267 }, 
        {"sofa" : 1,  "begin" : 268,  "end" : 269 }, 
        {"sofa" : 1,  "begin" : 270,  "end" : 276 }, 
        {"sofa" : 1,  "begin" : 277,  "end" : 286 }, 
        {"sofa" : 1,  "begin" : 287,  "end" : 291 }, 
        {"sofa" : 1,  "begin" : 292,  "end" : 296 }, 
        {"sofa" : 1,  "begin" : 297,  "end" : 304 }, 
        {"sofa" : 1,  "begin" : 305,  "end" : 308 }, 
        {"sofa" : 1,  "begin" : 309,  "end" : 315 }, 
        {"sofa" : 1,  "begin" : 316,  "end" : 326 }, 
        {"sofa" : 1,  "begin" : 327,  "end" : 328 }, 
        {"sofa" : 1,  "begin" : 329,  "end" : 330 }, 
        {"sofa" : 1,  "begin" : 331,  "end" : 334 }, 
        {"sofa" : 1,  "begin" : 335,  "end" : 336 }, 
        {"sofa" : 1,  "begin" : 337,  "end" : 339 }, 
        {"sofa" : 1,  "begin" : 340,  "end" : 342 }, 
        {"sofa" : 1,  "begin" : 343,  "end" : 350 }, 
        {"sofa" : 1,  "begin" : 351,  "end" : 353 }, 
        {"sofa" : 1,  "begin" : 354,  "end" : 364 }, 
        {"sofa" : 1,  "begin" : 365,  "end" : 372 }, 
        {"sofa" : 1,  "begin" : 373,  "end" : 381 }, 
        {"sofa" : 1,  "begin" : 382,  "end" : 392 }, 
        {"sofa" : 1,  "begin" : 393,  "end" : 395 }, 
        {"sofa" : 1,  "begin" : 396,  "end" : 401 }, 
        {"sofa" : 1,  "begin" : 402,  "end" : 406 }, 
        {"sofa" : 1,  "begin" : 407,  "end" : 410 }, 
        {"sofa" : 1,  "begin" : 411,  "end" : 417 }, 
        {"sofa" : 1,  "begin" : 418,  "end" : 424 }, 
        {"sofa" : 1,  "begin" : 425,  "end" : 429 }, 
        {"sofa" : 1,  "begin" : 430,  "end" : 436 }, 
        {"sofa" : 1,  "begin" : 437,  "end" : 438 }, 
        {"sofa" : 1,  "begin" : 439,  "end" : 442 }, 
        {"sofa" : 1,  "begin" : 443,  "end" : 450 }, 
        {"sofa" : 1,  "begin" : 451,  "end" : 455 }, 
        {"sofa" : 1,  "begin" : 456,  "end" : 464 }, 
        {"sofa" : 1,  "begin" : 465,  "end" : 468 }, 
        {"sofa" : 1,  "begin" : 469,  "end" : 474 }, 
        {"sofa" : 1,  "begin" : 475,  "end" : 480 }, 
        {"sofa" : 1,  "begin" : 481,  "end" : 492 }, 
        {"sofa" : 1,  "begin" : 493,  "end" : 498 }, 
        {"sofa" : 1,  "begin" : 499,  "end" : 501 }, 
        {"sofa" : 1,  "begin" : 502,  "end" : 509 }, 
        {"sofa" : 1,  "begin" : 510,  "end" : 517 }, 
        {"sofa" : 1,  "begin" : 518,  "end" : 522 }, 
        {"sofa" : 1,  "begin" : 523,  "end" : 528 }, 
        {"sofa" : 1,  "begin" : 529,  "end" : 537 }, 
        {"sofa" : 1,  "begin" : 538,  "end" : 539 }, 
        {"sofa" : 1,  "begin" : 540,  "end" : 543 }, 
        {"sofa" : 1,  "begin" : 544,  "end" : 548 }, 
        {"sofa" : 1,  "begin" : 549,  "end" : 550 }, 
        {"sofa" : 1,  "begin" : 551,  "end" : 557 }, 
        {"sofa" : 1,  "begin" : 558,  "end" : 559 }, 
        {"sofa" : 1,  "begin" : 560,  "end" : 565 }, 
        {"sofa" : 1,  "begin" : 566,  "end" : 569 }, 
        {"sofa" : 1,  "begin" : 570,  "end" : 579 }, 
        {"sofa" : 1,  "begin" : 580,  "end" : 584 }, 
        {"sofa" : 1,  "begin" : 585,  "end" : 589 }, 
        {"sofa" : 1,  "begin" : 590,  "end" : 593 }, 
        {"sofa" : 1,  "begin" : 594,  "end" : 601 }, 
        {"sofa" : 1,  "begin" : 602,  "end" : 606 }, 
        {"sofa" : 1,  "begin" : 607,  "end" : 612 }, 
        {"sofa" : 1,  "begin" : 613,  "end" : 619 }, 
        {"sofa" : 1,  "begin" : 620,  "end" : 622 }, 
        {"sofa" : 1,  "begin" : 623,  "end" : 633 }, 
        {"sofa" : 1,  "begin" : 634,  "end" : 635 }, 
        {"sofa" : 1,  "begin" : 636,  "end" : 639 }, 
        {"sofa" : 1,  "begin" : 640,  "end" : 649 }, 
        {"sofa" : 1,  "begin" : 650,  "end" : 654 }, 
        {"sofa" : 1,  "begin" : 655,  "end" : 656 }, 
        {"sofa" : 1,  "begin" : 657,  "end" : 661 }, 
        {"sofa" : 1,  "begin" : 662,  "end" : 670 }, 
        {"sofa" : 1,  "begin" : 671,  "end" : 677 }, 
        {"sofa" : 1,  "begin" : 678,  "end" : 685 }, 
        {"sofa" : 1,  "begin" : 686,  "end" : 692 }, 
        {"sofa" : 1,  "begin" : 693,  "end" : 695 }, 
        {"sofa" : 1,  "begin" : 696,  "end" : 701 }, 
        {"sofa" : 1,  "begin" : 702,  "end" : 705 }, 
        {"sofa" : 1,  "begin" : 706,  "end" : 708 }, 
        {"sofa" : 1,  "begin" : 709,  "end" : 712 }, 
        {"sofa" : 1,  "begin" : 713,  "end" : 719 }, 
        {"sofa" : 1,  "begin" : 720,  "end" : 726 }, 
        {"sofa" : 1,  "begin" : 727,  "end" : 730 }, 
        {"sofa" : 1,  "begin" : 731,  "end" : 738 }, 
        {"sofa" : 1,  "begin" : 739,  "end" : 741 }, 
        {"sofa" : 1,  "begin" : 742,  "end" : 750 }, 
        {"sofa" : 1,  "begin" : 751,  "end" : 756 }, 
        {"sofa" : 1,  "begin" : 757,  "end" : 760 }, 
        {"sofa" : 1,  "begin" : 761,  "end" : 767 }, 
        {"sofa" : 1,  "begin" : 768,  "end" : 769 }, 
        {"sofa" : 1,  "begin" : 770,  "end" : 773 }, 
        {"sofa" : 1,  "begin" : 774,  "end" : 777 }, 
        {"sofa" : 1,  "begin" : 778,  "end" : 785 }, 
        {"sofa" : 1,  "begin" : 786,  "end" : 788 }, 
        {"sofa" : 1,  "begin" : 789,  "end" : 797 }, 
        {"sofa" : 1,  "begin" : 798,  "end" : 802 }, 
        {"sofa" : 1,  "begin" : 803,  "end" : 806 }, 
        {"sofa" : 1,  "begin" : 807,  "end" : 813 }, 
        {"sofa" : 1,  "begin" : 814,  "end" : 816 }, 
        {"sofa" : 1,  "begin" : 817,  "end" : 823 }, 
        {"sofa" : 1,  "begin" : 824,  "end" : 825 }, 
        {"sofa" : 1,  "begin" : 826,  "end" : 829 }, 
        {"sofa" : 1,  "begin" : 830,  "end" : 836 }, 
        {"sofa" : 1,  "begin" : 837,  "end" : 840 }, 
        {"sofa" : 1,  "begin" : 841,  "end" : 846 }, 
        {"sofa" : 1,  "begin" : 847,  "end" : 849 }, 
        {"sofa" : 1,  "begin" : 850,  "end" : 856 }, 
        {"sofa" : 1,  "begin" : 857,  "end" : 859 }, 
        {"sofa" : 1,  "begin" : 860,  "end" : 864 }, 
        {"sofa" : 1,  "begin" : 865,  "end" : 870 }, 
        {"sofa" : 1,  "begin" : 871,  "end" : 877 }, 
        {"sofa" : 1,  "begin" : 878,  "end" : 883 }, 
        {"sofa" : 1,  "begin" : 884,  "end" : 889 }, 
        {"sofa" : 1,  "begin" : 890,  "end" : 891 }, 
        {"sofa" : 1,  "begin" : 892,  "end" : 900 }, 
        {"sofa" : 1,  "begin" : 901,  "end" : 909 }, 
        {"sofa" : 1,  "begin" : 910,  "end" : 916 }, 
        {"sofa" : 1,  "begin" : 917,  "end" : 923 }, 
        {"sofa" : 1,  "begin" : 924,  "end" : 927 }, 
        {"sofa" : 1,  "begin" : 928,  "end" : 935 }, 
        {"sofa" : 1,  "begin" : 936,  "end" : 937 }, 
        {"sofa" : 1,  "begin" : 938,  "end" : 947 }, 
        {"sofa" : 1,  "begin" : 948,  "end" : 954 }, 
        {"sofa" : 1,  "begin" : 955,  "end" : 962 }, 
        {"sofa" : 1,  "begin" : 963,  "end" : 964 }, 
        {"sofa" : 1,  "begin" : 965,  "end" : 969 }, 
        {"sofa" : 1,  "begin" : 970,  "end" : 975 }, 
        {"sofa" : 1,  "begin" : 976,  "end" : 977 }, 
        {"sofa" : 1,  "begin" : 978,  "end" : 979 }, 
        {"sofa" : 1,  "begin" : 980,  "end" : 987 }, 
        {"sofa" : 1,  "begin" : 988,  "end" : 994 }, 
        {"sofa" : 1,  "begin" : 995,  "end" : 997 }, 
        {"sofa" : 1,  "begin" : 998,  "end" : 1001 }, 
        {"sofa" : 1,  "begin" : 1002,  "end" : 1008 }, 
        {"sofa" : 1,  "begin" : 1009,  "end" : 1015 }, 
        {"sofa" : 1,  "begin" : 1016,  "end" : 1019 }, 
        {"sofa" : 1,  "begin" : 1020,  "end" : 1022 }, 
        {"sofa" : 1,  "begin" : 1023,  "end" : 1032 }, 
        {"sofa" : 1,  "begin" : 1033,  "end" : 1035 }, 
        {"sofa" : 1,  "begin" : 1036,  "end" : 1044 }, 
        {"sofa" : 1,  "begin" : 1045,  "end" : 1056 }, 
        {"sofa" : 1,  "begin" : 1057,  "end" : 1059 }, 
        {"sofa" : 1,  "begin" : 1060,  "end" : 1064 }, 
        {"sofa" : 1,  "begin" : 1065,  "end" : 1071 }, 
        {"sofa" : 1,  "begin" : 1072,  "end" : 1073 } ], 
      "PartsofCause" : [2602,  2572,  2589,  2671,  2645,  2658 ], 
      "TypesofCause" : [
        {"sofa" : 1,  "begin" : 59,  "end" : 76,  "Dependent" : 2602,  "Governor" : 2572,  "TypesofCause" : "Cause" }, 
        {"sofa" : 1,  "begin" : 93,  "end" : 165,  "Dependent" : 2589,  "Governor" : 2572,  "TypesofCause" : "Effect" }, 
        {"sofa" : 1,  "begin" : 826,  "end" : 846,  "Dependent" : 2671,  "Governor" : 2645,  "TypesofCause" : "Effect" }, 
        {"sofa" : 1,  "begin" : 850,  "end" : 889,  "Dependent" : 2658,  "Governor" : 2645,  "TypesofCause" : "Cause" } ] } }, 
  "_referenced_fss" : {
    "1" : {"_type" : "Sofa",  "sofaNum" : 1,  "sofaID" : "_InitialView",  "mimeType" : "text",  "sofaString" : "Authorities have arrested a man they say was the leader of a kidnapping cell responsible for kidnapping , raping and torturing victims along the U.S. - Mexico border .\nSerafin Medina - Angel was arrested at his home in Tijuana , Mexico , on September 1 , according to a Monday statement from U.S. Customs and Border Protection ( C BP) .\nHe is accused of kidnapping Mexican citizens attempting to cross into the United States from Mexico .\nHis victims were tortured and raped while accomplices tried to collect ransoms from their families , CBP said .\nMedina - Angel was arraigned last week and charged with three counts of kidnapping , the statement said .\nMany migrants moving through Mexico on their way to the United States are victims of violence along the border , but the journey is perilous from the moment it begins .\nThe danger has grown as Mexico 's drug gangs expand their reach .\nSlayings frighten Ciudad Juarez bus drivers , commuters Mexico arrests ' Ugly Betty , ' alleged leader of New Juarez Cartel CNN 's Catherine E. Shoichet contributed to this report ." }, 
    "2602" : {"_type" : "PartsofCause",  "sofa" : 1,  "begin" : 59,  "end" : 76,  "PartsofCause" : "Argument" }, 
    "2572" : {"_type" : "PartsofCause",  "sofa" : 1,  "begin" : 77,  "end" : 92,  "PartsofCause" : "Causing" }, 
    "2589" : {"_type" : "PartsofCause",  "sofa" : 1,  "begin" : 93,  "end" : 165,  "PartsofCause" : "Argument" }, 
    "2671" : {"_type" : "PartsofCause",  "sofa" : 1,  "begin" : 826,  "end" : 846,  "PartsofCause" : "Argument" }, 
    "2645" : {"_type" : "PartsofCause",  "sofa" : 1,  "begin" : 847,  "end" : 849,  "PartsofCause" : "Causing" }, 
    "2658" : {"_type" : "PartsofCause",  "sofa" : 1,  "begin" : 850,  "end" : 889,  "PartsofCause" : "Argument" }, 
    "2710" : {"_type" : "LayerDefinition",  "name" : "webanno.custom.DisjointCausalSpans",  "uiName" : "Disjoint Causal Spans" }, 
    "2728" : {"_type" : "LayerDefinition",  "name" : "webanno.custom.TypesofCause",  "uiName" : "Types of Cause" }, 
    "2721" : {"_type" : "LayerDefinition",  "name" : "webanno.custom.PartsofCause",  "uiName" : "Parts of Cause" } } }