{"_context" : {
    "_types" : {
      "DocumentMetaData" : {
        "_feature_types" : {"sofa" : "_ref" } }, 
      "FeatureDefinition" : {
        "_feature_types" : {"layer" : "_ref" } }, 
      "LayerDefinition" : { }, 
      "PartsofCause" : {
        "_feature_types" : {"sofa" : "_ref" } }, 
      "Sentence" : {
        "_feature_types" : {"sofa" : "_ref" } }, 
      "Sofa" : {
        "_feature_types" : {"sofaArray" : "_ref" } }, 
      "TagsetDescription" : {
        "_feature_types" : {"sofa" : "_ref",  "tags" : "_ref" } }, 
      "Token" : {
        "_feature_types" : {"sofa" : "_ref",  "parent" : "_ref",  "lemma" : "_ref",  "stem" : "_ref",  "pos" : "_ref",  "morph" : "_ref",  "form" : "_ref" } }, 
      "TypesofCause" : {
        "_feature_types" : {"sofa" : "_ref",  "Dependent" : "_ref",  "Governor" : "_ref" } }, 
      "DocumentAnnotation" : {
        "_feature_types" : {"sofa" : "_ref" }, 
        "_subtypes" : ["DocumentMetaData" ] }, 
      "Annotation" : {
        "_feature_types" : {"sofa" : "_ref" }, 
        "_subtypes" : ["DocumentAnnotation",  "PartsofCause",  "Sentence",  "TagsetDescription",  "Token",  "TypesofCause" ] }, 
      "AnnotationBase" : {
        "_feature_types" : {"sofa" : "_ref" }, 
        "_subtypes" : ["Annotation" ] }, 
      "TOP" : {
        "_subtypes" : ["AnnotationBase",  "FeatureDefinition",  "LayerDefinition",  "Sofa" ] } } }, 
  "_views" : {
    "_InitialView" : {
      "FeatureDefinition" : [
        {"layer" : 2614,  "name" : "referenceRelation",  "uiName" : "Reference Relation" }, 
        {"layer" : 2614,  "name" : "referenceType",  "uiName" : "Reference Type" }, 
        {"layer" : 2625,  "name" : "PartsofCause",  "uiName" : "Parts of Cause" }, 
        {"layer" : 2632,  "name" : "TypesofCause",  "uiName" : "Types of Cause" } ], 
      "LayerDefinition" : [2614,  2625,  2632 ], 
      "DocumentMetaData" : [
        {"sofa" : 1,  "end" : 747,  "language" : "x-unspecified",  "documentTitle" : "fable-37.txt",  "documentId" : "GJW",  "documentUri" : "file:/srv/inception/repository/project/2/document/2339/source/GJW",  "collectionId" : "file:/srv/inception/repository/project/2/document/2339/source/",  "documentBaseUri" : "file:/srv/inception/repository/project/2/document/2339/source/",  "isLastSegment" : false } ], 
      "TagsetDescription" : [
        {"sofa" : 1,  "layer" : "webanno.custom.PartsofCause",  "name" : "Parts of Cause",  "input" : false }, 
        {"sofa" : 1,  "layer" : "webanno.custom.TypesofCause",  "name" : "Causal Relations",  "input" : false } ], 
      "Sentence" : [
        {"sofa" : 1,  "end" : 127 }, 
        {"sofa" : 1,  "begin" : 128,  "end" : 236 }, 
        {"sofa" : 1,  "begin" : 237,  "end" : 417 }, 
        {"sofa" : 1,  "begin" : 418,  "end" : 511 }, 
        {"sofa" : 1,  "begin" : 512,  "end" : 591 }, 
        {"sofa" : 1,  "begin" : 592,  "end" : 747 } ], 
      "Token" : [
        {"sofa" : 1,  "end" : 1 }, 
        {"sofa" : 1,  "begin" : 2,  "end" : 7 }, 
        {"sofa" : 1,  "begin" : 8,  "end" : 11 }, 
        {"sofa" : 1,  "begin" : 12,  "end" : 15 }, 
        {"sofa" : 1,  "begin" : 16,  "end" : 21 }, 
        {"sofa" : 1,  "begin" : 22,  "end" : 32 }, 
        {"sofa" : 1,  "begin" : 33,  "end" : 35 }, 
        {"sofa" : 1,  "begin" : 36,  "end" : 37 }, 
        {"sofa" : 1,  "begin" : 38,  "end" : 49 }, 
        {"sofa" : 1,  "begin" : 50,  "end" : 51 }, 
        {"sofa" : 1,  "begin" : 52,  "end" : 59 }, 
        {"sofa" : 1,  "begin" : 60,  "end" : 63 }, 
        {"sofa" : 1,  "begin" : 64,  "end" : 67 }, 
        {"sofa" : 1,  "begin" : 68,  "end" : 70 }, 
        {"sofa" : 1,  "begin" : 71,  "end" : 75 }, 
        {"sofa" : 1,  "begin" : 76,  "end" : 78 }, 
        {"sofa" : 1,  "begin" : 79,  "end" : 87 }, 
        {"sofa" : 1,  "begin" : 88,  "end" : 89 }, 
        {"sofa" : 1,  "begin" : 90,  "end" : 93 }, 
        {"sofa" : 1,  "begin" : 94,  "end" : 100 }, 
        {"sofa" : 1,  "begin" : 101,  "end" : 105 }, 
        {"sofa" : 1,  "begin" : 106,  "end" : 108 }, 
        {"sofa" : 1,  "begin" : 109,  "end" : 112 }, 
        {"sofa" : 1,  "begin" : 113,  "end" : 119 }, 
        {"sofa" : 1,  "begin" : 120,  "end" : 125 }, 
        {"sofa" : 1,  "begin" : 126,  "end" : 127 }, 
        {"sofa" : 1,  "begin" : 128,  "end" : 131 }, 
        {"sofa" : 1,  "begin" : 132,  "end" : 139 }, 
        {"sofa" : 1,  "begin" : 140,  "end" : 143 }, 
        {"sofa" : 1,  "begin" : 144,  "end" : 151 }, 
        {"sofa" : 1,  "begin" : 152,  "end" : 158 }, 
        {"sofa" : 1,  "begin" : 159,  "end" : 163 }, 
        {"sofa" : 1,  "begin" : 164,  "end" : 166 }, 
        {"sofa" : 1,  "begin" : 167,  "end" : 170 }, 
        {"sofa" : 1,  "begin" : 171,  "end" : 178 }, 
        {"sofa" : 1,  "begin" : 179,  "end" : 181 }, 
        {"sofa" : 1,  "begin" : 182,  "end" : 185 }, 
        {"sofa" : 1,  "begin" : 186,  "end" : 190 }, 
        {"sofa" : 1,  "begin" : 191,  "end" : 192 }, 
        {"sofa" : 1,  "begin" : 193,  "end" : 196 }, 
        {"sofa" : 1,  "begin" : 197,  "end" : 202 }, 
        {"sofa" : 1,  "begin" : 203,  "end" : 207 }, 
        {"sofa" : 1,  "begin" : 208,  "end" : 210 }, 
        {"sofa" : 1,  "begin" : 211,  "end" : 215 }, 
        {"sofa" : 1,  "begin" : 216,  "end" : 219 }, 
        {"sofa" : 1,  "begin" : 220,  "end" : 224 }, 
        {"sofa" : 1,  "begin" : 225,  "end" : 228 }, 
        {"sofa" : 1,  "begin" : 229,  "end" : 234 }, 
        {"sofa" : 1,  "begin" : 235,  "end" : 236 }, 
        {"sofa" : 1,  "begin" : 237,  "end" : 240 }, 
        {"sofa" : 1,  "begin" : 241,  "end" : 246 }, 
        {"sofa" : 1,  "begin" : 247,  "end" : 248 }, 
        {"sofa" : 1,  "begin" : 249,  "end" : 252 }, 
        {"sofa" : 1,  "begin" : 253,  "end" : 256 }, 
        {"sofa" : 1,  "begin" : 257,  "end" : 259 }, 
        {"sofa" : 1,  "begin" : 260,  "end" : 265 }, 
        {"sofa" : 1,  "begin" : 266,  "end" : 269 }, 
        {"sofa" : 1,  "begin" : 270,  "end" : 274 }, 
        {"sofa" : 1,  "begin" : 275,  "end" : 284 }, 
        {"sofa" : 1,  "begin" : 285,  "end" : 293 }, 
        {"sofa" : 1,  "begin" : 294,  "end" : 295 }, 
        {"sofa" : 1,  "begin" : 296,  "end" : 299 }, 
        {"sofa" : 1,  "begin" : 300,  "end" : 303 }, 
        {"sofa" : 1,  "begin" : 304,  "end" : 308 }, 
        {"sofa" : 1,  "begin" : 309,  "end" : 313 }, 
        {"sofa" : 1,  "begin" : 314,  "end" : 319 }, 
        {"sofa" : 1,  "begin" : 320,  "end" : 322 }, 
        {"sofa" : 1,  "begin" : 323,  "end" : 327 }, 
        {"sofa" : 1,  "begin" : 328,  "end" : 336 }, 
        {"sofa" : 1,  "begin" : 337,  "end" : 342 }, 
        {"sofa" : 1,  "begin" : 343,  "end" : 344 }, 
        {"sofa" : 1,  "begin" : 345,  "end" : 349 }, 
        {"sofa" : 1,  "begin" : 350,  "end" : 351 }, 
        {"sofa" : 1,  "begin" : 352,  "end" : 357 }, 
        {"sofa" : 1,  "begin" : 358,  "end" : 365 }, 
        {"sofa" : 1,  "begin" : 366,  "end" : 369 }, 
        {"sofa" : 1,  "begin" : 370,  "end" : 374 }, 
        {"sofa" : 1,  "begin" : 375,  "end" : 379 }, 
        {"sofa" : 1,  "begin" : 380,  "end" : 383 }, 
        {"sofa" : 1,  "begin" : 384,  "end" : 391 }, 
        {"sofa" : 1,  "begin" : 392,  "end" : 397 }, 
        {"sofa" : 1,  "begin" : 398,  "end" : 406 }, 
        {"sofa" : 1,  "begin" : 407,  "end" : 409 }, 
        {"sofa" : 1,  "begin" : 410,  "end" : 415 }, 
        {"sofa" : 1,  "begin" : 416,  "end" : 417 }, 
        {"sofa" : 1,  "begin" : 418,  "end" : 419 }, 
        {"sofa" : 1,  "begin" : 420,  "end" : 422 }, 
        {"sofa" : 1,  "begin" : 423,  "end" : 425 }, 
        {"sofa" : 1,  "begin" : 426,  "end" : 430 }, 
        {"sofa" : 1,  "begin" : 431,  "end" : 434 }, 
        {"sofa" : 1,  "begin" : 435,  "end" : 438 }, 
        {"sofa" : 1,  "begin" : 439,  "end" : 442 }, 
        {"sofa" : 1,  "begin" : 443,  "end" : 444 }, 
        {"sofa" : 1,  "begin" : 445,  "end" : 446 }, 
        {"sofa" : 1,  "begin" : 447,  "end" : 451 }, 
        {"sofa" : 1,  "begin" : 452,  "end" : 456 }, 
        {"sofa" : 1,  "begin" : 457,  "end" : 458 }, 
        {"sofa" : 1,  "begin" : 459,  "end" : 460 }, 
        {"sofa" : 1,  "begin" : 461,  "end" : 464 }, 
        {"sofa" : 1,  "begin" : 465,  "end" : 473 }, 
        {"sofa" : 1,  "begin" : 474,  "end" : 479 }, 
        {"sofa" : 1,  "begin" : 480,  "end" : 485 }, 
        {"sofa" : 1,  "begin" : 486,  "end" : 490 }, 
        {"sofa" : 1,  "begin" : 491,  "end" : 494 }, 
        {"sofa" : 1,  "begin" : 495,  "end" : 498 }, 
        {"sofa" : 1,  "begin" : 499,  "end" : 501 }, 
        {"sofa" : 1,  "begin" : 502,  "end" : 506 }, 
        {"sofa" : 1,  "begin" : 507,  "end" : 509 }, 
        {"sofa" : 1,  "begin" : 510,  "end" : 511 }, 
        {"sofa" : 1,  "begin" : 512,  "end" : 515 }, 
        {"sofa" : 1,  "begin" : 516,  "end" : 518 }, 
        {"sofa" : 1,  "begin" : 519,  "end" : 523 }, 
        {"sofa" : 1,  "begin" : 524,  "end" : 527 }, 
        {"sofa" : 1,  "begin" : 528,  "end" : 532 }, 
        {"sofa" : 1,  "begin" : 533,  "end" : 534 }, 
        {"sofa" : 1,  "begin" : 535,  "end" : 540 }, 
        {"sofa" : 1,  "begin" : 541,  "end" : 546 }, 
        {"sofa" : 1,  "begin" : 547,  "end" : 549 }, 
        {"sofa" : 1,  "begin" : 550,  "end" : 552 }, 
        {"sofa" : 1,  "begin" : 553,  "end" : 558 }, 
        {"sofa" : 1,  "begin" : 559,  "end" : 562 }, 
        {"sofa" : 1,  "begin" : 563,  "end" : 565 }, 
        {"sofa" : 1,  "begin" : 566,  "end" : 570 }, 
        {"sofa" : 1,  "begin" : 571,  "end" : 574 }, 
        {"sofa" : 1,  "begin" : 575,  "end" : 579 }, 
        {"sofa" : 1,  "begin" : 580,  "end" : 587 }, 
        {"sofa" : 1,  "begin" : 588,  "end" : 589 }, 
        {"sofa" : 1,  "begin" : 590,  "end" : 591 }, 
        {"sofa" : 1,  "begin" : 592,  "end" : 595 }, 
        {"sofa" : 1,  "begin" : 596,  "end" : 599 }, 
        {"sofa" : 1,  "begin" : 600,  "end" : 608 }, 
        {"sofa" : 1,  "begin" : 609,  "end" : 610 }, 
        {"sofa" : 1,  "begin" : 611,  "end" : 613 }, 
        {"sofa" : 1,  "begin" : 614,  "end" : 620 }, 
        {"sofa" : 1,  "begin" : 621,  "end" : 628 }, 
        {"sofa" : 1,  "begin" : 629,  "end" : 632 }, 
        {"sofa" : 1,  "begin" : 633,  "end" : 637 }, 
        {"sofa" : 1,  "begin" : 638,  "end" : 639 }, 
        {"sofa" : 1,  "begin" : 640,  "end" : 643 }, 
        {"sofa" : 1,  "begin" : 644,  "end" : 650 }, 
        {"sofa" : 1,  "begin" : 651,  "end" : 653 }, 
        {"sofa" : 1,  "begin" : 654,  "end" : 658 }, 
        {"sofa" : 1,  "begin" : 659,  "end" : 662 }, 
        {"sofa" : 1,  "begin" : 663,  "end" : 667 }, 
        {"sofa" : 1,  "begin" : 668,  "end" : 669 }, 
        {"sofa" : 1,  "begin" : 670,  "end" : 673 }, 
        {"sofa" : 1,  "begin" : 674,  "end" : 676 }, 
        {"sofa" : 1,  "begin" : 677,  "end" : 682 }, 
        {"sofa" : 1,  "begin" : 683,  "end" : 687 }, 
        {"sofa" : 1,  "begin" : 688,  "end" : 691 }, 
        {"sofa" : 1,  "begin" : 692,  "end" : 697 }, 
        {"sofa" : 1,  "begin" : 698,  "end" : 700 }, 
        {"sofa" : 1,  "begin" : 701,  "end" : 704 }, 
        {"sofa" : 1,  "begin" : 705,  "end" : 711 }, 
        {"sofa" : 1,  "begin" : 712,  "end" : 714 }, 
        {"sofa" : 1,  "begin" : 715,  "end" : 718 }, 
        {"sofa" : 1,  "begin" : 719,  "end" : 724 }, 
        {"sofa" : 1,  "begin" : 725,  "end" : 728 }, 
        {"sofa" : 1,  "begin" : 729,  "end" : 732 }, 
        {"sofa" : 1,  "begin" : 733,  "end" : 737 }, 
        {"sofa" : 1,  "begin" : 738,  "end" : 740 }, 
        {"sofa" : 1,  "begin" : 741,  "end" : 745 }, 
        {"sofa" : 1,  "begin" : 746,  "end" : 747 } ], 
      "PartsofCause" : [2261,  2172,  2181,  2318,  2331,  2340,  2391,  2400,  2409,  2486,  2468,  2477,  2567,  2545,  2554 ], 
      "TypesofCause" : [
        {"sofa" : 1,  "begin" : 8,  "end" : 49,  "Dependent" : 2261,  "Governor" : 2172,  "TypesofCause" : "Effect" }, 
        {"sofa" : 1,  "begin" : 60,  "end" : 87,  "Dependent" : 2181,  "Governor" : 2172,  "TypesofCause" : "Cause" }, 
        {"sofa" : 1,  "begin" : 237,  "end" : 379,  "Dependent" : 2318,  "Governor" : 2331,  "TypesofCause" : "Effect" }, 
        {"sofa" : 1,  "begin" : 384,  "end" : 415,  "Dependent" : 2340,  "Governor" : 2331,  "TypesofCause" : "Cause" }, 
        {"sofa" : 1,  "begin" : 423,  "end" : 442,  "Dependent" : 2400,  "Governor" : 2391,  "TypesofCause" : "Cause" }, 
        {"sofa" : 1,  "begin" : 461,  "end" : 509,  "Dependent" : 2409,  "Governor" : 2391,  "TypesofCause" : "Effect" }, 
        {"sofa" : 1,  "begin" : 512,  "end" : 532,  "Dependent" : 2486,  "Governor" : 2468,  "TypesofCause" : "Effect" }, 
        {"sofa" : 1,  "begin" : 541,  "end" : 587,  "Dependent" : 2477,  "Governor" : 2468,  "TypesofCause" : "Cause" }, 
        {"sofa" : 1,  "begin" : 596,  "end" : 667,  "Dependent" : 2567,  "Governor" : 2545,  "TypesofCause" : "Cause" }, 
        {"sofa" : 1,  "begin" : 677,  "end" : 745,  "Dependent" : 2554,  "Governor" : 2545,  "TypesofCause" : "Effect" } ] } }, 
  "_referenced_fss" : {
    "1" : {"_type" : "Sofa",  "sofaNum" : 1,  "sofaID" : "_InitialView",  "mimeType" : "text",  "sofaString" : "A WIDOW who had great reputation as a housekeeper , because she was so fond of cleaning , was waited upon by two little Maids .\nShe herself was wakened before dawn by the crowing of the cock , and would rise at once and call her Maids .\nThe Maids , who had no taste for such excessive tidiness , and who were kept weary by such constant labor , held a spite against the poor cock for rousing their mistress so early .\n“ If it were not for him , ” they said , “ the mistress would sleep till the sun is well up .\nLet us kill the cock , since there is no other way to stop his loud crowing . ”\nBut the mistress , no longer hearing the cock , was unable to tell the time , and so often woke her Maids in the middle of the night and set them to work ." }, 
    "2261" : {"_type" : "PartsofCause",  "sofa" : 1,  "begin" : 8,  "end" : 49,  "PartsofCause" : "Argument" }, 
    "2172" : {"_type" : "PartsofCause",  "sofa" : 1,  "begin" : 52,  "end" : 59,  "PartsofCause" : "Enabling" }, 
    "2181" : {"_type" : "PartsofCause",  "sofa" : 1,  "begin" : 60,  "end" : 87,  "PartsofCause" : "Argument" }, 
    "2318" : {"_type" : "PartsofCause",  "sofa" : 1,  "begin" : 237,  "end" : 379,  "PartsofCause" : "Argument" }, 
    "2331" : {"_type" : "PartsofCause",  "sofa" : 1,  "begin" : 380,  "end" : 383,  "PartsofCause" : "Causing" }, 
    "2340" : {"_type" : "PartsofCause",  "sofa" : 1,  "begin" : 384,  "end" : 415,  "PartsofCause" : "Argument" }, 
    "2400" : {"_type" : "PartsofCause",  "sofa" : 1,  "begin" : 423,  "end" : 442,  "PartsofCause" : "Argument" }, 
    "2391" : {"_type" : "PartsofCause",  "sofa" : 1,  "begin" : 420,  "end" : 422,  "PartsofCause" : "Causing" }, 
    "2409" : {"_type" : "PartsofCause",  "sofa" : 1,  "begin" : 461,  "end" : 509,  "PartsofCause" : "Argument" }, 
    "2486" : {"_type" : "PartsofCause",  "sofa" : 1,  "begin" : 512,  "end" : 532,  "PartsofCause" : "Argument" }, 
    "2468" : {"_type" : "PartsofCause",  "sofa" : 1,  "begin" : 535,  "end" : 540,  "PartsofCause" : "Causing" }, 
    "2477" : {"_type" : "PartsofCause",  "sofa" : 1,  "begin" : 541,  "end" : 587 }, 
    "2567" : {"_type" : "PartsofCause",  "sofa" : 1,  "begin" : 596,  "end" : 667,  "PartsofCause" : "Argument" }, 
    "2545" : {"_type" : "PartsofCause",  "sofa" : 1,  "begin" : 674,  "end" : 676,  "PartsofCause" : "Causing" }, 
    "2554" : {"_type" : "PartsofCause",  "sofa" : 1,  "begin" : 677,  "end" : 745,  "PartsofCause" : "Argument" }, 
    "2632" : {"_type" : "LayerDefinition",  "name" : "webanno.custom.TypesofCause",  "uiName" : "Types of Cause" }, 
    "2625" : {"_type" : "LayerDefinition",  "name" : "webanno.custom.PartsofCause",  "uiName" : "Parts of Cause" }, 
    "2614" : {"_type" : "LayerDefinition",  "name" : "webanno.custom.DisjointCausalSpans",  "uiName" : "Disjoint Causal Spans" } } }