{"_context" : {
    "_types" : {
      "DocumentMetaData" : {
        "_feature_types" : {"sofa" : "_ref" } }, 
      "FeatureDefinition" : {
        "_feature_types" : {"layer" : "_ref" } }, 
      "LayerDefinition" : { }, 
      "PartsofCause" : {
        "_feature_types" : {"sofa" : "_ref" } }, 
      "Sentence" : {
        "_feature_types" : {"sofa" : "_ref" } }, 
      "Sofa" : {
        "_feature_types" : {"sofaArray" : "_ref" } }, 
      "TagsetDescription" : {
        "_feature_types" : {"sofa" : "_ref",  "tags" : "_ref" } }, 
      "Token" : {
        "_feature_types" : {"sofa" : "_ref",  "parent" : "_ref",  "lemma" : "_ref",  "stem" : "_ref",  "pos" : "_ref",  "morph" : "_ref",  "form" : "_ref" } }, 
      "TypesofCause" : {
        "_feature_types" : {"sofa" : "_ref",  "Dependent" : "_ref",  "Governor" : "_ref" } }, 
      "DocumentAnnotation" : {
        "_feature_types" : {"sofa" : "_ref" }, 
        "_subtypes" : ["DocumentMetaData" ] }, 
      "Annotation" : {
        "_feature_types" : {"sofa" : "_ref" }, 
        "_subtypes" : ["DocumentAnnotation",  "PartsofCause",  "Sentence",  "TagsetDescription",  "Token",  "TypesofCause" ] }, 
      "AnnotationBase" : {
        "_feature_types" : {"sofa" : "_ref" }, 
        "_subtypes" : ["Annotation" ] }, 
      "TOP" : {
        "_subtypes" : ["AnnotationBase",  "FeatureDefinition",  "LayerDefinition",  "Sofa" ] } } }, 
  "_views" : {
    "_InitialView" : {
      "FeatureDefinition" : [
        {"layer" : 2769,  "name" : "referenceRelation",  "uiName" : "Reference Relation" }, 
        {"layer" : 2769,  "name" : "referenceType",  "uiName" : "Reference Type" }, 
        {"layer" : 2780,  "name" : "PartsofCause",  "uiName" : "Parts of Cause" }, 
        {"layer" : 2787,  "name" : "TypesofCause",  "uiName" : "Types of Cause" } ], 
      "LayerDefinition" : [2769,  2780,  2787 ], 
      "DocumentMetaData" : [
        {"sofa" : 1,  "end" : 712,  "language" : "x-unspecified",  "documentTitle" : "fable-09.txt",  "documentId" : "GJW",  "documentUri" : "file:/srv/inception/repository/project/2/document/2311/source/GJW",  "collectionId" : "file:/srv/inception/repository/project/2/document/2311/source/",  "documentBaseUri" : "file:/srv/inception/repository/project/2/document/2311/source/",  "isLastSegment" : false } ], 
      "TagsetDescription" : [
        {"sofa" : 1,  "layer" : "webanno.custom.PartsofCause",  "name" : "Parts of Cause",  "input" : false }, 
        {"sofa" : 1,  "layer" : "webanno.custom.TypesofCause",  "name" : "Causal Relations",  "input" : false } ], 
      "Sentence" : [
        {"sofa" : 1,  "end" : 75 }, 
        {"sofa" : 1,  "begin" : 76,  "end" : 119 }, 
        {"sofa" : 1,  "begin" : 120,  "end" : 220 }, 
        {"sofa" : 1,  "begin" : 221,  "end" : 490 }, 
        {"sofa" : 1,  "begin" : 491,  "end" : 577 }, 
        {"sofa" : 1,  "begin" : 578,  "end" : 668 }, 
        {"sofa" : 1,  "begin" : 669,  "end" : 712 } ], 
      "Token" : [
        {"sofa" : 1,  "end" : 1 }, 
        {"sofa" : 1,  "begin" : 2,  "end" : 6 }, 
        {"sofa" : 1,  "begin" : 7,  "end" : 11 }, 
        {"sofa" : 1,  "begin" : 12,  "end" : 19 }, 
        {"sofa" : 1,  "begin" : 20,  "end" : 22 }, 
        {"sofa" : 1,  "begin" : 23,  "end" : 24 }, 
        {"sofa" : 1,  "begin" : 25,  "end" : 29 }, 
        {"sofa" : 1,  "begin" : 30,  "end" : 32 }, 
        {"sofa" : 1,  "begin" : 33,  "end" : 38 }, 
        {"sofa" : 1,  "begin" : 39,  "end" : 44 }, 
        {"sofa" : 1,  "begin" : 45,  "end" : 47 }, 
        {"sofa" : 1,  "begin" : 48,  "end" : 52 }, 
        {"sofa" : 1,  "begin" : 53,  "end" : 56 }, 
        {"sofa" : 1,  "begin" : 57,  "end" : 58 }, 
        {"sofa" : 1,  "begin" : 59,  "end" : 60 }, 
        {"sofa" : 1,  "begin" : 61,  "end" : 67 }, 
        {"sofa" : 1,  "begin" : 68,  "end" : 70 }, 
        {"sofa" : 1,  "begin" : 71,  "end" : 73 }, 
        {"sofa" : 1,  "begin" : 74,  "end" : 75 }, 
        {"sofa" : 1,  "begin" : 76,  "end" : 78 }, 
        {"sofa" : 1,  "begin" : 79,  "end" : 84 }, 
        {"sofa" : 1,  "begin" : 85,  "end" : 87 }, 
        {"sofa" : 1,  "begin" : 88,  "end" : 92 }, 
        {"sofa" : 1,  "begin" : 93,  "end" : 96 }, 
        {"sofa" : 1,  "begin" : 97,  "end" : 100 }, 
        {"sofa" : 1,  "begin" : 101,  "end" : 103 }, 
        {"sofa" : 1,  "begin" : 104,  "end" : 109 }, 
        {"sofa" : 1,  "begin" : 110,  "end" : 113 }, 
        {"sofa" : 1,  "begin" : 114,  "end" : 117 }, 
        {"sofa" : 1,  "begin" : 118,  "end" : 119 }, 
        {"sofa" : 1,  "begin" : 120,  "end" : 121 }, 
        {"sofa" : 1,  "begin" : 122,  "end" : 126 }, 
        {"sofa" : 1,  "begin" : 127,  "end" : 130 }, 
        {"sofa" : 1,  "begin" : 131,  "end" : 137 }, 
        {"sofa" : 1,  "begin" : 138,  "end" : 140 }, 
        {"sofa" : 1,  "begin" : 141,  "end" : 144 }, 
        {"sofa" : 1,  "begin" : 145,  "end" : 147 }, 
        {"sofa" : 1,  "begin" : 148,  "end" : 152 }, 
        {"sofa" : 1,  "begin" : 153,  "end" : 157 }, 
        {"sofa" : 1,  "begin" : 158,  "end" : 162 }, 
        {"sofa" : 1,  "begin" : 163,  "end" : 167 }, 
        {"sofa" : 1,  "begin" : 168,  "end" : 170 }, 
        {"sofa" : 1,  "begin" : 171,  "end" : 175 }, 
        {"sofa" : 1,  "begin" : 176,  "end" : 183 }, 
        {"sofa" : 1,  "begin" : 184,  "end" : 188 }, 
        {"sofa" : 1,  "begin" : 189,  "end" : 194 }, 
        {"sofa" : 1,  "begin" : 195,  "end" : 198 }, 
        {"sofa" : 1,  "begin" : 199,  "end" : 206 }, 
        {"sofa" : 1,  "begin" : 207,  "end" : 209 }, 
        {"sofa" : 1,  "begin" : 210,  "end" : 216 }, 
        {"sofa" : 1,  "begin" : 217,  "end" : 218 }, 
        {"sofa" : 1,  "begin" : 219,  "end" : 220 }, 
        {"sofa" : 1,  "begin" : 221,  "end" : 224 }, 
        {"sofa" : 1,  "begin" : 225,  "end" : 229 }, 
        {"sofa" : 1,  "begin" : 230,  "end" : 235 }, 
        {"sofa" : 1,  "begin" : 236,  "end" : 238 }, 
        {"sofa" : 1,  "begin" : 239,  "end" : 244 }, 
        {"sofa" : 1,  "begin" : 245,  "end" : 246 }, 
        {"sofa" : 1,  "begin" : 247,  "end" : 250 }, 
        {"sofa" : 1,  "begin" : 251,  "end" : 255 }, 
        {"sofa" : 1,  "begin" : 256,  "end" : 259 }, 
        {"sofa" : 1,  "begin" : 260,  "end" : 261 }, 
        {"sofa" : 1,  "begin" : 262,  "end" : 266 }, 
        {"sofa" : 1,  "begin" : 267,  "end" : 268 }, 
        {"sofa" : 1,  "begin" : 269,  "end" : 274 }, 
        {"sofa" : 1,  "begin" : 275,  "end" : 282 }, 
        {"sofa" : 1,  "begin" : 283,  "end" : 284 }, 
        {"sofa" : 1,  "begin" : 285,  "end" : 290 }, 
        {"sofa" : 1,  "begin" : 291,  "end" : 297 }, 
        {"sofa" : 1,  "begin" : 298,  "end" : 301 }, 
        {"sofa" : 1,  "begin" : 302,  "end" : 305 }, 
        {"sofa" : 1,  "begin" : 306,  "end" : 309 }, 
        {"sofa" : 1,  "begin" : 310,  "end" : 316 }, 
        {"sofa" : 1,  "begin" : 317,  "end" : 319 }, 
        {"sofa" : 1,  "begin" : 320,  "end" : 323 }, 
        {"sofa" : 1,  "begin" : 324,  "end" : 325 }, 
        {"sofa" : 1,  "begin" : 326,  "end" : 327 }, 
        {"sofa" : 1,  "begin" : 328,  "end" : 329 }, 
        {"sofa" : 1,  "begin" : 330,  "end" : 333 }, 
        {"sofa" : 1,  "begin" : 334,  "end" : 337 }, 
        {"sofa" : 1,  "begin" : 338,  "end" : 343 }, 
        {"sofa" : 1,  "begin" : 344,  "end" : 345 }, 
        {"sofa" : 1,  "begin" : 346,  "end" : 349 }, 
        {"sofa" : 1,  "begin" : 350,  "end" : 352 }, 
        {"sofa" : 1,  "begin" : 353,  "end" : 355 }, 
        {"sofa" : 1,  "begin" : 356,  "end" : 359 }, 
        {"sofa" : 1,  "begin" : 360,  "end" : 364 }, 
        {"sofa" : 1,  "begin" : 365,  "end" : 367 }, 
        {"sofa" : 1,  "begin" : 368,  "end" : 370 }, 
        {"sofa" : 1,  "begin" : 371,  "end" : 376 }, 
        {"sofa" : 1,  "begin" : 377,  "end" : 378 }, 
        {"sofa" : 1,  "begin" : 379,  "end" : 382 }, 
        {"sofa" : 1,  "begin" : 383,  "end" : 384 }, 
        {"sofa" : 1,  "begin" : 385,  "end" : 387 }, 
        {"sofa" : 1,  "begin" : 388,  "end" : 392 }, 
        {"sofa" : 1,  "begin" : 393,  "end" : 395 }, 
        {"sofa" : 1,  "begin" : 396,  "end" : 400 }, 
        {"sofa" : 1,  "begin" : 401,  "end" : 407 }, 
        {"sofa" : 1,  "begin" : 408,  "end" : 412 }, 
        {"sofa" : 1,  "begin" : 413,  "end" : 416 }, 
        {"sofa" : 1,  "begin" : 417,  "end" : 423 }, 
        {"sofa" : 1,  "begin" : 424,  "end" : 430 }, 
        {"sofa" : 1,  "begin" : 431,  "end" : 433 }, 
        {"sofa" : 1,  "begin" : 434,  "end" : 435 }, 
        {"sofa" : 1,  "begin" : 436,  "end" : 439 }, 
        {"sofa" : 1,  "begin" : 440,  "end" : 444 }, 
        {"sofa" : 1,  "begin" : 445,  "end" : 451 }, 
        {"sofa" : 1,  "begin" : 452,  "end" : 456 }, 
        {"sofa" : 1,  "begin" : 457,  "end" : 462 }, 
        {"sofa" : 1,  "begin" : 463,  "end" : 465 }, 
        {"sofa" : 1,  "begin" : 466,  "end" : 470 }, 
        {"sofa" : 1,  "begin" : 471,  "end" : 476 }, 
        {"sofa" : 1,  "begin" : 477,  "end" : 480 }, 
        {"sofa" : 1,  "begin" : 481,  "end" : 488 }, 
        {"sofa" : 1,  "begin" : 489,  "end" : 490 }, 
        {"sofa" : 1,  "begin" : 491,  "end" : 497 }, 
        {"sofa" : 1,  "begin" : 498,  "end" : 501 }, 
        {"sofa" : 1,  "begin" : 502,  "end" : 507 }, 
        {"sofa" : 1,  "begin" : 508,  "end" : 510 }, 
        {"sofa" : 1,  "begin" : 511,  "end" : 513 }, 
        {"sofa" : 1,  "begin" : 514,  "end" : 516 }, 
        {"sofa" : 1,  "begin" : 517,  "end" : 522 }, 
        {"sofa" : 1,  "begin" : 523,  "end" : 527 }, 
        {"sofa" : 1,  "begin" : 528,  "end" : 529 }, 
        {"sofa" : 1,  "begin" : 530,  "end" : 533 }, 
        {"sofa" : 1,  "begin" : 534,  "end" : 538 }, 
        {"sofa" : 1,  "begin" : 539,  "end" : 547 }, 
        {"sofa" : 1,  "begin" : 548,  "end" : 550 }, 
        {"sofa" : 1,  "begin" : 551,  "end" : 560 }, 
        {"sofa" : 1,  "begin" : 561,  "end" : 565 }, 
        {"sofa" : 1,  "begin" : 566,  "end" : 575 }, 
        {"sofa" : 1,  "begin" : 576,  "end" : 577 }, 
        {"sofa" : 1,  "begin" : 578,  "end" : 581 }, 
        {"sofa" : 1,  "begin" : 582,  "end" : 585 }, 
        {"sofa" : 1,  "begin" : 586,  "end" : 590 }, 
        {"sofa" : 1,  "begin" : 591,  "end" : 598 }, 
        {"sofa" : 1,  "begin" : 599,  "end" : 601 }, 
        {"sofa" : 1,  "begin" : 602,  "end" : 605 }, 
        {"sofa" : 1,  "begin" : 606,  "end" : 609 }, 
        {"sofa" : 1,  "begin" : 610,  "end" : 615 }, 
        {"sofa" : 1,  "begin" : 616,  "end" : 617 }, 
        {"sofa" : 1,  "begin" : 618,  "end" : 621 }, 
        {"sofa" : 1,  "begin" : 622,  "end" : 625 }, 
        {"sofa" : 1,  "begin" : 626,  "end" : 630 }, 
        {"sofa" : 1,  "begin" : 631,  "end" : 633 }, 
        {"sofa" : 1,  "begin" : 634,  "end" : 640 }, 
        {"sofa" : 1,  "begin" : 641,  "end" : 643 }, 
        {"sofa" : 1,  "begin" : 644,  "end" : 648 }, 
        {"sofa" : 1,  "begin" : 649,  "end" : 652 }, 
        {"sofa" : 1,  "begin" : 653,  "end" : 657 }, 
        {"sofa" : 1,  "begin" : 658,  "end" : 662 }, 
        {"sofa" : 1,  "begin" : 663,  "end" : 666 }, 
        {"sofa" : 1,  "begin" : 667,  "end" : 668 }, 
        {"sofa" : 1,  "begin" : 669,  "end" : 670 }, 
        {"sofa" : 1,  "begin" : 671,  "end" : 676 }, 
        {"sofa" : 1,  "begin" : 677,  "end" : 680 }, 
        {"sofa" : 1,  "begin" : 681,  "end" : 686 }, 
        {"sofa" : 1,  "begin" : 687,  "end" : 689 }, 
        {"sofa" : 1,  "begin" : 690,  "end" : 694 }, 
        {"sofa" : 1,  "begin" : 695,  "end" : 697 }, 
        {"sofa" : 1,  "begin" : 698,  "end" : 699 }, 
        {"sofa" : 1,  "begin" : 700,  "end" : 704 }, 
        {"sofa" : 1,  "begin" : 705,  "end" : 708 }, 
        {"sofa" : 1,  "begin" : 709,  "end" : 710 }, 
        {"sofa" : 1,  "begin" : 711,  "end" : 712 } ], 
      "PartsofCause" : [2212,  2203,  2225,  2255,  2264,  2234,  2361,  2370,  2383,  2628,  2637,  2646,  2474,  2492,  2483,  2585,  2551,  2572 ], 
      "TypesofCause" : [
        {"sofa" : 1,  "begin" : 120,  "end" : 144,  "Dependent" : 2212,  "Governor" : 2203,  "TypesofCause" : "Cause" }, 
        {"sofa" : 1,  "begin" : 153,  "end" : 216,  "Dependent" : 2225,  "Governor" : 2203,  "TypesofCause" : "Effect" }, 
        {"sofa" : 1,  "begin" : 158,  "end" : 183,  "Dependent" : 2264,  "Governor" : 2255,  "TypesofCause" : "Cause" }, 
        {"sofa" : 1,  "begin" : 184,  "end" : 216,  "Dependent" : 2234,  "Governor" : 2255,  "TypesofCause" : "Effect" }, 
        {"sofa" : 1,  "begin" : 445,  "end" : 462,  "Dependent" : 2361,  "Governor" : 2370,  "TypesofCause" : "Effect" }, 
        {"sofa" : 1,  "begin" : 466,  "end" : 488,  "Dependent" : 2383,  "Governor" : 2370,  "TypesofCause" : "Cause" }, 
        {"sofa" : 1,  "begin" : 491,  "end" : 513,  "Dependent" : 2628,  "Governor" : 2637,  "TypesofCause" : "Effect" }, 
        {"sofa" : 1,  "begin" : 517,  "end" : 527,  "Dependent" : 2646,  "Governor" : 2637,  "TypesofCause" : "Cause" }, 
        {"sofa" : 1,  "begin" : 622,  "end" : 640,  "Dependent" : 2474,  "Governor" : 2492,  "TypesofCause" : "Effect" }, 
        {"sofa" : 1,  "begin" : 644,  "end" : 666,  "Dependent" : 2483,  "Governor" : 2492,  "TypesofCause" : "Cause" }, 
        {"sofa" : 1,  "begin" : 669,  "end" : 694,  "Dependent" : 2585,  "Governor" : 2551,  "TypesofCause" : "Effect" }, 
        {"sofa" : 1,  "begin" : 698,  "end" : 708,  "Dependent" : 2572,  "Governor" : 2551,  "TypesofCause" : "Cause" } ] } }, 
  "_referenced_fss" : {
    "1" : {"_type" : "Sofa",  "sofaNum" : 1,  "sofaID" : "_InitialView",  "mimeType" : "text",  "sofaString" : "A DRUM once boasted to a Vase of Sweet Herbs in this way : “ Listen to me !\nMy voice is loud and can be heard far off .\nI stir the hearts of men so that when they hear my bold roaring they march out bravely to battle . ”\nThe Vase spoke no words , but gave out a fine , sweet perfume , which filled the air and seemed to say : “ I can not speak , and it is not well to be proud , but I am full of good things that are hidden within me , and that gladly come forth to give cheer and comfort .\nPeople are drawn to me in their need , and they remember me afterward with gratitude .\nBut you have nothing in you but noise , and you must be struck to make you give that out .\nI would not boast so much if I were you . ”" }, 
    "2212" : {"_type" : "PartsofCause",  "sofa" : 1,  "begin" : 120,  "end" : 144,  "PartsofCause" : "Argument" }, 
    "2203" : {"_type" : "PartsofCause",  "sofa" : 1,  "begin" : 145,  "end" : 147,  "PartsofCause" : "Causing" }, 
    "2225" : {"_type" : "PartsofCause",  "sofa" : 1,  "begin" : 153,  "end" : 216,  "PartsofCause" : "Argument" }, 
    "2264" : {"_type" : "PartsofCause",  "sofa" : 1,  "begin" : 158,  "end" : 183,  "PartsofCause" : "Argument" }, 
    "2255" : {"_type" : "PartsofCause",  "sofa" : 1,  "begin" : 153,  "end" : 157,  "PartsofCause" : "Enabling" }, 
    "2234" : {"_type" : "PartsofCause",  "sofa" : 1,  "begin" : 184,  "end" : 216,  "PartsofCause" : "Argument" }, 
    "2361" : {"_type" : "PartsofCause",  "sofa" : 1,  "begin" : 445,  "end" : 462,  "PartsofCause" : "Argument" }, 
    "2370" : {"_type" : "PartsofCause",  "sofa" : 1,  "begin" : 463,  "end" : 465,  "PartsofCause" : "Causing" }, 
    "2383" : {"_type" : "PartsofCause",  "sofa" : 1,  "begin" : 466,  "end" : 488,  "PartsofCause" : "Argument" }, 
    "2628" : {"_type" : "PartsofCause",  "sofa" : 1,  "begin" : 491,  "end" : 513,  "PartsofCause" : "Argument" }, 
    "2637" : {"_type" : "PartsofCause",  "sofa" : 1,  "begin" : 514,  "end" : 516,  "PartsofCause" : "Causing" }, 
    "2646" : {"_type" : "PartsofCause",  "sofa" : 1,  "begin" : 517,  "end" : 527,  "PartsofCause" : "Argument" }, 
    "2474" : {"_type" : "PartsofCause",  "sofa" : 1,  "begin" : 622,  "end" : 640,  "PartsofCause" : "Argument" }, 
    "2492" : {"_type" : "PartsofCause",  "sofa" : 1,  "begin" : 641,  "end" : 643,  "PartsofCause" : "Causing" }, 
    "2483" : {"_type" : "PartsofCause",  "sofa" : 1,  "begin" : 644,  "end" : 666,  "PartsofCause" : "Argument" }, 
    "2585" : {"_type" : "PartsofCause",  "sofa" : 1,  "begin" : 669,  "end" : 694,  "PartsofCause" : "Argument" }, 
    "2551" : {"_type" : "PartsofCause",  "sofa" : 1,  "begin" : 695,  "end" : 697,  "PartsofCause" : "Enabling" }, 
    "2572" : {"_type" : "PartsofCause",  "sofa" : 1,  "begin" : 698,  "end" : 708,  "PartsofCause" : "Argument" }, 
    "2780" : {"_type" : "LayerDefinition",  "name" : "webanno.custom.PartsofCause",  "uiName" : "Parts of Cause" }, 
    "2787" : {"_type" : "LayerDefinition",  "name" : "webanno.custom.TypesofCause",  "uiName" : "Types of Cause" }, 
    "2769" : {"_type" : "LayerDefinition",  "name" : "webanno.custom.DisjointCausalSpans",  "uiName" : "Disjoint Causal Spans" } } }