{"_context" : {
    "_types" : {
      "DocumentMetaData" : {
        "_feature_types" : {"sofa" : "_ref" } }, 
      "FeatureDefinition" : {
        "_feature_types" : {"layer" : "_ref" } }, 
      "LayerDefinition" : { }, 
      "PartsofCause" : {
        "_feature_types" : {"sofa" : "_ref" } }, 
      "Sentence" : {
        "_feature_types" : {"sofa" : "_ref" } }, 
      "Sofa" : {
        "_feature_types" : {"sofaArray" : "_ref" } }, 
      "TagsetDescription" : {
        "_feature_types" : {"sofa" : "_ref",  "tags" : "_ref" } }, 
      "Token" : {
        "_feature_types" : {"sofa" : "_ref",  "parent" : "_ref",  "lemma" : "_ref",  "stem" : "_ref",  "pos" : "_ref",  "morph" : "_ref",  "form" : "_ref" } }, 
      "TypesofCause" : {
        "_feature_types" : {"sofa" : "_ref",  "Dependent" : "_ref",  "Governor" : "_ref" } }, 
      "DocumentAnnotation" : {
        "_feature_types" : {"sofa" : "_ref" }, 
        "_subtypes" : ["DocumentMetaData" ] }, 
      "Annotation" : {
        "_feature_types" : {"sofa" : "_ref" }, 
        "_subtypes" : ["DocumentAnnotation",  "PartsofCause",  "Sentence",  "TagsetDescription",  "Token",  "TypesofCause" ] }, 
      "AnnotationBase" : {
        "_feature_types" : {"sofa" : "_ref" }, 
        "_subtypes" : ["Annotation" ] }, 
      "TOP" : {
        "_subtypes" : ["AnnotationBase",  "FeatureDefinition",  "LayerDefinition",  "Sofa" ] } } }, 
  "_views" : {
    "_InitialView" : {
      "FeatureDefinition" : [
        {"layer" : 2089,  "name" : "referenceRelation",  "uiName" : "Reference Relation" }, 
        {"layer" : 2089,  "name" : "referenceType",  "uiName" : "Reference Type" }, 
        {"layer" : 2100,  "name" : "PartsofCause",  "uiName" : "Parts of Cause" }, 
        {"layer" : 2107,  "name" : "TypesofCause",  "uiName" : "Types of Cause" } ], 
      "LayerDefinition" : [2089,  2100,  2107 ], 
      "DocumentMetaData" : [
        {"sofa" : 1,  "end" : 810,  "language" : "x-unspecified",  "documentTitle" : "cnn-45.txt",  "documentId" : "AYC",  "documentUri" : "file:/srv/inception/repository/project/2/document/2397/source/AYC",  "collectionId" : "file:/srv/inception/repository/project/2/document/2397/source/",  "documentBaseUri" : "file:/srv/inception/repository/project/2/document/2397/source/",  "isLastSegment" : false } ], 
      "TagsetDescription" : [
        {"sofa" : 1,  "layer" : "webanno.custom.PartsofCause",  "name" : "Parts of Cause",  "input" : false }, 
        {"sofa" : 1,  "layer" : "webanno.custom.TypesofCause",  "name" : "Causal Relations",  "input" : false } ], 
      "Sentence" : [
        {"sofa" : 1,  "end" : 141 }, 
        {"sofa" : 1,  "begin" : 142,  "end" : 359 }, 
        {"sofa" : 1,  "begin" : 360,  "end" : 486 }, 
        {"sofa" : 1,  "begin" : 487,  "end" : 648 }, 
        {"sofa" : 1,  "begin" : 649,  "end" : 699 }, 
        {"sofa" : 1,  "begin" : 700,  "end" : 810 } ], 
      "Token" : [
        {"sofa" : 1,  "end" : 2 }, 
        {"sofa" : 1,  "begin" : 3,  "end" : 13 }, 
        {"sofa" : 1,  "begin" : 14,  "end" : 19 }, 
        {"sofa" : 1,  "begin" : 20,  "end" : 23 }, 
        {"sofa" : 1,  "begin" : 24,  "end" : 30 }, 
        {"sofa" : 1,  "begin" : 31,  "end" : 40 }, 
        {"sofa" : 1,  "begin" : 41,  "end" : 48 }, 
        {"sofa" : 1,  "begin" : 49,  "end" : 52 }, 
        {"sofa" : 1,  "begin" : 53,  "end" : 57 }, 
        {"sofa" : 1,  "begin" : 58,  "end" : 62 }, 
        {"sofa" : 1,  "begin" : 63,  "end" : 66 }, 
        {"sofa" : 1,  "begin" : 67,  "end" : 77 }, 
        {"sofa" : 1,  "begin" : 78,  "end" : 83 }, 
        {"sofa" : 1,  "begin" : 84,  "end" : 86 }, 
        {"sofa" : 1,  "begin" : 87,  "end" : 96 }, 
        {"sofa" : 1,  "begin" : 97,  "end" : 107 }, 
        {"sofa" : 1,  "begin" : 108,  "end" : 110 }, 
        {"sofa" : 1,  "begin" : 111,  "end" : 120 }, 
        {"sofa" : 1,  "begin" : 121,  "end" : 122 }, 
        {"sofa" : 1,  "begin" : 123,  "end" : 134 }, 
        {"sofa" : 1,  "begin" : 135,  "end" : 139 }, 
        {"sofa" : 1,  "begin" : 140,  "end" : 141 }, 
        {"sofa" : 1,  "begin" : 142,  "end" : 146 }, 
        {"sofa" : 1,  "begin" : 147,  "end" : 150 }, 
        {"sofa" : 1,  "begin" : 151,  "end" : 154 }, 
        {"sofa" : 1,  "begin" : 155,  "end" : 162 }, 
        {"sofa" : 1,  "begin" : 163,  "end" : 167 }, 
        {"sofa" : 1,  "begin" : 168,  "end" : 172 }, 
        {"sofa" : 1,  "begin" : 173,  "end" : 175 }, 
        {"sofa" : 1,  "begin" : 176,  "end" : 179 }, 
        {"sofa" : 1,  "begin" : 180,  "end" : 187 }, 
        {"sofa" : 1,  "begin" : 188,  "end" : 189 }, 
        {"sofa" : 1,  "begin" : 190,  "end" : 199 }, 
        {"sofa" : 1,  "begin" : 200,  "end" : 204 }, 
        {"sofa" : 1,  "begin" : 205,  "end" : 211 }, 
        {"sofa" : 1,  "begin" : 212,  "end" : 215 }, 
        {"sofa" : 1,  "begin" : 216,  "end" : 220 }, 
        {"sofa" : 1,  "begin" : 221,  "end" : 223 }, 
        {"sofa" : 1,  "begin" : 224,  "end" : 227 }, 
        {"sofa" : 1,  "begin" : 228,  "end" : 236 }, 
        {"sofa" : 1,  "begin" : 237,  "end" : 242 }, 
        {"sofa" : 1,  "begin" : 243,  "end" : 245 }, 
        {"sofa" : 1,  "begin" : 246,  "end" : 248 }, 
        {"sofa" : 1,  "begin" : 249,  "end" : 258 }, 
        {"sofa" : 1,  "begin" : 259,  "end" : 260 }, 
        {"sofa" : 1,  "begin" : 261,  "end" : 263 }, 
        {"sofa" : 1,  "begin" : 264,  "end" : 270 }, 
        {"sofa" : 1,  "begin" : 271,  "end" : 281 }, 
        {"sofa" : 1,  "begin" : 282,  "end" : 285 }, 
        {"sofa" : 1,  "begin" : 286,  "end" : 291 }, 
        {"sofa" : 1,  "begin" : 292,  "end" : 296 }, 
        {"sofa" : 1,  "begin" : 297,  "end" : 301 }, 
        {"sofa" : 1,  "begin" : 302,  "end" : 307 }, 
        {"sofa" : 1,  "begin" : 308,  "end" : 314 }, 
        {"sofa" : 1,  "begin" : 315,  "end" : 317 }, 
        {"sofa" : 1,  "begin" : 318,  "end" : 323 }, 
        {"sofa" : 1,  "begin" : 324,  "end" : 329 }, 
        {"sofa" : 1,  "begin" : 330,  "end" : 332 }, 
        {"sofa" : 1,  "begin" : 333,  "end" : 334 }, 
        {"sofa" : 1,  "begin" : 335,  "end" : 339 }, 
        {"sofa" : 1,  "begin" : 340,  "end" : 342 }, 
        {"sofa" : 1,  "begin" : 343,  "end" : 344 }, 
        {"sofa" : 1,  "begin" : 345,  "end" : 347 }, 
        {"sofa" : 1,  "begin" : 348,  "end" : 352 }, 
        {"sofa" : 1,  "begin" : 353,  "end" : 355 }, 
        {"sofa" : 1,  "begin" : 356,  "end" : 357 }, 
        {"sofa" : 1,  "begin" : 358,  "end" : 359 }, 
        {"sofa" : 1,  "begin" : 360,  "end" : 369 }, 
        {"sofa" : 1,  "begin" : 370,  "end" : 377 }, 
        {"sofa" : 1,  "begin" : 378,  "end" : 379 }, 
        {"sofa" : 1,  "begin" : 380,  "end" : 389 }, 
        {"sofa" : 1,  "begin" : 390,  "end" : 400 }, 
        {"sofa" : 1,  "begin" : 401,  "end" : 404 }, 
        {"sofa" : 1,  "begin" : 405,  "end" : 410 }, 
        {"sofa" : 1,  "begin" : 411,  "end" : 420 }, 
        {"sofa" : 1,  "begin" : 421,  "end" : 428 }, 
        {"sofa" : 1,  "begin" : 429,  "end" : 436 }, 
        {"sofa" : 1,  "begin" : 437,  "end" : 439 }, 
        {"sofa" : 1,  "begin" : 440,  "end" : 441 }, 
        {"sofa" : 1,  "begin" : 442,  "end" : 452 }, 
        {"sofa" : 1,  "begin" : 453,  "end" : 457 }, 
        {"sofa" : 1,  "begin" : 458,  "end" : 463 }, 
        {"sofa" : 1,  "begin" : 464,  "end" : 469 }, 
        {"sofa" : 1,  "begin" : 470,  "end" : 474 }, 
        {"sofa" : 1,  "begin" : 475,  "end" : 484 }, 
        {"sofa" : 1,  "begin" : 485,  "end" : 486 }, 
        {"sofa" : 1,  "begin" : 487,  "end" : 490 }, 
        {"sofa" : 1,  "begin" : 491,  "end" : 500 }, 
        {"sofa" : 1,  "begin" : 501,  "end" : 510 }, 
        {"sofa" : 1,  "begin" : 511,  "end" : 514 }, 
        {"sofa" : 1,  "begin" : 515,  "end" : 518 }, 
        {"sofa" : 1,  "begin" : 519,  "end" : 526 }, 
        {"sofa" : 1,  "begin" : 527,  "end" : 528 }, 
        {"sofa" : 1,  "begin" : 529,  "end" : 532 }, 
        {"sofa" : 1,  "begin" : 533,  "end" : 537 }, 
        {"sofa" : 1,  "begin" : 538,  "end" : 542 }, 
        {"sofa" : 1,  "begin" : 543,  "end" : 546 }, 
        {"sofa" : 1,  "begin" : 547,  "end" : 557 }, 
        {"sofa" : 1,  "begin" : 558,  "end" : 561 }, 
        {"sofa" : 1,  "begin" : 562,  "end" : 566 }, 
        {"sofa" : 1,  "begin" : 567,  "end" : 572 }, 
        {"sofa" : 1,  "begin" : 573,  "end" : 574 }, 
        {"sofa" : 1,  "begin" : 575,  "end" : 583 }, 
        {"sofa" : 1,  "begin" : 584,  "end" : 592 }, 
        {"sofa" : 1,  "begin" : 593,  "end" : 602 }, 
        {"sofa" : 1,  "begin" : 603,  "end" : 604 }, 
        {"sofa" : 1,  "begin" : 605,  "end" : 610 }, 
        {"sofa" : 1,  "begin" : 611,  "end" : 613 }, 
        {"sofa" : 1,  "begin" : 614,  "end" : 617 }, 
        {"sofa" : 1,  "begin" : 618,  "end" : 622 }, 
        {"sofa" : 1,  "begin" : 623,  "end" : 630 }, 
        {"sofa" : 1,  "begin" : 631,  "end" : 637 }, 
        {"sofa" : 1,  "begin" : 638,  "end" : 640 }, 
        {"sofa" : 1,  "begin" : 641,  "end" : 646 }, 
        {"sofa" : 1,  "begin" : 647,  "end" : 648 }, 
        {"sofa" : 1,  "begin" : 649,  "end" : 656 }, 
        {"sofa" : 1,  "begin" : 657,  "end" : 659 }, 
        {"sofa" : 1,  "begin" : 660,  "end" : 663 }, 
        {"sofa" : 1,  "begin" : 664,  "end" : 669 }, 
        {"sofa" : 1,  "begin" : 670,  "end" : 674 }, 
        {"sofa" : 1,  "begin" : 675,  "end" : 683 }, 
        {"sofa" : 1,  "begin" : 684,  "end" : 697 }, 
        {"sofa" : 1,  "begin" : 698,  "end" : 699 }, 
        {"sofa" : 1,  "begin" : 700,  "end" : 701 }, 
        {"sofa" : 1,  "begin" : 702,  "end" : 709 }, 
        {"sofa" : 1,  "begin" : 710,  "end" : 718 }, 
        {"sofa" : 1,  "begin" : 719,  "end" : 721 }, 
        {"sofa" : 1,  "begin" : 722,  "end" : 725 }, 
        {"sofa" : 1,  "begin" : 726,  "end" : 733 }, 
        {"sofa" : 1,  "begin" : 734,  "end" : 742 }, 
        {"sofa" : 1,  "begin" : 743,  "end" : 749 }, 
        {"sofa" : 1,  "begin" : 750,  "end" : 754 }, 
        {"sofa" : 1,  "begin" : 755,  "end" : 761 }, 
        {"sofa" : 1,  "begin" : 762,  "end" : 768 }, 
        {"sofa" : 1,  "begin" : 769,  "end" : 778 }, 
        {"sofa" : 1,  "begin" : 779,  "end" : 784 }, 
        {"sofa" : 1,  "begin" : 785,  "end" : 790 }, 
        {"sofa" : 1,  "begin" : 791,  "end" : 796 }, 
        {"sofa" : 1,  "begin" : 797,  "end" : 800 }, 
        {"sofa" : 1,  "begin" : 801,  "end" : 808 }, 
        {"sofa" : 1,  "begin" : 809,  "end" : 810 } ], 
      "PartsofCause" : [2050,  2024,  2037,  1912,  1886,  1899,  1968,  1955,  1981 ], 
      "TypesofCause" : [
        {"sofa" : 1,  "end" : 48,  "Dependent" : 2050,  "Governor" : 2024,  "TypesofCause" : "Effect" }, 
        {"sofa" : 1,  "begin" : 53,  "end" : 120,  "Dependent" : 2037,  "Governor" : 2024,  "TypesofCause" : "Cause" }, 
        {"sofa" : 1,  "begin" : 360,  "end" : 452,  "Dependent" : 1912,  "Governor" : 1886,  "TypesofCause" : "Effect" }, 
        {"sofa" : 1,  "begin" : 458,  "end" : 484,  "Dependent" : 1899,  "Governor" : 1886,  "TypesofCause" : "Cause" }, 
        {"sofa" : 1,  "begin" : 533,  "end" : 566,  "Dependent" : 1968,  "Governor" : 1955,  "TypesofCause" : "Effect" }, 
        {"sofa" : 1,  "begin" : 573,  "end" : 646,  "Dependent" : 1981,  "Governor" : 1955,  "TypesofCause" : "Cause" } ] } }, 
  "_referenced_fss" : {
    "1" : {"_type" : "Sofa",  "sofaNum" : 1,  "sofaID" : "_InitialView",  "mimeType" : "text",  "sofaString" : "An evacuation order was lifted Wednesday morning for more than 500 California homes on hillsides vulnerable to mudslides , authorities said .\nWith the sun shining over much of Los Angeles , officials told people who live in the foothill areas of La Crescenta , La Canada Flintridge and Acton that they could return to their homes at 8 a.m. PT ( 11 a.m. ET ) .\nOfficials ordered a mandatory evacuation for those residents Tuesday morning as a precaution when heavy rains were predicted .\nThe dangerous mudslides did not develop , but this area was especially hit hard after a downpour Saturday unleashed a river of mud that damaged dozens of homes .\nSeveral of the homes were declared uninhabitable .\nA massive wildfire in the Angeles National Forest last summer burned hillsides where these homes are located ." }, 
    "2050" : {"_type" : "PartsofCause",  "sofa" : 1,  "end" : 48,  "PartsofCause" : "Argument" }, 
    "2024" : {"_type" : "PartsofCause",  "sofa" : 1,  "begin" : 49,  "end" : 52,  "PartsofCause" : "Causing" }, 
    "2037" : {"_type" : "PartsofCause",  "sofa" : 1,  "begin" : 53,  "end" : 120,  "PartsofCause" : "Argument" }, 
    "1912" : {"_type" : "PartsofCause",  "sofa" : 1,  "begin" : 360,  "end" : 452,  "PartsofCause" : "Argument" }, 
    "1886" : {"_type" : "PartsofCause",  "sofa" : 1,  "begin" : 453,  "end" : 457,  "PartsofCause" : "Causing" }, 
    "1899" : {"_type" : "PartsofCause",  "sofa" : 1,  "begin" : 458,  "end" : 484,  "PartsofCause" : "Argument" }, 
    "1968" : {"_type" : "PartsofCause",  "sofa" : 1,  "begin" : 533,  "end" : 566,  "PartsofCause" : "Argument" }, 
    "1955" : {"_type" : "PartsofCause",  "sofa" : 1,  "begin" : 567,  "end" : 572,  "PartsofCause" : "Causing" }, 
    "1981" : {"_type" : "PartsofCause",  "sofa" : 1,  "begin" : 573,  "end" : 646,  "PartsofCause" : "Argument" }, 
    "2089" : {"_type" : "LayerDefinition",  "name" : "webanno.custom.DisjointCausalSpans",  "uiName" : "Disjoint Causal Spans" }, 
    "2100" : {"_type" : "LayerDefinition",  "name" : "webanno.custom.PartsofCause",  "uiName" : "Parts of Cause" }, 
    "2107" : {"_type" : "LayerDefinition",  "name" : "webanno.custom.TypesofCause",  "uiName" : "Types of Cause" } } }