{"_context" : {
    "_types" : {
      "DocumentMetaData" : {
        "_feature_types" : {"sofa" : "_ref" } }, 
      "FeatureDefinition" : {
        "_feature_types" : {"layer" : "_ref" } }, 
      "LayerDefinition" : { }, 
      "PartsofCause" : {
        "_feature_types" : {"sofa" : "_ref" } }, 
      "Sentence" : {
        "_feature_types" : {"sofa" : "_ref" } }, 
      "Sofa" : {
        "_feature_types" : {"sofaArray" : "_ref" } }, 
      "TagsetDescription" : {
        "_feature_types" : {"sofa" : "_ref",  "tags" : "_ref" } }, 
      "Token" : {
        "_feature_types" : {"sofa" : "_ref",  "parent" : "_ref",  "lemma" : "_ref",  "stem" : "_ref",  "pos" : "_ref",  "morph" : "_ref",  "form" : "_ref" } }, 
      "TypesofCause" : {
        "_feature_types" : {"sofa" : "_ref",  "Dependent" : "_ref",  "Governor" : "_ref" } }, 
      "DocumentAnnotation" : {
        "_feature_types" : {"sofa" : "_ref" }, 
        "_subtypes" : ["DocumentMetaData" ] }, 
      "Annotation" : {
        "_feature_types" : {"sofa" : "_ref" }, 
        "_subtypes" : ["DocumentAnnotation",  "PartsofCause",  "Sentence",  "TagsetDescription",  "Token",  "TypesofCause" ] }, 
      "AnnotationBase" : {
        "_feature_types" : {"sofa" : "_ref" }, 
        "_subtypes" : ["Annotation" ] }, 
      "TOP" : {
        "_subtypes" : ["AnnotationBase",  "FeatureDefinition",  "LayerDefinition",  "Sofa" ] } } }, 
  "_views" : {
    "_InitialView" : {
      "FeatureDefinition" : [
        {"layer" : 1870,  "name" : "referenceRelation",  "uiName" : "Reference Relation" }, 
        {"layer" : 1870,  "name" : "referenceType",  "uiName" : "Reference Type" }, 
        {"layer" : 1881,  "name" : "PartsofCause",  "uiName" : "Parts of Cause" }, 
        {"layer" : 1888,  "name" : "TypesofCause",  "uiName" : "Types of Cause" } ], 
      "LayerDefinition" : [1870,  1881,  1888 ], 
      "DocumentMetaData" : [
        {"sofa" : 1,  "end" : 477,  "language" : "x-unspecified",  "documentTitle" : "fable-23.txt",  "documentId" : "GJW",  "documentUri" : "file:/srv/inception/repository/project/2/document/2325/source/GJW",  "collectionId" : "file:/srv/inception/repository/project/2/document/2325/source/",  "documentBaseUri" : "file:/srv/inception/repository/project/2/document/2325/source/",  "isLastSegment" : false } ], 
      "TagsetDescription" : [
        {"sofa" : 1,  "layer" : "webanno.custom.PartsofCause",  "name" : "Parts of Cause",  "input" : false }, 
        {"sofa" : 1,  "layer" : "webanno.custom.TypesofCause",  "name" : "Causal Relations",  "input" : false } ], 
      "Sentence" : [
        {"sofa" : 1,  "end" : 47 }, 
        {"sofa" : 1,  "begin" : 48,  "end" : 145 }, 
        {"sofa" : 1,  "begin" : 146,  "end" : 214 }, 
        {"sofa" : 1,  "begin" : 215,  "end" : 241 }, 
        {"sofa" : 1,  "begin" : 242,  "end" : 336 }, 
        {"sofa" : 1,  "begin" : 337,  "end" : 477 } ], 
      "Token" : [
        {"sofa" : 1,  "end" : 1 }, 
        {"sofa" : 1,  "begin" : 2,  "end" : 7 }, 
        {"sofa" : 1,  "begin" : 8,  "end" : 11 }, 
        {"sofa" : 1,  "begin" : 12,  "end" : 13 }, 
        {"sofa" : 1,  "begin" : 14,  "end" : 19 }, 
        {"sofa" : 1,  "begin" : 20,  "end" : 24 }, 
        {"sofa" : 1,  "begin" : 25,  "end" : 33 }, 
        {"sofa" : 1,  "begin" : 34,  "end" : 36 }, 
        {"sofa" : 1,  "begin" : 37,  "end" : 40 }, 
        {"sofa" : 1,  "begin" : 41,  "end" : 45 }, 
        {"sofa" : 1,  "begin" : 46,  "end" : 47 }, 
        {"sofa" : 1,  "begin" : 48,  "end" : 49 }, 
        {"sofa" : 1,  "begin" : 50,  "end" : 52 }, 
        {"sofa" : 1,  "begin" : 53,  "end" : 59 }, 
        {"sofa" : 1,  "begin" : 60,  "end" : 63 }, 
        {"sofa" : 1,  "begin" : 64,  "end" : 68 }, 
        {"sofa" : 1,  "begin" : 69,  "end" : 71 }, 
        {"sofa" : 1,  "begin" : 72,  "end" : 74 }, 
        {"sofa" : 1,  "begin" : 75,  "end" : 80 }, 
        {"sofa" : 1,  "begin" : 81,  "end" : 82 }, 
        {"sofa" : 1,  "begin" : 83,  "end" : 84 }, 
        {"sofa" : 1,  "begin" : 85,  "end" : 92 }, 
        {"sofa" : 1,  "begin" : 93,  "end" : 96 }, 
        {"sofa" : 1,  "begin" : 97,  "end" : 102 }, 
        {"sofa" : 1,  "begin" : 103,  "end" : 104 }, 
        {"sofa" : 1,  "begin" : 105,  "end" : 107 }, 
        {"sofa" : 1,  "begin" : 108,  "end" : 110 }, 
        {"sofa" : 1,  "begin" : 111,  "end" : 117 }, 
        {"sofa" : 1,  "begin" : 118,  "end" : 120 }, 
        {"sofa" : 1,  "begin" : 121,  "end" : 124 }, 
        {"sofa" : 1,  "begin" : 125,  "end" : 128 }, 
        {"sofa" : 1,  "begin" : 129,  "end" : 134 }, 
        {"sofa" : 1,  "begin" : 135,  "end" : 143 }, 
        {"sofa" : 1,  "begin" : 144,  "end" : 145 }, 
        {"sofa" : 1,  "begin" : 146,  "end" : 147 }, 
        {"sofa" : 1,  "begin" : 148,  "end" : 149 }, 
        {"sofa" : 1,  "begin" : 150,  "end" : 154 }, 
        {"sofa" : 1,  "begin" : 155,  "end" : 158 }, 
        {"sofa" : 1,  "begin" : 159,  "end" : 162 }, 
        {"sofa" : 1,  "begin" : 163,  "end" : 169 }, 
        {"sofa" : 1,  "begin" : 170,  "end" : 172 }, 
        {"sofa" : 1,  "begin" : 173,  "end" : 174 }, 
        {"sofa" : 1,  "begin" : 175,  "end" : 177 }, 
        {"sofa" : 1,  "begin" : 178,  "end" : 179 }, 
        {"sofa" : 1,  "begin" : 180,  "end" : 184 }, 
        {"sofa" : 1,  "begin" : 185,  "end" : 188 }, 
        {"sofa" : 1,  "begin" : 189,  "end" : 192 }, 
        {"sofa" : 1,  "begin" : 193,  "end" : 197 }, 
        {"sofa" : 1,  "begin" : 198,  "end" : 205 }, 
        {"sofa" : 1,  "begin" : 206,  "end" : 212 }, 
        {"sofa" : 1,  "begin" : 213,  "end" : 214 }, 
        {"sofa" : 1,  "begin" : 215,  "end" : 216 }, 
        {"sofa" : 1,  "begin" : 217,  "end" : 224 }, 
        {"sofa" : 1,  "begin" : 225,  "end" : 226 }, 
        {"sofa" : 1,  "begin" : 227,  "end" : 230 }, 
        {"sofa" : 1,  "begin" : 231,  "end" : 234 }, 
        {"sofa" : 1,  "begin" : 235,  "end" : 237 }, 
        {"sofa" : 1,  "begin" : 238,  "end" : 239 }, 
        {"sofa" : 1,  "begin" : 240,  "end" : 241 }, 
        {"sofa" : 1,  "begin" : 242,  "end" : 246 }, 
        {"sofa" : 1,  "begin" : 247,  "end" : 249 }, 
        {"sofa" : 1,  "begin" : 250,  "end" : 254 }, 
        {"sofa" : 1,  "begin" : 255,  "end" : 258 }, 
        {"sofa" : 1,  "begin" : 259,  "end" : 263 }, 
        {"sofa" : 1,  "begin" : 264,  "end" : 265 }, 
        {"sofa" : 1,  "begin" : 266,  "end" : 271 }, 
        {"sofa" : 1,  "begin" : 272,  "end" : 274 }, 
        {"sofa" : 1,  "begin" : 275,  "end" : 281 }, 
        {"sofa" : 1,  "begin" : 282,  "end" : 287 }, 
        {"sofa" : 1,  "begin" : 288,  "end" : 294 }, 
        {"sofa" : 1,  "begin" : 295,  "end" : 297 }, 
        {"sofa" : 1,  "begin" : 298,  "end" : 301 }, 
        {"sofa" : 1,  "begin" : 302,  "end" : 303 }, 
        {"sofa" : 1,  "begin" : 304,  "end" : 307 }, 
        {"sofa" : 1,  "begin" : 308,  "end" : 312 }, 
        {"sofa" : 1,  "begin" : 313,  "end" : 316 }, 
        {"sofa" : 1,  "begin" : 317,  "end" : 322 }, 
        {"sofa" : 1,  "begin" : 323,  "end" : 325 }, 
        {"sofa" : 1,  "begin" : 326,  "end" : 329 }, 
        {"sofa" : 1,  "begin" : 330,  "end" : 334 }, 
        {"sofa" : 1,  "begin" : 335,  "end" : 336 }, 
        {"sofa" : 1,  "begin" : 337,  "end" : 339 }, 
        {"sofa" : 1,  "begin" : 340,  "end" : 346 }, 
        {"sofa" : 1,  "begin" : 347,  "end" : 354 }, 
        {"sofa" : 1,  "begin" : 355,  "end" : 359 }, 
        {"sofa" : 1,  "begin" : 360,  "end" : 367 }, 
        {"sofa" : 1,  "begin" : 368,  "end" : 372 }, 
        {"sofa" : 1,  "begin" : 373,  "end" : 378 }, 
        {"sofa" : 1,  "begin" : 379,  "end" : 380 }, 
        {"sofa" : 1,  "begin" : 381,  "end" : 384 }, 
        {"sofa" : 1,  "begin" : 385,  "end" : 387 }, 
        {"sofa" : 1,  "begin" : 388,  "end" : 392 }, 
        {"sofa" : 1,  "begin" : 393,  "end" : 395 }, 
        {"sofa" : 1,  "begin" : 396,  "end" : 402 }, 
        {"sofa" : 1,  "begin" : 403,  "end" : 404 }, 
        {"sofa" : 1,  "begin" : 405,  "end" : 408 }, 
        {"sofa" : 1,  "begin" : 409,  "end" : 410 }, 
        {"sofa" : 1,  "begin" : 411,  "end" : 413 }, 
        {"sofa" : 1,  "begin" : 414,  "end" : 416 }, 
        {"sofa" : 1,  "begin" : 417,  "end" : 422 }, 
        {"sofa" : 1,  "begin" : 423,  "end" : 430 }, 
        {"sofa" : 1,  "begin" : 431,  "end" : 433 }, 
        {"sofa" : 1,  "begin" : 434,  "end" : 437 }, 
        {"sofa" : 1,  "begin" : 438,  "end" : 439 }, 
        {"sofa" : 1,  "begin" : 440,  "end" : 442 }, 
        {"sofa" : 1,  "begin" : 443,  "end" : 447 }, 
        {"sofa" : 1,  "begin" : 448,  "end" : 452 }, 
        {"sofa" : 1,  "begin" : 453,  "end" : 458 }, 
        {"sofa" : 1,  "begin" : 459,  "end" : 462 }, 
        {"sofa" : 1,  "begin" : 463,  "end" : 467 }, 
        {"sofa" : 1,  "begin" : 468,  "end" : 470 }, 
        {"sofa" : 1,  "begin" : 471,  "end" : 475 }, 
        {"sofa" : 1,  "begin" : 476,  "end" : 477 } ], 
      "PartsofCause" : [1657,  1639,  1648,  1754,  1724,  1733,  1797,  1815,  1806 ], 
      "TypesofCause" : [
        {"sofa" : 1,  "begin" : 148,  "end" : 172,  "Dependent" : 1657,  "Governor" : 1639,  "TypesofCause" : "Effect" }, 
        {"sofa" : 1,  "begin" : 178,  "end" : 212,  "Dependent" : 1648,  "Governor" : 1639,  "TypesofCause" : "Cause" }, 
        {"sofa" : 1,  "begin" : 414,  "end" : 437,  "Dependent" : 1724,  "Governor" : 1754,  "TypesofCause" : "Cause" }, 
        {"sofa" : 1,  "begin" : 440,  "end" : 475,  "Dependent" : 1733,  "Governor" : 1754,  "TypesofCause" : "Effect" }, 
        {"sofa" : 1,  "begin" : 440,  "end" : 458,  "Dependent" : 1797,  "Governor" : 1815,  "TypesofCause" : "Effect" }, 
        {"sofa" : 1,  "begin" : 463,  "end" : 475,  "Dependent" : 1806,  "Governor" : 1815,  "TypesofCause" : "Cause" } ] } }, 
  "_referenced_fss" : {
    "1" : {"_type" : "Sofa",  "sofaNum" : 1,  "sofaID" : "_InitialView",  "mimeType" : "text",  "sofaString" : "A RAVEN saw a snowy Swan floating on the lake .\n“ No wonder the Swan is so white , ” thought the Raven , as he looked at his own black feathers .\n“ I dare say _I_ should be , if I were all the time washing myself .\nI believe I ’ll try it . ”\nThen he left his home , where he always found plenty to eat , and came and lived by the lake .\nHe washed himself from morning till night , but he grew no whiter ; and , as he found nothing to eat , he came near dying for want of food ." }, 
    "1657" : {"_type" : "PartsofCause",  "sofa" : 1,  "begin" : 148,  "end" : 172,  "PartsofCause" : "Argument" }, 
    "1639" : {"_type" : "PartsofCause",  "sofa" : 1,  "begin" : 175,  "end" : 177,  "PartsofCause" : "Enabling" }, 
    "1648" : {"_type" : "PartsofCause",  "sofa" : 1,  "begin" : 178,  "end" : 212,  "PartsofCause" : "Argument" }, 
    "1724" : {"_type" : "PartsofCause",  "sofa" : 1,  "begin" : 414,  "end" : 437,  "PartsofCause" : "Argument" }, 
    "1754" : {"_type" : "PartsofCause",  "sofa" : 1,  "begin" : 411,  "end" : 413,  "PartsofCause" : "Causing" }, 
    "1733" : {"_type" : "PartsofCause",  "sofa" : 1,  "begin" : 440,  "end" : 475,  "PartsofCause" : "Argument" }, 
    "1797" : {"_type" : "PartsofCause",  "sofa" : 1,  "begin" : 440,  "end" : 458,  "PartsofCause" : "Argument" }, 
    "1815" : {"_type" : "PartsofCause",  "sofa" : 1,  "begin" : 459,  "end" : 462,  "PartsofCause" : "Causing" }, 
    "1806" : {"_type" : "PartsofCause",  "sofa" : 1,  "begin" : 463,  "end" : 475,  "PartsofCause" : "Argument" }, 
    "1881" : {"_type" : "LayerDefinition",  "name" : "webanno.custom.PartsofCause",  "uiName" : "Parts of Cause" }, 
    "1870" : {"_type" : "LayerDefinition",  "name" : "webanno.custom.DisjointCausalSpans",  "uiName" : "Disjoint Causal Spans" }, 
    "1888" : {"_type" : "LayerDefinition",  "name" : "webanno.custom.TypesofCause",  "uiName" : "Types of Cause" } } }