{"_context" : {
    "_types" : {
      "DocumentMetaData" : {
        "_feature_types" : {"sofa" : "_ref" } }, 
      "FeatureDefinition" : {
        "_feature_types" : {"layer" : "_ref" } }, 
      "LayerDefinition" : { }, 
      "Sentence" : {
        "_feature_types" : {"sofa" : "_ref" } }, 
      "Sofa" : {
        "_feature_types" : {"sofaArray" : "_ref" } }, 
      "TagsetDescription" : {
        "_feature_types" : {"sofa" : "_ref",  "tags" : "_ref" } }, 
      "Token" : {
        "_feature_types" : {"sofa" : "_ref",  "parent" : "_ref",  "lemma" : "_ref",  "stem" : "_ref",  "pos" : "_ref",  "morph" : "_ref",  "form" : "_ref" } }, 
      "DocumentAnnotation" : {
        "_feature_types" : {"sofa" : "_ref" }, 
        "_subtypes" : ["DocumentMetaData" ] }, 
      "Annotation" : {
        "_feature_types" : {"sofa" : "_ref" }, 
        "_subtypes" : ["DocumentAnnotation",  "Sentence",  "TagsetDescription",  "Token" ] }, 
      "AnnotationBase" : {
        "_feature_types" : {"sofa" : "_ref" }, 
        "_subtypes" : ["Annotation" ] }, 
      "TOP" : {
        "_subtypes" : ["AnnotationBase",  "FeatureDefinition",  "LayerDefinition",  "Sofa" ] } } }, 
  "_views" : {
    "_InitialView" : {
      "FeatureDefinition" : [
        {"layer" : 1590,  "name" : "referenceRelation",  "uiName" : "Reference Relation" }, 
        {"layer" : 1590,  "name" : "referenceType",  "uiName" : "Reference Type" }, 
        {"layer" : 1601,  "name" : "PartsofCause",  "uiName" : "Parts of Cause" }, 
        {"layer" : 1608,  "name" : "TypesofCause",  "uiName" : "Types of Cause" } ], 
      "LayerDefinition" : [1590,  1601,  1608 ], 
      "DocumentMetaData" : [
        {"sofa" : 1,  "end" : 654,  "language" : "x-unspecified",  "documentTitle" : "cnn-49.txt",  "documentId" : "GJW",  "documentUri" : "file:/srv/inception/repository/project/2/document/2401/source/GJW",  "collectionId" : "file:/srv/inception/repository/project/2/document/2401/source/",  "documentBaseUri" : "file:/srv/inception/repository/project/2/document/2401/source/",  "isLastSegment" : false } ], 
      "TagsetDescription" : [
        {"sofa" : 1,  "layer" : "webanno.custom.PartsofCause",  "name" : "Parts of Cause",  "input" : false }, 
        {"sofa" : 1,  "layer" : "webanno.custom.TypesofCause",  "name" : "Causal Relations",  "input" : false } ], 
      "Sentence" : [
        {"sofa" : 1,  "end" : 172 }, 
        {"sofa" : 1,  "begin" : 173,  "end" : 272 }, 
        {"sofa" : 1,  "begin" : 273,  "end" : 453 }, 
        {"sofa" : 1,  "begin" : 454,  "end" : 654 } ], 
      "Token" : [
        {"sofa" : 1,  "end" : 1 }, 
        {"sofa" : 1,  "begin" : 2,  "end" : 11 }, 
        {"sofa" : 1,  "begin" : 12,  "end" : 18 }, 
        {"sofa" : 1,  "begin" : 19,  "end" : 21 }, 
        {"sofa" : 1,  "begin" : 22,  "end" : 29 }, 
        {"sofa" : 1,  "begin" : 30,  "end" : 32 }, 
        {"sofa" : 1,  "begin" : 33,  "end" : 34 }, 
        {"sofa" : 1,  "begin" : 35,  "end" : 41 }, 
        {"sofa" : 1,  "begin" : 42,  "end" : 46 }, 
        {"sofa" : 1,  "begin" : 47,  "end" : 49 }, 
        {"sofa" : 1,  "begin" : 50,  "end" : 53 }, 
        {"sofa" : 1,  "begin" : 54,  "end" : 59 }, 
        {"sofa" : 1,  "begin" : 60,  "end" : 70 }, 
        {"sofa" : 1,  "begin" : 71,  "end" : 77 }, 
        {"sofa" : 1,  "begin" : 78,  "end" : 80 }, 
        {"sofa" : 1,  "begin" : 81,  "end" : 87 }, 
        {"sofa" : 1,  "begin" : 88,  "end" : 95 }, 
        {"sofa" : 1,  "begin" : 96,  "end" : 97 }, 
        {"sofa" : 1,  "begin" : 98,  "end" : 103 }, 
        {"sofa" : 1,  "begin" : 104,  "end" : 106 }, 
        {"sofa" : 1,  "begin" : 107,  "end" : 115 }, 
        {"sofa" : 1,  "begin" : 116,  "end" : 122 }, 
        {"sofa" : 1,  "begin" : 123,  "end" : 127 }, 
        {"sofa" : 1,  "begin" : 128,  "end" : 134 }, 
        {"sofa" : 1,  "begin" : 135,  "end" : 143 }, 
        {"sofa" : 1,  "begin" : 144,  "end" : 145 }, 
        {"sofa" : 1,  "begin" : 146,  "end" : 152 }, 
        {"sofa" : 1,  "begin" : 153,  "end" : 158 }, 
        {"sofa" : 1,  "begin" : 159,  "end" : 170 }, 
        {"sofa" : 1,  "begin" : 171,  "end" : 172 }, 
        {"sofa" : 1,  "begin" : 173,  "end" : 176 }, 
        {"sofa" : 1,  "begin" : 177,  "end" : 185 }, 
        {"sofa" : 1,  "begin" : 186,  "end" : 194 }, 
        {"sofa" : 1,  "begin" : 195,  "end" : 200 }, 
        {"sofa" : 1,  "begin" : 201,  "end" : 202 }, 
        {"sofa" : 1,  "begin" : 203,  "end" : 207 }, 
        {"sofa" : 1,  "begin" : 208,  "end" : 210 }, 
        {"sofa" : 1,  "begin" : 211,  "end" : 224 }, 
        {"sofa" : 1,  "begin" : 225,  "end" : 231 }, 
        {"sofa" : 1,  "begin" : 232,  "end" : 233 }, 
        {"sofa" : 1,  "begin" : 234,  "end" : 238 }, 
        {"sofa" : 1,  "begin" : 239,  "end" : 241 }, 
        {"sofa" : 1,  "begin" : 242,  "end" : 247 }, 
        {"sofa" : 1,  "begin" : 248,  "end" : 249 }, 
        {"sofa" : 1,  "begin" : 250,  "end" : 253 }, 
        {"sofa" : 1,  "begin" : 254,  "end" : 262 }, 
        {"sofa" : 1,  "begin" : 263,  "end" : 270 }, 
        {"sofa" : 1,  "begin" : 271,  "end" : 272 }, 
        {"sofa" : 1,  "begin" : 273,  "end" : 276 }, 
        {"sofa" : 1,  "begin" : 277,  "end" : 284 }, 
        {"sofa" : 1,  "begin" : 285,  "end" : 286 }, 
        {"sofa" : 1,  "begin" : 287,  "end" : 296 }, 
        {"sofa" : 1,  "begin" : 297,  "end" : 300 }, 
        {"sofa" : 1,  "begin" : 301,  "end" : 309 }, 
        {"sofa" : 1,  "begin" : 310,  "end" : 311 }, 
        {"sofa" : 1,  "begin" : 312,  "end" : 316 }, 
        {"sofa" : 1,  "begin" : 317,  "end" : 324 }, 
        {"sofa" : 1,  "begin" : 325,  "end" : 329 }, 
        {"sofa" : 1,  "begin" : 330,  "end" : 335 }, 
        {"sofa" : 1,  "begin" : 336,  "end" : 346 }, 
        {"sofa" : 1,  "begin" : 347,  "end" : 353 }, 
        {"sofa" : 1,  "begin" : 354,  "end" : 365 }, 
        {"sofa" : 1,  "begin" : 366,  "end" : 369 }, 
        {"sofa" : 1,  "begin" : 370,  "end" : 374 }, 
        {"sofa" : 1,  "begin" : 375,  "end" : 376 }, 
        {"sofa" : 1,  "begin" : 377,  "end" : 378 }, 
        {"sofa" : 1,  "begin" : 379,  "end" : 389 }, 
        {"sofa" : 1,  "begin" : 390,  "end" : 392 }, 
        {"sofa" : 1,  "begin" : 393,  "end" : 396 }, 
        {"sofa" : 1,  "begin" : 397,  "end" : 402 }, 
        {"sofa" : 1,  "begin" : 403,  "end" : 411 }, 
        {"sofa" : 1,  "begin" : 412,  "end" : 416 }, 
        {"sofa" : 1,  "begin" : 417,  "end" : 422 }, 
        {"sofa" : 1,  "begin" : 423,  "end" : 428 }, 
        {"sofa" : 1,  "begin" : 429,  "end" : 430 }, 
        {"sofa" : 1,  "begin" : 431,  "end" : 434 }, 
        {"sofa" : 1,  "begin" : 435,  "end" : 439 }, 
        {"sofa" : 1,  "begin" : 440,  "end" : 446 }, 
        {"sofa" : 1,  "begin" : 447,  "end" : 451 }, 
        {"sofa" : 1,  "begin" : 452,  "end" : 453 }, 
        {"sofa" : 1,  "begin" : 454,  "end" : 457 }, 
        {"sofa" : 1,  "begin" : 458,  "end" : 467 }, 
        {"sofa" : 1,  "begin" : 468,  "end" : 476 }, 
        {"sofa" : 1,  "begin" : 477,  "end" : 482 }, 
        {"sofa" : 1,  "begin" : 483,  "end" : 493 }, 
        {"sofa" : 1,  "begin" : 494,  "end" : 495 }, 
        {"sofa" : 1,  "begin" : 496,  "end" : 502 }, 
        {"sofa" : 1,  "begin" : 503,  "end" : 506 }, 
        {"sofa" : 1,  "begin" : 507,  "end" : 512 }, 
        {"sofa" : 1,  "begin" : 513,  "end" : 514 }, 
        {"sofa" : 1,  "begin" : 515,  "end" : 518 }, 
        {"sofa" : 1,  "begin" : 519,  "end" : 522 }, 
        {"sofa" : 1,  "begin" : 523,  "end" : 527 }, 
        {"sofa" : 1,  "begin" : 528,  "end" : 530 }, 
        {"sofa" : 1,  "begin" : 531,  "end" : 533 }, 
        {"sofa" : 1,  "begin" : 534,  "end" : 539 }, 
        {"sofa" : 1,  "begin" : 540,  "end" : 541 }, 
        {"sofa" : 1,  "begin" : 542,  "end" : 549 }, 
        {"sofa" : 1,  "begin" : 550,  "end" : 555 }, 
        {"sofa" : 1,  "begin" : 556,  "end" : 562 }, 
        {"sofa" : 1,  "begin" : 563,  "end" : 564 }, 
        {"sofa" : 1,  "begin" : 565,  "end" : 568 }, 
        {"sofa" : 1,  "begin" : 569,  "end" : 576 }, 
        {"sofa" : 1,  "begin" : 577,  "end" : 582 }, 
        {"sofa" : 1,  "begin" : 583,  "end" : 588 }, 
        {"sofa" : 1,  "begin" : 589,  "end" : 590 }, 
        {"sofa" : 1,  "begin" : 591,  "end" : 593 }, 
        {"sofa" : 1,  "begin" : 594,  "end" : 597 }, 
        {"sofa" : 1,  "begin" : 598,  "end" : 599 }, 
        {"sofa" : 1,  "begin" : 600,  "end" : 604 }, 
        {"sofa" : 1,  "begin" : 605,  "end" : 608 }, 
        {"sofa" : 1,  "begin" : 609,  "end" : 614 }, 
        {"sofa" : 1,  "begin" : 615,  "end" : 621 }, 
        {"sofa" : 1,  "begin" : 622,  "end" : 623 }, 
        {"sofa" : 1,  "begin" : 624,  "end" : 627 }, 
        {"sofa" : 1,  "begin" : 628,  "end" : 636 }, 
        {"sofa" : 1,  "begin" : 637,  "end" : 647 }, 
        {"sofa" : 1,  "begin" : 648,  "end" : 652 }, 
        {"sofa" : 1,  "begin" : 653,  "end" : 654 } ] } }, 
  "_referenced_fss" : {
    "1" : {"_type" : "Sofa",  "sofaNum" : 1,  "sofaID" : "_InitialView",  "mimeType" : "text",  "sofaString" : "A landslide buried 83 workers in a mining area in the Tibet Autonomous Region on Friday morning , China 's official Xinhua News Agency reported , citing local authorities .\nThe incident occurred about 6 a.m. in Maizhokunggar County , east of Lhasa , the regional capital .\nThe victims , including two Tibetans , were workers from Tibet Huatailong Mining Development Co. Ltd. , a subsidiary of the China National Gold Group Corp. , the news agency said .\nThe landslide extended three kilometers ( almost two miles ) and was made up of about 2 million cubic meters ( 2.6 million cubic yards ) of mud , rock and other debris , the regional government said ." }, 
    "1608" : {"_type" : "LayerDefinition",  "name" : "webanno.custom.TypesofCause",  "uiName" : "Types of Cause" }, 
    "1590" : {"_type" : "LayerDefinition",  "name" : "webanno.custom.DisjointCausalSpans",  "uiName" : "Disjoint Causal Spans" }, 
    "1601" : {"_type" : "LayerDefinition",  "name" : "webanno.custom.PartsofCause",  "uiName" : "Parts of Cause" } } }