{"_context" : {
    "_types" : {
      "DocumentMetaData" : {
        "_feature_types" : {"sofa" : "_ref" } }, 
      "FeatureDefinition" : {
        "_feature_types" : {"layer" : "_ref" } }, 
      "LayerDefinition" : { }, 
      "PartsofCause" : {
        "_feature_types" : {"sofa" : "_ref" } }, 
      "Sentence" : {
        "_feature_types" : {"sofa" : "_ref" } }, 
      "Sofa" : {
        "_feature_types" : {"sofaArray" : "_ref" } }, 
      "TagsetDescription" : {
        "_feature_types" : {"sofa" : "_ref",  "tags" : "_ref" } }, 
      "Token" : {
        "_feature_types" : {"sofa" : "_ref",  "parent" : "_ref",  "lemma" : "_ref",  "stem" : "_ref",  "pos" : "_ref",  "morph" : "_ref",  "form" : "_ref" } }, 
      "TypesofCause" : {
        "_feature_types" : {"sofa" : "_ref",  "Dependent" : "_ref",  "Governor" : "_ref" } }, 
      "DocumentAnnotation" : {
        "_feature_types" : {"sofa" : "_ref" }, 
        "_subtypes" : ["DocumentMetaData" ] }, 
      "Annotation" : {
        "_feature_types" : {"sofa" : "_ref" }, 
        "_subtypes" : ["DocumentAnnotation",  "PartsofCause",  "Sentence",  "TagsetDescription",  "Token",  "TypesofCause" ] }, 
      "AnnotationBase" : {
        "_feature_types" : {"sofa" : "_ref" }, 
        "_subtypes" : ["Annotation" ] }, 
      "TOP" : {
        "_subtypes" : ["AnnotationBase",  "FeatureDefinition",  "LayerDefinition",  "Sofa" ] } } }, 
  "_views" : {
    "_InitialView" : {
      "FeatureDefinition" : [
        {"layer" : 2626,  "name" : "referenceRelation",  "uiName" : "Reference Relation" }, 
        {"layer" : 2626,  "name" : "referenceType",  "uiName" : "Reference Type" }, 
        {"layer" : 2637,  "name" : "PartsofCause",  "uiName" : "Parts of Cause" }, 
        {"layer" : 2644,  "name" : "TypesofCause",  "uiName" : "Types of Cause" } ], 
      "LayerDefinition" : [2626,  2637,  2644 ], 
      "DocumentMetaData" : [
        {"sofa" : 1,  "end" : 974,  "language" : "x-unspecified",  "documentTitle" : "cnn-34.txt",  "documentId" : "AYC",  "documentUri" : "file:/srv/inception/repository/project/2/document/2386/source/AYC",  "collectionId" : "file:/srv/inception/repository/project/2/document/2386/source/",  "documentBaseUri" : "file:/srv/inception/repository/project/2/document/2386/source/",  "isLastSegment" : false } ], 
      "TagsetDescription" : [
        {"sofa" : 1,  "layer" : "webanno.custom.PartsofCause",  "name" : "Parts of Cause",  "input" : false }, 
        {"sofa" : 1,  "layer" : "webanno.custom.TypesofCause",  "name" : "Causal Relations",  "input" : false } ], 
      "Sentence" : [
        {"sofa" : 1,  "end" : 216 }, 
        {"sofa" : 1,  "begin" : 217,  "end" : 373 }, 
        {"sofa" : 1,  "begin" : 374,  "end" : 580 }, 
        {"sofa" : 1,  "begin" : 581,  "end" : 695 }, 
        {"sofa" : 1,  "begin" : 696,  "end" : 850 }, 
        {"sofa" : 1,  "begin" : 851,  "end" : 974 } ], 
      "Token" : [
        {"sofa" : 1,  "end" : 9 }, 
        {"sofa" : 1,  "begin" : 10,  "end" : 12 }, 
        {"sofa" : 1,  "begin" : 13,  "end" : 18 }, 
        {"sofa" : 1,  "begin" : 19,  "end" : 29 }, 
        {"sofa" : 1,  "begin" : 30,  "end" : 33 }, 
        {"sofa" : 1,  "begin" : 34,  "end" : 41 }, 
        {"sofa" : 1,  "begin" : 42,  "end" : 49 }, 
        {"sofa" : 1,  "begin" : 50,  "end" : 54 }, 
        {"sofa" : 1,  "begin" : 55,  "end" : 64 }, 
        {"sofa" : 1,  "begin" : 65,  "end" : 67 }, 
        {"sofa" : 1,  "begin" : 68,  "end" : 73 }, 
        {"sofa" : 1,  "begin" : 74,  "end" : 77 }, 
        {"sofa" : 1,  "begin" : 78,  "end" : 84 }, 
        {"sofa" : 1,  "begin" : 85,  "end" : 90 }, 
        {"sofa" : 1,  "begin" : 91,  "end" : 96 }, 
        {"sofa" : 1,  "begin" : 97,  "end" : 101 }, 
        {"sofa" : 1,  "begin" : 102,  "end" : 110 }, 
        {"sofa" : 1,  "begin" : 111,  "end" : 116 }, 
        {"sofa" : 1,  "begin" : 117,  "end" : 119 }, 
        {"sofa" : 1,  "begin" : 120,  "end" : 129 }, 
        {"sofa" : 1,  "begin" : 130,  "end" : 135 }, 
        {"sofa" : 1,  "begin" : 136,  "end" : 139 }, 
        {"sofa" : 1,  "begin" : 140,  "end" : 148 }, 
        {"sofa" : 1,  "begin" : 149,  "end" : 157 }, 
        {"sofa" : 1,  "begin" : 158,  "end" : 160 }, 
        {"sofa" : 1,  "begin" : 161,  "end" : 164 }, 
        {"sofa" : 1,  "begin" : 165,  "end" : 172 }, 
        {"sofa" : 1,  "begin" : 173,  "end" : 179 }, 
        {"sofa" : 1,  "begin" : 180,  "end" : 183 }, 
        {"sofa" : 1,  "begin" : 184,  "end" : 187 }, 
        {"sofa" : 1,  "begin" : 188,  "end" : 191 }, 
        {"sofa" : 1,  "begin" : 192,  "end" : 194 }, 
        {"sofa" : 1,  "begin" : 195,  "end" : 202 }, 
        {"sofa" : 1,  "begin" : 203,  "end" : 205 }, 
        {"sofa" : 1,  "begin" : 206,  "end" : 214 }, 
        {"sofa" : 1,  "begin" : 215,  "end" : 216 }, 
        {"sofa" : 1,  "begin" : 217,  "end" : 225 }, 
        {"sofa" : 1,  "begin" : 226,  "end" : 229 }, 
        {"sofa" : 1,  "begin" : 230,  "end" : 235 }, 
        {"sofa" : 1,  "begin" : 236,  "end" : 242 }, 
        {"sofa" : 1,  "begin" : 243,  "end" : 245 }, 
        {"sofa" : 1,  "begin" : 246,  "end" : 253 }, 
        {"sofa" : 1,  "begin" : 254,  "end" : 261 }, 
        {"sofa" : 1,  "begin" : 262,  "end" : 263 }, 
        {"sofa" : 1,  "begin" : 264,  "end" : 273 }, 
        {"sofa" : 1,  "begin" : 274,  "end" : 277 }, 
        {"sofa" : 1,  "begin" : 278,  "end" : 280 }, 
        {"sofa" : 1,  "begin" : 281,  "end" : 284 }, 
        {"sofa" : 1,  "begin" : 285,  "end" : 293 }, 
        {"sofa" : 1,  "begin" : 294,  "end" : 296 }, 
        {"sofa" : 1,  "begin" : 297,  "end" : 301 }, 
        {"sofa" : 1,  "begin" : 302,  "end" : 308 }, 
        {"sofa" : 1,  "begin" : 309,  "end" : 311 }, 
        {"sofa" : 1,  "begin" : 312,  "end" : 316 }, 
        {"sofa" : 1,  "begin" : 317,  "end" : 322 }, 
        {"sofa" : 1,  "begin" : 323,  "end" : 327 }, 
        {"sofa" : 1,  "begin" : 328,  "end" : 336 }, 
        {"sofa" : 1,  "begin" : 337,  "end" : 342 }, 
        {"sofa" : 1,  "begin" : 343,  "end" : 348 }, 
        {"sofa" : 1,  "begin" : 349,  "end" : 352 }, 
        {"sofa" : 1,  "begin" : 353,  "end" : 355 }, 
        {"sofa" : 1,  "begin" : 356,  "end" : 359 }, 
        {"sofa" : 1,  "begin" : 360,  "end" : 371 }, 
        {"sofa" : 1,  "begin" : 372,  "end" : 373 }, 
        {"sofa" : 1,  "begin" : 374,  "end" : 382 }, 
        {"sofa" : 1,  "begin" : 383,  "end" : 389 }, 
        {"sofa" : 1,  "begin" : 390,  "end" : 394 }, 
        {"sofa" : 1,  "begin" : 395,  "end" : 400 }, 
        {"sofa" : 1,  "begin" : 401,  "end" : 411 }, 
        {"sofa" : 1,  "begin" : 412,  "end" : 416 }, 
        {"sofa" : 1,  "begin" : 417,  "end" : 427 }, 
        {"sofa" : 1,  "begin" : 428,  "end" : 431 }, 
        {"sofa" : 1,  "begin" : 432,  "end" : 439 }, 
        {"sofa" : 1,  "begin" : 440,  "end" : 445 }, 
        {"sofa" : 1,  "begin" : 446,  "end" : 452 }, 
        {"sofa" : 1,  "begin" : 453,  "end" : 455 }, 
        {"sofa" : 1,  "begin" : 456,  "end" : 459 }, 
        {"sofa" : 1,  "begin" : 460,  "end" : 467 }, 
        {"sofa" : 1,  "begin" : 468,  "end" : 478 }, 
        {"sofa" : 1,  "begin" : 479,  "end" : 482 }, 
        {"sofa" : 1,  "begin" : 483,  "end" : 488 }, 
        {"sofa" : 1,  "begin" : 489,  "end" : 490 }, 
        {"sofa" : 1,  "begin" : 491,  "end" : 499 }, 
        {"sofa" : 1,  "begin" : 500,  "end" : 502 }, 
        {"sofa" : 1,  "begin" : 503,  "end" : 506 }, 
        {"sofa" : 1,  "begin" : 507,  "end" : 512 }, 
        {"sofa" : 1,  "begin" : 513,  "end" : 517 }, 
        {"sofa" : 1,  "begin" : 518,  "end" : 520 }, 
        {"sofa" : 1,  "begin" : 521,  "end" : 524 }, 
        {"sofa" : 1,  "begin" : 525,  "end" : 530 }, 
        {"sofa" : 1,  "begin" : 531,  "end" : 534 }, 
        {"sofa" : 1,  "begin" : 535,  "end" : 541 }, 
        {"sofa" : 1,  "begin" : 542,  "end" : 548 }, 
        {"sofa" : 1,  "begin" : 549,  "end" : 553 }, 
        {"sofa" : 1,  "begin" : 554,  "end" : 555 }, 
        {"sofa" : 1,  "begin" : 556,  "end" : 559 }, 
        {"sofa" : 1,  "begin" : 560,  "end" : 564 }, 
        {"sofa" : 1,  "begin" : 565,  "end" : 567 }, 
        {"sofa" : 1,  "begin" : 568,  "end" : 571 }, 
        {"sofa" : 1,  "begin" : 572,  "end" : 578 }, 
        {"sofa" : 1,  "begin" : 579,  "end" : 580 }, 
        {"sofa" : 1,  "begin" : 581,  "end" : 586 }, 
        {"sofa" : 1,  "begin" : 587,  "end" : 589 }, 
        {"sofa" : 1,  "begin" : 590,  "end" : 594 }, 
        {"sofa" : 1,  "begin" : 595,  "end" : 598 }, 
        {"sofa" : 1,  "begin" : 599,  "end" : 606 }, 
        {"sofa" : 1,  "begin" : 607,  "end" : 609 }, 
        {"sofa" : 1,  "begin" : 610,  "end" : 615 }, 
        {"sofa" : 1,  "begin" : 616,  "end" : 620 }, 
        {"sofa" : 1,  "begin" : 621,  "end" : 623 }, 
        {"sofa" : 1,  "begin" : 624,  "end" : 627 }, 
        {"sofa" : 1,  "begin" : 628,  "end" : 633 }, 
        {"sofa" : 1,  "begin" : 634,  "end" : 638 }, 
        {"sofa" : 1,  "begin" : 639,  "end" : 641 }, 
        {"sofa" : 1,  "begin" : 642,  "end" : 645 }, 
        {"sofa" : 1,  "begin" : 646,  "end" : 651 }, 
        {"sofa" : 1,  "begin" : 652,  "end" : 655 }, 
        {"sofa" : 1,  "begin" : 656,  "end" : 659 }, 
        {"sofa" : 1,  "begin" : 660,  "end" : 664 }, 
        {"sofa" : 1,  "begin" : 665,  "end" : 670 }, 
        {"sofa" : 1,  "begin" : 671,  "end" : 681 }, 
        {"sofa" : 1,  "begin" : 682,  "end" : 688 }, 
        {"sofa" : 1,  "begin" : 689,  "end" : 693 }, 
        {"sofa" : 1,  "begin" : 694,  "end" : 695 }, 
        {"sofa" : 1,  "begin" : 696,  "end" : 705 }, 
        {"sofa" : 1,  "begin" : 706,  "end" : 709 }, 
        {"sofa" : 1,  "begin" : 710,  "end" : 715 }, 
        {"sofa" : 1,  "begin" : 716,  "end" : 721 }, 
        {"sofa" : 1,  "begin" : 722,  "end" : 726 }, 
        {"sofa" : 1,  "begin" : 727,  "end" : 729 }, 
        {"sofa" : 1,  "begin" : 730,  "end" : 734 }, 
        {"sofa" : 1,  "begin" : 735,  "end" : 738 }, 
        {"sofa" : 1,  "begin" : 739,  "end" : 743 }, 
        {"sofa" : 1,  "begin" : 744,  "end" : 751 }, 
        {"sofa" : 1,  "begin" : 752,  "end" : 759 }, 
        {"sofa" : 1,  "begin" : 760,  "end" : 762 }, 
        {"sofa" : 1,  "begin" : 763,  "end" : 769 }, 
        {"sofa" : 1,  "begin" : 770,  "end" : 774 }, 
        {"sofa" : 1,  "begin" : 775,  "end" : 779 }, 
        {"sofa" : 1,  "begin" : 780,  "end" : 786 }, 
        {"sofa" : 1,  "begin" : 787,  "end" : 790 }, 
        {"sofa" : 1,  "begin" : 791,  "end" : 796 }, 
        {"sofa" : 1,  "begin" : 797,  "end" : 801 }, 
        {"sofa" : 1,  "begin" : 802,  "end" : 804 }, 
        {"sofa" : 1,  "begin" : 805,  "end" : 807 }, 
        {"sofa" : 1,  "begin" : 808,  "end" : 813 }, 
        {"sofa" : 1,  "begin" : 814,  "end" : 816 }, 
        {"sofa" : 1,  "begin" : 817,  "end" : 820 }, 
        {"sofa" : 1,  "begin" : 821,  "end" : 824 }, 
        {"sofa" : 1,  "begin" : 825,  "end" : 830 }, 
        {"sofa" : 1,  "begin" : 831,  "end" : 834 }, 
        {"sofa" : 1,  "begin" : 835,  "end" : 839 }, 
        {"sofa" : 1,  "begin" : 840,  "end" : 843 }, 
        {"sofa" : 1,  "begin" : 844,  "end" : 848 }, 
        {"sofa" : 1,  "begin" : 849,  "end" : 850 }, 
        {"sofa" : 1,  "begin" : 851,  "end" : 855 }, 
        {"sofa" : 1,  "begin" : 856,  "end" : 862 }, 
        {"sofa" : 1,  "begin" : 863,  "end" : 866 }, 
        {"sofa" : 1,  "begin" : 867,  "end" : 872 }, 
        {"sofa" : 1,  "begin" : 873,  "end" : 877 }, 
        {"sofa" : 1,  "begin" : 878,  "end" : 882 }, 
        {"sofa" : 1,  "begin" : 883,  "end" : 889 }, 
        {"sofa" : 1,  "begin" : 890,  "end" : 895 }, 
        {"sofa" : 1,  "begin" : 896,  "end" : 898 }, 
        {"sofa" : 1,  "begin" : 899,  "end" : 902 }, 
        {"sofa" : 1,  "begin" : 903,  "end" : 908 }, 
        {"sofa" : 1,  "begin" : 909,  "end" : 916 }, 
        {"sofa" : 1,  "begin" : 917,  "end" : 922 }, 
        {"sofa" : 1,  "begin" : 923,  "end" : 928 }, 
        {"sofa" : 1,  "begin" : 929,  "end" : 938 }, 
        {"sofa" : 1,  "begin" : 939,  "end" : 941 }, 
        {"sofa" : 1,  "begin" : 942,  "end" : 951 }, 
        {"sofa" : 1,  "begin" : 952,  "end" : 954 }, 
        {"sofa" : 1,  "begin" : 955,  "end" : 959 }, 
        {"sofa" : 1,  "begin" : 960,  "end" : 965 }, 
        {"sofa" : 1,  "begin" : 966,  "end" : 972 }, 
        {"sofa" : 1,  "begin" : 973,  "end" : 974 } ], 
      "PartsofCause" : [2380,  2354,  2367,  2561,  2574,  2587,  2449,  2423,  2436,  2492,  2505,  2518 ], 
      "TypesofCause" : [
        {"sofa" : 1,  "end" : 90,  "Dependent" : 2380,  "Governor" : 2354,  "TypesofCause" : "Effect" }, 
        {"sofa" : 1,  "begin" : 97,  "end" : 214,  "Dependent" : 2367,  "Governor" : 2354,  "TypesofCause" : "Cause" }, 
        {"sofa" : 1,  "begin" : 217,  "end" : 229,  "Dependent" : 2561,  "Governor" : 2574,  "TypesofCause" : "Effect" }, 
        {"sofa" : 1,  "begin" : 236,  "end" : 261,  "Dependent" : 2587,  "Governor" : 2574,  "TypesofCause" : "Cause" }, 
        {"sofa" : 1,  "begin" : 264,  "end" : 308,  "Dependent" : 2449,  "Governor" : 2423,  "TypesofCause" : "Cause" }, 
        {"sofa" : 1,  "begin" : 317,  "end" : 371,  "Dependent" : 2436,  "Governor" : 2423,  "TypesofCause" : "Effect" }, 
        {"sofa" : 1,  "begin" : 730,  "end" : 769,  "Dependent" : 2505,  "Governor" : 2492,  "TypesofCause" : "Cause" }, 
        {"sofa" : 1,  "begin" : 770,  "end" : 848,  "Dependent" : 2518,  "Governor" : 2492,  "TypesofCause" : "Effect" } ] } }, 
  "_referenced_fss" : {
    "1" : {"_type" : "Sofa",  "sofaNum" : 1,  "sofaID" : "_InitialView",  "mimeType" : "text",  "sofaString" : "Argentina 's David Nalbandian and Eduardo Schwank kept Argentina 's Davis Cup dreams alive after they thrashed Spain 's Feliciano Lopez and Fernando Verdasco in the doubles rubber 6-4 6-2 6-3 in Seville on Saturday .\nTrailing 2-0 after Friday 's singles matches , Argentina had to win Saturday 's only rubber to stop Spain from claiming their fifth win in the competition .\nFighting Ferrer give Spain commanding lead Nalbandian and Schwank never looked in any trouble throughout the match , breaking in the fifth game of the first set before racing into a 4-0 lead in the second .\nSpain 's only two chances to break came in the sixth game of the third set but both times Nalbandian denied them .\nArgentina now trail Spain 2-1. If they win both singles rubbers on Sunday they will become the first team in 72 years to win the David Cup from 2-0 down .\nJuan Martin Del Potro will face Rafael Nadal in the first singles match while Nalbadian is scheduled to face David Ferrer ." }, 
    "2380" : {"_type" : "PartsofCause",  "sofa" : 1,  "end" : 90,  "PartsofCause" : "Argument" }, 
    "2354" : {"_type" : "PartsofCause",  "sofa" : 1,  "begin" : 91,  "end" : 96,  "PartsofCause" : "Causing" }, 
    "2367" : {"_type" : "PartsofCause",  "sofa" : 1,  "begin" : 97,  "end" : 214,  "PartsofCause" : "Argument" }, 
    "2561" : {"_type" : "PartsofCause",  "sofa" : 1,  "begin" : 217,  "end" : 229,  "PartsofCause" : "Argument" }, 
    "2574" : {"_type" : "PartsofCause",  "sofa" : 1,  "begin" : 230,  "end" : 235,  "PartsofCause" : "Causing" }, 
    "2587" : {"_type" : "PartsofCause",  "sofa" : 1,  "begin" : 236,  "end" : 261,  "PartsofCause" : "Argument" }, 
    "2449" : {"_type" : "PartsofCause",  "sofa" : 1,  "begin" : 264,  "end" : 308,  "PartsofCause" : "Argument" }, 
    "2423" : {"_type" : "PartsofCause",  "sofa" : 1,  "begin" : 312,  "end" : 316,  "PartsofCause" : "Preventing" }, 
    "2436" : {"_type" : "PartsofCause",  "sofa" : 1,  "begin" : 317,  "end" : 371,  "PartsofCause" : "Argument" }, 
    "2505" : {"_type" : "PartsofCause",  "sofa" : 1,  "begin" : 730,  "end" : 769,  "PartsofCause" : "Argument" }, 
    "2492" : {"_type" : "PartsofCause",  "sofa" : 1,  "begin" : 727,  "end" : 729,  "PartsofCause" : "Causing" }, 
    "2518" : {"_type" : "PartsofCause",  "sofa" : 1,  "begin" : 770,  "end" : 848,  "PartsofCause" : "Argument" }, 
    "2626" : {"_type" : "LayerDefinition",  "name" : "webanno.custom.DisjointCausalSpans",  "uiName" : "Disjoint Causal Spans" }, 
    "2644" : {"_type" : "LayerDefinition",  "name" : "webanno.custom.TypesofCause",  "uiName" : "Types of Cause" }, 
    "2637" : {"_type" : "LayerDefinition",  "name" : "webanno.custom.PartsofCause",  "uiName" : "Parts of Cause" } } }