{"_context" : {
    "_types" : {
      "DocumentMetaData" : {
        "_feature_types" : {"sofa" : "_ref" } }, 
      "FeatureDefinition" : {
        "_feature_types" : {"layer" : "_ref" } }, 
      "LayerDefinition" : { }, 
      "PartsofCause" : {
        "_feature_types" : {"sofa" : "_ref" } }, 
      "Sentence" : {
        "_feature_types" : {"sofa" : "_ref" } }, 
      "Sofa" : {
        "_feature_types" : {"sofaArray" : "_ref" } }, 
      "TagsetDescription" : {
        "_feature_types" : {"sofa" : "_ref",  "tags" : "_ref" } }, 
      "Token" : {
        "_feature_types" : {"sofa" : "_ref",  "parent" : "_ref",  "lemma" : "_ref",  "stem" : "_ref",  "pos" : "_ref",  "morph" : "_ref",  "form" : "_ref" } }, 
      "TypesofCause" : {
        "_feature_types" : {"sofa" : "_ref",  "Dependent" : "_ref",  "Governor" : "_ref" } }, 
      "DocumentAnnotation" : {
        "_feature_types" : {"sofa" : "_ref" }, 
        "_subtypes" : ["DocumentMetaData" ] }, 
      "Annotation" : {
        "_feature_types" : {"sofa" : "_ref" }, 
        "_subtypes" : ["DocumentAnnotation",  "PartsofCause",  "Sentence",  "TagsetDescription",  "Token",  "TypesofCause" ] }, 
      "AnnotationBase" : {
        "_feature_types" : {"sofa" : "_ref" }, 
        "_subtypes" : ["Annotation" ] }, 
      "TOP" : {
        "_subtypes" : ["AnnotationBase",  "FeatureDefinition",  "LayerDefinition",  "Sofa" ] } } }, 
  "_views" : {
    "_InitialView" : {
      "FeatureDefinition" : [
        {"layer" : 2454,  "name" : "referenceRelation",  "uiName" : "Reference Relation" }, 
        {"layer" : 2454,  "name" : "referenceType",  "uiName" : "Reference Type" }, 
        {"layer" : 2465,  "name" : "PartsofCause",  "uiName" : "Parts of Cause" }, 
        {"layer" : 2472,  "name" : "TypesofCause",  "uiName" : "Types of Cause" } ], 
      "LayerDefinition" : [2454,  2465,  2472 ], 
      "DocumentMetaData" : [
        {"sofa" : 1,  "end" : 688,  "language" : "x-unspecified",  "documentTitle" : "fable-24.txt",  "documentId" : "GJW",  "documentUri" : "file:/srv/inception/repository/project/2/document/2326/source/GJW",  "collectionId" : "file:/srv/inception/repository/project/2/document/2326/source/",  "documentBaseUri" : "file:/srv/inception/repository/project/2/document/2326/source/",  "isLastSegment" : false } ], 
      "TagsetDescription" : [
        {"sofa" : 1,  "layer" : "webanno.custom.PartsofCause",  "name" : "Parts of Cause",  "input" : false }, 
        {"sofa" : 1,  "layer" : "webanno.custom.TypesofCause",  "name" : "Causal Relations",  "input" : false } ], 
      "Sentence" : [
        {"sofa" : 1,  "end" : 92 }, 
        {"sofa" : 1,  "begin" : 93,  "end" : 108 }, 
        {"sofa" : 1,  "begin" : 109,  "end" : 176 }, 
        {"sofa" : 1,  "begin" : 177,  "end" : 220 }, 
        {"sofa" : 1,  "begin" : 221,  "end" : 309 }, 
        {"sofa" : 1,  "begin" : 310,  "end" : 349 }, 
        {"sofa" : 1,  "begin" : 350,  "end" : 363 }, 
        {"sofa" : 1,  "begin" : 364,  "end" : 396 }, 
        {"sofa" : 1,  "begin" : 397,  "end" : 406 }, 
        {"sofa" : 1,  "begin" : 407,  "end" : 493 }, 
        {"sofa" : 1,  "begin" : 494,  "end" : 577 }, 
        {"sofa" : 1,  "begin" : 578,  "end" : 615 }, 
        {"sofa" : 1,  "begin" : 616,  "end" : 688 } ], 
      "Token" : [
        {"sofa" : 1,  "end" : 1 }, 
        {"sofa" : 1,  "begin" : 2,  "end" : 6 }, 
        {"sofa" : 1,  "begin" : 7,  "end" : 8 }, 
        {"sofa" : 1,  "begin" : 9,  "end" : 11 }, 
        {"sofa" : 1,  "begin" : 12,  "end" : 17 }, 
        {"sofa" : 1,  "begin" : 18,  "end" : 19 }, 
        {"sofa" : 1,  "begin" : 20,  "end" : 21 }, 
        {"sofa" : 1,  "begin" : 22,  "end" : 26 }, 
        {"sofa" : 1,  "begin" : 27,  "end" : 28 }, 
        {"sofa" : 1,  "begin" : 29,  "end" : 33 }, 
        {"sofa" : 1,  "begin" : 34,  "end" : 36 }, 
        {"sofa" : 1,  "begin" : 37,  "end" : 40 }, 
        {"sofa" : 1,  "begin" : 41,  "end" : 45 }, 
        {"sofa" : 1,  "begin" : 46,  "end" : 49 }, 
        {"sofa" : 1,  "begin" : 50,  "end" : 57 }, 
        {"sofa" : 1,  "begin" : 58,  "end" : 59 }, 
        {"sofa" : 1,  "begin" : 60,  "end" : 61 }, 
        {"sofa" : 1,  "begin" : 62,  "end" : 63 }, 
        {"sofa" : 1,  "begin" : 64,  "end" : 66 }, 
        {"sofa" : 1,  "begin" : 67,  "end" : 73 }, 
        {"sofa" : 1,  "begin" : 74,  "end" : 75 }, 
        {"sofa" : 1,  "begin" : 76,  "end" : 79 }, 
        {"sofa" : 1,  "begin" : 80,  "end" : 82 }, 
        {"sofa" : 1,  "begin" : 83,  "end" : 86 }, 
        {"sofa" : 1,  "begin" : 87,  "end" : 90 }, 
        {"sofa" : 1,  "begin" : 91,  "end" : 92 }, 
        {"sofa" : 1,  "begin" : 93,  "end" : 96 }, 
        {"sofa" : 1,  "begin" : 97,  "end" : 99 }, 
        {"sofa" : 1,  "begin" : 100,  "end" : 102 }, 
        {"sofa" : 1,  "begin" : 103,  "end" : 106 }, 
        {"sofa" : 1,  "begin" : 107,  "end" : 108 }, 
        {"sofa" : 1,  "begin" : 109,  "end" : 110 }, 
        {"sofa" : 1,  "begin" : 111,  "end" : 115 }, 
        {"sofa" : 1,  "begin" : 116,  "end" : 123 }, 
        {"sofa" : 1,  "begin" : 124,  "end" : 126 }, 
        {"sofa" : 1,  "begin" : 127,  "end" : 131 }, 
        {"sofa" : 1,  "begin" : 132,  "end" : 136 }, 
        {"sofa" : 1,  "begin" : 137,  "end" : 142 }, 
        {"sofa" : 1,  "begin" : 143,  "end" : 146 }, 
        {"sofa" : 1,  "begin" : 147,  "end" : 154 }, 
        {"sofa" : 1,  "begin" : 155,  "end" : 158 }, 
        {"sofa" : 1,  "begin" : 159,  "end" : 162 }, 
        {"sofa" : 1,  "begin" : 163,  "end" : 172 }, 
        {"sofa" : 1,  "begin" : 173,  "end" : 174 }, 
        {"sofa" : 1,  "begin" : 175,  "end" : 176 }, 
        {"sofa" : 1,  "begin" : 177,  "end" : 180 }, 
        {"sofa" : 1,  "begin" : 181,  "end" : 185 }, 
        {"sofa" : 1,  "begin" : 186,  "end" : 191 }, 
        {"sofa" : 1,  "begin" : 192,  "end" : 199 }, 
        {"sofa" : 1,  "begin" : 200,  "end" : 205 }, 
        {"sofa" : 1,  "begin" : 206,  "end" : 208 }, 
        {"sofa" : 1,  "begin" : 209,  "end" : 218 }, 
        {"sofa" : 1,  "begin" : 219,  "end" : 220 }, 
        {"sofa" : 1,  "begin" : 221,  "end" : 224 }, 
        {"sofa" : 1,  "begin" : 225,  "end" : 228 }, 
        {"sofa" : 1,  "begin" : 229,  "end" : 234 }, 
        {"sofa" : 1,  "begin" : 235,  "end" : 240 }, 
        {"sofa" : 1,  "begin" : 241,  "end" : 245 }, 
        {"sofa" : 1,  "begin" : 246,  "end" : 248 }, 
        {"sofa" : 1,  "begin" : 249,  "end" : 254 }, 
        {"sofa" : 1,  "begin" : 255,  "end" : 258 }, 
        {"sofa" : 1,  "begin" : 259,  "end" : 266 }, 
        {"sofa" : 1,  "begin" : 267,  "end" : 268 }, 
        {"sofa" : 1,  "begin" : 269,  "end" : 275 }, 
        {"sofa" : 1,  "begin" : 276,  "end" : 279 }, 
        {"sofa" : 1,  "begin" : 280,  "end" : 281 }, 
        {"sofa" : 1,  "begin" : 282,  "end" : 286 }, 
        {"sofa" : 1,  "begin" : 287,  "end" : 290 }, 
        {"sofa" : 1,  "begin" : 291,  "end" : 292 }, 
        {"sofa" : 1,  "begin" : 293,  "end" : 301 }, 
        {"sofa" : 1,  "begin" : 302,  "end" : 307 }, 
        {"sofa" : 1,  "begin" : 308,  "end" : 309 }, 
        {"sofa" : 1,  "begin" : 310,  "end" : 312 }, 
        {"sofa" : 1,  "begin" : 313,  "end" : 316 }, 
        {"sofa" : 1,  "begin" : 317,  "end" : 321 }, 
        {"sofa" : 1,  "begin" : 322,  "end" : 326 }, 
        {"sofa" : 1,  "begin" : 327,  "end" : 328 }, 
        {"sofa" : 1,  "begin" : 329,  "end" : 333 }, 
        {"sofa" : 1,  "begin" : 334,  "end" : 336 }, 
        {"sofa" : 1,  "begin" : 337,  "end" : 339 }, 
        {"sofa" : 1,  "begin" : 340,  "end" : 347 }, 
        {"sofa" : 1,  "begin" : 348,  "end" : 349 }, 
        {"sofa" : 1,  "begin" : 350,  "end" : 351 }, 
        {"sofa" : 1,  "begin" : 352,  "end" : 356 }, 
        {"sofa" : 1,  "begin" : 357,  "end" : 359 }, 
        {"sofa" : 1,  "begin" : 360,  "end" : 361 }, 
        {"sofa" : 1,  "begin" : 362,  "end" : 363 }, 
        {"sofa" : 1,  "begin" : 364,  "end" : 368 }, 
        {"sofa" : 1,  "begin" : 369,  "end" : 372 }, 
        {"sofa" : 1,  "begin" : 373,  "end" : 377 }, 
        {"sofa" : 1,  "begin" : 378,  "end" : 379 }, 
        {"sofa" : 1,  "begin" : 380,  "end" : 381 }, 
        {"sofa" : 1,  "begin" : 382,  "end" : 386 }, 
        {"sofa" : 1,  "begin" : 387,  "end" : 389 }, 
        {"sofa" : 1,  "begin" : 390,  "end" : 394 }, 
        {"sofa" : 1,  "begin" : 395,  "end" : 396 }, 
        {"sofa" : 1,  "begin" : 397,  "end" : 398 }, 
        {"sofa" : 1,  "begin" : 399,  "end" : 404 }, 
        {"sofa" : 1,  "begin" : 405,  "end" : 406 }, 
        {"sofa" : 1,  "begin" : 407,  "end" : 410 }, 
        {"sofa" : 1,  "begin" : 411,  "end" : 415 }, 
        {"sofa" : 1,  "begin" : 416,  "end" : 423 }, 
        {"sofa" : 1,  "begin" : 424,  "end" : 428 }, 
        {"sofa" : 1,  "begin" : 429,  "end" : 434 }, 
        {"sofa" : 1,  "begin" : 435,  "end" : 437 }, 
        {"sofa" : 1,  "begin" : 438,  "end" : 440 }, 
        {"sofa" : 1,  "begin" : 441,  "end" : 445 }, 
        {"sofa" : 1,  "begin" : 446,  "end" : 451 }, 
        {"sofa" : 1,  "begin" : 452,  "end" : 456 }, 
        {"sofa" : 1,  "begin" : 457,  "end" : 458 }, 
        {"sofa" : 1,  "begin" : 459,  "end" : 464 }, 
        {"sofa" : 1,  "begin" : 465,  "end" : 466 }, 
        {"sofa" : 1,  "begin" : 467,  "end" : 470 }, 
        {"sofa" : 1,  "begin" : 471,  "end" : 472 }, 
        {"sofa" : 1,  "begin" : 473,  "end" : 477 }, 
        {"sofa" : 1,  "begin" : 478,  "end" : 480 }, 
        {"sofa" : 1,  "begin" : 481,  "end" : 485 }, 
        {"sofa" : 1,  "begin" : 486,  "end" : 488 }, 
        {"sofa" : 1,  "begin" : 489,  "end" : 491 }, 
        {"sofa" : 1,  "begin" : 492,  "end" : 493 }, 
        {"sofa" : 1,  "begin" : 494,  "end" : 495 }, 
        {"sofa" : 1,  "begin" : 496,  "end" : 501 }, 
        {"sofa" : 1,  "begin" : 502,  "end" : 508 }, 
        {"sofa" : 1,  "begin" : 509,  "end" : 513 }, 
        {"sofa" : 1,  "begin" : 514,  "end" : 515 }, 
        {"sofa" : 1,  "begin" : 516,  "end" : 519 }, 
        {"sofa" : 1,  "begin" : 520,  "end" : 527 }, 
        {"sofa" : 1,  "begin" : 528,  "end" : 530 }, 
        {"sofa" : 1,  "begin" : 531,  "end" : 535 }, 
        {"sofa" : 1,  "begin" : 536,  "end" : 540 }, 
        {"sofa" : 1,  "begin" : 541,  "end" : 545 }, 
        {"sofa" : 1,  "begin" : 546,  "end" : 549 }, 
        {"sofa" : 1,  "begin" : 550,  "end" : 553 }, 
        {"sofa" : 1,  "begin" : 554,  "end" : 560 }, 
        {"sofa" : 1,  "begin" : 561,  "end" : 563 }, 
        {"sofa" : 1,  "begin" : 564,  "end" : 567 }, 
        {"sofa" : 1,  "begin" : 568,  "end" : 573 }, 
        {"sofa" : 1,  "begin" : 574,  "end" : 575 }, 
        {"sofa" : 1,  "begin" : 576,  "end" : 577 }, 
        {"sofa" : 1,  "begin" : 578,  "end" : 579 }, 
        {"sofa" : 1,  "begin" : 580,  "end" : 583 }, 
        {"sofa" : 1,  "begin" : 584,  "end" : 586 }, 
        {"sofa" : 1,  "begin" : 587,  "end" : 592 }, 
        {"sofa" : 1,  "begin" : 593,  "end" : 595 }, 
        {"sofa" : 1,  "begin" : 596,  "end" : 597 }, 
        {"sofa" : 1,  "begin" : 598,  "end" : 599 }, 
        {"sofa" : 1,  "begin" : 600,  "end" : 604 }, 
        {"sofa" : 1,  "begin" : 605,  "end" : 608 }, 
        {"sofa" : 1,  "begin" : 609,  "end" : 613 }, 
        {"sofa" : 1,  "begin" : 614,  "end" : 615 }, 
        {"sofa" : 1,  "begin" : 616,  "end" : 617 }, 
        {"sofa" : 1,  "begin" : 618,  "end" : 625 }, 
        {"sofa" : 1,  "begin" : 626,  "end" : 629 }, 
        {"sofa" : 1,  "begin" : 630,  "end" : 632 }, 
        {"sofa" : 1,  "begin" : 633,  "end" : 635 }, 
        {"sofa" : 1,  "begin" : 636,  "end" : 640 }, 
        {"sofa" : 1,  "begin" : 641,  "end" : 643 }, 
        {"sofa" : 1,  "begin" : 644,  "end" : 646 }, 
        {"sofa" : 1,  "begin" : 647,  "end" : 649 }, 
        {"sofa" : 1,  "begin" : 650,  "end" : 653 }, 
        {"sofa" : 1,  "begin" : 654,  "end" : 655 }, 
        {"sofa" : 1,  "begin" : 656,  "end" : 661 }, 
        {"sofa" : 1,  "begin" : 662,  "end" : 666 }, 
        {"sofa" : 1,  "begin" : 667,  "end" : 669 }, 
        {"sofa" : 1,  "begin" : 670,  "end" : 679 }, 
        {"sofa" : 1,  "begin" : 680,  "end" : 684 }, 
        {"sofa" : 1,  "begin" : 685,  "end" : 686 }, 
        {"sofa" : 1,  "begin" : 687,  "end" : 688 } ], 
      "PartsofCause" : [2281,  2290,  2272,  2382,  2373,  2391 ], 
      "TypesofCause" : [
        {"sofa" : 1,  "begin" : 109,  "end" : 154,  "Dependent" : 2281,  "Governor" : 2290,  "TypesofCause" : "Effect" }, 
        {"sofa" : 1,  "begin" : 159,  "end" : 172,  "Dependent" : 2272,  "Governor" : 2290,  "TypesofCause" : "Cause" }, 
        {"sofa" : 1,  "begin" : 618,  "end" : 640,  "Dependent" : 2382,  "Governor" : 2373,  "TypesofCause" : "Effect" }, 
        {"sofa" : 1,  "begin" : 644,  "end" : 684,  "Dependent" : 2391,  "Governor" : 2373,  "TypesofCause" : "Cause" } ] } }, 
  "_referenced_fss" : {
    "1" : {"_type" : "Sofa",  "sofaNum" : 1,  "sofaID" : "_InitialView",  "mimeType" : "text",  "sofaString" : "“ COME , my dears , ” said a Cock to his hens one morning ; “ I am hungry , and so are you .\nLet us go out .\nI will scratch up some nice worms and beetles for our breakfast . ”\nThe hens stood waiting while he scratched .\nBut the first thing that he found was neither a beetle nor a worm but a precious stone .\nIt may have been a ruby or an emerald .\n“ Dear me ! ”\nsaid the Cock ; “ what is this ?\na Jewel !\nHow glad anybody else might be to have found such a prize ; but I have no need of it .\nI would rather have a few kernels of good corn than all the Jewels in the world . ”\n“ And so would we , ” said the hens .\n“ Nothing can do us good if it is not a thing that we ourselves want . ”" }, 
    "2281" : {"_type" : "PartsofCause",  "sofa" : 1,  "begin" : 109,  "end" : 154,  "PartsofCause" : "Argument" }, 
    "2290" : {"_type" : "PartsofCause",  "sofa" : 1,  "begin" : 155,  "end" : 158,  "PartsofCause" : "Causing" }, 
    "2272" : {"_type" : "PartsofCause",  "sofa" : 1,  "begin" : 159,  "end" : 172,  "PartsofCause" : "Argument" }, 
    "2382" : {"_type" : "PartsofCause",  "sofa" : 1,  "begin" : 618,  "end" : 640,  "PartsofCause" : "Argument" }, 
    "2373" : {"_type" : "PartsofCause",  "sofa" : 1,  "begin" : 641,  "end" : 643,  "PartsofCause" : "Causing" }, 
    "2391" : {"_type" : "PartsofCause",  "sofa" : 1,  "begin" : 644,  "end" : 684,  "PartsofCause" : "Argument" }, 
    "2465" : {"_type" : "LayerDefinition",  "name" : "webanno.custom.PartsofCause",  "uiName" : "Parts of Cause" }, 
    "2454" : {"_type" : "LayerDefinition",  "name" : "webanno.custom.DisjointCausalSpans",  "uiName" : "Disjoint Causal Spans" }, 
    "2472" : {"_type" : "LayerDefinition",  "name" : "webanno.custom.TypesofCause",  "uiName" : "Types of Cause" } } }