{"_context" : {
    "_types" : {
      "DocumentMetaData" : {
        "_feature_types" : {"sofa" : "_ref" } }, 
      "FeatureDefinition" : {
        "_feature_types" : {"layer" : "_ref" } }, 
      "LayerDefinition" : { }, 
      "PartsofCause" : {
        "_feature_types" : {"sofa" : "_ref" } }, 
      "Sentence" : {
        "_feature_types" : {"sofa" : "_ref" } }, 
      "Sofa" : {
        "_feature_types" : {"sofaArray" : "_ref" } }, 
      "TagsetDescription" : {
        "_feature_types" : {"sofa" : "_ref",  "tags" : "_ref" } }, 
      "Token" : {
        "_feature_types" : {"sofa" : "_ref",  "parent" : "_ref",  "lemma" : "_ref",  "stem" : "_ref",  "pos" : "_ref",  "morph" : "_ref",  "form" : "_ref" } }, 
      "TypesofCause" : {
        "_feature_types" : {"sofa" : "_ref",  "Dependent" : "_ref",  "Governor" : "_ref" } }, 
      "DocumentAnnotation" : {
        "_feature_types" : {"sofa" : "_ref" }, 
        "_subtypes" : ["DocumentMetaData" ] }, 
      "Annotation" : {
        "_feature_types" : {"sofa" : "_ref" }, 
        "_subtypes" : ["DocumentAnnotation",  "PartsofCause",  "Sentence",  "TagsetDescription",  "Token",  "TypesofCause" ] }, 
      "AnnotationBase" : {
        "_feature_types" : {"sofa" : "_ref" }, 
        "_subtypes" : ["Annotation" ] }, 
      "TOP" : {
        "_subtypes" : ["AnnotationBase",  "FeatureDefinition",  "LayerDefinition",  "Sofa" ] } } }, 
  "_views" : {
    "_InitialView" : {
      "FeatureDefinition" : [
        {"layer" : 1737,  "name" : "referenceRelation",  "uiName" : "Reference Relation" }, 
        {"layer" : 1737,  "name" : "referenceType",  "uiName" : "Reference Type" }, 
        {"layer" : 1748,  "name" : "PartsofCause",  "uiName" : "Parts of Cause" }, 
        {"layer" : 1755,  "name" : "TypesofCause",  "uiName" : "Types of Cause" } ], 
      "LayerDefinition" : [1737,  1748,  1755 ], 
      "DocumentMetaData" : [
        {"sofa" : 1,  "end" : 529,  "language" : "x-unspecified",  "documentTitle" : "fable-11.txt",  "documentId" : "GJW",  "documentUri" : "file:/srv/inception/repository/project/2/document/2313/source/GJW",  "collectionId" : "file:/srv/inception/repository/project/2/document/2313/source/",  "documentBaseUri" : "file:/srv/inception/repository/project/2/document/2313/source/",  "isLastSegment" : false } ], 
      "TagsetDescription" : [
        {"sofa" : 1,  "layer" : "webanno.custom.PartsofCause",  "name" : "Parts of Cause",  "input" : false }, 
        {"sofa" : 1,  "layer" : "webanno.custom.TypesofCause",  "name" : "Causal Relations",  "input" : false } ], 
      "Sentence" : [
        {"sofa" : 1,  "end" : 51 }, 
        {"sofa" : 1,  "begin" : 52,  "end" : 106 }, 
        {"sofa" : 1,  "begin" : 107,  "end" : 195 }, 
        {"sofa" : 1,  "begin" : 196,  "end" : 254 }, 
        {"sofa" : 1,  "begin" : 255,  "end" : 403 }, 
        {"sofa" : 1,  "begin" : 404,  "end" : 529 } ], 
      "Token" : [
        {"sofa" : 1,  "end" : 1 }, 
        {"sofa" : 1,  "begin" : 2,  "end" : 9 }, 
        {"sofa" : 1,  "begin" : 10,  "end" : 13 }, 
        {"sofa" : 1,  "begin" : 14,  "end" : 24 }, 
        {"sofa" : 1,  "begin" : 25,  "end" : 29 }, 
        {"sofa" : 1,  "begin" : 30,  "end" : 33 }, 
        {"sofa" : 1,  "begin" : 34,  "end" : 38 }, 
        {"sofa" : 1,  "begin" : 39,  "end" : 41 }, 
        {"sofa" : 1,  "begin" : 42,  "end" : 43 }, 
        {"sofa" : 1,  "begin" : 44,  "end" : 49 }, 
        {"sofa" : 1,  "begin" : 50,  "end" : 51 }, 
        {"sofa" : 1,  "begin" : 52,  "end" : 53 }, 
        {"sofa" : 1,  "begin" : 54,  "end" : 59 }, 
        {"sofa" : 1,  "begin" : 60,  "end" : 61 }, 
        {"sofa" : 1,  "begin" : 62,  "end" : 63 }, 
        {"sofa" : 1,  "begin" : 64,  "end" : 68 }, 
        {"sofa" : 1,  "begin" : 69,  "end" : 72 }, 
        {"sofa" : 1,  "begin" : 73,  "end" : 74 }, 
        {"sofa" : 1,  "begin" : 75,  "end" : 80 }, 
        {"sofa" : 1,  "begin" : 81,  "end" : 85 }, 
        {"sofa" : 1,  "begin" : 86,  "end" : 87 }, 
        {"sofa" : 1,  "begin" : 88,  "end" : 89 }, 
        {"sofa" : 1,  "begin" : 90,  "end" : 94 }, 
        {"sofa" : 1,  "begin" : 95,  "end" : 98 }, 
        {"sofa" : 1,  "begin" : 99,  "end" : 104 }, 
        {"sofa" : 1,  "begin" : 105,  "end" : 106 }, 
        {"sofa" : 1,  "begin" : 107,  "end" : 108 }, 
        {"sofa" : 1,  "begin" : 109,  "end" : 112 }, 
        {"sofa" : 1,  "begin" : 113,  "end" : 116 }, 
        {"sofa" : 1,  "begin" : 117,  "end" : 124 }, 
        {"sofa" : 1,  "begin" : 125,  "end" : 127 }, 
        {"sofa" : 1,  "begin" : 128,  "end" : 132 }, 
        {"sofa" : 1,  "begin" : 133,  "end" : 136 }, 
        {"sofa" : 1,  "begin" : 137,  "end" : 139 }, 
        {"sofa" : 1,  "begin" : 140,  "end" : 141 }, 
        {"sofa" : 1,  "begin" : 142,  "end" : 146 }, 
        {"sofa" : 1,  "begin" : 147,  "end" : 148 }, 
        {"sofa" : 1,  "begin" : 149,  "end" : 152 }, 
        {"sofa" : 1,  "begin" : 153,  "end" : 154 }, 
        {"sofa" : 1,  "begin" : 155,  "end" : 158 }, 
        {"sofa" : 1,  "begin" : 159,  "end" : 164 }, 
        {"sofa" : 1,  "begin" : 165,  "end" : 168 }, 
        {"sofa" : 1,  "begin" : 169,  "end" : 174 }, 
        {"sofa" : 1,  "begin" : 175,  "end" : 177 }, 
        {"sofa" : 1,  "begin" : 178,  "end" : 185 }, 
        {"sofa" : 1,  "begin" : 186,  "end" : 188 }, 
        {"sofa" : 1,  "begin" : 189,  "end" : 191 }, 
        {"sofa" : 1,  "begin" : 192,  "end" : 193 }, 
        {"sofa" : 1,  "begin" : 194,  "end" : 195 }, 
        {"sofa" : 1,  "begin" : 196,  "end" : 197 }, 
        {"sofa" : 1,  "begin" : 198,  "end" : 202 }, 
        {"sofa" : 1,  "begin" : 203,  "end" : 205 }, 
        {"sofa" : 1,  "begin" : 206,  "end" : 210 }, 
        {"sofa" : 1,  "begin" : 211,  "end" : 212 }, 
        {"sofa" : 1,  "begin" : 213,  "end" : 214 }, 
        {"sofa" : 1,  "begin" : 215,  "end" : 222 }, 
        {"sofa" : 1,  "begin" : 223,  "end" : 226 }, 
        {"sofa" : 1,  "begin" : 227,  "end" : 234 }, 
        {"sofa" : 1,  "begin" : 235,  "end" : 236 }, 
        {"sofa" : 1,  "begin" : 237,  "end" : 238 }, 
        {"sofa" : 1,  "begin" : 239,  "end" : 242 }, 
        {"sofa" : 1,  "begin" : 243,  "end" : 246 }, 
        {"sofa" : 1,  "begin" : 247,  "end" : 252 }, 
        {"sofa" : 1,  "begin" : 253,  "end" : 254 }, 
        {"sofa" : 1,  "begin" : 255,  "end" : 256 }, 
        {"sofa" : 1,  "begin" : 257,  "end" : 262 }, 
        {"sofa" : 1,  "begin" : 263,  "end" : 269 }, 
        {"sofa" : 1,  "begin" : 270,  "end" : 274 }, 
        {"sofa" : 1,  "begin" : 275,  "end" : 278 }, 
        {"sofa" : 1,  "begin" : 279,  "end" : 284 }, 
        {"sofa" : 1,  "begin" : 285,  "end" : 288 }, 
        {"sofa" : 1,  "begin" : 289,  "end" : 299 }, 
        {"sofa" : 1,  "begin" : 300,  "end" : 301 }, 
        {"sofa" : 1,  "begin" : 302,  "end" : 305 }, 
        {"sofa" : 1,  "begin" : 306,  "end" : 307 }, 
        {"sofa" : 1,  "begin" : 308,  "end" : 312 }, 
        {"sofa" : 1,  "begin" : 313,  "end" : 315 }, 
        {"sofa" : 1,  "begin" : 316,  "end" : 322 }, 
        {"sofa" : 1,  "begin" : 323,  "end" : 329 }, 
        {"sofa" : 1,  "begin" : 330,  "end" : 331 }, 
        {"sofa" : 1,  "begin" : 332,  "end" : 340 }, 
        {"sofa" : 1,  "begin" : 341,  "end" : 350 }, 
        {"sofa" : 1,  "begin" : 351,  "end" : 355 }, 
        {"sofa" : 1,  "begin" : 356,  "end" : 359 }, 
        {"sofa" : 1,  "begin" : 360,  "end" : 361 }, 
        {"sofa" : 1,  "begin" : 362,  "end" : 366 }, 
        {"sofa" : 1,  "begin" : 367,  "end" : 370 }, 
        {"sofa" : 1,  "begin" : 371,  "end" : 374 }, 
        {"sofa" : 1,  "begin" : 375,  "end" : 377 }, 
        {"sofa" : 1,  "begin" : 378,  "end" : 380 }, 
        {"sofa" : 1,  "begin" : 381,  "end" : 384 }, 
        {"sofa" : 1,  "begin" : 385,  "end" : 389 }, 
        {"sofa" : 1,  "begin" : 390,  "end" : 392 }, 
        {"sofa" : 1,  "begin" : 393,  "end" : 399 }, 
        {"sofa" : 1,  "begin" : 400,  "end" : 401 }, 
        {"sofa" : 1,  "begin" : 402,  "end" : 403 }, 
        {"sofa" : 1,  "begin" : 404,  "end" : 405 }, 
        {"sofa" : 1,  "begin" : 406,  "end" : 407 }, 
        {"sofa" : 1,  "begin" : 408,  "end" : 414 }, 
        {"sofa" : 1,  "begin" : 415,  "end" : 417 }, 
        {"sofa" : 1,  "begin" : 418,  "end" : 421 }, 
        {"sofa" : 1,  "begin" : 422,  "end" : 429 }, 
        {"sofa" : 1,  "begin" : 430,  "end" : 433 }, 
        {"sofa" : 1,  "begin" : 434,  "end" : 437 }, 
        {"sofa" : 1,  "begin" : 438,  "end" : 442 }, 
        {"sofa" : 1,  "begin" : 443,  "end" : 446 }, 
        {"sofa" : 1,  "begin" : 447,  "end" : 454 }, 
        {"sofa" : 1,  "begin" : 455,  "end" : 456 }, 
        {"sofa" : 1,  "begin" : 457,  "end" : 458 }, 
        {"sofa" : 1,  "begin" : 459,  "end" : 464 }, 
        {"sofa" : 1,  "begin" : 465,  "end" : 468 }, 
        {"sofa" : 1,  "begin" : 469,  "end" : 474 }, 
        {"sofa" : 1,  "begin" : 475,  "end" : 476 }, 
        {"sofa" : 1,  "begin" : 477,  "end" : 479 }, 
        {"sofa" : 1,  "begin" : 480,  "end" : 482 }, 
        {"sofa" : 1,  "begin" : 483,  "end" : 487 }, 
        {"sofa" : 1,  "begin" : 488,  "end" : 490 }, 
        {"sofa" : 1,  "begin" : 491,  "end" : 502 }, 
        {"sofa" : 1,  "begin" : 503,  "end" : 511 }, 
        {"sofa" : 1,  "begin" : 512,  "end" : 514 }, 
        {"sofa" : 1,  "begin" : 515,  "end" : 518 }, 
        {"sofa" : 1,  "begin" : 519,  "end" : 527 }, 
        {"sofa" : 1,  "begin" : 528,  "end" : 529 } ], 
      "PartsofCause" : [1652,  1661,  1670 ], 
      "TypesofCause" : [
        {"sofa" : 1,  "begin" : 140,  "end" : 152,  "Dependent" : 1661,  "Governor" : 1652,  "TypesofCause" : "Cause" }, 
        {"sofa" : 1,  "begin" : 155,  "end" : 191,  "Dependent" : 1670,  "Governor" : 1652,  "TypesofCause" : "Effect" } ] } }, 
  "_referenced_fss" : {
    "1" : {"_type" : "Sofa",  "sofaNum" : 1,  "sofaID" : "_InitialView",  "mimeType" : "text",  "sofaString" : "A JACKDAW sat chattering upon the back of a Sheep .\n“ Peace , I pray you , noisy bird , ” said the Sheep .\n“ You are wearing my life out If I were a dog , you would not think of serving me so . ”\n“ That is true , ” replied the Jackdaw ; “ you are right .\nI never meddle with the surly and revengeful ; but I love to plague gentle , helpless creatures like you , that can not do me any harm in return . ”\n“ I wonder if all cowards are not like the Jackdaw , ” mused the Sheep , as it went on contentedly browsing on the hillside ." }, 
    "1661" : {"_type" : "PartsofCause",  "sofa" : 1,  "begin" : 140,  "end" : 152,  "PartsofCause" : "Argument" }, 
    "1652" : {"_type" : "PartsofCause",  "sofa" : 1,  "begin" : 137,  "end" : 139,  "PartsofCause" : "Causing" }, 
    "1670" : {"_type" : "PartsofCause",  "sofa" : 1,  "begin" : 155,  "end" : 191,  "PartsofCause" : "Argument" }, 
    "1755" : {"_type" : "LayerDefinition",  "name" : "webanno.custom.TypesofCause",  "uiName" : "Types of Cause" }, 
    "1737" : {"_type" : "LayerDefinition",  "name" : "webanno.custom.DisjointCausalSpans",  "uiName" : "Disjoint Causal Spans" }, 
    "1748" : {"_type" : "LayerDefinition",  "name" : "webanno.custom.PartsofCause",  "uiName" : "Parts of Cause" } } }