{"_context" : {
    "_types" : {
      "DocumentMetaData" : {
        "_feature_types" : {"sofa" : "_ref" } }, 
      "FeatureDefinition" : {
        "_feature_types" : {"layer" : "_ref" } }, 
      "LayerDefinition" : { }, 
      "PartsofCause" : {
        "_feature_types" : {"sofa" : "_ref" } }, 
      "Sentence" : {
        "_feature_types" : {"sofa" : "_ref" } }, 
      "Sofa" : {
        "_feature_types" : {"sofaArray" : "_ref" } }, 
      "TagsetDescription" : {
        "_feature_types" : {"sofa" : "_ref",  "tags" : "_ref" } }, 
      "Token" : {
        "_feature_types" : {"sofa" : "_ref",  "parent" : "_ref",  "lemma" : "_ref",  "stem" : "_ref",  "pos" : "_ref",  "morph" : "_ref",  "form" : "_ref" } }, 
      "TypesofCause" : {
        "_feature_types" : {"sofa" : "_ref",  "Dependent" : "_ref",  "Governor" : "_ref" } }, 
      "DocumentAnnotation" : {
        "_feature_types" : {"sofa" : "_ref" }, 
        "_subtypes" : ["DocumentMetaData" ] }, 
      "Annotation" : {
        "_feature_types" : {"sofa" : "_ref" }, 
        "_subtypes" : ["DocumentAnnotation",  "PartsofCause",  "Sentence",  "TagsetDescription",  "Token",  "TypesofCause" ] }, 
      "AnnotationBase" : {
        "_feature_types" : {"sofa" : "_ref" }, 
        "_subtypes" : ["Annotation" ] }, 
      "TOP" : {
        "_subtypes" : ["AnnotationBase",  "FeatureDefinition",  "LayerDefinition",  "Sofa" ] } } }, 
  "_views" : {
    "_InitialView" : {
      "FeatureDefinition" : [
        {"layer" : 1793,  "name" : "referenceRelation",  "uiName" : "Reference Relation" }, 
        {"layer" : 1793,  "name" : "referenceType",  "uiName" : "Reference Type" }, 
        {"layer" : 1804,  "name" : "PartsofCause",  "uiName" : "Parts of Cause" }, 
        {"layer" : 1811,  "name" : "TypesofCause",  "uiName" : "Types of Cause" } ], 
      "LayerDefinition" : [1793,  1804,  1811 ], 
      "DocumentMetaData" : [
        {"sofa" : 1,  "end" : 517,  "language" : "x-unspecified",  "documentTitle" : "reddit-042.txt",  "documentId" : "GJW",  "documentUri" : "file:/srv/inception/repository/project/2/document/2444/source/GJW",  "collectionId" : "file:/srv/inception/repository/project/2/document/2444/source/",  "documentBaseUri" : "file:/srv/inception/repository/project/2/document/2444/source/",  "isLastSegment" : false } ], 
      "TagsetDescription" : [
        {"sofa" : 1,  "layer" : "webanno.custom.PartsofCause",  "name" : "Parts of Cause",  "input" : false }, 
        {"sofa" : 1,  "layer" : "webanno.custom.TypesofCause",  "name" : "Causal Relations",  "input" : false } ], 
      "Sentence" : [
        {"sofa" : 1,  "end" : 93 }, 
        {"sofa" : 1,  "begin" : 94,  "end" : 135 }, 
        {"sofa" : 1,  "begin" : 136,  "end" : 158 }, 
        {"sofa" : 1,  "begin" : 159,  "end" : 262 }, 
        {"sofa" : 1,  "begin" : 263,  "end" : 291 }, 
        {"sofa" : 1,  "begin" : 292,  "end" : 401 }, 
        {"sofa" : 1,  "begin" : 402,  "end" : 517 } ], 
      "Token" : [
        {"sofa" : 1,  "end" : 1 }, 
        {"sofa" : 1,  "begin" : 2,  "end" : 6 }, 
        {"sofa" : 1,  "begin" : 7,  "end" : 15 }, 
        {"sofa" : 1,  "begin" : 16,  "end" : 17 }, 
        {"sofa" : 1,  "begin" : 18,  "end" : 19 }, 
        {"sofa" : 1,  "begin" : 20,  "end" : 24 }, 
        {"sofa" : 1,  "begin" : 25,  "end" : 38 }, 
        {"sofa" : 1,  "begin" : 39,  "end" : 42 }, 
        {"sofa" : 1,  "begin" : 43,  "end" : 48 }, 
        {"sofa" : 1,  "begin" : 49,  "end" : 53 }, 
        {"sofa" : 1,  "begin" : 54,  "end" : 65 }, 
        {"sofa" : 1,  "begin" : 66,  "end" : 68 }, 
        {"sofa" : 1,  "begin" : 69,  "end" : 74 }, 
        {"sofa" : 1,  "begin" : 75,  "end" : 81 }, 
        {"sofa" : 1,  "begin" : 82,  "end" : 84 }, 
        {"sofa" : 1,  "begin" : 85,  "end" : 91 }, 
        {"sofa" : 1,  "begin" : 92,  "end" : 93 }, 
        {"sofa" : 1,  "begin" : 94,  "end" : 95 }, 
        {"sofa" : 1,  "begin" : 96,  "end" : 98 }, 
        {"sofa" : 1,  "begin" : 99,  "end" : 102 }, 
        {"sofa" : 1,  "begin" : 103,  "end" : 114 }, 
        {"sofa" : 1,  "begin" : 115,  "end" : 117 }, 
        {"sofa" : 1,  "begin" : 118,  "end" : 120 }, 
        {"sofa" : 1,  "begin" : 121,  "end" : 123 }, 
        {"sofa" : 1,  "begin" : 124,  "end" : 125 }, 
        {"sofa" : 1,  "begin" : 126,  "end" : 133 }, 
        {"sofa" : 1,  "begin" : 134,  "end" : 135 }, 
        {"sofa" : 1,  "begin" : 136,  "end" : 138 }, 
        {"sofa" : 1,  "begin" : 139,  "end" : 142 }, 
        {"sofa" : 1,  "begin" : 143,  "end" : 147 }, 
        {"sofa" : 1,  "begin" : 148,  "end" : 151 }, 
        {"sofa" : 1,  "begin" : 152,  "end" : 156 }, 
        {"sofa" : 1,  "begin" : 157,  "end" : 158 }, 
        {"sofa" : 1,  "begin" : 159,  "end" : 163 }, 
        {"sofa" : 1,  "begin" : 164,  "end" : 165 }, 
        {"sofa" : 1,  "begin" : 166,  "end" : 167 }, 
        {"sofa" : 1,  "begin" : 168,  "end" : 174 }, 
        {"sofa" : 1,  "begin" : 175,  "end" : 177 }, 
        {"sofa" : 1,  "begin" : 178,  "end" : 185 }, 
        {"sofa" : 1,  "begin" : 186,  "end" : 190 }, 
        {"sofa" : 1,  "begin" : 191,  "end" : 192 }, 
        {"sofa" : 1,  "begin" : 193,  "end" : 195 }, 
        {"sofa" : 1,  "begin" : 196,  "end" : 201 }, 
        {"sofa" : 1,  "begin" : 202,  "end" : 208 }, 
        {"sofa" : 1,  "begin" : 209,  "end" : 213 }, 
        {"sofa" : 1,  "begin" : 214,  "end" : 215 }, 
        {"sofa" : 1,  "begin" : 216,  "end" : 217 }, 
        {"sofa" : 1,  "begin" : 218,  "end" : 220 }, 
        {"sofa" : 1,  "begin" : 221,  "end" : 224 }, 
        {"sofa" : 1,  "begin" : 225,  "end" : 229 }, 
        {"sofa" : 1,  "begin" : 230,  "end" : 233 }, 
        {"sofa" : 1,  "begin" : 234,  "end" : 242 }, 
        {"sofa" : 1,  "begin" : 243,  "end" : 252 }, 
        {"sofa" : 1,  "begin" : 253,  "end" : 260 }, 
        {"sofa" : 1,  "begin" : 261,  "end" : 262 }, 
        {"sofa" : 1,  "begin" : 263,  "end" : 264 }, 
        {"sofa" : 1,  "begin" : 265,  "end" : 274 }, 
        {"sofa" : 1,  "begin" : 275,  "end" : 279 }, 
        {"sofa" : 1,  "begin" : 280,  "end" : 281 }, 
        {"sofa" : 1,  "begin" : 282,  "end" : 285 }, 
        {"sofa" : 1,  "begin" : 286,  "end" : 289 }, 
        {"sofa" : 1,  "begin" : 290,  "end" : 291 }, 
        {"sofa" : 1,  "begin" : 292,  "end" : 293 }, 
        {"sofa" : 1,  "begin" : 294,  "end" : 296 }, 
        {"sofa" : 1,  "begin" : 297,  "end" : 298 }, 
        {"sofa" : 1,  "begin" : 299,  "end" : 307 }, 
        {"sofa" : 1,  "begin" : 308,  "end" : 313 }, 
        {"sofa" : 1,  "begin" : 314,  "end" : 316 }, 
        {"sofa" : 1,  "begin" : 317,  "end" : 321 }, 
        {"sofa" : 1,  "begin" : 322,  "end" : 324 }, 
        {"sofa" : 1,  "begin" : 325,  "end" : 327 }, 
        {"sofa" : 1,  "begin" : 328,  "end" : 335 }, 
        {"sofa" : 1,  "begin" : 336,  "end" : 339 }, 
        {"sofa" : 1,  "begin" : 340,  "end" : 350 }, 
        {"sofa" : 1,  "begin" : 351,  "end" : 356 }, 
        {"sofa" : 1,  "begin" : 357,  "end" : 359 }, 
        {"sofa" : 1,  "begin" : 360,  "end" : 365 }, 
        {"sofa" : 1,  "begin" : 366,  "end" : 372 }, 
        {"sofa" : 1,  "begin" : 373,  "end" : 375 }, 
        {"sofa" : 1,  "begin" : 376,  "end" : 382 }, 
        {"sofa" : 1,  "begin" : 383,  "end" : 384 }, 
        {"sofa" : 1,  "begin" : 385,  "end" : 389 }, 
        {"sofa" : 1,  "begin" : 390,  "end" : 392 }, 
        {"sofa" : 1,  "begin" : 393,  "end" : 394 }, 
        {"sofa" : 1,  "begin" : 395,  "end" : 397 }, 
        {"sofa" : 1,  "begin" : 398,  "end" : 399 }, 
        {"sofa" : 1,  "begin" : 400,  "end" : 401 }, 
        {"sofa" : 1,  "begin" : 402,  "end" : 403 }, 
        {"sofa" : 1,  "begin" : 404,  "end" : 408 }, 
        {"sofa" : 1,  "begin" : 409,  "end" : 415 }, 
        {"sofa" : 1,  "begin" : 416,  "end" : 418 }, 
        {"sofa" : 1,  "begin" : 419,  "end" : 422 }, 
        {"sofa" : 1,  "begin" : 423,  "end" : 427 }, 
        {"sofa" : 1,  "begin" : 428,  "end" : 436 }, 
        {"sofa" : 1,  "begin" : 437,  "end" : 440 }, 
        {"sofa" : 1,  "begin" : 441,  "end" : 444 }, 
        {"sofa" : 1,  "begin" : 445,  "end" : 451 }, 
        {"sofa" : 1,  "begin" : 452,  "end" : 454 }, 
        {"sofa" : 1,  "begin" : 455,  "end" : 461 }, 
        {"sofa" : 1,  "begin" : 462,  "end" : 465 }, 
        {"sofa" : 1,  "begin" : 466,  "end" : 469 }, 
        {"sofa" : 1,  "begin" : 470,  "end" : 474 }, 
        {"sofa" : 1,  "begin" : 475,  "end" : 477 }, 
        {"sofa" : 1,  "begin" : 478,  "end" : 482 }, 
        {"sofa" : 1,  "begin" : 483,  "end" : 487 }, 
        {"sofa" : 1,  "begin" : 488,  "end" : 492 }, 
        {"sofa" : 1,  "begin" : 493,  "end" : 501 }, 
        {"sofa" : 1,  "begin" : 502,  "end" : 505 }, 
        {"sofa" : 1,  "begin" : 506,  "end" : 515 }, 
        {"sofa" : 1,  "begin" : 516,  "end" : 517 } ], 
      "PartsofCause" : [1510,  1488,  1497,  1570,  1561,  1600,  1659,  1685,  1672,  1752,  1769 ], 
      "TypesofCause" : [
        {"sofa" : 1,  "begin" : 94,  "end" : 114,  "Dependent" : 1510,  "Governor" : 1488,  "TypesofCause" : "Effect" }, 
        {"sofa" : 1,  "begin" : 118,  "end" : 133,  "Dependent" : 1497,  "Governor" : 1488,  "TypesofCause" : "Cause" }, 
        {"sofa" : 1,  "begin" : 292,  "end" : 313,  "Dependent" : 1570,  "Governor" : 1561,  "TypesofCause" : "Cause" }, 
        {"sofa" : 1,  "begin" : 317,  "end" : 382,  "Dependent" : 1600,  "Governor" : 1561,  "TypesofCause" : "Effect" }, 
        {"sofa" : 1,  "begin" : 466,  "end" : 474,  "Dependent" : 1659,  "Governor" : 1685,  "TypesofCause" : "Cause" }, 
        {"sofa" : 1,  "begin" : 478,  "end" : 515,  "Dependent" : 1672,  "Governor" : 1685,  "TypesofCause" : "Effect" }, 
        {"sofa" : 1,  "begin" : 483,  "end" : 515,  "Dependent" : 1769,  "Governor" : 1752,  "TypesofCause" : "Effect" } ] } }, 
  "_referenced_fss" : {
    "1" : {"_type" : "Sofa",  "sofaNum" : 1,  "sofaID" : "_InitialView",  "mimeType" : "text",  "sofaString" : "I hate lectures , I love participating and learn more effectively in small groups of people .\nI ca n't concentrate if it 's a lecture .\nDo you have any tips ?\nEdit : I forgot to mention that I ’m doing pretty well , I do n’t have any problems regarding success .\nI currently have a 3.7 GPA .\nI ’m a language major so most of my courses are discussion heavy in small groups of people ( like 20 - 30 ) .\nI just really do n’t like lectures and was asking if anyone had any tips to make them more bearable and efficient ." }, 
    "1510" : {"_type" : "PartsofCause",  "sofa" : 1,  "begin" : 94,  "end" : 114,  "PartsofCause" : "Argument" }, 
    "1488" : {"_type" : "PartsofCause",  "sofa" : 1,  "begin" : 115,  "end" : 117,  "PartsofCause" : "Causing" }, 
    "1497" : {"_type" : "PartsofCause",  "sofa" : 1,  "begin" : 118,  "end" : 133,  "PartsofCause" : "Argument" }, 
    "1570" : {"_type" : "PartsofCause",  "sofa" : 1,  "begin" : 292,  "end" : 313,  "PartsofCause" : "Argument" }, 
    "1561" : {"_type" : "PartsofCause",  "sofa" : 1,  "begin" : 314,  "end" : 316,  "PartsofCause" : "Causing" }, 
    "1600" : {"_type" : "PartsofCause",  "sofa" : 1,  "begin" : 317,  "end" : 382,  "PartsofCause" : "Argument" }, 
    "1659" : {"_type" : "PartsofCause",  "sofa" : 1,  "begin" : 466,  "end" : 474,  "PartsofCause" : "Argument" }, 
    "1685" : {"_type" : "PartsofCause",  "sofa" : 1,  "begin" : 475,  "end" : 477,  "PartsofCause" : "Enabling" }, 
    "1672" : {"_type" : "PartsofCause",  "sofa" : 1,  "begin" : 478,  "end" : 515,  "PartsofCause" : "Argument" }, 
    "1769" : {"_type" : "PartsofCause",  "sofa" : 1,  "begin" : 483,  "end" : 515,  "PartsofCause" : "Argument" }, 
    "1752" : {"_type" : "PartsofCause",  "sofa" : 1,  "begin" : 478,  "end" : 482,  "PartsofCause" : "Causing" }, 
    "1793" : {"_type" : "LayerDefinition",  "name" : "webanno.custom.DisjointCausalSpans",  "uiName" : "Disjoint Causal Spans" }, 
    "1811" : {"_type" : "LayerDefinition",  "name" : "webanno.custom.TypesofCause",  "uiName" : "Types of Cause" }, 
    "1804" : {"_type" : "LayerDefinition",  "name" : "webanno.custom.PartsofCause",  "uiName" : "Parts of Cause" } } }