{"_context" : {
    "_types" : {
      "DocumentMetaData" : {
        "_feature_types" : {"sofa" : "_ref" } }, 
      "FeatureDefinition" : {
        "_feature_types" : {"layer" : "_ref" } }, 
      "LayerDefinition" : { }, 
      "PartsofCause" : {
        "_feature_types" : {"sofa" : "_ref" } }, 
      "Sentence" : {
        "_feature_types" : {"sofa" : "_ref" } }, 
      "Sofa" : {
        "_feature_types" : {"sofaArray" : "_ref" } }, 
      "TagsetDescription" : {
        "_feature_types" : {"sofa" : "_ref",  "tags" : "_ref" } }, 
      "Token" : {
        "_feature_types" : {"sofa" : "_ref",  "parent" : "_ref",  "lemma" : "_ref",  "stem" : "_ref",  "pos" : "_ref",  "morph" : "_ref",  "form" : "_ref" } }, 
      "TypesofCause" : {
        "_feature_types" : {"sofa" : "_ref",  "Dependent" : "_ref",  "Governor" : "_ref" } }, 
      "DocumentAnnotation" : {
        "_feature_types" : {"sofa" : "_ref" }, 
        "_subtypes" : ["DocumentMetaData" ] }, 
      "Annotation" : {
        "_feature_types" : {"sofa" : "_ref" }, 
        "_subtypes" : ["DocumentAnnotation",  "PartsofCause",  "Sentence",  "TagsetDescription",  "Token",  "TypesofCause" ] }, 
      "AnnotationBase" : {
        "_feature_types" : {"sofa" : "_ref" }, 
        "_subtypes" : ["Annotation" ] }, 
      "TOP" : {
        "_subtypes" : ["AnnotationBase",  "FeatureDefinition",  "LayerDefinition",  "Sofa" ] } } }, 
  "_views" : {
    "_InitialView" : {
      "FeatureDefinition" : [
        {"layer" : 2796,  "name" : "referenceRelation",  "uiName" : "Reference Relation" }, 
        {"layer" : 2796,  "name" : "referenceType",  "uiName" : "Reference Type" }, 
        {"layer" : 2807,  "name" : "PartsofCause",  "uiName" : "Parts of Cause" }, 
        {"layer" : 2814,  "name" : "TypesofCause",  "uiName" : "Types of Cause" } ], 
      "LayerDefinition" : [2796,  2807,  2814 ], 
      "DocumentMetaData" : [
        {"sofa" : 1,  "end" : 829,  "language" : "x-unspecified",  "documentTitle" : "reddit-012.txt",  "documentId" : "GJW",  "documentUri" : "file:/srv/inception/repository/project/2/document/2414/source/GJW",  "collectionId" : "file:/srv/inception/repository/project/2/document/2414/source/",  "documentBaseUri" : "file:/srv/inception/repository/project/2/document/2414/source/",  "isLastSegment" : false } ], 
      "TagsetDescription" : [
        {"sofa" : 1,  "layer" : "webanno.custom.PartsofCause",  "name" : "Parts of Cause",  "input" : false }, 
        {"sofa" : 1,  "layer" : "webanno.custom.TypesofCause",  "name" : "Causal Relations",  "input" : false } ], 
      "Sentence" : [
        {"sofa" : 1,  "end" : 85 }, 
        {"sofa" : 1,  "begin" : 86,  "end" : 141 }, 
        {"sofa" : 1,  "begin" : 142,  "end" : 202 }, 
        {"sofa" : 1,  "begin" : 203,  "end" : 279 }, 
        {"sofa" : 1,  "begin" : 280,  "end" : 286 }, 
        {"sofa" : 1,  "begin" : 287,  "end" : 444 }, 
        {"sofa" : 1,  "begin" : 445,  "end" : 550 }, 
        {"sofa" : 1,  "begin" : 551,  "end" : 653 }, 
        {"sofa" : 1,  "begin" : 654,  "end" : 707 }, 
        {"sofa" : 1,  "begin" : 708,  "end" : 822 }, 
        {"sofa" : 1,  "begin" : 823,  "end" : 829 } ], 
      "Token" : [
        {"sofa" : 1,  "end" : 3 }, 
        {"sofa" : 1,  "begin" : 4,  "end" : 8 }, 
        {"sofa" : 1,  "begin" : 9,  "end" : 10 }, 
        {"sofa" : 1,  "begin" : 11,  "end" : 12 }, 
        {"sofa" : 1,  "begin" : 13,  "end" : 15 }, 
        {"sofa" : 1,  "begin" : 16,  "end" : 17 }, 
        {"sofa" : 1,  "begin" : 18,  "end" : 24 }, 
        {"sofa" : 1,  "begin" : 25,  "end" : 31 }, 
        {"sofa" : 1,  "begin" : 32,  "end" : 38 }, 
        {"sofa" : 1,  "begin" : 39,  "end" : 40 }, 
        {"sofa" : 1,  "begin" : 41,  "end" : 45 }, 
        {"sofa" : 1,  "begin" : 46,  "end" : 52 }, 
        {"sofa" : 1,  "begin" : 53,  "end" : 54 }, 
        {"sofa" : 1,  "begin" : 55,  "end" : 62 }, 
        {"sofa" : 1,  "begin" : 63,  "end" : 68 }, 
        {"sofa" : 1,  "begin" : 69,  "end" : 76 }, 
        {"sofa" : 1,  "begin" : 77,  "end" : 83 }, 
        {"sofa" : 1,  "begin" : 84,  "end" : 85 }, 
        {"sofa" : 1,  "begin" : 86,  "end" : 87 }, 
        {"sofa" : 1,  "begin" : 88,  "end" : 91 }, 
        {"sofa" : 1,  "begin" : 92,  "end" : 99 }, 
        {"sofa" : 1,  "begin" : 100,  "end" : 102 }, 
        {"sofa" : 1,  "begin" : 103,  "end" : 110 }, 
        {"sofa" : 1,  "begin" : 111,  "end" : 112 }, 
        {"sofa" : 1,  "begin" : 113,  "end" : 116 }, 
        {"sofa" : 1,  "begin" : 117,  "end" : 120 }, 
        {"sofa" : 1,  "begin" : 121,  "end" : 128 }, 
        {"sofa" : 1,  "begin" : 129,  "end" : 131 }, 
        {"sofa" : 1,  "begin" : 132,  "end" : 134 }, 
        {"sofa" : 1,  "begin" : 135,  "end" : 139 }, 
        {"sofa" : 1,  "begin" : 140,  "end" : 141 }, 
        {"sofa" : 1,  "begin" : 142,  "end" : 143 }, 
        {"sofa" : 1,  "begin" : 144,  "end" : 147 }, 
        {"sofa" : 1,  "begin" : 148,  "end" : 151 }, 
        {"sofa" : 1,  "begin" : 152,  "end" : 153 }, 
        {"sofa" : 1,  "begin" : 154,  "end" : 162 }, 
        {"sofa" : 1,  "begin" : 163,  "end" : 165 }, 
        {"sofa" : 1,  "begin" : 166,  "end" : 169 }, 
        {"sofa" : 1,  "begin" : 170,  "end" : 171 }, 
        {"sofa" : 1,  "begin" : 172,  "end" : 176 }, 
        {"sofa" : 1,  "begin" : 177,  "end" : 181 }, 
        {"sofa" : 1,  "begin" : 182,  "end" : 184 }, 
        {"sofa" : 1,  "begin" : 185,  "end" : 186 }, 
        {"sofa" : 1,  "begin" : 187,  "end" : 188 }, 
        {"sofa" : 1,  "begin" : 189,  "end" : 191 }, 
        {"sofa" : 1,  "begin" : 192,  "end" : 198 }, 
        {"sofa" : 1,  "begin" : 199,  "end" : 200 }, 
        {"sofa" : 1,  "begin" : 201,  "end" : 202 }, 
        {"sofa" : 1,  "begin" : 203,  "end" : 206 }, 
        {"sofa" : 1,  "begin" : 207,  "end" : 214 }, 
        {"sofa" : 1,  "begin" : 215,  "end" : 216 }, 
        {"sofa" : 1,  "begin" : 217,  "end" : 223 }, 
        {"sofa" : 1,  "begin" : 224,  "end" : 226 }, 
        {"sofa" : 1,  "begin" : 227,  "end" : 233 }, 
        {"sofa" : 1,  "begin" : 234,  "end" : 242 }, 
        {"sofa" : 1,  "begin" : 243,  "end" : 250 }, 
        {"sofa" : 1,  "begin" : 251,  "end" : 254 }, 
        {"sofa" : 1,  "begin" : 255,  "end" : 259 }, 
        {"sofa" : 1,  "begin" : 260,  "end" : 266 }, 
        {"sofa" : 1,  "begin" : 267,  "end" : 271 }, 
        {"sofa" : 1,  "begin" : 272,  "end" : 277 }, 
        {"sofa" : 1,  "begin" : 278,  "end" : 279 }, 
        {"sofa" : 1,  "begin" : 280,  "end" : 283 }, 
        {"sofa" : 1,  "begin" : 284,  "end" : 286 }, 
        {"sofa" : 1,  "begin" : 287,  "end" : 289 }, 
        {"sofa" : 1,  "begin" : 290,  "end" : 293 }, 
        {"sofa" : 1,  "begin" : 294,  "end" : 302 }, 
        {"sofa" : 1,  "begin" : 303,  "end" : 306 }, 
        {"sofa" : 1,  "begin" : 307,  "end" : 309 }, 
        {"sofa" : 1,  "begin" : 310,  "end" : 318 }, 
        {"sofa" : 1,  "begin" : 319,  "end" : 320 }, 
        {"sofa" : 1,  "begin" : 321,  "end" : 327 }, 
        {"sofa" : 1,  "begin" : 328,  "end" : 329 }, 
        {"sofa" : 1,  "begin" : 330,  "end" : 333 }, 
        {"sofa" : 1,  "begin" : 334,  "end" : 338 }, 
        {"sofa" : 1,  "begin" : 339,  "end" : 345 }, 
        {"sofa" : 1,  "begin" : 346,  "end" : 350 }, 
        {"sofa" : 1,  "begin" : 351,  "end" : 352 }, 
        {"sofa" : 1,  "begin" : 353,  "end" : 358 }, 
        {"sofa" : 1,  "begin" : 359,  "end" : 364 }, 
        {"sofa" : 1,  "begin" : 365,  "end" : 368 }, 
        {"sofa" : 1,  "begin" : 369,  "end" : 372 }, 
        {"sofa" : 1,  "begin" : 373,  "end" : 379 }, 
        {"sofa" : 1,  "begin" : 380,  "end" : 382 }, 
        {"sofa" : 1,  "begin" : 383,  "end" : 386 }, 
        {"sofa" : 1,  "begin" : 387,  "end" : 389 }, 
        {"sofa" : 1,  "begin" : 390,  "end" : 396 }, 
        {"sofa" : 1,  "begin" : 397,  "end" : 401 }, 
        {"sofa" : 1,  "begin" : 402,  "end" : 411 }, 
        {"sofa" : 1,  "begin" : 412,  "end" : 414 }, 
        {"sofa" : 1,  "begin" : 415,  "end" : 418 }, 
        {"sofa" : 1,  "begin" : 419,  "end" : 427 }, 
        {"sofa" : 1,  "begin" : 428,  "end" : 431 }, 
        {"sofa" : 1,  "begin" : 432,  "end" : 440 }, 
        {"sofa" : 1,  "begin" : 441,  "end" : 444 }, 
        {"sofa" : 1,  "begin" : 445,  "end" : 448 }, 
        {"sofa" : 1,  "begin" : 449,  "end" : 450 }, 
        {"sofa" : 1,  "begin" : 451,  "end" : 453 }, 
        {"sofa" : 1,  "begin" : 454,  "end" : 459 }, 
        {"sofa" : 1,  "begin" : 460,  "end" : 462 }, 
        {"sofa" : 1,  "begin" : 463,  "end" : 467 }, 
        {"sofa" : 1,  "begin" : 468,  "end" : 470 }, 
        {"sofa" : 1,  "begin" : 471,  "end" : 475 }, 
        {"sofa" : 1,  "begin" : 476,  "end" : 478 }, 
        {"sofa" : 1,  "begin" : 479,  "end" : 484 }, 
        {"sofa" : 1,  "begin" : 485,  "end" : 490 }, 
        {"sofa" : 1,  "begin" : 491,  "end" : 493 }, 
        {"sofa" : 1,  "begin" : 494,  "end" : 497 }, 
        {"sofa" : 1,  "begin" : 498,  "end" : 502 }, 
        {"sofa" : 1,  "begin" : 503,  "end" : 505 }, 
        {"sofa" : 1,  "begin" : 506,  "end" : 510 }, 
        {"sofa" : 1,  "begin" : 511,  "end" : 512 }, 
        {"sofa" : 1,  "begin" : 513,  "end" : 517 }, 
        {"sofa" : 1,  "begin" : 518,  "end" : 524 }, 
        {"sofa" : 1,  "begin" : 525,  "end" : 532 }, 
        {"sofa" : 1,  "begin" : 533,  "end" : 535 }, 
        {"sofa" : 1,  "begin" : 536,  "end" : 544 }, 
        {"sofa" : 1,  "begin" : 545,  "end" : 548 }, 
        {"sofa" : 1,  "begin" : 549,  "end" : 550 }, 
        {"sofa" : 1,  "begin" : 551,  "end" : 557 }, 
        {"sofa" : 1,  "begin" : 558,  "end" : 559 }, 
        {"sofa" : 1,  "begin" : 560,  "end" : 561 }, 
        {"sofa" : 1,  "begin" : 562,  "end" : 563 }, 
        {"sofa" : 1,  "begin" : 564,  "end" : 566 }, 
        {"sofa" : 1,  "begin" : 567,  "end" : 575 }, 
        {"sofa" : 1,  "begin" : 576,  "end" : 582 }, 
        {"sofa" : 1,  "begin" : 583,  "end" : 584 }, 
        {"sofa" : 1,  "begin" : 585,  "end" : 588 }, 
        {"sofa" : 1,  "begin" : 589,  "end" : 590 }, 
        {"sofa" : 1,  "begin" : 591,  "end" : 592 }, 
        {"sofa" : 1,  "begin" : 593,  "end" : 596 }, 
        {"sofa" : 1,  "begin" : 597,  "end" : 602 }, 
        {"sofa" : 1,  "begin" : 603,  "end" : 606 }, 
        {"sofa" : 1,  "begin" : 607,  "end" : 616 }, 
        {"sofa" : 1,  "begin" : 617,  "end" : 622 }, 
        {"sofa" : 1,  "begin" : 623,  "end" : 627 }, 
        {"sofa" : 1,  "begin" : 628,  "end" : 630 }, 
        {"sofa" : 1,  "begin" : 631,  "end" : 634 }, 
        {"sofa" : 1,  "begin" : 635,  "end" : 638 }, 
        {"sofa" : 1,  "begin" : 639,  "end" : 641 }, 
        {"sofa" : 1,  "begin" : 642,  "end" : 648 }, 
        {"sofa" : 1,  "begin" : 649,  "end" : 651 }, 
        {"sofa" : 1,  "begin" : 652,  "end" : 653 }, 
        {"sofa" : 1,  "begin" : 654,  "end" : 660 }, 
        {"sofa" : 1,  "begin" : 661,  "end" : 662 }, 
        {"sofa" : 1,  "begin" : 663,  "end" : 664 }, 
        {"sofa" : 1,  "begin" : 665,  "end" : 666 }, 
        {"sofa" : 1,  "begin" : 667,  "end" : 669 }, 
        {"sofa" : 1,  "begin" : 670,  "end" : 679 }, 
        {"sofa" : 1,  "begin" : 680,  "end" : 683 }, 
        {"sofa" : 1,  "begin" : 684,  "end" : 688 }, 
        {"sofa" : 1,  "begin" : 689,  "end" : 691 }, 
        {"sofa" : 1,  "begin" : 692,  "end" : 695 }, 
        {"sofa" : 1,  "begin" : 696,  "end" : 697 }, 
        {"sofa" : 1,  "begin" : 698,  "end" : 705 }, 
        {"sofa" : 1,  "begin" : 706,  "end" : 707 }, 
        {"sofa" : 1,  "begin" : 708,  "end" : 718 }, 
        {"sofa" : 1,  "begin" : 719,  "end" : 720 }, 
        {"sofa" : 1,  "begin" : 721,  "end" : 727 }, 
        {"sofa" : 1,  "begin" : 728,  "end" : 731 }, 
        {"sofa" : 1,  "begin" : 732,  "end" : 737 }, 
        {"sofa" : 1,  "begin" : 738,  "end" : 739 }, 
        {"sofa" : 1,  "begin" : 740,  "end" : 746 }, 
        {"sofa" : 1,  "begin" : 747,  "end" : 752 }, 
        {"sofa" : 1,  "begin" : 753,  "end" : 756 }, 
        {"sofa" : 1,  "begin" : 757,  "end" : 760 }, 
        {"sofa" : 1,  "begin" : 761,  "end" : 765 }, 
        {"sofa" : 1,  "begin" : 766,  "end" : 767 }, 
        {"sofa" : 1,  "begin" : 768,  "end" : 770 }, 
        {"sofa" : 1,  "begin" : 771,  "end" : 772 }, 
        {"sofa" : 1,  "begin" : 773,  "end" : 776 }, 
        {"sofa" : 1,  "begin" : 777,  "end" : 780 }, 
        {"sofa" : 1,  "begin" : 781,  "end" : 784 }, 
        {"sofa" : 1,  "begin" : 785,  "end" : 787 }, 
        {"sofa" : 1,  "begin" : 788,  "end" : 789 }, 
        {"sofa" : 1,  "begin" : 790,  "end" : 791 }, 
        {"sofa" : 1,  "begin" : 792,  "end" : 795 }, 
        {"sofa" : 1,  "begin" : 796,  "end" : 797 }, 
        {"sofa" : 1,  "begin" : 798,  "end" : 803 }, 
        {"sofa" : 1,  "begin" : 804,  "end" : 810 }, 
        {"sofa" : 1,  "begin" : 811,  "end" : 814 }, 
        {"sofa" : 1,  "begin" : 815,  "end" : 820 }, 
        {"sofa" : 1,  "begin" : 821,  "end" : 822 }, 
        {"sofa" : 1,  "begin" : 823,  "end" : 827 }, 
        {"sofa" : 1,  "begin" : 828,  "end" : 829 } ], 
      "PartsofCause" : [2505,  2496,  2531,  2616,  2598,  2607,  2688,  2679,  2697 ], 
      "TypesofCause" : [
        {"sofa" : 1,  "begin" : 471,  "end" : 502,  "Dependent" : 2505,  "Governor" : 2496,  "TypesofCause" : "Cause" }, 
        {"sofa" : 1,  "begin" : 511,  "end" : 548,  "Dependent" : 2531,  "Governor" : 2496,  "TypesofCause" : "Effect" }, 
        {"sofa" : 1,  "begin" : 591,  "end" : 627,  "Dependent" : 2616,  "Governor" : 2598,  "TypesofCause" : "Effect" }, 
        {"sofa" : 1,  "begin" : 631,  "end" : 651,  "Dependent" : 2607,  "Governor" : 2598,  "TypesofCause" : "Cause" }, 
        {"sofa" : 1,  "begin" : 719,  "end" : 737,  "Dependent" : 2688,  "Governor" : 2679,  "TypesofCause" : "Cause" }, 
        {"sofa" : 1,  "begin" : 771,  "end" : 789,  "Dependent" : 2697,  "Governor" : 2679,  "TypesofCause" : "Effect" } ] } }, 
  "_referenced_fss" : {
    "1" : {"_type" : "Sofa",  "sofaNum" : 1,  "sofaID" : "_InitialView",  "mimeType" : "text",  "sofaString" : "Get this : I 'm a former middle school / high school / college cross country runner .\nI was Varsity in college , the 5th fastest on my team .\nI can run a 23:30ish 6k and a 5:26 1600 m. ( I 'm female . )\nAnd somehow I failed my spring semester jogging and road racing p.e. class .\nWtf ?!\nIt was probably due to absences , except I was only absent like 3 times which was n't enough to get me marked down according to the syllabus but whatever ...\nnow I 'm going to have to take an extra class in the fall so that I have enough credits to graduate ugh !\nUpdate # 1 : to everyone asking , yes , I did email the professor right away to ask why he failed me .\nUpdate # 2 : he responded and said it was a mistake !\nApparently I missed the final ( forgot there was one oops ) so I did n't get an A , but I still passed the class .\nWhew !" }, 
    "2505" : {"_type" : "PartsofCause",  "sofa" : 1,  "begin" : 471,  "end" : 502,  "PartsofCause" : "Argument" }, 
    "2496" : {"_type" : "PartsofCause",  "sofa" : 1,  "begin" : 503,  "end" : 505,  "PartsofCause" : "Enabling" }, 
    "2531" : {"_type" : "PartsofCause",  "sofa" : 1,  "begin" : 511,  "end" : 548,  "PartsofCause" : "Argument" }, 
    "2616" : {"_type" : "PartsofCause",  "sofa" : 1,  "begin" : 591,  "end" : 627,  "PartsofCause" : "Argument" }, 
    "2598" : {"_type" : "PartsofCause",  "sofa" : 1,  "begin" : 628,  "end" : 630,  "PartsofCause" : "Causing" }, 
    "2607" : {"_type" : "PartsofCause",  "sofa" : 1,  "begin" : 631,  "end" : 651,  "PartsofCause" : "Argument" }, 
    "2688" : {"_type" : "PartsofCause",  "sofa" : 1,  "begin" : 719,  "end" : 737 }, 
    "2679" : {"_type" : "PartsofCause",  "sofa" : 1,  "begin" : 768,  "end" : 770,  "PartsofCause" : "Enabling" }, 
    "2697" : {"_type" : "PartsofCause",  "sofa" : 1,  "begin" : 771,  "end" : 789,  "PartsofCause" : "Argument" }, 
    "2807" : {"_type" : "LayerDefinition",  "name" : "webanno.custom.PartsofCause",  "uiName" : "Parts of Cause" }, 
    "2796" : {"_type" : "LayerDefinition",  "name" : "webanno.custom.DisjointCausalSpans",  "uiName" : "Disjoint Causal Spans" }, 
    "2814" : {"_type" : "LayerDefinition",  "name" : "webanno.custom.TypesofCause",  "uiName" : "Types of Cause" } } }