{"_context" : {
    "_types" : {
      "DocumentMetaData" : {
        "_feature_types" : {"sofa" : "_ref" } }, 
      "FeatureDefinition" : {
        "_feature_types" : {"layer" : "_ref" } }, 
      "LayerDefinition" : { }, 
      "PartsofCause" : {
        "_feature_types" : {"sofa" : "_ref" } }, 
      "Sentence" : {
        "_feature_types" : {"sofa" : "_ref" } }, 
      "Sofa" : {
        "_feature_types" : {"sofaArray" : "_ref" } }, 
      "TagsetDescription" : {
        "_feature_types" : {"sofa" : "_ref",  "tags" : "_ref" } }, 
      "Token" : {
        "_feature_types" : {"sofa" : "_ref",  "parent" : "_ref",  "lemma" : "_ref",  "stem" : "_ref",  "pos" : "_ref",  "morph" : "_ref",  "form" : "_ref" } }, 
      "TypesofCause" : {
        "_feature_types" : {"sofa" : "_ref",  "Dependent" : "_ref",  "Governor" : "_ref" } }, 
      "DocumentAnnotation" : {
        "_feature_types" : {"sofa" : "_ref" }, 
        "_subtypes" : ["DocumentMetaData" ] }, 
      "Annotation" : {
        "_feature_types" : {"sofa" : "_ref" }, 
        "_subtypes" : ["DocumentAnnotation",  "PartsofCause",  "Sentence",  "TagsetDescription",  "Token",  "TypesofCause" ] }, 
      "AnnotationBase" : {
        "_feature_types" : {"sofa" : "_ref" }, 
        "_subtypes" : ["Annotation" ] }, 
      "TOP" : {
        "_subtypes" : ["AnnotationBase",  "FeatureDefinition",  "LayerDefinition",  "Sofa" ] } } }, 
  "_views" : {
    "_InitialView" : {
      "FeatureDefinition" : [
        {"layer" : 1877,  "name" : "referenceRelation",  "uiName" : "Reference Relation" }, 
        {"layer" : 1877,  "name" : "referenceType",  "uiName" : "Reference Type" }, 
        {"layer" : 1888,  "name" : "PartsofCause",  "uiName" : "Parts of Cause" }, 
        {"layer" : 1895,  "name" : "TypesofCause",  "uiName" : "Types of Cause" } ], 
      "LayerDefinition" : [1877,  1888,  1895 ], 
      "DocumentMetaData" : [
        {"sofa" : 1,  "end" : 539,  "language" : "x-unspecified",  "documentTitle" : "fable-30.txt",  "documentId" : "AYC",  "documentUri" : "file:/srv/inception/repository/project/2/document/2332/source/AYC",  "collectionId" : "file:/srv/inception/repository/project/2/document/2332/source/",  "documentBaseUri" : "file:/srv/inception/repository/project/2/document/2332/source/",  "isLastSegment" : false } ], 
      "TagsetDescription" : [
        {"sofa" : 1,  "layer" : "webanno.custom.PartsofCause",  "name" : "Parts of Cause",  "input" : false }, 
        {"sofa" : 1,  "layer" : "webanno.custom.TypesofCause",  "name" : "Causal Relations",  "input" : false } ], 
      "Sentence" : [
        {"sofa" : 1,  "end" : 117 }, 
        {"sofa" : 1,  "begin" : 118,  "end" : 199 }, 
        {"sofa" : 1,  "begin" : 200,  "end" : 283 }, 
        {"sofa" : 1,  "begin" : 284,  "end" : 328 }, 
        {"sofa" : 1,  "begin" : 329,  "end" : 391 }, 
        {"sofa" : 1,  "begin" : 392,  "end" : 538 } ], 
      "Token" : [
        {"sofa" : 1,  "end" : 1 }, 
        {"sofa" : 1,  "begin" : 2,  "end" : 7 }, 
        {"sofa" : 1,  "begin" : 8,  "end" : 12 }, 
        {"sofa" : 1,  "begin" : 13,  "end" : 17 }, 
        {"sofa" : 1,  "begin" : 18,  "end" : 22 }, 
        {"sofa" : 1,  "begin" : 23,  "end" : 25 }, 
        {"sofa" : 1,  "begin" : 26,  "end" : 29 }, 
        {"sofa" : 1,  "begin" : 30,  "end" : 36 }, 
        {"sofa" : 1,  "begin" : 37,  "end" : 38 }, 
        {"sofa" : 1,  "begin" : 39,  "end" : 40 }, 
        {"sofa" : 1,  "begin" : 41,  "end" : 42 }, 
        {"sofa" : 1,  "begin" : 43,  "end" : 45 }, 
        {"sofa" : 1,  "begin" : 46,  "end" : 49 }, 
        {"sofa" : 1,  "begin" : 50,  "end" : 53 }, 
        {"sofa" : 1,  "begin" : 54,  "end" : 55 }, 
        {"sofa" : 1,  "begin" : 56,  "end" : 62 }, 
        {"sofa" : 1,  "begin" : 63,  "end" : 64 }, 
        {"sofa" : 1,  "begin" : 65,  "end" : 68 }, 
        {"sofa" : 1,  "begin" : 69,  "end" : 71 }, 
        {"sofa" : 1,  "begin" : 72,  "end" : 74 }, 
        {"sofa" : 1,  "begin" : 75,  "end" : 79 }, 
        {"sofa" : 1,  "begin" : 80,  "end" : 83 }, 
        {"sofa" : 1,  "begin" : 84,  "end" : 90 }, 
        {"sofa" : 1,  "begin" : 91,  "end" : 93 }, 
        {"sofa" : 1,  "begin" : 94,  "end" : 96 }, 
        {"sofa" : 1,  "begin" : 97,  "end" : 103 }, 
        {"sofa" : 1,  "begin" : 104,  "end" : 106 }, 
        {"sofa" : 1,  "begin" : 107,  "end" : 110 }, 
        {"sofa" : 1,  "begin" : 111,  "end" : 115 }, 
        {"sofa" : 1,  "begin" : 116,  "end" : 117 }, 
        {"sofa" : 1,  "begin" : 118,  "end" : 121 }, 
        {"sofa" : 1,  "begin" : 122,  "end" : 125 }, 
        {"sofa" : 1,  "begin" : 126,  "end" : 132 }, 
        {"sofa" : 1,  "begin" : 133,  "end" : 137 }, 
        {"sofa" : 1,  "begin" : 138,  "end" : 139 }, 
        {"sofa" : 1,  "begin" : 140,  "end" : 143 }, 
        {"sofa" : 1,  "begin" : 144,  "end" : 145 }, 
        {"sofa" : 1,  "begin" : 146,  "end" : 149 }, 
        {"sofa" : 1,  "begin" : 150,  "end" : 157 }, 
        {"sofa" : 1,  "begin" : 158,  "end" : 159 }, 
        {"sofa" : 1,  "begin" : 160,  "end" : 163 }, 
        {"sofa" : 1,  "begin" : 164,  "end" : 167 }, 
        {"sofa" : 1,  "begin" : 168,  "end" : 171 }, 
        {"sofa" : 1,  "begin" : 172,  "end" : 176 }, 
        {"sofa" : 1,  "begin" : 177,  "end" : 181 }, 
        {"sofa" : 1,  "begin" : 182,  "end" : 186 }, 
        {"sofa" : 1,  "begin" : 187,  "end" : 189 }, 
        {"sofa" : 1,  "begin" : 190,  "end" : 197 }, 
        {"sofa" : 1,  "begin" : 198,  "end" : 199 }, 
        {"sofa" : 1,  "begin" : 200,  "end" : 203 }, 
        {"sofa" : 1,  "begin" : 204,  "end" : 206 }, 
        {"sofa" : 1,  "begin" : 207,  "end" : 209 }, 
        {"sofa" : 1,  "begin" : 210,  "end" : 214 }, 
        {"sofa" : 1,  "begin" : 215,  "end" : 218 }, 
        {"sofa" : 1,  "begin" : 219,  "end" : 223 }, 
        {"sofa" : 1,  "begin" : 224,  "end" : 231 }, 
        {"sofa" : 1,  "begin" : 232,  "end" : 234 }, 
        {"sofa" : 1,  "begin" : 235,  "end" : 236 }, 
        {"sofa" : 1,  "begin" : 237,  "end" : 242 }, 
        {"sofa" : 1,  "begin" : 243,  "end" : 247 }, 
        {"sofa" : 1,  "begin" : 248,  "end" : 251 }, 
        {"sofa" : 1,  "begin" : 252,  "end" : 256 }, 
        {"sofa" : 1,  "begin" : 257,  "end" : 261 }, 
        {"sofa" : 1,  "begin" : 262,  "end" : 263 }, 
        {"sofa" : 1,  "begin" : 264,  "end" : 272 }, 
        {"sofa" : 1,  "begin" : 273,  "end" : 279 }, 
        {"sofa" : 1,  "begin" : 280,  "end" : 281 }, 
        {"sofa" : 1,  "begin" : 282,  "end" : 283 }, 
        {"sofa" : 1,  "begin" : 284,  "end" : 287 }, 
        {"sofa" : 1,  "begin" : 288,  "end" : 294 }, 
        {"sofa" : 1,  "begin" : 295,  "end" : 301 }, 
        {"sofa" : 1,  "begin" : 302,  "end" : 306 }, 
        {"sofa" : 1,  "begin" : 307,  "end" : 310 }, 
        {"sofa" : 1,  "begin" : 311,  "end" : 316 }, 
        {"sofa" : 1,  "begin" : 317,  "end" : 322 }, 
        {"sofa" : 1,  "begin" : 323,  "end" : 326 }, 
        {"sofa" : 1,  "begin" : 327,  "end" : 328 }, 
        {"sofa" : 1,  "begin" : 329,  "end" : 330 }, 
        {"sofa" : 1,  "begin" : 331,  "end" : 332 }, 
        {"sofa" : 1,  "begin" : 333,  "end" : 337 }, 
        {"sofa" : 1,  "begin" : 338,  "end" : 342 }, 
        {"sofa" : 1,  "begin" : 343,  "end" : 347 }, 
        {"sofa" : 1,  "begin" : 348,  "end" : 349 }, 
        {"sofa" : 1,  "begin" : 350,  "end" : 351 }, 
        {"sofa" : 1,  "begin" : 352,  "end" : 355 }, 
        {"sofa" : 1,  "begin" : 356,  "end" : 360 }, 
        {"sofa" : 1,  "begin" : 361,  "end" : 362 }, 
        {"sofa" : 1,  "begin" : 363,  "end" : 364 }, 
        {"sofa" : 1,  "begin" : 365,  "end" : 369 }, 
        {"sofa" : 1,  "begin" : 370,  "end" : 373 }, 
        {"sofa" : 1,  "begin" : 374,  "end" : 377 }, 
        {"sofa" : 1,  "begin" : 378,  "end" : 381 }, 
        {"sofa" : 1,  "begin" : 382,  "end" : 384 }, 
        {"sofa" : 1,  "begin" : 385,  "end" : 389 }, 
        {"sofa" : 1,  "begin" : 390,  "end" : 391 }, 
        {"sofa" : 1,  "begin" : 392,  "end" : 393 }, 
        {"sofa" : 1,  "begin" : 394,  "end" : 398 }, 
        {"sofa" : 1,  "begin" : 399,  "end" : 401 }, 
        {"sofa" : 1,  "begin" : 402,  "end" : 404 }, 
        {"sofa" : 1,  "begin" : 405,  "end" : 409 }, 
        {"sofa" : 1,  "begin" : 410,  "end" : 414 }, 
        {"sofa" : 1,  "begin" : 415,  "end" : 416 }, 
        {"sofa" : 1,  "begin" : 417,  "end" : 420 }, 
        {"sofa" : 1,  "begin" : 421,  "end" : 429 }, 
        {"sofa" : 1,  "begin" : 430,  "end" : 433 }, 
        {"sofa" : 1,  "begin" : 434,  "end" : 437 }, 
        {"sofa" : 1,  "begin" : 438,  "end" : 448 }, 
        {"sofa" : 1,  "begin" : 449,  "end" : 453 }, 
        {"sofa" : 1,  "begin" : 454,  "end" : 457 }, 
        {"sofa" : 1,  "begin" : 458,  "end" : 465 }, 
        {"sofa" : 1,  "begin" : 466,  "end" : 467 }, 
        {"sofa" : 1,  "begin" : 468,  "end" : 471 }, 
        {"sofa" : 1,  "begin" : 472,  "end" : 476 }, 
        {"sofa" : 1,  "begin" : 477,  "end" : 478 }, 
        {"sofa" : 1,  "begin" : 479,  "end" : 483 }, 
        {"sofa" : 1,  "begin" : 484,  "end" : 487 }, 
        {"sofa" : 1,  "begin" : 488,  "end" : 492 }, 
        {"sofa" : 1,  "begin" : 493,  "end" : 495 }, 
        {"sofa" : 1,  "begin" : 496,  "end" : 499 }, 
        {"sofa" : 1,  "begin" : 500,  "end" : 501 }, 
        {"sofa" : 1,  "begin" : 502,  "end" : 508 }, 
        {"sofa" : 1,  "begin" : 509,  "end" : 512 }, 
        {"sofa" : 1,  "begin" : 513,  "end" : 514 }, 
        {"sofa" : 1,  "begin" : 515,  "end" : 516 }, 
        {"sofa" : 1,  "begin" : 517,  "end" : 522 }, 
        {"sofa" : 1,  "begin" : 523,  "end" : 527 }, 
        {"sofa" : 1,  "begin" : 528,  "end" : 534 }, 
        {"sofa" : 1,  "begin" : 535,  "end" : 536 }, 
        {"sofa" : 1,  "begin" : 537,  "end" : 538 } ], 
      "PartsofCause" : [1812,  1825,  1838 ], 
      "TypesofCause" : [
        {"sofa" : 1,  "begin" : 477,  "end" : 512,  "Dependent" : 1825,  "Governor" : 1812,  "TypesofCause" : "Cause" }, 
        {"sofa" : 1,  "begin" : 515,  "end" : 534,  "Dependent" : 1838,  "Governor" : 1812,  "TypesofCause" : "Effect" } ] } }, 
  "_referenced_fss" : {
    "1" : {"_type" : "Sofa",  "sofaNum" : 1,  "sofaID" : "_InitialView",  "mimeType" : "text",  "sofaString" : "A YOUNG Fawn once said to his Mother : “ I do not see , Mother , how it is that you should be so afraid of the dogs .\nYou are larger than a dog , and swifter ; and you are much more used to running .\nWhy is it that the mere mention of a hound puts you into such a terrible fright ? ”\nThe Mother smiled upon her brave young son .\n“ I know very well , ” she said , “ that all you say is true .\nI look at my long legs , and remember all the advantages that you mention , yet when I hear the bark of but a single dog , I faint with terror . ”\n" }, 
    "1825" : {"_type" : "PartsofCause",  "sofa" : 1,  "begin" : 477,  "end" : 512,  "PartsofCause" : "Argument" }, 
    "1812" : {"_type" : "PartsofCause",  "sofa" : 1,  "begin" : 472,  "end" : 476,  "PartsofCause" : "Causing" }, 
    "1838" : {"_type" : "PartsofCause",  "sofa" : 1,  "begin" : 515,  "end" : 534,  "PartsofCause" : "Argument" }, 
    "1895" : {"_type" : "LayerDefinition",  "name" : "webanno.custom.TypesofCause",  "uiName" : "Types of Cause" }, 
    "1877" : {"_type" : "LayerDefinition",  "name" : "webanno.custom.DisjointCausalSpans",  "uiName" : "Disjoint Causal Spans" }, 
    "1888" : {"_type" : "LayerDefinition",  "name" : "webanno.custom.PartsofCause",  "uiName" : "Parts of Cause" } } }