{"_context" : {
    "_types" : {
      "DocumentMetaData" : {
        "_feature_types" : {"sofa" : "_ref" } }, 
      "FeatureDefinition" : {
        "_feature_types" : {"layer" : "_ref" } }, 
      "LayerDefinition" : { }, 
      "PartsofCause" : {
        "_feature_types" : {"sofa" : "_ref" } }, 
      "Sentence" : {
        "_feature_types" : {"sofa" : "_ref" } }, 
      "Sofa" : {
        "_feature_types" : {"sofaArray" : "_ref" } }, 
      "TagsetDescription" : {
        "_feature_types" : {"sofa" : "_ref",  "tags" : "_ref" } }, 
      "Token" : {
        "_feature_types" : {"sofa" : "_ref",  "parent" : "_ref",  "lemma" : "_ref",  "stem" : "_ref",  "pos" : "_ref",  "morph" : "_ref",  "form" : "_ref" } }, 
      "TypesofCause" : {
        "_feature_types" : {"sofa" : "_ref",  "Dependent" : "_ref",  "Governor" : "_ref" } }, 
      "DocumentAnnotation" : {
        "_feature_types" : {"sofa" : "_ref" }, 
        "_subtypes" : ["DocumentMetaData" ] }, 
      "Annotation" : {
        "_feature_types" : {"sofa" : "_ref" }, 
        "_subtypes" : ["DocumentAnnotation",  "PartsofCause",  "Sentence",  "TagsetDescription",  "Token",  "TypesofCause" ] }, 
      "AnnotationBase" : {
        "_feature_types" : {"sofa" : "_ref" }, 
        "_subtypes" : ["Annotation" ] }, 
      "TOP" : {
        "_subtypes" : ["AnnotationBase",  "FeatureDefinition",  "LayerDefinition",  "Sofa" ] } } }, 
  "_views" : {
    "_InitialView" : {
      "FeatureDefinition" : [
        {"layer" : 2966,  "name" : "referenceRelation",  "uiName" : "Reference Relation" }, 
        {"layer" : 2966,  "name" : "referenceType",  "uiName" : "Reference Type" }, 
        {"layer" : 2977,  "name" : "PartsofCause",  "uiName" : "Parts of Cause" }, 
        {"layer" : 2984,  "name" : "TypesofCause",  "uiName" : "Types of Cause" } ], 
      "LayerDefinition" : [2966,  2977,  2984 ], 
      "DocumentMetaData" : [
        {"sofa" : 1,  "end" : 1037,  "language" : "x-unspecified",  "documentTitle" : "cnn-11.txt",  "documentId" : "GJW",  "documentUri" : "file:/srv/inception/repository/project/2/document/2363/source/GJW",  "collectionId" : "file:/srv/inception/repository/project/2/document/2363/source/",  "documentBaseUri" : "file:/srv/inception/repository/project/2/document/2363/source/",  "isLastSegment" : false } ], 
      "TagsetDescription" : [
        {"sofa" : 1,  "layer" : "webanno.custom.PartsofCause",  "name" : "Parts of Cause",  "input" : false }, 
        {"sofa" : 1,  "layer" : "webanno.custom.TypesofCause",  "name" : "Causal Relations",  "input" : false } ], 
      "Sentence" : [
        {"sofa" : 1,  "end" : 174 }, 
        {"sofa" : 1,  "begin" : 175,  "end" : 249 }, 
        {"sofa" : 1,  "begin" : 250,  "end" : 346 }, 
        {"sofa" : 1,  "begin" : 347,  "end" : 418 }, 
        {"sofa" : 1,  "begin" : 419,  "end" : 518 }, 
        {"sofa" : 1,  "begin" : 519,  "end" : 559 }, 
        {"sofa" : 1,  "begin" : 560,  "end" : 679 }, 
        {"sofa" : 1,  "begin" : 680,  "end" : 761 }, 
        {"sofa" : 1,  "begin" : 762,  "end" : 894 }, 
        {"sofa" : 1,  "begin" : 895,  "end" : 949 }, 
        {"sofa" : 1,  "begin" : 950,  "end" : 995 }, 
        {"sofa" : 1,  "begin" : 996,  "end" : 1037 } ], 
      "Token" : [
        {"sofa" : 1,  "end" : 8 }, 
        {"sofa" : 1,  "begin" : 9,  "end" : 16 }, 
        {"sofa" : 1,  "begin" : 17,  "end" : 21 }, 
        {"sofa" : 1,  "begin" : 22,  "end" : 32 }, 
        {"sofa" : 1,  "begin" : 33,  "end" : 40 }, 
        {"sofa" : 1,  "begin" : 41,  "end" : 45 }, 
        {"sofa" : 1,  "begin" : 46,  "end" : 47 }, 
        {"sofa" : 1,  "begin" : 48,  "end" : 52 }, 
        {"sofa" : 1,  "begin" : 53,  "end" : 58 }, 
        {"sofa" : 1,  "begin" : 59,  "end" : 61 }, 
        {"sofa" : 1,  "begin" : 62,  "end" : 65 }, 
        {"sofa" : 1,  "begin" : 66,  "end" : 74 }, 
        {"sofa" : 1,  "begin" : 75,  "end" : 76 }, 
        {"sofa" : 1,  "begin" : 77,  "end" : 80 }, 
        {"sofa" : 1,  "begin" : 81,  "end" : 83 }, 
        {"sofa" : 1,  "begin" : 84,  "end" : 93 }, 
        {"sofa" : 1,  "begin" : 94,  "end" : 96 }, 
        {"sofa" : 1,  "begin" : 97,  "end" : 100 }, 
        {"sofa" : 1,  "begin" : 101,  "end" : 103 }, 
        {"sofa" : 1,  "begin" : 104,  "end" : 106 }, 
        {"sofa" : 1,  "begin" : 107,  "end" : 111 }, 
        {"sofa" : 1,  "begin" : 112,  "end" : 116 }, 
        {"sofa" : 1,  "begin" : 117,  "end" : 119 }, 
        {"sofa" : 1,  "begin" : 120,  "end" : 125 }, 
        {"sofa" : 1,  "begin" : 126,  "end" : 133 }, 
        {"sofa" : 1,  "begin" : 134,  "end" : 136 }, 
        {"sofa" : 1,  "begin" : 137,  "end" : 139 }, 
        {"sofa" : 1,  "begin" : 140,  "end" : 148 }, 
        {"sofa" : 1,  "begin" : 149,  "end" : 151 }, 
        {"sofa" : 1,  "begin" : 152,  "end" : 153 }, 
        {"sofa" : 1,  "begin" : 154,  "end" : 161 }, 
        {"sofa" : 1,  "begin" : 162,  "end" : 172 }, 
        {"sofa" : 1,  "begin" : 173,  "end" : 174 }, 
        {"sofa" : 1,  "begin" : 175,  "end" : 180 }, 
        {"sofa" : 1,  "begin" : 181,  "end" : 182 }, 
        {"sofa" : 1,  "begin" : 183,  "end" : 192 }, 
        {"sofa" : 1,  "begin" : 193,  "end" : 196 }, 
        {"sofa" : 1,  "begin" : 197,  "end" : 207 }, 
        {"sofa" : 1,  "begin" : 208,  "end" : 216 }, 
        {"sofa" : 1,  "begin" : 217,  "end" : 218 }, 
        {"sofa" : 1,  "begin" : 219,  "end" : 222 }, 
        {"sofa" : 1,  "begin" : 223,  "end" : 225 }, 
        {"sofa" : 1,  "begin" : 226,  "end" : 228 }, 
        {"sofa" : 1,  "begin" : 229,  "end" : 238 }, 
        {"sofa" : 1,  "begin" : 239,  "end" : 247 }, 
        {"sofa" : 1,  "begin" : 248,  "end" : 249 }, 
        {"sofa" : 1,  "begin" : 250,  "end" : 251 }, 
        {"sofa" : 1,  "begin" : 252,  "end" : 256 }, 
        {"sofa" : 1,  "begin" : 257,  "end" : 267 }, 
        {"sofa" : 1,  "begin" : 268,  "end" : 277 }, 
        {"sofa" : 1,  "begin" : 278,  "end" : 285 }, 
        {"sofa" : 1,  "begin" : 286,  "end" : 296 }, 
        {"sofa" : 1,  "begin" : 297,  "end" : 299 }, 
        {"sofa" : 1,  "begin" : 300,  "end" : 306 }, 
        {"sofa" : 1,  "begin" : 307,  "end" : 315 }, 
        {"sofa" : 1,  "begin" : 316,  "end" : 317 }, 
        {"sofa" : 1,  "begin" : 318,  "end" : 319 }, 
        {"sofa" : 1,  "begin" : 320,  "end" : 323 }, 
        {"sofa" : 1,  "begin" : 324,  "end" : 326 }, 
        {"sofa" : 1,  "begin" : 327,  "end" : 335 }, 
        {"sofa" : 1,  "begin" : 336,  "end" : 344 }, 
        {"sofa" : 1,  "begin" : 345,  "end" : 346 }, 
        {"sofa" : 1,  "begin" : 347,  "end" : 348 }, 
        {"sofa" : 1,  "begin" : 349,  "end" : 359 }, 
        {"sofa" : 1,  "begin" : 360,  "end" : 362 }, 
        {"sofa" : 1,  "begin" : 363,  "end" : 370 }, 
        {"sofa" : 1,  "begin" : 371,  "end" : 377 }, 
        {"sofa" : 1,  "begin" : 378,  "end" : 382 }, 
        {"sofa" : 1,  "begin" : 383,  "end" : 388 }, 
        {"sofa" : 1,  "begin" : 389,  "end" : 396 }, 
        {"sofa" : 1,  "begin" : 397,  "end" : 398 }, 
        {"sofa" : 1,  "begin" : 399,  "end" : 400 }, 
        {"sofa" : 1,  "begin" : 401,  "end" : 408 }, 
        {"sofa" : 1,  "begin" : 409,  "end" : 412 }, 
        {"sofa" : 1,  "begin" : 413,  "end" : 416 }, 
        {"sofa" : 1,  "begin" : 417,  "end" : 418 }, 
        {"sofa" : 1,  "begin" : 419,  "end" : 420 }, 
        {"sofa" : 1,  "begin" : 421,  "end" : 431 }, 
        {"sofa" : 1,  "begin" : 432,  "end" : 433 }, 
        {"sofa" : 1,  "begin" : 434,  "end" : 436 }, 
        {"sofa" : 1,  "begin" : 437,  "end" : 440 }, 
        {"sofa" : 1,  "begin" : 441,  "end" : 442 }, 
        {"sofa" : 1,  "begin" : 443,  "end" : 450 }, 
        {"sofa" : 1,  "begin" : 451,  "end" : 454 }, 
        {"sofa" : 1,  "begin" : 455,  "end" : 456 }, 
        {"sofa" : 1,  "begin" : 457,  "end" : 461 }, 
        {"sofa" : 1,  "begin" : 462,  "end" : 470 }, 
        {"sofa" : 1,  "begin" : 471,  "end" : 474 }, 
        {"sofa" : 1,  "begin" : 475,  "end" : 478 }, 
        {"sofa" : 1,  "begin" : 479,  "end" : 485 }, 
        {"sofa" : 1,  "begin" : 486,  "end" : 491 }, 
        {"sofa" : 1,  "begin" : 492,  "end" : 493 }, 
        {"sofa" : 1,  "begin" : 494,  "end" : 495 }, 
        {"sofa" : 1,  "begin" : 496,  "end" : 497 }, 
        {"sofa" : 1,  "begin" : 498,  "end" : 507 }, 
        {"sofa" : 1,  "begin" : 508,  "end" : 516 }, 
        {"sofa" : 1,  "begin" : 517,  "end" : 518 }, 
        {"sofa" : 1,  "begin" : 519,  "end" : 523 }, 
        {"sofa" : 1,  "begin" : 524,  "end" : 534 }, 
        {"sofa" : 1,  "begin" : 535,  "end" : 541 }, 
        {"sofa" : 1,  "begin" : 542,  "end" : 546 }, 
        {"sofa" : 1,  "begin" : 547,  "end" : 557 }, 
        {"sofa" : 1,  "begin" : 558,  "end" : 559 }, 
        {"sofa" : 1,  "begin" : 560,  "end" : 566 }, 
        {"sofa" : 1,  "begin" : 567,  "end" : 574 }, 
        {"sofa" : 1,  "begin" : 575,  "end" : 578 }, 
        {"sofa" : 1,  "begin" : 579,  "end" : 583 }, 
        {"sofa" : 1,  "begin" : 584,  "end" : 588 }, 
        {"sofa" : 1,  "begin" : 589,  "end" : 591 }, 
        {"sofa" : 1,  "begin" : 592,  "end" : 594 }, 
        {"sofa" : 1,  "begin" : 595,  "end" : 599 }, 
        {"sofa" : 1,  "begin" : 600,  "end" : 608 }, 
        {"sofa" : 1,  "begin" : 609,  "end" : 610 }, 
        {"sofa" : 1,  "begin" : 611,  "end" : 618 }, 
        {"sofa" : 1,  "begin" : 619,  "end" : 627 }, 
        {"sofa" : 1,  "begin" : 628,  "end" : 633 }, 
        {"sofa" : 1,  "begin" : 634,  "end" : 638 }, 
        {"sofa" : 1,  "begin" : 639,  "end" : 641 }, 
        {"sofa" : 1,  "begin" : 642,  "end" : 644 }, 
        {"sofa" : 1,  "begin" : 645,  "end" : 648 }, 
        {"sofa" : 1,  "begin" : 649,  "end" : 657 }, 
        {"sofa" : 1,  "begin" : 658,  "end" : 660 }, 
        {"sofa" : 1,  "begin" : 661,  "end" : 666 }, 
        {"sofa" : 1,  "begin" : 667,  "end" : 669 }, 
        {"sofa" : 1,  "begin" : 670,  "end" : 677 }, 
        {"sofa" : 1,  "begin" : 678,  "end" : 679 }, 
        {"sofa" : 1,  "begin" : 680,  "end" : 690 }, 
        {"sofa" : 1,  "begin" : 691,  "end" : 693 }, 
        {"sofa" : 1,  "begin" : 694,  "end" : 697 }, 
        {"sofa" : 1,  "begin" : 698,  "end" : 702 }, 
        {"sofa" : 1,  "begin" : 703,  "end" : 706 }, 
        {"sofa" : 1,  "begin" : 707,  "end" : 711 }, 
        {"sofa" : 1,  "begin" : 712,  "end" : 716 }, 
        {"sofa" : 1,  "begin" : 717,  "end" : 718 }, 
        {"sofa" : 1,  "begin" : 719,  "end" : 724 }, 
        {"sofa" : 1,  "begin" : 725,  "end" : 731 }, 
        {"sofa" : 1,  "begin" : 732,  "end" : 734 }, 
        {"sofa" : 1,  "begin" : 735,  "end" : 740 }, 
        {"sofa" : 1,  "begin" : 741,  "end" : 749 }, 
        {"sofa" : 1,  "begin" : 750,  "end" : 759 }, 
        {"sofa" : 1,  "begin" : 760,  "end" : 761 }, 
        {"sofa" : 1,  "begin" : 762,  "end" : 771 }, 
        {"sofa" : 1,  "begin" : 772,  "end" : 782 }, 
        {"sofa" : 1,  "begin" : 783,  "end" : 787 }, 
        {"sofa" : 1,  "begin" : 788,  "end" : 790 }, 
        {"sofa" : 1,  "begin" : 791,  "end" : 802 }, 
        {"sofa" : 1,  "begin" : 803,  "end" : 804 }, 
        {"sofa" : 1,  "begin" : 805,  "end" : 813 }, 
        {"sofa" : 1,  "begin" : 814,  "end" : 823 }, 
        {"sofa" : 1,  "begin" : 824,  "end" : 828 }, 
        {"sofa" : 1,  "begin" : 829,  "end" : 834 }, 
        {"sofa" : 1,  "begin" : 835,  "end" : 840 }, 
        {"sofa" : 1,  "begin" : 841,  "end" : 843 }, 
        {"sofa" : 1,  "begin" : 844,  "end" : 853 }, 
        {"sofa" : 1,  "begin" : 854,  "end" : 856 }, 
        {"sofa" : 1,  "begin" : 857,  "end" : 862 }, 
        {"sofa" : 1,  "begin" : 863,  "end" : 870 }, 
        {"sofa" : 1,  "begin" : 871,  "end" : 873 }, 
        {"sofa" : 1,  "begin" : 874,  "end" : 878 }, 
        {"sofa" : 1,  "begin" : 879,  "end" : 881 }, 
        {"sofa" : 1,  "begin" : 882,  "end" : 884 }, 
        {"sofa" : 1,  "begin" : 885,  "end" : 892 }, 
        {"sofa" : 1,  "begin" : 893,  "end" : 894 }, 
        {"sofa" : 1,  "begin" : 895,  "end" : 898 }, 
        {"sofa" : 1,  "begin" : 899,  "end" : 904 }, 
        {"sofa" : 1,  "begin" : 905,  "end" : 908 }, 
        {"sofa" : 1,  "begin" : 909,  "end" : 913 }, 
        {"sofa" : 1,  "begin" : 914,  "end" : 920 }, 
        {"sofa" : 1,  "begin" : 921,  "end" : 923 }, 
        {"sofa" : 1,  "begin" : 924,  "end" : 933 }, 
        {"sofa" : 1,  "begin" : 934,  "end" : 935 }, 
        {"sofa" : 1,  "begin" : 936,  "end" : 939 }, 
        {"sofa" : 1,  "begin" : 940,  "end" : 945 }, 
        {"sofa" : 1,  "begin" : 946,  "end" : 947 }, 
        {"sofa" : 1,  "begin" : 948,  "end" : 949 }, 
        {"sofa" : 1,  "begin" : 950,  "end" : 953 }, 
        {"sofa" : 1,  "begin" : 954,  "end" : 958 }, 
        {"sofa" : 1,  "begin" : 959,  "end" : 965 }, 
        {"sofa" : 1,  "begin" : 966,  "end" : 976 }, 
        {"sofa" : 1,  "begin" : 977,  "end" : 979 }, 
        {"sofa" : 1,  "begin" : 980,  "end" : 985 }, 
        {"sofa" : 1,  "begin" : 986,  "end" : 993 }, 
        {"sofa" : 1,  "begin" : 994,  "end" : 995 }, 
        {"sofa" : 1,  "begin" : 996,  "end" : 1001 }, 
        {"sofa" : 1,  "begin" : 1002,  "end" : 1005 }, 
        {"sofa" : 1,  "begin" : 1006,  "end" : 1009 }, 
        {"sofa" : 1,  "begin" : 1010,  "end" : 1017 }, 
        {"sofa" : 1,  "begin" : 1018,  "end" : 1021 }, 
        {"sofa" : 1,  "begin" : 1022,  "end" : 1026 }, 
        {"sofa" : 1,  "begin" : 1027,  "end" : 1035 }, 
        {"sofa" : 1,  "begin" : 1036,  "end" : 1037 } ], 
      "PartsofCause" : [2570,  2579,  2588,  2886,  2841,  2854,  2756,  2778,  2765 ], 
      "TypesofCause" : [
        {"sofa" : 1,  "begin" : 81,  "end" : 111,  "Dependent" : 2570,  "Governor" : 2579,  "TypesofCause" : "Effect" }, 
        {"sofa" : 1,  "begin" : 117,  "end" : 172,  "Dependent" : 2588,  "Governor" : 2579,  "TypesofCause" : "Cause" }, 
        {"sofa" : 1,  "begin" : 854,  "end" : 870,  "Dependent" : 2886,  "Governor" : 2841,  "TypesofCause" : "Cause" }, 
        {"sofa" : 1,  "begin" : 874,  "end" : 892,  "Dependent" : 2854,  "Governor" : 2841,  "TypesofCause" : "Cause" }, 
        {"sofa" : 1,  "begin" : 996,  "end" : 1017,  "Dependent" : 2756,  "Governor" : 2778,  "TypesofCause" : "Cause" }, 
        {"sofa" : 1,  "begin" : 1022,  "end" : 1035,  "Dependent" : 2765,  "Governor" : 2778,  "TypesofCause" : "Effect" } ] } }, 
  "_referenced_fss" : {
    "1" : {"_type" : "Sofa",  "sofaNum" : 1,  "sofaID" : "_InitialView",  "mimeType" : "text",  "sofaString" : "Facebook founder Mark Zuckerberg already owns a good chunk of the Internet , but on Wednesday he won it as well when he spoke Chinese to an audience at a Beijing university .\nMedia , including CNN stablemate CNNMoney , lit up -- sometimes snarkily .\n\" Mark Zuckerberg addresses Chinese university in fluent mandarin , \" the UK Guardian observed .\n\" Zuckerberg 's Chinese speech gets mixed reviews , \" sniffed the BBC .\n\" Zuckerberg , in all - Chinese Q&A , says Facebook has '11 mobile users ' , \" headlined CNNMoney .\nSome commenters ripped into Zuckerberg .\nOthers admired the fact that he 's been learning a complex language while most of us are snoozing in front of YouTube .\nZuckerberg is far from the only well - known person to speak multiple languages .\nCertainly performers born in non-English - speaking countries have often found it necessary to learn English to make it in America .\nBut there are also plenty of Americans ( and Brits ! )\nwho have versed themselves in other tongues .\nCheck out the gallery for some examples ." }, 
    "2570" : {"_type" : "PartsofCause",  "sofa" : 1,  "begin" : 81,  "end" : 111,  "PartsofCause" : "Argument" }, 
    "2579" : {"_type" : "PartsofCause",  "sofa" : 1,  "begin" : 112,  "end" : 116,  "PartsofCause" : "Enabling" }, 
    "2588" : {"_type" : "PartsofCause",  "sofa" : 1,  "begin" : 117,  "end" : 172,  "PartsofCause" : "Argument" }, 
    "2886" : {"_type" : "PartsofCause",  "sofa" : 1,  "begin" : 854,  "end" : 870,  "PartsofCause" : "Argument" }, 
    "2841" : {"_type" : "PartsofCause",  "sofa" : 1,  "begin" : 871,  "end" : 873,  "PartsofCause" : "Causing" }, 
    "2854" : {"_type" : "PartsofCause",  "sofa" : 1,  "begin" : 874,  "end" : 892,  "PartsofCause" : "Argument" }, 
    "2756" : {"_type" : "PartsofCause",  "sofa" : 1,  "begin" : 996,  "end" : 1017,  "PartsofCause" : "Argument" }, 
    "2778" : {"_type" : "PartsofCause",  "sofa" : 1,  "begin" : 1018,  "end" : 1021,  "PartsofCause" : "Causing" }, 
    "2765" : {"_type" : "PartsofCause",  "sofa" : 1,  "begin" : 1022,  "end" : 1035,  "PartsofCause" : "Argument" }, 
    "2966" : {"_type" : "LayerDefinition",  "name" : "webanno.custom.DisjointCausalSpans",  "uiName" : "Disjoint Causal Spans" }, 
    "2977" : {"_type" : "LayerDefinition",  "name" : "webanno.custom.PartsofCause",  "uiName" : "Parts of Cause" }, 
    "2984" : {"_type" : "LayerDefinition",  "name" : "webanno.custom.TypesofCause",  "uiName" : "Types of Cause" } } }