{"_context" : {
    "_types" : {
      "DocumentMetaData" : {
        "_feature_types" : {"sofa" : "_ref" } }, 
      "FeatureDefinition" : {
        "_feature_types" : {"layer" : "_ref" } }, 
      "LayerDefinition" : { }, 
      "PartsofCause" : {
        "_feature_types" : {"sofa" : "_ref" } }, 
      "Sentence" : {
        "_feature_types" : {"sofa" : "_ref" } }, 
      "Sofa" : {
        "_feature_types" : {"sofaArray" : "_ref" } }, 
      "TagsetDescription" : {
        "_feature_types" : {"sofa" : "_ref",  "tags" : "_ref" } }, 
      "Token" : {
        "_feature_types" : {"sofa" : "_ref",  "parent" : "_ref",  "lemma" : "_ref",  "stem" : "_ref",  "pos" : "_ref",  "morph" : "_ref",  "form" : "_ref" } }, 
      "TypesofCause" : {
        "_feature_types" : {"sofa" : "_ref",  "Dependent" : "_ref",  "Governor" : "_ref" } }, 
      "DocumentAnnotation" : {
        "_feature_types" : {"sofa" : "_ref" }, 
        "_subtypes" : ["DocumentMetaData" ] }, 
      "Annotation" : {
        "_feature_types" : {"sofa" : "_ref" }, 
        "_subtypes" : ["DocumentAnnotation",  "PartsofCause",  "Sentence",  "TagsetDescription",  "Token",  "TypesofCause" ] }, 
      "AnnotationBase" : {
        "_feature_types" : {"sofa" : "_ref" }, 
        "_subtypes" : ["Annotation" ] }, 
      "TOP" : {
        "_subtypes" : ["AnnotationBase",  "FeatureDefinition",  "LayerDefinition",  "Sofa" ] } } }, 
  "_views" : {
    "_InitialView" : {
      "FeatureDefinition" : [
        {"layer" : 1849,  "name" : "referenceRelation",  "uiName" : "Reference Relation" }, 
        {"layer" : 1849,  "name" : "referenceType",  "uiName" : "Reference Type" }, 
        {"layer" : 1860,  "name" : "PartsofCause",  "uiName" : "Parts of Cause" }, 
        {"layer" : 1867,  "name" : "TypesofCause",  "uiName" : "Types of Cause" } ], 
      "LayerDefinition" : [1849,  1860,  1867 ], 
      "DocumentMetaData" : [
        {"sofa" : 1,  "end" : 499,  "language" : "x-unspecified",  "documentTitle" : "fable-27.txt",  "documentId" : "GJW",  "documentUri" : "file:/srv/inception/repository/project/2/document/2329/source/GJW",  "collectionId" : "file:/srv/inception/repository/project/2/document/2329/source/",  "documentBaseUri" : "file:/srv/inception/repository/project/2/document/2329/source/",  "isLastSegment" : false } ], 
      "TagsetDescription" : [
        {"sofa" : 1,  "layer" : "webanno.custom.PartsofCause",  "name" : "Parts of Cause",  "input" : false }, 
        {"sofa" : 1,  "layer" : "webanno.custom.TypesofCause",  "name" : "Causal Relations",  "input" : false } ], 
      "Sentence" : [
        {"sofa" : 1,  "end" : 33 }, 
        {"sofa" : 1,  "begin" : 34,  "end" : 162 }, 
        {"sofa" : 1,  "begin" : 164,  "end" : 347 }, 
        {"sofa" : 1,  "begin" : 348,  "end" : 385 }, 
        {"sofa" : 1,  "begin" : 386,  "end" : 428 }, 
        {"sofa" : 1,  "begin" : 429,  "end" : 499 } ], 
      "Token" : [
        {"sofa" : 1,  "end" : 1 }, 
        {"sofa" : 1,  "begin" : 2,  "end" : 5 }, 
        {"sofa" : 1,  "begin" : 6,  "end" : 10 }, 
        {"sofa" : 1,  "begin" : 11,  "end" : 15 }, 
        {"sofa" : 1,  "begin" : 16,  "end" : 21 }, 
        {"sofa" : 1,  "begin" : 22,  "end" : 24 }, 
        {"sofa" : 1,  "begin" : 25,  "end" : 26 }, 
        {"sofa" : 1,  "begin" : 27,  "end" : 31 }, 
        {"sofa" : 1,  "begin" : 32,  "end" : 33 }, 
        {"sofa" : 1,  "begin" : 34,  "end" : 40 }, 
        {"sofa" : 1,  "begin" : 41,  "end" : 44 }, 
        {"sofa" : 1,  "begin" : 45,  "end" : 49 }, 
        {"sofa" : 1,  "begin" : 50,  "end" : 55 }, 
        {"sofa" : 1,  "begin" : 56,  "end" : 60 }, 
        {"sofa" : 1,  "begin" : 61,  "end" : 62 }, 
        {"sofa" : 1,  "begin" : 63,  "end" : 67 }, 
        {"sofa" : 1,  "begin" : 68,  "end" : 72 }, 
        {"sofa" : 1,  "begin" : 73,  "end" : 74 }, 
        {"sofa" : 1,  "begin" : 75,  "end" : 78 }, 
        {"sofa" : 1,  "begin" : 79,  "end" : 82 }, 
        {"sofa" : 1,  "begin" : 83,  "end" : 86 }, 
        {"sofa" : 1,  "begin" : 87,  "end" : 90 }, 
        {"sofa" : 1,  "begin" : 91,  "end" : 97 }, 
        {"sofa" : 1,  "begin" : 98,  "end" : 99 }, 
        {"sofa" : 1,  "begin" : 100,  "end" : 103 }, 
        {"sofa" : 1,  "begin" : 104,  "end" : 106 }, 
        {"sofa" : 1,  "begin" : 107,  "end" : 110 }, 
        {"sofa" : 1,  "begin" : 111,  "end" : 114 }, 
        {"sofa" : 1,  "begin" : 115,  "end" : 117 }, 
        {"sofa" : 1,  "begin" : 118,  "end" : 123 }, 
        {"sofa" : 1,  "begin" : 124,  "end" : 126 }, 
        {"sofa" : 1,  "begin" : 127,  "end" : 130 }, 
        {"sofa" : 1,  "begin" : 131,  "end" : 134 }, 
        {"sofa" : 1,  "begin" : 135,  "end" : 140 }, 
        {"sofa" : 1,  "begin" : 141,  "end" : 143 }, 
        {"sofa" : 1,  "begin" : 144,  "end" : 151 }, 
        {"sofa" : 1,  "begin" : 152,  "end" : 155 }, 
        {"sofa" : 1,  "begin" : 156,  "end" : 160 }, 
        {"sofa" : 1,  "begin" : 161,  "end" : 162 }, 
        {"sofa" : 1,  "begin" : 164,  "end" : 166 }, 
        {"sofa" : 1,  "begin" : 167,  "end" : 172 }, 
        {"sofa" : 1,  "begin" : 173,  "end" : 175 }, 
        {"sofa" : 1,  "begin" : 176,  "end" : 181 }, 
        {"sofa" : 1,  "begin" : 182,  "end" : 186 }, 
        {"sofa" : 1,  "begin" : 187,  "end" : 189 }, 
        {"sofa" : 1,  "begin" : 190,  "end" : 193 }, 
        {"sofa" : 1,  "begin" : 194,  "end" : 198 }, 
        {"sofa" : 1,  "begin" : 199,  "end" : 200 }, 
        {"sofa" : 1,  "begin" : 201,  "end" : 204 }, 
        {"sofa" : 1,  "begin" : 205,  "end" : 207 }, 
        {"sofa" : 1,  "begin" : 208,  "end" : 213 }, 
        {"sofa" : 1,  "begin" : 214,  "end" : 218 }, 
        {"sofa" : 1,  "begin" : 219,  "end" : 223 }, 
        {"sofa" : 1,  "begin" : 224,  "end" : 227 }, 
        {"sofa" : 1,  "begin" : 228,  "end" : 231 }, 
        {"sofa" : 1,  "begin" : 232,  "end" : 236 }, 
        {"sofa" : 1,  "begin" : 237,  "end" : 240 }, 
        {"sofa" : 1,  "begin" : 241,  "end" : 245 }, 
        {"sofa" : 1,  "begin" : 246,  "end" : 249 }, 
        {"sofa" : 1,  "begin" : 250,  "end" : 256 }, 
        {"sofa" : 1,  "begin" : 257,  "end" : 258 }, 
        {"sofa" : 1,  "begin" : 259,  "end" : 263 }, 
        {"sofa" : 1,  "begin" : 264,  "end" : 266 }, 
        {"sofa" : 1,  "begin" : 267,  "end" : 271 }, 
        {"sofa" : 1,  "begin" : 272,  "end" : 275 }, 
        {"sofa" : 1,  "begin" : 276,  "end" : 286 }, 
        {"sofa" : 1,  "begin" : 287,  "end" : 291 }, 
        {"sofa" : 1,  "begin" : 292,  "end" : 297 }, 
        {"sofa" : 1,  "begin" : 298,  "end" : 299 }, 
        {"sofa" : 1,  "begin" : 300,  "end" : 301 }, 
        {"sofa" : 1,  "begin" : 302,  "end" : 306 }, 
        {"sofa" : 1,  "begin" : 307,  "end" : 311 }, 
        {"sofa" : 1,  "begin" : 312,  "end" : 314 }, 
        {"sofa" : 1,  "begin" : 315,  "end" : 316 }, 
        {"sofa" : 1,  "begin" : 317,  "end" : 320 }, 
        {"sofa" : 1,  "begin" : 321,  "end" : 324 }, 
        {"sofa" : 1,  "begin" : 325,  "end" : 327 }, 
        {"sofa" : 1,  "begin" : 328,  "end" : 333 }, 
        {"sofa" : 1,  "begin" : 334,  "end" : 336 }, 
        {"sofa" : 1,  "begin" : 337,  "end" : 338 }, 
        {"sofa" : 1,  "begin" : 339,  "end" : 345 }, 
        {"sofa" : 1,  "begin" : 346,  "end" : 347 }, 
        {"sofa" : 1,  "begin" : 348,  "end" : 350 }, 
        {"sofa" : 1,  "begin" : 351,  "end" : 352 }, 
        {"sofa" : 1,  "begin" : 353,  "end" : 359 }, 
        {"sofa" : 1,  "begin" : 360,  "end" : 361 }, 
        {"sofa" : 1,  "begin" : 362,  "end" : 365 }, 
        {"sofa" : 1,  "begin" : 366,  "end" : 368 }, 
        {"sofa" : 1,  "begin" : 369,  "end" : 372 }, 
        {"sofa" : 1,  "begin" : 373,  "end" : 377 }, 
        {"sofa" : 1,  "begin" : 378,  "end" : 380 }, 
        {"sofa" : 1,  "begin" : 381,  "end" : 383 }, 
        {"sofa" : 1,  "begin" : 384,  "end" : 385 }, 
        {"sofa" : 1,  "begin" : 386,  "end" : 389 }, 
        {"sofa" : 1,  "begin" : 390,  "end" : 392 }, 
        {"sofa" : 1,  "begin" : 393,  "end" : 395 }, 
        {"sofa" : 1,  "begin" : 396,  "end" : 401 }, 
        {"sofa" : 1,  "begin" : 402,  "end" : 403 }, 
        {"sofa" : 1,  "begin" : 404,  "end" : 407 }, 
        {"sofa" : 1,  "begin" : 408,  "end" : 410 }, 
        {"sofa" : 1,  "begin" : 411,  "end" : 414 }, 
        {"sofa" : 1,  "begin" : 415,  "end" : 421 }, 
        {"sofa" : 1,  "begin" : 422,  "end" : 424 }, 
        {"sofa" : 1,  "begin" : 425,  "end" : 426 }, 
        {"sofa" : 1,  "begin" : 427,  "end" : 428 }, 
        {"sofa" : 1,  "begin" : 429,  "end" : 431 }, 
        {"sofa" : 1,  "begin" : 432,  "end" : 435 }, 
        {"sofa" : 1,  "begin" : 436,  "end" : 439 }, 
        {"sofa" : 1,  "begin" : 440,  "end" : 445 }, 
        {"sofa" : 1,  "begin" : 446,  "end" : 447 }, 
        {"sofa" : 1,  "begin" : 448,  "end" : 454 }, 
        {"sofa" : 1,  "begin" : 455,  "end" : 458 }, 
        {"sofa" : 1,  "begin" : 459,  "end" : 461 }, 
        {"sofa" : 1,  "begin" : 462,  "end" : 469 }, 
        {"sofa" : 1,  "begin" : 470,  "end" : 473 }, 
        {"sofa" : 1,  "begin" : 474,  "end" : 477 }, 
        {"sofa" : 1,  "begin" : 478,  "end" : 483 }, 
        {"sofa" : 1,  "begin" : 484,  "end" : 487 }, 
        {"sofa" : 1,  "begin" : 488,  "end" : 491 }, 
        {"sofa" : 1,  "begin" : 492,  "end" : 497 }, 
        {"sofa" : 1,  "begin" : 498,  "end" : 499 } ], 
      "PartsofCause" : [1635,  1626,  1648,  1703,  1712,  1725,  1780,  1789,  1802 ], 
      "TypesofCause" : [
        {"sofa" : 1,  "begin" : 75,  "end" : 97,  "Dependent" : 1635,  "Governor" : 1626,  "TypesofCause" : "Cause" }, 
        {"sofa" : 1,  "begin" : 107,  "end" : 140,  "Dependent" : 1648,  "Governor" : 1626,  "TypesofCause" : "Effect" }, 
        {"sofa" : 1,  "begin" : 351,  "end" : 359,  "Dependent" : 1712,  "Governor" : 1703,  "TypesofCause" : "Cause" }, 
        {"sofa" : 1,  "begin" : 362,  "end" : 383,  "Dependent" : 1725,  "Governor" : 1703,  "TypesofCause" : "Effect" }, 
        {"sofa" : 1,  "begin" : 393,  "end" : 401,  "Dependent" : 1789,  "Governor" : 1780,  "TypesofCause" : "Cause" }, 
        {"sofa" : 1,  "begin" : 404,  "end" : 424,  "Dependent" : 1802,  "Governor" : 1780,  "TypesofCause" : "Effect" } ] } }, 
  "_referenced_fss" : {
    "1" : {"_type" : "Sofa",  "sofaNum" : 1,  "sofaID" : "_InitialView",  "mimeType" : "text",  "sofaString" : "A DOG once gave chase to a Hare .\nHaving not long since made a good meal , the Dog was not hungry , and so was not in haste to end the sport by killing the Hare .\n At times he would snap at his prey , and at times play with him and lick him with his tongue , till at last the bewildered Hare cried : “ Pray tell me , are you an enemy or a friend ?\nIf a friend , why do you bite me so ?\nand if an enemy , why do you caress me ? ”\nNo one can trust a person who is neither the one thing nor the other ." }, 
    "1635" : {"_type" : "PartsofCause",  "sofa" : 1,  "begin" : 75,  "end" : 97,  "PartsofCause" : "Argument" }, 
    "1626" : {"_type" : "PartsofCause",  "sofa" : 1,  "begin" : 104,  "end" : 106,  "PartsofCause" : "Enabling" }, 
    "1648" : {"_type" : "PartsofCause",  "sofa" : 1,  "begin" : 107,  "end" : 140 }, 
    "1712" : {"_type" : "PartsofCause",  "sofa" : 1,  "begin" : 351,  "end" : 359,  "PartsofCause" : "Argument" }, 
    "1703" : {"_type" : "PartsofCause",  "sofa" : 1,  "begin" : 348,  "end" : 350,  "PartsofCause" : "Causing" }, 
    "1725" : {"_type" : "PartsofCause",  "sofa" : 1,  "begin" : 362,  "end" : 383,  "PartsofCause" : "Argument" }, 
    "1789" : {"_type" : "PartsofCause",  "sofa" : 1,  "begin" : 393,  "end" : 401,  "PartsofCause" : "Argument" }, 
    "1780" : {"_type" : "PartsofCause",  "sofa" : 1,  "begin" : 390,  "end" : 392,  "PartsofCause" : "Causing" }, 
    "1802" : {"_type" : "PartsofCause",  "sofa" : 1,  "begin" : 404,  "end" : 424,  "PartsofCause" : "Argument" }, 
    "1849" : {"_type" : "LayerDefinition",  "name" : "webanno.custom.DisjointCausalSpans",  "uiName" : "Disjoint Causal Spans" }, 
    "1860" : {"_type" : "LayerDefinition",  "name" : "webanno.custom.PartsofCause",  "uiName" : "Parts of Cause" }, 
    "1867" : {"_type" : "LayerDefinition",  "name" : "webanno.custom.TypesofCause",  "uiName" : "Types of Cause" } } }