{"_context" : {
    "_types" : {
      "DocumentMetaData" : {
        "_feature_types" : {"sofa" : "_ref" } }, 
      "FeatureDefinition" : {
        "_feature_types" : {"layer" : "_ref" } }, 
      "LayerDefinition" : { }, 
      "PartsofCause" : {
        "_feature_types" : {"sofa" : "_ref" } }, 
      "Sentence" : {
        "_feature_types" : {"sofa" : "_ref" } }, 
      "Sofa" : {
        "_feature_types" : {"sofaArray" : "_ref" } }, 
      "TagsetDescription" : {
        "_feature_types" : {"sofa" : "_ref",  "tags" : "_ref" } }, 
      "Token" : {
        "_feature_types" : {"sofa" : "_ref",  "parent" : "_ref",  "lemma" : "_ref",  "stem" : "_ref",  "pos" : "_ref",  "morph" : "_ref",  "form" : "_ref" } }, 
      "TypesofCause" : {
        "_feature_types" : {"sofa" : "_ref",  "Dependent" : "_ref",  "Governor" : "_ref" } }, 
      "DocumentAnnotation" : {
        "_feature_types" : {"sofa" : "_ref" }, 
        "_subtypes" : ["DocumentMetaData" ] }, 
      "Annotation" : {
        "_feature_types" : {"sofa" : "_ref" }, 
        "_subtypes" : ["DocumentAnnotation",  "PartsofCause",  "Sentence",  "TagsetDescription",  "Token",  "TypesofCause" ] }, 
      "AnnotationBase" : {
        "_feature_types" : {"sofa" : "_ref" }, 
        "_subtypes" : ["Annotation" ] }, 
      "TOP" : {
        "_subtypes" : ["AnnotationBase",  "FeatureDefinition",  "LayerDefinition",  "Sofa" ] } } }, 
  "_views" : {
    "_InitialView" : {
      "FeatureDefinition" : [
        {"layer" : 2397,  "name" : "referenceRelation",  "uiName" : "Reference Relation" }, 
        {"layer" : 2397,  "name" : "referenceType",  "uiName" : "Reference Type" }, 
        {"layer" : 2408,  "name" : "PartsofCause",  "uiName" : "Parts of Cause" }, 
        {"layer" : 2415,  "name" : "TypesofCause",  "uiName" : "Types of Cause" } ], 
      "LayerDefinition" : [2397,  2408,  2415 ], 
      "DocumentMetaData" : [
        {"sofa" : 1,  "end" : 717,  "language" : "x-unspecified",  "documentTitle" : "fable-35.txt",  "documentId" : "GJW",  "documentUri" : "file:/srv/inception/repository/project/2/document/2337/source/GJW",  "collectionId" : "file:/srv/inception/repository/project/2/document/2337/source/",  "documentBaseUri" : "file:/srv/inception/repository/project/2/document/2337/source/",  "isLastSegment" : false } ], 
      "TagsetDescription" : [
        {"sofa" : 1,  "layer" : "webanno.custom.PartsofCause",  "name" : "Parts of Cause",  "input" : false }, 
        {"sofa" : 1,  "layer" : "webanno.custom.TypesofCause",  "name" : "Causal Relations",  "input" : false } ], 
      "Sentence" : [
        {"sofa" : 1,  "end" : 116 }, 
        {"sofa" : 1,  "begin" : 117,  "end" : 291 }, 
        {"sofa" : 1,  "begin" : 292,  "end" : 430 }, 
        {"sofa" : 1,  "begin" : 431,  "end" : 541 }, 
        {"sofa" : 1,  "begin" : 542,  "end" : 717 } ], 
      "Token" : [
        {"sofa" : 1,  "end" : 1 }, 
        {"sofa" : 1,  "begin" : 2,  "end" : 6 }, 
        {"sofa" : 1,  "begin" : 7,  "end" : 11 }, 
        {"sofa" : 1,  "begin" : 12,  "end" : 19 }, 
        {"sofa" : 1,  "begin" : 20,  "end" : 27 }, 
        {"sofa" : 1,  "begin" : 28,  "end" : 30 }, 
        {"sofa" : 1,  "begin" : 31,  "end" : 34 }, 
        {"sofa" : 1,  "begin" : 35,  "end" : 41 }, 
        {"sofa" : 1,  "begin" : 42,  "end" : 44 }, 
        {"sofa" : 1,  "begin" : 45,  "end" : 46 }, 
        {"sofa" : 1,  "begin" : 47,  "end" : 52 }, 
        {"sofa" : 1,  "begin" : 53,  "end" : 54 }, 
        {"sofa" : 1,  "begin" : 55,  "end" : 58 }, 
        {"sofa" : 1,  "begin" : 59,  "end" : 64 }, 
        {"sofa" : 1,  "begin" : 65,  "end" : 73 }, 
        {"sofa" : 1,  "begin" : 74,  "end" : 77 }, 
        {"sofa" : 1,  "begin" : 78,  "end" : 81 }, 
        {"sofa" : 1,  "begin" : 82,  "end" : 84 }, 
        {"sofa" : 1,  "begin" : 85,  "end" : 88 }, 
        {"sofa" : 1,  "begin" : 89,  "end" : 94 }, 
        {"sofa" : 1,  "begin" : 95,  "end" : 96 }, 
        {"sofa" : 1,  "begin" : 97,  "end" : 100 }, 
        {"sofa" : 1,  "begin" : 101,  "end" : 105 }, 
        {"sofa" : 1,  "begin" : 106,  "end" : 109 }, 
        {"sofa" : 1,  "begin" : 110,  "end" : 114 }, 
        {"sofa" : 1,  "begin" : 115,  "end" : 116 }, 
        {"sofa" : 1,  "begin" : 117,  "end" : 119 }, 
        {"sofa" : 1,  "begin" : 120,  "end" : 123 }, 
        {"sofa" : 1,  "begin" : 124,  "end" : 125 }, 
        {"sofa" : 1,  "begin" : 126,  "end" : 132 }, 
        {"sofa" : 1,  "begin" : 133,  "end" : 135 }, 
        {"sofa" : 1,  "begin" : 136,  "end" : 140 }, 
        {"sofa" : 1,  "begin" : 141,  "end" : 144 }, 
        {"sofa" : 1,  "begin" : 145,  "end" : 149 }, 
        {"sofa" : 1,  "begin" : 150,  "end" : 152 }, 
        {"sofa" : 1,  "begin" : 153,  "end" : 157 }, 
        {"sofa" : 1,  "begin" : 158,  "end" : 163 }, 
        {"sofa" : 1,  "begin" : 164,  "end" : 166 }, 
        {"sofa" : 1,  "begin" : 167,  "end" : 169 }, 
        {"sofa" : 1,  "begin" : 170,  "end" : 175 }, 
        {"sofa" : 1,  "begin" : 176,  "end" : 177 }, 
        {"sofa" : 1,  "begin" : 178,  "end" : 181 }, 
        {"sofa" : 1,  "begin" : 182,  "end" : 185 }, 
        {"sofa" : 1,  "begin" : 186,  "end" : 190 }, 
        {"sofa" : 1,  "begin" : 191,  "end" : 194 }, 
        {"sofa" : 1,  "begin" : 195,  "end" : 200 }, 
        {"sofa" : 1,  "begin" : 201,  "end" : 203 }, 
        {"sofa" : 1,  "begin" : 204,  "end" : 207 }, 
        {"sofa" : 1,  "begin" : 208,  "end" : 213 }, 
        {"sofa" : 1,  "begin" : 214,  "end" : 215 }, 
        {"sofa" : 1,  "begin" : 216,  "end" : 219 }, 
        {"sofa" : 1,  "begin" : 220,  "end" : 223 }, 
        {"sofa" : 1,  "begin" : 224,  "end" : 232 }, 
        {"sofa" : 1,  "begin" : 233,  "end" : 234 }, 
        {"sofa" : 1,  "begin" : 235,  "end" : 241 }, 
        {"sofa" : 1,  "begin" : 242,  "end" : 246 }, 
        {"sofa" : 1,  "begin" : 247,  "end" : 250 }, 
        {"sofa" : 1,  "begin" : 251,  "end" : 255 }, 
        {"sofa" : 1,  "begin" : 256,  "end" : 262 }, 
        {"sofa" : 1,  "begin" : 263,  "end" : 266 }, 
        {"sofa" : 1,  "begin" : 267,  "end" : 272 }, 
        {"sofa" : 1,  "begin" : 273,  "end" : 274 }, 
        {"sofa" : 1,  "begin" : 275,  "end" : 285 }, 
        {"sofa" : 1,  "begin" : 286,  "end" : 289 }, 
        {"sofa" : 1,  "begin" : 290,  "end" : 291 }, 
        {"sofa" : 1,  "begin" : 292,  "end" : 297 }, 
        {"sofa" : 1,  "begin" : 298,  "end" : 301 }, 
        {"sofa" : 1,  "begin" : 302,  "end" : 304 }, 
        {"sofa" : 1,  "begin" : 305,  "end" : 306 }, 
        {"sofa" : 1,  "begin" : 307,  "end" : 311 }, 
        {"sofa" : 1,  "begin" : 312,  "end" : 313 }, 
        {"sofa" : 1,  "begin" : 314,  "end" : 316 }, 
        {"sofa" : 1,  "begin" : 317,  "end" : 321 }, 
        {"sofa" : 1,  "begin" : 322,  "end" : 325 }, 
        {"sofa" : 1,  "begin" : 326,  "end" : 333 }, 
        {"sofa" : 1,  "begin" : 334,  "end" : 339 }, 
        {"sofa" : 1,  "begin" : 340,  "end" : 341 }, 
        {"sofa" : 1,  "begin" : 342,  "end" : 347 }, 
        {"sofa" : 1,  "begin" : 348,  "end" : 350 }, 
        {"sofa" : 1,  "begin" : 351,  "end" : 354 }, 
        {"sofa" : 1,  "begin" : 355,  "end" : 360 }, 
        {"sofa" : 1,  "begin" : 361,  "end" : 363 }, 
        {"sofa" : 1,  "begin" : 364,  "end" : 369 }, 
        {"sofa" : 1,  "begin" : 370,  "end" : 371 }, 
        {"sofa" : 1,  "begin" : 372,  "end" : 374 }, 
        {"sofa" : 1,  "begin" : 375,  "end" : 376 }, 
        {"sofa" : 1,  "begin" : 377,  "end" : 384 }, 
        {"sofa" : 1,  "begin" : 385,  "end" : 387 }, 
        {"sofa" : 1,  "begin" : 388,  "end" : 393 }, 
        {"sofa" : 1,  "begin" : 394,  "end" : 400 }, 
        {"sofa" : 1,  "begin" : 401,  "end" : 404 }, 
        {"sofa" : 1,  "begin" : 405,  "end" : 410 }, 
        {"sofa" : 1,  "begin" : 411,  "end" : 413 }, 
        {"sofa" : 1,  "begin" : 414,  "end" : 422 }, 
        {"sofa" : 1,  "begin" : 423,  "end" : 428 }, 
        {"sofa" : 1,  "begin" : 429,  "end" : 430 }, 
        {"sofa" : 1,  "begin" : 431,  "end" : 435 }, 
        {"sofa" : 1,  "begin" : 436,  "end" : 445 }, 
        {"sofa" : 1,  "begin" : 446,  "end" : 449 }, 
        {"sofa" : 1,  "begin" : 450,  "end" : 457 }, 
        {"sofa" : 1,  "begin" : 458,  "end" : 460 }, 
        {"sofa" : 1,  "begin" : 461,  "end" : 465 }, 
        {"sofa" : 1,  "begin" : 466,  "end" : 468 }, 
        {"sofa" : 1,  "begin" : 469,  "end" : 472 }, 
        {"sofa" : 1,  "begin" : 473,  "end" : 476 }, 
        {"sofa" : 1,  "begin" : 477,  "end" : 482 }, 
        {"sofa" : 1,  "begin" : 483,  "end" : 484 }, 
        {"sofa" : 1,  "begin" : 485,  "end" : 488 }, 
        {"sofa" : 1,  "begin" : 489,  "end" : 496 }, 
        {"sofa" : 1,  "begin" : 497,  "end" : 499 }, 
        {"sofa" : 1,  "begin" : 500,  "end" : 507 }, 
        {"sofa" : 1,  "begin" : 508,  "end" : 511 }, 
        {"sofa" : 1,  "begin" : 512,  "end" : 517 }, 
        {"sofa" : 1,  "begin" : 518,  "end" : 524 }, 
        {"sofa" : 1,  "begin" : 525,  "end" : 527 }, 
        {"sofa" : 1,  "begin" : 528,  "end" : 532 }, 
        {"sofa" : 1,  "begin" : 533,  "end" : 539 }, 
        {"sofa" : 1,  "begin" : 540,  "end" : 541 }, 
        {"sofa" : 1,  "begin" : 542,  "end" : 544 }, 
        {"sofa" : 1,  "begin" : 545,  "end" : 549 }, 
        {"sofa" : 1,  "begin" : 550,  "end" : 554 }, 
        {"sofa" : 1,  "begin" : 555,  "end" : 561 }, 
        {"sofa" : 1,  "begin" : 562,  "end" : 565 }, 
        {"sofa" : 1,  "begin" : 566,  "end" : 569 }, 
        {"sofa" : 1,  "begin" : 570,  "end" : 574 }, 
        {"sofa" : 1,  "begin" : 575,  "end" : 577 }, 
        {"sofa" : 1,  "begin" : 578,  "end" : 581 }, 
        {"sofa" : 1,  "begin" : 582,  "end" : 585 }, 
        {"sofa" : 1,  "begin" : 586,  "end" : 587 }, 
        {"sofa" : 1,  "begin" : 588,  "end" : 593 }, 
        {"sofa" : 1,  "begin" : 594,  "end" : 597 }, 
        {"sofa" : 1,  "begin" : 598,  "end" : 599 }, 
        {"sofa" : 1,  "begin" : 600,  "end" : 604 }, 
        {"sofa" : 1,  "begin" : 605,  "end" : 606 }, 
        {"sofa" : 1,  "begin" : 607,  "end" : 610 }, 
        {"sofa" : 1,  "begin" : 611,  "end" : 619 }, 
        {"sofa" : 1,  "begin" : 620,  "end" : 624 }, 
        {"sofa" : 1,  "begin" : 625,  "end" : 626 }, 
        {"sofa" : 1,  "begin" : 627,  "end" : 628 }, 
        {"sofa" : 1,  "begin" : 629,  "end" : 633 }, 
        {"sofa" : 1,  "begin" : 634,  "end" : 636 }, 
        {"sofa" : 1,  "begin" : 637,  "end" : 640 }, 
        {"sofa" : 1,  "begin" : 641,  "end" : 644 }, 
        {"sofa" : 1,  "begin" : 645,  "end" : 646 }, 
        {"sofa" : 1,  "begin" : 647,  "end" : 652 }, 
        {"sofa" : 1,  "begin" : 653,  "end" : 654 }, 
        {"sofa" : 1,  "begin" : 655,  "end" : 659 }, 
        {"sofa" : 1,  "begin" : 660,  "end" : 661 }, 
        {"sofa" : 1,  "begin" : 662,  "end" : 666 }, 
        {"sofa" : 1,  "begin" : 667,  "end" : 673 }, 
        {"sofa" : 1,  "begin" : 674,  "end" : 675 }, 
        {"sofa" : 1,  "begin" : 676,  "end" : 680 }, 
        {"sofa" : 1,  "begin" : 681,  "end" : 684 }, 
        {"sofa" : 1,  "begin" : 685,  "end" : 692 }, 
        {"sofa" : 1,  "begin" : 693,  "end" : 696 }, 
        {"sofa" : 1,  "begin" : 697,  "end" : 702 }, 
        {"sofa" : 1,  "begin" : 703,  "end" : 705 }, 
        {"sofa" : 1,  "begin" : 706,  "end" : 707 }, 
        {"sofa" : 1,  "begin" : 708,  "end" : 713 }, 
        {"sofa" : 1,  "begin" : 714,  "end" : 715 }, 
        {"sofa" : 1,  "begin" : 716,  "end" : 717 } ], 
      "PartsofCause" : [2163,  2141,  2154,  2265,  2239,  2252,  2320,  2329,  2338 ], 
      "TypesofCause" : [
        {"sofa" : 1,  "begin" : 182,  "end" : 213,  "Dependent" : 2163,  "Governor" : 2141,  "TypesofCause" : "Effect" }, 
        {"sofa" : 1,  "begin" : 220,  "end" : 289,  "Dependent" : 2154,  "Governor" : 2141,  "TypesofCause" : "Cause" }, 
        {"sofa" : 1,  "begin" : 489,  "end" : 496,  "Dependent" : 2265,  "Governor" : 2239,  "TypesofCause" : "Effect" }, 
        {"sofa" : 1,  "begin" : 500,  "end" : 539,  "Dependent" : 2252,  "Governor" : 2239,  "TypesofCause" : "Cause" }, 
        {"sofa" : 1,  "begin" : 545,  "end" : 604,  "Dependent" : 2329,  "Governor" : 2320,  "TypesofCause" : "Cause" }, 
        {"sofa" : 1,  "begin" : 607,  "end" : 713,  "Dependent" : 2338,  "Governor" : 2320,  "TypesofCause" : "Effect" } ] } }, 
  "_referenced_fss" : {
    "1" : {"_type" : "Sofa",  "sofaNum" : 1,  "sofaID" : "_InitialView",  "mimeType" : "text",  "sofaString" : "A WOLF once clothed himself in the fleece of a sheep , and being mistaken for one of the flock , got into the fold .\nHe had a chance to make way with as many sheep as he liked ; but his time for doing so was short , for the Shepherd , coming into the fold during the night , discovered him .\nTying him to a tree , he left him hanging there , still in his sheep ’s dress , as a warning to other wolves who might be prowling about .\nSome shepherds who chanced to pass by saw him there , and stopped to inquire why sheep should be thus served .\nAs they came nearer and saw that it was not a sheep but a Wolf , the Shepherd said , “ This is the way I serve a Wolf , even though I find him wearing the habit of a sheep . ”" }, 
    "2163" : {"_type" : "PartsofCause",  "sofa" : 1,  "begin" : 182,  "end" : 213,  "PartsofCause" : "Argument" }, 
    "2141" : {"_type" : "PartsofCause",  "sofa" : 1,  "begin" : 216,  "end" : 219,  "PartsofCause" : "Causing" }, 
    "2154" : {"_type" : "PartsofCause",  "sofa" : 1,  "begin" : 220,  "end" : 289,  "PartsofCause" : "Argument" }, 
    "2265" : {"_type" : "PartsofCause",  "sofa" : 1,  "begin" : 489,  "end" : 496,  "PartsofCause" : "Argument" }, 
    "2239" : {"_type" : "PartsofCause",  "sofa" : 1,  "begin" : 497,  "end" : 499,  "PartsofCause" : "Causing" }, 
    "2252" : {"_type" : "PartsofCause",  "sofa" : 1,  "begin" : 500,  "end" : 539,  "PartsofCause" : "Argument" }, 
    "2329" : {"_type" : "PartsofCause",  "sofa" : 1,  "begin" : 545,  "end" : 604,  "PartsofCause" : "Argument" }, 
    "2320" : {"_type" : "PartsofCause",  "sofa" : 1,  "begin" : 542,  "end" : 544,  "PartsofCause" : "Causing" }, 
    "2338" : {"_type" : "PartsofCause",  "sofa" : 1,  "begin" : 607,  "end" : 713,  "PartsofCause" : "Argument" }, 
    "2415" : {"_type" : "LayerDefinition",  "name" : "webanno.custom.TypesofCause",  "uiName" : "Types of Cause" }, 
    "2397" : {"_type" : "LayerDefinition",  "name" : "webanno.custom.DisjointCausalSpans",  "uiName" : "Disjoint Causal Spans" }, 
    "2408" : {"_type" : "LayerDefinition",  "name" : "webanno.custom.PartsofCause",  "uiName" : "Parts of Cause" } } }