{"_context" : {
    "_types" : {
      "DocumentMetaData" : {
        "_feature_types" : {"sofa" : "_ref" } }, 
      "FeatureDefinition" : {
        "_feature_types" : {"layer" : "_ref" } }, 
      "LayerDefinition" : { }, 
      "PartsofCause" : {
        "_feature_types" : {"sofa" : "_ref" } }, 
      "Sentence" : {
        "_feature_types" : {"sofa" : "_ref" } }, 
      "Sofa" : {
        "_feature_types" : {"sofaArray" : "_ref" } }, 
      "TagsetDescription" : {
        "_feature_types" : {"sofa" : "_ref",  "tags" : "_ref" } }, 
      "Token" : {
        "_feature_types" : {"sofa" : "_ref",  "parent" : "_ref",  "lemma" : "_ref",  "stem" : "_ref",  "pos" : "_ref",  "morph" : "_ref",  "form" : "_ref" } }, 
      "TypesofCause" : {
        "_feature_types" : {"sofa" : "_ref",  "Dependent" : "_ref",  "Governor" : "_ref" } }, 
      "DocumentAnnotation" : {
        "_feature_types" : {"sofa" : "_ref" }, 
        "_subtypes" : ["DocumentMetaData" ] }, 
      "Annotation" : {
        "_feature_types" : {"sofa" : "_ref" }, 
        "_subtypes" : ["DocumentAnnotation",  "PartsofCause",  "Sentence",  "TagsetDescription",  "Token",  "TypesofCause" ] }, 
      "AnnotationBase" : {
        "_feature_types" : {"sofa" : "_ref" }, 
        "_subtypes" : ["Annotation" ] }, 
      "TOP" : {
        "_subtypes" : ["AnnotationBase",  "FeatureDefinition",  "LayerDefinition",  "Sofa" ] } } }, 
  "_views" : {
    "_InitialView" : {
      "FeatureDefinition" : [
        {"layer" : 1904,  "name" : "referenceRelation",  "uiName" : "Reference Relation" }, 
        {"layer" : 1904,  "name" : "referenceType",  "uiName" : "Reference Type" }, 
        {"layer" : 1915,  "name" : "PartsofCause",  "uiName" : "Parts of Cause" }, 
        {"layer" : 1922,  "name" : "TypesofCause",  "uiName" : "Types of Cause" } ], 
      "LayerDefinition" : [1904,  1915,  1922 ], 
      "DocumentMetaData" : [
        {"sofa" : 1,  "end" : 505,  "language" : "x-unspecified",  "documentTitle" : "reddit-050.txt",  "documentId" : "AYC",  "documentUri" : "file:/srv/inception/repository/project/2/document/2452/source/AYC",  "collectionId" : "file:/srv/inception/repository/project/2/document/2452/source/",  "documentBaseUri" : "file:/srv/inception/repository/project/2/document/2452/source/",  "isLastSegment" : false } ], 
      "TagsetDescription" : [
        {"sofa" : 1,  "layer" : "webanno.custom.PartsofCause",  "name" : "Parts of Cause",  "input" : false }, 
        {"sofa" : 1,  "layer" : "webanno.custom.TypesofCause",  "name" : "Causal Relations",  "input" : false } ], 
      "Sentence" : [
        {"sofa" : 1,  "end" : 10 }, 
        {"sofa" : 1,  "begin" : 11,  "end" : 75 }, 
        {"sofa" : 1,  "begin" : 76,  "end" : 111 }, 
        {"sofa" : 1,  "begin" : 112,  "end" : 241 }, 
        {"sofa" : 1,  "begin" : 242,  "end" : 360 }, 
        {"sofa" : 1,  "begin" : 361,  "end" : 366 }, 
        {"sofa" : 1,  "begin" : 367,  "end" : 505 } ], 
      "Token" : [
        {"sofa" : 1,  "end" : 2 }, 
        {"sofa" : 1,  "begin" : 3,  "end" : 5 }, 
        {"sofa" : 1,  "begin" : 6,  "end" : 8 }, 
        {"sofa" : 1,  "begin" : 9,  "end" : 10 }, 
        {"sofa" : 1,  "begin" : 11,  "end" : 13 }, 
        {"sofa" : 1,  "begin" : 14,  "end" : 20 }, 
        {"sofa" : 1,  "begin" : 21,  "end" : 25 }, 
        {"sofa" : 1,  "begin" : 26,  "end" : 29 }, 
        {"sofa" : 1,  "begin" : 30,  "end" : 33 }, 
        {"sofa" : 1,  "begin" : 34,  "end" : 37 }, 
        {"sofa" : 1,  "begin" : 38,  "end" : 41 }, 
        {"sofa" : 1,  "begin" : 42,  "end" : 43 }, 
        {"sofa" : 1,  "begin" : 44,  "end" : 46 }, 
        {"sofa" : 1,  "begin" : 47,  "end" : 50 }, 
        {"sofa" : 1,  "begin" : 51,  "end" : 55 }, 
        {"sofa" : 1,  "begin" : 56,  "end" : 58 }, 
        {"sofa" : 1,  "begin" : 59,  "end" : 66 }, 
        {"sofa" : 1,  "begin" : 67,  "end" : 73 }, 
        {"sofa" : 1,  "begin" : 74,  "end" : 75 }, 
        {"sofa" : 1,  "begin" : 76,  "end" : 78 }, 
        {"sofa" : 1,  "begin" : 79,  "end" : 82 }, 
        {"sofa" : 1,  "begin" : 83,  "end" : 85 }, 
        {"sofa" : 1,  "begin" : 86,  "end" : 89 }, 
        {"sofa" : 1,  "begin" : 90,  "end" : 93 }, 
        {"sofa" : 1,  "begin" : 94,  "end" : 96 }, 
        {"sofa" : 1,  "begin" : 97,  "end" : 101 }, 
        {"sofa" : 1,  "begin" : 102,  "end" : 105 }, 
        {"sofa" : 1,  "begin" : 106,  "end" : 109 }, 
        {"sofa" : 1,  "begin" : 110,  "end" : 111 }, 
        {"sofa" : 1,  "begin" : 112,  "end" : 114 }, 
        {"sofa" : 1,  "begin" : 115,  "end" : 118 }, 
        {"sofa" : 1,  "begin" : 119,  "end" : 124 }, 
        {"sofa" : 1,  "begin" : 125,  "end" : 128 }, 
        {"sofa" : 1,  "begin" : 129,  "end" : 132 }, 
        {"sofa" : 1,  "begin" : 133,  "end" : 135 }, 
        {"sofa" : 1,  "begin" : 136,  "end" : 138 }, 
        {"sofa" : 1,  "begin" : 139,  "end" : 141 }, 
        {"sofa" : 1,  "begin" : 142,  "end" : 146 }, 
        {"sofa" : 1,  "begin" : 147,  "end" : 150 }, 
        {"sofa" : 1,  "begin" : 151,  "end" : 153 }, 
        {"sofa" : 1,  "begin" : 154,  "end" : 157 }, 
        {"sofa" : 1,  "begin" : 158,  "end" : 160 }, 
        {"sofa" : 1,  "begin" : 161,  "end" : 163 }, 
        {"sofa" : 1,  "begin" : 164,  "end" : 168 }, 
        {"sofa" : 1,  "begin" : 169,  "end" : 174 }, 
        {"sofa" : 1,  "begin" : 175,  "end" : 180 }, 
        {"sofa" : 1,  "begin" : 181,  "end" : 183 }, 
        {"sofa" : 1,  "begin" : 184,  "end" : 186 }, 
        {"sofa" : 1,  "begin" : 187,  "end" : 188 }, 
        {"sofa" : 1,  "begin" : 189,  "end" : 193 }, 
        {"sofa" : 1,  "begin" : 194,  "end" : 196 }, 
        {"sofa" : 1,  "begin" : 197,  "end" : 200 }, 
        {"sofa" : 1,  "begin" : 201,  "end" : 203 }, 
        {"sofa" : 1,  "begin" : 204,  "end" : 210 }, 
        {"sofa" : 1,  "begin" : 211,  "end" : 212 }, 
        {"sofa" : 1,  "begin" : 213,  "end" : 217 }, 
        {"sofa" : 1,  "begin" : 218,  "end" : 220 }, 
        {"sofa" : 1,  "begin" : 221,  "end" : 224 }, 
        {"sofa" : 1,  "begin" : 225,  "end" : 230 }, 
        {"sofa" : 1,  "begin" : 231,  "end" : 235 }, 
        {"sofa" : 1,  "begin" : 236,  "end" : 239 }, 
        {"sofa" : 1,  "begin" : 240,  "end" : 241 }, 
        {"sofa" : 1,  "begin" : 242,  "end" : 244 }, 
        {"sofa" : 1,  "begin" : 245,  "end" : 253 }, 
        {"sofa" : 1,  "begin" : 254,  "end" : 261 }, 
        {"sofa" : 1,  "begin" : 262,  "end" : 264 }, 
        {"sofa" : 1,  "begin" : 265,  "end" : 268 }, 
        {"sofa" : 1,  "begin" : 269,  "end" : 273 }, 
        {"sofa" : 1,  "begin" : 274,  "end" : 279 }, 
        {"sofa" : 1,  "begin" : 280,  "end" : 285 }, 
        {"sofa" : 1,  "begin" : 286,  "end" : 288 }, 
        {"sofa" : 1,  "begin" : 289,  "end" : 291 }, 
        {"sofa" : 1,  "begin" : 292,  "end" : 293 }, 
        {"sofa" : 1,  "begin" : 294,  "end" : 296 }, 
        {"sofa" : 1,  "begin" : 297,  "end" : 299 }, 
        {"sofa" : 1,  "begin" : 300,  "end" : 305 }, 
        {"sofa" : 1,  "begin" : 306,  "end" : 307 }, 
        {"sofa" : 1,  "begin" : 308,  "end" : 312 }, 
        {"sofa" : 1,  "begin" : 313,  "end" : 314 }, 
        {"sofa" : 1,  "begin" : 315,  "end" : 319 }, 
        {"sofa" : 1,  "begin" : 320,  "end" : 324 }, 
        {"sofa" : 1,  "begin" : 325,  "end" : 330 }, 
        {"sofa" : 1,  "begin" : 331,  "end" : 333 }, 
        {"sofa" : 1,  "begin" : 334,  "end" : 340 }, 
        {"sofa" : 1,  "begin" : 341,  "end" : 343 }, 
        {"sofa" : 1,  "begin" : 344,  "end" : 350 }, 
        {"sofa" : 1,  "begin" : 351,  "end" : 352 }, 
        {"sofa" : 1,  "begin" : 353,  "end" : 358 }, 
        {"sofa" : 1,  "begin" : 359,  "end" : 360 }, 
        {"sofa" : 1,  "begin" : 361,  "end" : 364 }, 
        {"sofa" : 1,  "begin" : 365,  "end" : 366 }, 
        {"sofa" : 1,  "begin" : 367,  "end" : 371 }, 
        {"sofa" : 1,  "begin" : 372,  "end" : 380 }, 
        {"sofa" : 1,  "begin" : 381,  "end" : 383 }, 
        {"sofa" : 1,  "begin" : 384,  "end" : 392 }, 
        {"sofa" : 1,  "begin" : 393,  "end" : 398 }, 
        {"sofa" : 1,  "begin" : 399,  "end" : 401 }, 
        {"sofa" : 1,  "begin" : 402,  "end" : 409 }, 
        {"sofa" : 1,  "begin" : 410,  "end" : 412 }, 
        {"sofa" : 1,  "begin" : 413,  "end" : 415 }, 
        {"sofa" : 1,  "begin" : 416,  "end" : 418 }, 
        {"sofa" : 1,  "begin" : 419,  "end" : 421 }, 
        {"sofa" : 1,  "begin" : 422,  "end" : 429 }, 
        {"sofa" : 1,  "begin" : 430,  "end" : 436 }, 
        {"sofa" : 1,  "begin" : 437,  "end" : 439 }, 
        {"sofa" : 1,  "begin" : 440,  "end" : 446 }, 
        {"sofa" : 1,  "begin" : 447,  "end" : 450 }, 
        {"sofa" : 1,  "begin" : 451,  "end" : 456 }, 
        {"sofa" : 1,  "begin" : 457,  "end" : 463 }, 
        {"sofa" : 1,  "begin" : 464,  "end" : 465 }, 
        {"sofa" : 1,  "begin" : 466,  "end" : 469 }, 
        {"sofa" : 1,  "begin" : 470,  "end" : 475 }, 
        {"sofa" : 1,  "begin" : 476,  "end" : 481 }, 
        {"sofa" : 1,  "begin" : 482,  "end" : 490 }, 
        {"sofa" : 1,  "begin" : 491,  "end" : 502 }, 
        {"sofa" : 1,  "begin" : 503,  "end" : 505 } ], 
      "PartsofCause" : [1656,  1600,  1566,  1579,  1643,  1669,  1712,  1725,  1738,  1836,  1797,  1853 ], 
      "TypesofCause" : [
        {"sofa" : 1,  "begin" : 112,  "end" : 180,  "Dependent" : 1656,  "Governor" : 1643,  "TypesofCause" : "Cause" }, 
        {"sofa" : 1,  "begin" : 112,  "end" : 132,  "Dependent" : 1600,  "Governor" : 1566,  "TypesofCause" : "Cause" }, 
        {"sofa" : 1,  "begin" : 136,  "end" : 146,  "Dependent" : 1579,  "Governor" : 1566,  "TypesofCause" : "Effect" }, 
        {"sofa" : 1,  "begin" : 184,  "end" : 239,  "Dependent" : 1669,  "Governor" : 1643,  "TypesofCause" : "Effect" }, 
        {"sofa" : 1,  "begin" : 187,  "end" : 210,  "Dependent" : 1725,  "Governor" : 1712,  "TypesofCause" : "Cause" }, 
        {"sofa" : 1,  "begin" : 211,  "end" : 239,  "Dependent" : 1738,  "Governor" : 1712,  "TypesofCause" : "Effect" }, 
        {"sofa" : 1,  "begin" : 242,  "end" : 291,  "Dependent" : 1836,  "Governor" : 1797,  "TypesofCause" : "Cause" }, 
        {"sofa" : 1,  "begin" : 297,  "end" : 358,  "Dependent" : 1853,  "Governor" : 1797,  "TypesofCause" : "Effect" } ] } }, 
  "_referenced_fss" : {
    "1" : {"_type" : "Sofa",  "sofaNum" : 1,  "sofaID" : "_InitialView",  "mimeType" : "text",  "sofaString" : "It 's me .\nMy family only has one car and I do n't have my license anyway .\nMy mom wo n't let me take the bus .\nMy dad needs the car to go to work and he has to go work super early so if I want to get to campus I have to tag along with him .\nMy earliest classes do n't even start until 10 am , so at least I have a nice four hours to myself on campus I guess .\nYep .\nThis semester is probably going to include an ~~ un ~~ healthy amount of coffee and other dubius , but still legal caffeine supplements \uD83D\uDE43" }, 
    "1656" : {"_type" : "PartsofCause",  "sofa" : 1,  "begin" : 112,  "end" : 180,  "PartsofCause" : "Argument" }, 
    "1643" : {"_type" : "PartsofCause",  "sofa" : 1,  "begin" : 181,  "end" : 183,  "PartsofCause" : "Causing" }, 
    "1600" : {"_type" : "PartsofCause",  "sofa" : 1,  "begin" : 112,  "end" : 132,  "PartsofCause" : "Argument" }, 
    "1566" : {"_type" : "PartsofCause",  "sofa" : 1,  "begin" : 133,  "end" : 135,  "PartsofCause" : "Enabling" }, 
    "1579" : {"_type" : "PartsofCause",  "sofa" : 1,  "begin" : 136,  "end" : 146,  "PartsofCause" : "Argument" }, 
    "1669" : {"_type" : "PartsofCause",  "sofa" : 1,  "begin" : 184,  "end" : 239,  "PartsofCause" : "Argument" }, 
    "1725" : {"_type" : "PartsofCause",  "sofa" : 1,  "begin" : 187,  "end" : 210,  "PartsofCause" : "Argument" }, 
    "1712" : {"_type" : "PartsofCause",  "sofa" : 1,  "begin" : 184,  "end" : 186,  "PartsofCause" : "Causing" }, 
    "1738" : {"_type" : "PartsofCause",  "sofa" : 1,  "begin" : 211,  "end" : 239,  "PartsofCause" : "Argument" }, 
    "1836" : {"_type" : "PartsofCause",  "sofa" : 1,  "begin" : 242,  "end" : 291 }, 
    "1797" : {"_type" : "PartsofCause",  "sofa" : 1,  "begin" : 294,  "end" : 296,  "PartsofCause" : "Causing" }, 
    "1853" : {"_type" : "PartsofCause",  "sofa" : 1,  "begin" : 297,  "end" : 358,  "PartsofCause" : "Argument" }, 
    "1915" : {"_type" : "LayerDefinition",  "name" : "webanno.custom.PartsofCause",  "uiName" : "Parts of Cause" }, 
    "1904" : {"_type" : "LayerDefinition",  "name" : "webanno.custom.DisjointCausalSpans",  "uiName" : "Disjoint Causal Spans" }, 
    "1922" : {"_type" : "LayerDefinition",  "name" : "webanno.custom.TypesofCause",  "uiName" : "Types of Cause" } } }