{"_context" : {
    "_types" : {
      "DocumentMetaData" : {
        "_feature_types" : {"sofa" : "_ref" } }, 
      "FeatureDefinition" : {
        "_feature_types" : {"layer" : "_ref" } }, 
      "LayerDefinition" : { }, 
      "PartsofCause" : {
        "_feature_types" : {"sofa" : "_ref" } }, 
      "Sentence" : {
        "_feature_types" : {"sofa" : "_ref" } }, 
      "Sofa" : {
        "_feature_types" : {"sofaArray" : "_ref" } }, 
      "TagsetDescription" : {
        "_feature_types" : {"sofa" : "_ref",  "tags" : "_ref" } }, 
      "Token" : {
        "_feature_types" : {"sofa" : "_ref",  "parent" : "_ref",  "lemma" : "_ref",  "stem" : "_ref",  "pos" : "_ref",  "morph" : "_ref",  "form" : "_ref" } }, 
      "TypesofCause" : {
        "_feature_types" : {"sofa" : "_ref",  "Dependent" : "_ref",  "Governor" : "_ref" } }, 
      "DocumentAnnotation" : {
        "_feature_types" : {"sofa" : "_ref" }, 
        "_subtypes" : ["DocumentMetaData" ] }, 
      "Annotation" : {
        "_feature_types" : {"sofa" : "_ref" }, 
        "_subtypes" : ["DocumentAnnotation",  "PartsofCause",  "Sentence",  "TagsetDescription",  "Token",  "TypesofCause" ] }, 
      "AnnotationBase" : {
        "_feature_types" : {"sofa" : "_ref" }, 
        "_subtypes" : ["Annotation" ] }, 
      "TOP" : {
        "_subtypes" : ["AnnotationBase",  "FeatureDefinition",  "LayerDefinition",  "Sofa" ] } } }, 
  "_views" : {
    "_InitialView" : {
      "FeatureDefinition" : [
        {"layer" : 1748,  "name" : "referenceRelation",  "uiName" : "Reference Relation" }, 
        {"layer" : 1748,  "name" : "referenceType",  "uiName" : "Reference Type" }, 
        {"layer" : 1759,  "name" : "PartsofCause",  "uiName" : "Parts of Cause" }, 
        {"layer" : 1766,  "name" : "TypesofCause",  "uiName" : "Types of Cause" } ], 
      "LayerDefinition" : [1748,  1759,  1766 ], 
      "DocumentMetaData" : [
        {"sofa" : 1,  "end" : 500,  "language" : "x-unspecified",  "documentTitle" : "fable-10.txt",  "documentId" : "AYC",  "documentUri" : "file:/srv/inception/repository/project/2/document/2312/source/AYC",  "collectionId" : "file:/srv/inception/repository/project/2/document/2312/source/",  "documentBaseUri" : "file:/srv/inception/repository/project/2/document/2312/source/",  "isLastSegment" : false } ], 
      "TagsetDescription" : [
        {"sofa" : 1,  "layer" : "webanno.custom.PartsofCause",  "name" : "Parts of Cause",  "input" : false }, 
        {"sofa" : 1,  "layer" : "webanno.custom.TypesofCause",  "name" : "Causal Relations",  "input" : false } ], 
      "Sentence" : [
        {"sofa" : 1,  "end" : 119 }, 
        {"sofa" : 1,  "begin" : 120,  "end" : 221 }, 
        {"sofa" : 1,  "begin" : 222,  "end" : 342 }, 
        {"sofa" : 1,  "begin" : 343,  "end" : 462 }, 
        {"sofa" : 1,  "begin" : 463,  "end" : 500 } ], 
      "Token" : [
        {"sofa" : 1,  "end" : 4 }, 
        {"sofa" : 1,  "begin" : 5,  "end" : 9 }, 
        {"sofa" : 1,  "begin" : 10,  "end" : 11 }, 
        {"sofa" : 1,  "begin" : 12,  "end" : 16 }, 
        {"sofa" : 1,  "begin" : 17,  "end" : 18 }, 
        {"sofa" : 1,  "begin" : 19,  "end" : 22 }, 
        {"sofa" : 1,  "begin" : 23,  "end" : 27 }, 
        {"sofa" : 1,  "begin" : 28,  "end" : 30 }, 
        {"sofa" : 1,  "begin" : 31,  "end" : 32 }, 
        {"sofa" : 1,  "begin" : 33,  "end" : 39 }, 
        {"sofa" : 1,  "begin" : 40,  "end" : 42 }, 
        {"sofa" : 1,  "begin" : 43,  "end" : 46 }, 
        {"sofa" : 1,  "begin" : 47,  "end" : 50 }, 
        {"sofa" : 1,  "begin" : 51,  "end" : 56 }, 
        {"sofa" : 1,  "begin" : 57,  "end" : 59 }, 
        {"sofa" : 1,  "begin" : 60,  "end" : 64 }, 
        {"sofa" : 1,  "begin" : 65,  "end" : 70 }, 
        {"sofa" : 1,  "begin" : 71,  "end" : 75 }, 
        {"sofa" : 1,  "begin" : 76,  "end" : 79 }, 
        {"sofa" : 1,  "begin" : 80,  "end" : 84 }, 
        {"sofa" : 1,  "begin" : 85,  "end" : 89 }, 
        {"sofa" : 1,  "begin" : 90,  "end" : 92 }, 
        {"sofa" : 1,  "begin" : 93,  "end" : 97 }, 
        {"sofa" : 1,  "begin" : 98,  "end" : 99 }, 
        {"sofa" : 1,  "begin" : 100,  "end" : 106 }, 
        {"sofa" : 1,  "begin" : 107,  "end" : 110 }, 
        {"sofa" : 1,  "begin" : 111,  "end" : 114 }, 
        {"sofa" : 1,  "begin" : 115,  "end" : 117 }, 
        {"sofa" : 1,  "begin" : 118,  "end" : 119 }, 
        {"sofa" : 1,  "begin" : 120,  "end" : 123 }, 
        {"sofa" : 1,  "begin" : 124,  "end" : 129 }, 
        {"sofa" : 1,  "begin" : 130,  "end" : 137 }, 
        {"sofa" : 1,  "begin" : 138,  "end" : 142 }, 
        {"sofa" : 1,  "begin" : 143,  "end" : 146 }, 
        {"sofa" : 1,  "begin" : 147,  "end" : 151 }, 
        {"sofa" : 1,  "begin" : 152,  "end" : 158 }, 
        {"sofa" : 1,  "begin" : 159,  "end" : 161 }, 
        {"sofa" : 1,  "begin" : 162,  "end" : 165 }, 
        {"sofa" : 1,  "begin" : 166,  "end" : 168 }, 
        {"sofa" : 1,  "begin" : 169,  "end" : 173 }, 
        {"sofa" : 1,  "begin" : 174,  "end" : 175 }, 
        {"sofa" : 1,  "begin" : 176,  "end" : 179 }, 
        {"sofa" : 1,  "begin" : 180,  "end" : 184 }, 
        {"sofa" : 1,  "begin" : 185,  "end" : 189 }, 
        {"sofa" : 1,  "begin" : 190,  "end" : 193 }, 
        {"sofa" : 1,  "begin" : 194,  "end" : 195 }, 
        {"sofa" : 1,  "begin" : 196,  "end" : 200 }, 
        {"sofa" : 1,  "begin" : 201,  "end" : 206 }, 
        {"sofa" : 1,  "begin" : 207,  "end" : 209 }, 
        {"sofa" : 1,  "begin" : 210,  "end" : 214 }, 
        {"sofa" : 1,  "begin" : 215,  "end" : 219 }, 
        {"sofa" : 1,  "begin" : 220,  "end" : 221 }, 
        {"sofa" : 1,  "begin" : 222,  "end" : 225 }, 
        {"sofa" : 1,  "begin" : 226,  "end" : 228 }, 
        {"sofa" : 1,  "begin" : 229,  "end" : 233 }, 
        {"sofa" : 1,  "begin" : 234,  "end" : 236 }, 
        {"sofa" : 1,  "begin" : 237,  "end" : 240 }, 
        {"sofa" : 1,  "begin" : 241,  "end" : 244 }, 
        {"sofa" : 1,  "begin" : 245,  "end" : 248 }, 
        {"sofa" : 1,  "begin" : 249,  "end" : 255 }, 
        {"sofa" : 1,  "begin" : 256,  "end" : 259 }, 
        {"sofa" : 1,  "begin" : 260,  "end" : 266 }, 
        {"sofa" : 1,  "begin" : 267,  "end" : 269 }, 
        {"sofa" : 1,  "begin" : 270,  "end" : 273 }, 
        {"sofa" : 1,  "begin" : 274,  "end" : 276 }, 
        {"sofa" : 1,  "begin" : 277,  "end" : 278 }, 
        {"sofa" : 1,  "begin" : 279,  "end" : 281 }, 
        {"sofa" : 1,  "begin" : 282,  "end" : 286 }, 
        {"sofa" : 1,  "begin" : 287,  "end" : 289 }, 
        {"sofa" : 1,  "begin" : 290,  "end" : 294 }, 
        {"sofa" : 1,  "begin" : 295,  "end" : 297 }, 
        {"sofa" : 1,  "begin" : 298,  "end" : 302 }, 
        {"sofa" : 1,  "begin" : 303,  "end" : 307 }, 
        {"sofa" : 1,  "begin" : 308,  "end" : 311 }, 
        {"sofa" : 1,  "begin" : 312,  "end" : 315 }, 
        {"sofa" : 1,  "begin" : 316,  "end" : 320 }, 
        {"sofa" : 1,  "begin" : 321,  "end" : 326 }, 
        {"sofa" : 1,  "begin" : 327,  "end" : 329 }, 
        {"sofa" : 1,  "begin" : 330,  "end" : 333 }, 
        {"sofa" : 1,  "begin" : 334,  "end" : 340 }, 
        {"sofa" : 1,  "begin" : 341,  "end" : 342 }, 
        {"sofa" : 1,  "begin" : 343,  "end" : 345 }, 
        {"sofa" : 1,  "begin" : 346,  "end" : 350 }, 
        {"sofa" : 1,  "begin" : 351,  "end" : 355 }, 
        {"sofa" : 1,  "begin" : 356,  "end" : 364 }, 
        {"sofa" : 1,  "begin" : 365,  "end" : 368 }, 
        {"sofa" : 1,  "begin" : 369,  "end" : 377 }, 
        {"sofa" : 1,  "begin" : 378,  "end" : 380 }, 
        {"sofa" : 1,  "begin" : 381,  "end" : 384 }, 
        {"sofa" : 1,  "begin" : 385,  "end" : 391 }, 
        {"sofa" : 1,  "begin" : 392,  "end" : 393 }, 
        {"sofa" : 1,  "begin" : 394,  "end" : 398 }, 
        {"sofa" : 1,  "begin" : 399,  "end" : 403 }, 
        {"sofa" : 1,  "begin" : 404,  "end" : 414 }, 
        {"sofa" : 1,  "begin" : 415,  "end" : 418 }, 
        {"sofa" : 1,  "begin" : 419,  "end" : 421 }, 
        {"sofa" : 1,  "begin" : 422,  "end" : 429 }, 
        {"sofa" : 1,  "begin" : 430,  "end" : 431 }, 
        {"sofa" : 1,  "begin" : 432,  "end" : 433 }, 
        {"sofa" : 1,  "begin" : 434,  "end" : 437 }, 
        {"sofa" : 1,  "begin" : 438,  "end" : 446 }, 
        {"sofa" : 1,  "begin" : 447,  "end" : 450 }, 
        {"sofa" : 1,  "begin" : 451,  "end" : 460 }, 
        {"sofa" : 1,  "begin" : 461,  "end" : 462 }, 
        {"sofa" : 1,  "begin" : 463,  "end" : 465 }, 
        {"sofa" : 1,  "begin" : 466,  "end" : 472 }, 
        {"sofa" : 1,  "begin" : 473,  "end" : 476 }, 
        {"sofa" : 1,  "begin" : 477,  "end" : 480 }, 
        {"sofa" : 1,  "begin" : 481,  "end" : 484 }, 
        {"sofa" : 1,  "begin" : 485,  "end" : 496 }, 
        {"sofa" : 1,  "begin" : 497,  "end" : 498 }, 
        {"sofa" : 1,  "begin" : 499,  "end" : 500 } ], 
      "PartsofCause" : [1530,  1504,  1517,  1688,  1573,  1594,  1649,  1607,  1620 ], 
      "TypesofCause" : [
        {"sofa" : 1,  "begin" : 17,  "end" : 39,  "Dependent" : 1530,  "Governor" : 1504,  "TypesofCause" : "Effect" }, 
        {"sofa" : 1,  "begin" : 43,  "end" : 117,  "Dependent" : 1517,  "Governor" : 1504,  "TypesofCause" : "Cause" }, 
        {"sofa" : 1,  "begin" : 60,  "end" : 89,  "Dependent" : 1688,  "Governor" : 1573,  "TypesofCause" : "Effect" }, 
        {"sofa" : 1,  "begin" : 93,  "end" : 117,  "Dependent" : 1594,  "Governor" : 1573,  "TypesofCause" : "Cause" }, 
        {"sofa" : 1,  "begin" : 463,  "end" : 472,  "Dependent" : 1649,  "Governor" : 1607,  "TypesofCause" : "Effect" }, 
        {"sofa" : 1,  "begin" : 477,  "end" : 496,  "Dependent" : 1620,  "Governor" : 1607,  "TypesofCause" : "Cause" } ] } }, 
  "_referenced_fss" : {
    "1" : {"_type" : "Sofa",  "sofaNum" : 1,  "sofaID" : "_InitialView",  "mimeType" : "text",  "sofaString" : "ONCE upon a time a man came to a forest to ask the Trees if they would give him some wood to make a handle for his Ax .\nThe Trees thought this was very little to ask of them , and they gave him a good piece of hard wood .\nBut as soon as the man had fitted the handle to his Ax , he went to work to chop down all the best Trees in the forest .\nAs they fell groaning and crashing to the ground , they said mournfully one to another , “ Our kindness was misplaced .\nWe suffer for our own foolishness . ”" }, 
    "1530" : {"_type" : "PartsofCause",  "sofa" : 1,  "begin" : 17,  "end" : 39,  "PartsofCause" : "Argument" }, 
    "1504" : {"_type" : "PartsofCause",  "sofa" : 1,  "begin" : 40,  "end" : 42,  "PartsofCause" : "Causing" }, 
    "1517" : {"_type" : "PartsofCause",  "sofa" : 1,  "begin" : 43,  "end" : 117,  "PartsofCause" : "Argument" }, 
    "1688" : {"_type" : "PartsofCause",  "sofa" : 1,  "begin" : 60,  "end" : 89,  "PartsofCause" : "Argument" }, 
    "1573" : {"_type" : "PartsofCause",  "sofa" : 1,  "begin" : 90,  "end" : 92,  "PartsofCause" : "Causing" }, 
    "1594" : {"_type" : "PartsofCause",  "sofa" : 1,  "begin" : 93,  "end" : 117,  "PartsofCause" : "Argument" }, 
    "1649" : {"_type" : "PartsofCause",  "sofa" : 1,  "begin" : 463,  "end" : 472,  "PartsofCause" : "Argument" }, 
    "1607" : {"_type" : "PartsofCause",  "sofa" : 1,  "begin" : 473,  "end" : 476,  "PartsofCause" : "Causing" }, 
    "1620" : {"_type" : "PartsofCause",  "sofa" : 1,  "begin" : 477,  "end" : 496,  "PartsofCause" : "Argument" }, 
    "1759" : {"_type" : "LayerDefinition",  "name" : "webanno.custom.PartsofCause",  "uiName" : "Parts of Cause" }, 
    "1748" : {"_type" : "LayerDefinition",  "name" : "webanno.custom.DisjointCausalSpans",  "uiName" : "Disjoint Causal Spans" }, 
    "1766" : {"_type" : "LayerDefinition",  "name" : "webanno.custom.TypesofCause",  "uiName" : "Types of Cause" } } }