{"_context" : {
    "_types" : {
      "DocumentMetaData" : {
        "_feature_types" : {"sofa" : "_ref" } }, 
      "FeatureDefinition" : {
        "_feature_types" : {"layer" : "_ref" } }, 
      "LayerDefinition" : { }, 
      "PartsofCause" : {
        "_feature_types" : {"sofa" : "_ref" } }, 
      "Sentence" : {
        "_feature_types" : {"sofa" : "_ref" } }, 
      "Sofa" : {
        "_feature_types" : {"sofaArray" : "_ref" } }, 
      "TagsetDescription" : {
        "_feature_types" : {"sofa" : "_ref",  "tags" : "_ref" } }, 
      "Token" : {
        "_feature_types" : {"sofa" : "_ref",  "parent" : "_ref",  "lemma" : "_ref",  "stem" : "_ref",  "pos" : "_ref",  "morph" : "_ref",  "form" : "_ref" } }, 
      "TypesofCause" : {
        "_feature_types" : {"sofa" : "_ref",  "Dependent" : "_ref",  "Governor" : "_ref" } }, 
      "DocumentAnnotation" : {
        "_feature_types" : {"sofa" : "_ref" }, 
        "_subtypes" : ["DocumentMetaData" ] }, 
      "Annotation" : {
        "_feature_types" : {"sofa" : "_ref" }, 
        "_subtypes" : ["DocumentAnnotation",  "PartsofCause",  "Sentence",  "TagsetDescription",  "Token",  "TypesofCause" ] }, 
      "AnnotationBase" : {
        "_feature_types" : {"sofa" : "_ref" }, 
        "_subtypes" : ["Annotation" ] }, 
      "TOP" : {
        "_subtypes" : ["AnnotationBase",  "FeatureDefinition",  "LayerDefinition",  "Sofa" ] } } }, 
  "_views" : {
    "_InitialView" : {
      "FeatureDefinition" : [
        {"layer" : 2106,  "name" : "referenceRelation",  "uiName" : "Reference Relation" }, 
        {"layer" : 2106,  "name" : "referenceType",  "uiName" : "Reference Type" }, 
        {"layer" : 2117,  "name" : "PartsofCause",  "uiName" : "Parts of Cause" }, 
        {"layer" : 2124,  "name" : "TypesofCause",  "uiName" : "Types of Cause" } ], 
      "LayerDefinition" : [2106,  2117,  2124 ], 
      "DocumentMetaData" : [
        {"sofa" : 1,  "end" : 768,  "language" : "x-unspecified",  "documentTitle" : "cnn-30.txt",  "documentId" : "AYC",  "documentUri" : "file:/srv/inception/repository/project/2/document/2382/source/AYC",  "collectionId" : "file:/srv/inception/repository/project/2/document/2382/source/",  "documentBaseUri" : "file:/srv/inception/repository/project/2/document/2382/source/",  "isLastSegment" : false } ], 
      "TagsetDescription" : [
        {"sofa" : 1,  "layer" : "webanno.custom.PartsofCause",  "name" : "Parts of Cause",  "input" : false }, 
        {"sofa" : 1,  "layer" : "webanno.custom.TypesofCause",  "name" : "Causal Relations",  "input" : false } ], 
      "Sentence" : [
        {"sofa" : 1,  "end" : 321 }, 
        {"sofa" : 1,  "begin" : 322,  "end" : 367 }, 
        {"sofa" : 1,  "begin" : 368,  "end" : 602 }, 
        {"sofa" : 1,  "begin" : 603,  "end" : 706 }, 
        {"sofa" : 1,  "begin" : 707,  "end" : 768 } ], 
      "Token" : [
        {"sofa" : 1,  "end" : 1 }, 
        {"sofa" : 1,  "begin" : 2,  "end" : 5 }, 
        {"sofa" : 1,  "begin" : 6,  "end" : 15 }, 
        {"sofa" : 1,  "begin" : 16,  "end" : 20 }, 
        {"sofa" : 1,  "begin" : 21,  "end" : 25 }, 
        {"sofa" : 1,  "begin" : 26,  "end" : 36 }, 
        {"sofa" : 1,  "begin" : 37,  "end" : 42 }, 
        {"sofa" : 1,  "begin" : 43,  "end" : 45 }, 
        {"sofa" : 1,  "begin" : 46,  "end" : 52 }, 
        {"sofa" : 1,  "begin" : 53,  "end" : 58 }, 
        {"sofa" : 1,  "begin" : 59,  "end" : 67 }, 
        {"sofa" : 1,  "begin" : 68,  "end" : 74 }, 
        {"sofa" : 1,  "begin" : 75,  "end" : 76 }, 
        {"sofa" : 1,  "begin" : 77,  "end" : 81 }, 
        {"sofa" : 1,  "begin" : 82,  "end" : 86 }, 
        {"sofa" : 1,  "begin" : 87,  "end" : 93 }, 
        {"sofa" : 1,  "begin" : 94,  "end" : 99 }, 
        {"sofa" : 1,  "begin" : 100,  "end" : 101 }, 
        {"sofa" : 1,  "begin" : 102,  "end" : 108 }, 
        {"sofa" : 1,  "begin" : 109,  "end" : 117 }, 
        {"sofa" : 1,  "begin" : 118,  "end" : 120 }, 
        {"sofa" : 1,  "begin" : 121,  "end" : 131 }, 
        {"sofa" : 1,  "begin" : 132,  "end" : 134 }, 
        {"sofa" : 1,  "begin" : 135,  "end" : 138 }, 
        {"sofa" : 1,  "begin" : 139,  "end" : 145 }, 
        {"sofa" : 1,  "begin" : 146,  "end" : 148 }, 
        {"sofa" : 1,  "begin" : 149,  "end" : 156 }, 
        {"sofa" : 1,  "begin" : 157,  "end" : 159 }, 
        {"sofa" : 1,  "begin" : 160,  "end" : 164 }, 
        {"sofa" : 1,  "begin" : 165,  "end" : 168 }, 
        {"sofa" : 1,  "begin" : 169,  "end" : 173 }, 
        {"sofa" : 1,  "begin" : 174,  "end" : 178 }, 
        {"sofa" : 1,  "begin" : 179,  "end" : 187 }, 
        {"sofa" : 1,  "begin" : 188,  "end" : 192 }, 
        {"sofa" : 1,  "begin" : 193,  "end" : 196 }, 
        {"sofa" : 1,  "begin" : 197,  "end" : 202 }, 
        {"sofa" : 1,  "begin" : 203,  "end" : 206 }, 
        {"sofa" : 1,  "begin" : 207,  "end" : 214 }, 
        {"sofa" : 1,  "begin" : 215,  "end" : 218 }, 
        {"sofa" : 1,  "begin" : 219,  "end" : 224 }, 
        {"sofa" : 1,  "begin" : 225,  "end" : 227 }, 
        {"sofa" : 1,  "begin" : 228,  "end" : 232 }, 
        {"sofa" : 1,  "begin" : 233,  "end" : 239 }, 
        {"sofa" : 1,  "begin" : 240,  "end" : 242 }, 
        {"sofa" : 1,  "begin" : 243,  "end" : 249 }, 
        {"sofa" : 1,  "begin" : 250,  "end" : 251 }, 
        {"sofa" : 1,  "begin" : 252,  "end" : 254 }, 
        {"sofa" : 1,  "begin" : 255,  "end" : 260 }, 
        {"sofa" : 1,  "begin" : 261,  "end" : 267 }, 
        {"sofa" : 1,  "begin" : 268,  "end" : 273 }, 
        {"sofa" : 1,  "begin" : 274,  "end" : 276 }, 
        {"sofa" : 1,  "begin" : 277,  "end" : 286 }, 
        {"sofa" : 1,  "begin" : 287,  "end" : 288 }, 
        {"sofa" : 1,  "begin" : 289,  "end" : 293 }, 
        {"sofa" : 1,  "begin" : 294,  "end" : 301 }, 
        {"sofa" : 1,  "begin" : 302,  "end" : 310 }, 
        {"sofa" : 1,  "begin" : 311,  "end" : 313 }, 
        {"sofa" : 1,  "begin" : 314,  "end" : 319 }, 
        {"sofa" : 1,  "begin" : 320,  "end" : 321 }, 
        {"sofa" : 1,  "begin" : 322,  "end" : 323 }, 
        {"sofa" : 1,  "begin" : 324,  "end" : 333 }, 
        {"sofa" : 1,  "begin" : 334,  "end" : 338 }, 
        {"sofa" : 1,  "begin" : 339,  "end" : 343 }, 
        {"sofa" : 1,  "begin" : 344,  "end" : 346 }, 
        {"sofa" : 1,  "begin" : 347,  "end" : 353 }, 
        {"sofa" : 1,  "begin" : 354,  "end" : 355 }, 
        {"sofa" : 1,  "begin" : 356,  "end" : 359 }, 
        {"sofa" : 1,  "begin" : 360,  "end" : 365 }, 
        {"sofa" : 1,  "begin" : 366,  "end" : 367 }, 
        {"sofa" : 1,  "begin" : 368,  "end" : 372 }, 
        {"sofa" : 1,  "begin" : 373,  "end" : 374 }, 
        {"sofa" : 1,  "begin" : 375,  "end" : 376 }, 
        {"sofa" : 1,  "begin" : 377,  "end" : 381 }, 
        {"sofa" : 1,  "begin" : 382,  "end" : 383 }, 
        {"sofa" : 1,  "begin" : 384,  "end" : 385 }, 
        {"sofa" : 1,  "begin" : 386,  "end" : 390 }, 
        {"sofa" : 1,  "begin" : 391,  "end" : 398 }, 
        {"sofa" : 1,  "begin" : 399,  "end" : 400 }, 
        {"sofa" : 1,  "begin" : 401,  "end" : 406 }, 
        {"sofa" : 1,  "begin" : 407,  "end" : 411 }, 
        {"sofa" : 1,  "begin" : 412,  "end" : 414 }, 
        {"sofa" : 1,  "begin" : 415,  "end" : 422 }, 
        {"sofa" : 1,  "begin" : 423,  "end" : 425 }, 
        {"sofa" : 1,  "begin" : 426,  "end" : 432 }, 
        {"sofa" : 1,  "begin" : 433,  "end" : 440 }, 
        {"sofa" : 1,  "begin" : 441,  "end" : 447 }, 
        {"sofa" : 1,  "begin" : 448,  "end" : 456 }, 
        {"sofa" : 1,  "begin" : 457,  "end" : 458 }, 
        {"sofa" : 1,  "begin" : 459,  "end" : 462 }, 
        {"sofa" : 1,  "begin" : 463,  "end" : 469 }, 
        {"sofa" : 1,  "begin" : 470,  "end" : 472 }, 
        {"sofa" : 1,  "begin" : 473,  "end" : 483 }, 
        {"sofa" : 1,  "begin" : 484,  "end" : 485 }, 
        {"sofa" : 1,  "begin" : 486,  "end" : 490 }, 
        {"sofa" : 1,  "begin" : 491,  "end" : 494 }, 
        {"sofa" : 1,  "begin" : 495,  "end" : 501 }, 
        {"sofa" : 1,  "begin" : 502,  "end" : 503 }, 
        {"sofa" : 1,  "begin" : 504,  "end" : 508 }, 
        {"sofa" : 1,  "begin" : 509,  "end" : 512 }, 
        {"sofa" : 1,  "begin" : 513,  "end" : 518 }, 
        {"sofa" : 1,  "begin" : 519,  "end" : 529 }, 
        {"sofa" : 1,  "begin" : 530,  "end" : 532 }, 
        {"sofa" : 1,  "begin" : 533,  "end" : 547 }, 
        {"sofa" : 1,  "begin" : 548,  "end" : 549 }, 
        {"sofa" : 1,  "begin" : 550,  "end" : 555 }, 
        {"sofa" : 1,  "begin" : 556,  "end" : 565 }, 
        {"sofa" : 1,  "begin" : 566,  "end" : 569 }, 
        {"sofa" : 1,  "begin" : 570,  "end" : 579 }, 
        {"sofa" : 1,  "begin" : 580,  "end" : 582 }, 
        {"sofa" : 1,  "begin" : 583,  "end" : 586 }, 
        {"sofa" : 1,  "begin" : 587,  "end" : 595 }, 
        {"sofa" : 1,  "begin" : 596,  "end" : 600 }, 
        {"sofa" : 1,  "begin" : 601,  "end" : 602 }, 
        {"sofa" : 1,  "begin" : 603,  "end" : 605 }, 
        {"sofa" : 1,  "begin" : 606,  "end" : 612 }, 
        {"sofa" : 1,  "begin" : 613,  "end" : 614 }, 
        {"sofa" : 1,  "begin" : 615,  "end" : 619 }, 
        {"sofa" : 1,  "begin" : 620,  "end" : 621 }, 
        {"sofa" : 1,  "begin" : 622,  "end" : 627 }, 
        {"sofa" : 1,  "begin" : 628,  "end" : 633 }, 
        {"sofa" : 1,  "begin" : 634,  "end" : 635 }, 
        {"sofa" : 1,  "begin" : 636,  "end" : 643 }, 
        {"sofa" : 1,  "begin" : 644,  "end" : 649 }, 
        {"sofa" : 1,  "begin" : 650,  "end" : 657 }, 
        {"sofa" : 1,  "begin" : 658,  "end" : 665 }, 
        {"sofa" : 1,  "begin" : 666,  "end" : 669 }, 
        {"sofa" : 1,  "begin" : 670,  "end" : 675 }, 
        {"sofa" : 1,  "begin" : 676,  "end" : 678 }, 
        {"sofa" : 1,  "begin" : 679,  "end" : 682 }, 
        {"sofa" : 1,  "begin" : 683,  "end" : 686 }, 
        {"sofa" : 1,  "begin" : 687,  "end" : 690 }, 
        {"sofa" : 1,  "begin" : 691,  "end" : 695 }, 
        {"sofa" : 1,  "begin" : 696,  "end" : 698 }, 
        {"sofa" : 1,  "begin" : 699,  "end" : 704 }, 
        {"sofa" : 1,  "begin" : 705,  "end" : 706 }, 
        {"sofa" : 1,  "begin" : 707,  "end" : 714 }, 
        {"sofa" : 1,  "begin" : 715,  "end" : 719 }, 
        {"sofa" : 1,  "begin" : 720,  "end" : 721 }, 
        {"sofa" : 1,  "begin" : 722,  "end" : 725 }, 
        {"sofa" : 1,  "begin" : 726,  "end" : 730 }, 
        {"sofa" : 1,  "begin" : 731,  "end" : 733 }, 
        {"sofa" : 1,  "begin" : 734,  "end" : 738 }, 
        {"sofa" : 1,  "begin" : 739,  "end" : 745 }, 
        {"sofa" : 1,  "begin" : 746,  "end" : 749 }, 
        {"sofa" : 1,  "begin" : 750,  "end" : 753 }, 
        {"sofa" : 1,  "begin" : 754,  "end" : 761 }, 
        {"sofa" : 1,  "begin" : 762,  "end" : 766 }, 
        {"sofa" : 1,  "begin" : 767,  "end" : 768 } ], 
      "PartsofCause" : [2041,  2054,  2067,  1968,  1981,  1994 ], 
      "TypesofCause" : [
        {"sofa" : 1,  "end" : 74,  "Dependent" : 2041,  "Governor" : 2054,  "TypesofCause" : "Effect" }, 
        {"sofa" : 1,  "begin" : 100,  "end" : 134,  "Dependent" : 2067,  "Governor" : 2054,  "TypesofCause" : "Cause" }, 
        {"sofa" : 1,  "begin" : 644,  "end" : 675,  "Dependent" : 1968,  "Governor" : 1981,  "TypesofCause" : "Effect" }, 
        {"sofa" : 1,  "begin" : 679,  "end" : 704,  "Dependent" : 1994,  "Governor" : 1981,  "TypesofCause" : "Cause" } ] } }, 
  "_referenced_fss" : {
    "1" : {"_type" : "Sofa",  "sofaNum" : 1,  "sofaID" : "_InitialView",  "mimeType" : "text",  "sofaString" : "A new permanent span over Washington state 's Skagit River reopened Sunday , some four months after a bridge collapse on Interstate 5. The bridge 's failure in late May sent cars tumbling into the river and severed the state 's main artery to Canada , on which trucks carry an estimated $ 13.9 billion annually in cargo .\nA temporary span went up within a few weeks .\nNTSB : ' Boom , ' then shudder , first sign of problem on bridge Roughly 70,000 vehicles a day travel on Interstate 5 over the bridge , said the state Department of Transportation , which announced the reopening on its Facebook page .\nIt posted a time - lapse video , showing crews working through the night to put the new span in place .\nBearing down : How safe is that bridge you 're driving over ?" }, 
    "2041" : {"_type" : "PartsofCause",  "sofa" : 1,  "end" : 74,  "PartsofCause" : "Argument" }, 
    "2054" : {"_type" : "PartsofCause",  "sofa" : 1,  "begin" : 94,  "end" : 99,  "PartsofCause" : "Enabling" }, 
    "2067" : {"_type" : "PartsofCause",  "sofa" : 1,  "begin" : 100,  "end" : 134,  "PartsofCause" : "Argument" }, 
    "1968" : {"_type" : "PartsofCause",  "sofa" : 1,  "begin" : 644,  "end" : 675,  "PartsofCause" : "Argument" }, 
    "1981" : {"_type" : "PartsofCause",  "sofa" : 1,  "begin" : 676,  "end" : 678,  "PartsofCause" : "Causing" }, 
    "1994" : {"_type" : "PartsofCause",  "sofa" : 1,  "begin" : 679,  "end" : 704,  "PartsofCause" : "Argument" }, 
    "2106" : {"_type" : "LayerDefinition",  "name" : "webanno.custom.DisjointCausalSpans",  "uiName" : "Disjoint Causal Spans" }, 
    "2124" : {"_type" : "LayerDefinition",  "name" : "webanno.custom.TypesofCause",  "uiName" : "Types of Cause" }, 
    "2117" : {"_type" : "LayerDefinition",  "name" : "webanno.custom.PartsofCause",  "uiName" : "Parts of Cause" } } }