{"_context" : {
    "_types" : {
      "DocumentMetaData" : {
        "_feature_types" : {"sofa" : "_ref" } }, 
      "FeatureDefinition" : {
        "_feature_types" : {"layer" : "_ref" } }, 
      "LayerDefinition" : { }, 
      "Sentence" : {
        "_feature_types" : {"sofa" : "_ref" } }, 
      "Sofa" : {
        "_feature_types" : {"sofaArray" : "_ref" } }, 
      "TagsetDescription" : {
        "_feature_types" : {"sofa" : "_ref",  "tags" : "_ref" } }, 
      "Token" : {
        "_feature_types" : {"sofa" : "_ref",  "parent" : "_ref",  "lemma" : "_ref",  "stem" : "_ref",  "pos" : "_ref",  "morph" : "_ref",  "form" : "_ref" } }, 
      "DocumentAnnotation" : {
        "_feature_types" : {"sofa" : "_ref" }, 
        "_subtypes" : ["DocumentMetaData" ] }, 
      "Annotation" : {
        "_feature_types" : {"sofa" : "_ref" }, 
        "_subtypes" : ["DocumentAnnotation",  "Sentence",  "TagsetDescription",  "Token" ] }, 
      "AnnotationBase" : {
        "_feature_types" : {"sofa" : "_ref" }, 
        "_subtypes" : ["Annotation" ] }, 
      "TOP" : {
        "_subtypes" : ["AnnotationBase",  "FeatureDefinition",  "LayerDefinition",  "Sofa" ] } } }, 
  "_views" : {
    "_InitialView" : {
      "FeatureDefinition" : [
        {"layer" : 2224,  "name" : "referenceRelation",  "uiName" : "Reference Relation" }, 
        {"layer" : 2224,  "name" : "referenceType",  "uiName" : "Reference Type" }, 
        {"layer" : 2235,  "name" : "PartsofCause",  "uiName" : "Parts of Cause" }, 
        {"layer" : 2242,  "name" : "TypesofCause",  "uiName" : "Types of Cause" } ], 
      "LayerDefinition" : [2224,  2235,  2242 ], 
      "DocumentMetaData" : [
        {"sofa" : 1,  "end" : 868,  "language" : "x-unspecified",  "documentTitle" : "cnn-05.txt",  "documentId" : "GJW",  "documentUri" : "file:/srv/inception/repository/project/2/document/2357/source/GJW",  "collectionId" : "file:/srv/inception/repository/project/2/document/2357/source/",  "documentBaseUri" : "file:/srv/inception/repository/project/2/document/2357/source/",  "isLastSegment" : false } ], 
      "TagsetDescription" : [
        {"sofa" : 1,  "layer" : "webanno.custom.PartsofCause",  "name" : "Parts of Cause",  "input" : false }, 
        {"sofa" : 1,  "layer" : "webanno.custom.TypesofCause",  "name" : "Causal Relations",  "input" : false } ], 
      "Sentence" : [
        {"sofa" : 1,  "end" : 128 }, 
        {"sofa" : 1,  "begin" : 129,  "end" : 347 }, 
        {"sofa" : 1,  "begin" : 348,  "end" : 514 }, 
        {"sofa" : 1,  "begin" : 515,  "end" : 646 }, 
        {"sofa" : 1,  "begin" : 647,  "end" : 690 }, 
        {"sofa" : 1,  "begin" : 691,  "end" : 818 }, 
        {"sofa" : 1,  "begin" : 819,  "end" : 868 } ], 
      "Token" : [
        {"sofa" : 1,  "end" : 5 }, 
        {"sofa" : 1,  "begin" : 6,  "end" : 8 }, 
        {"sofa" : 1,  "begin" : 9,  "end" : 18 }, 
        {"sofa" : 1,  "begin" : 19,  "end" : 26 }, 
        {"sofa" : 1,  "begin" : 27,  "end" : 30 }, 
        {"sofa" : 1,  "begin" : 31,  "end" : 36 }, 
        {"sofa" : 1,  "begin" : 37,  "end" : 45 }, 
        {"sofa" : 1,  "begin" : 46,  "end" : 48 }, 
        {"sofa" : 1,  "begin" : 49,  "end" : 52 }, 
        {"sofa" : 1,  "begin" : 53,  "end" : 62 }, 
        {"sofa" : 1,  "begin" : 63,  "end" : 71 }, 
        {"sofa" : 1,  "begin" : 72,  "end" : 74 }, 
        {"sofa" : 1,  "begin" : 75,  "end" : 78 }, 
        {"sofa" : 1,  "begin" : 79,  "end" : 87 }, 
        {"sofa" : 1,  "begin" : 88,  "end" : 89 }, 
        {"sofa" : 1,  "begin" : 90,  "end" : 92 }, 
        {"sofa" : 1,  "begin" : 93,  "end" : 95 }, 
        {"sofa" : 1,  "begin" : 96,  "end" : 99 }, 
        {"sofa" : 1,  "begin" : 100,  "end" : 103 }, 
        {"sofa" : 1,  "begin" : 104,  "end" : 110 }, 
        {"sofa" : 1,  "begin" : 111,  "end" : 112 }, 
        {"sofa" : 1,  "begin" : 113,  "end" : 121 }, 
        {"sofa" : 1,  "begin" : 122,  "end" : 126 }, 
        {"sofa" : 1,  "begin" : 127,  "end" : 128 }, 
        {"sofa" : 1,  "begin" : 129,  "end" : 140 }, 
        {"sofa" : 1,  "begin" : 141,  "end" : 145 }, 
        {"sofa" : 1,  "begin" : 146,  "end" : 154 }, 
        {"sofa" : 1,  "begin" : 155,  "end" : 157 }, 
        {"sofa" : 1,  "begin" : 158,  "end" : 161 }, 
        {"sofa" : 1,  "begin" : 162,  "end" : 167 }, 
        {"sofa" : 1,  "begin" : 168,  "end" : 170 }, 
        {"sofa" : 1,  "begin" : 171,  "end" : 174 }, 
        {"sofa" : 1,  "begin" : 175,  "end" : 180 }, 
        {"sofa" : 1,  "begin" : 181,  "end" : 190 }, 
        {"sofa" : 1,  "begin" : 191,  "end" : 193 }, 
        {"sofa" : 1,  "begin" : 194,  "end" : 197 }, 
        {"sofa" : 1,  "begin" : 198,  "end" : 203 }, 
        {"sofa" : 1,  "begin" : 204,  "end" : 209 }, 
        {"sofa" : 1,  "begin" : 210,  "end" : 221 }, 
        {"sofa" : 1,  "begin" : 222,  "end" : 225 }, 
        {"sofa" : 1,  "begin" : 226,  "end" : 234 }, 
        {"sofa" : 1,  "begin" : 235,  "end" : 246 }, 
        {"sofa" : 1,  "begin" : 247,  "end" : 248 }, 
        {"sofa" : 1,  "begin" : 249,  "end" : 254 }, 
        {"sofa" : 1,  "begin" : 255,  "end" : 263 }, 
        {"sofa" : 1,  "begin" : 264,  "end" : 273 }, 
        {"sofa" : 1,  "begin" : 274,  "end" : 279 }, 
        {"sofa" : 1,  "begin" : 280,  "end" : 288 }, 
        {"sofa" : 1,  "begin" : 289,  "end" : 294 }, 
        {"sofa" : 1,  "begin" : 295,  "end" : 301 }, 
        {"sofa" : 1,  "begin" : 302,  "end" : 303 }, 
        {"sofa" : 1,  "begin" : 304,  "end" : 307 }, 
        {"sofa" : 1,  "begin" : 308,  "end" : 314 }, 
        {"sofa" : 1,  "begin" : 315,  "end" : 323 }, 
        {"sofa" : 1,  "begin" : 324,  "end" : 331 }, 
        {"sofa" : 1,  "begin" : 332,  "end" : 340 }, 
        {"sofa" : 1,  "begin" : 341,  "end" : 345 }, 
        {"sofa" : 1,  "begin" : 346,  "end" : 347 }, 
        {"sofa" : 1,  "begin" : 348,  "end" : 349 }, 
        {"sofa" : 1,  "begin" : 350,  "end" : 354 }, 
        {"sofa" : 1,  "begin" : 355,  "end" : 357 }, 
        {"sofa" : 1,  "begin" : 358,  "end" : 361 }, 
        {"sofa" : 1,  "begin" : 362,  "end" : 367 }, 
        {"sofa" : 1,  "begin" : 368,  "end" : 372 }, 
        {"sofa" : 1,  "begin" : 373,  "end" : 377 }, 
        {"sofa" : 1,  "begin" : 378,  "end" : 383 }, 
        {"sofa" : 1,  "begin" : 384,  "end" : 387 }, 
        {"sofa" : 1,  "begin" : 388,  "end" : 395 }, 
        {"sofa" : 1,  "begin" : 396,  "end" : 399 }, 
        {"sofa" : 1,  "begin" : 400,  "end" : 405 }, 
        {"sofa" : 1,  "begin" : 406,  "end" : 413 }, 
        {"sofa" : 1,  "begin" : 414,  "end" : 416 }, 
        {"sofa" : 1,  "begin" : 417,  "end" : 423 }, 
        {"sofa" : 1,  "begin" : 424,  "end" : 425 }, 
        {"sofa" : 1,  "begin" : 426,  "end" : 434 }, 
        {"sofa" : 1,  "begin" : 435,  "end" : 436 }, 
        {"sofa" : 1,  "begin" : 437,  "end" : 439 }, 
        {"sofa" : 1,  "begin" : 440,  "end" : 448 }, 
        {"sofa" : 1,  "begin" : 449,  "end" : 451 }, 
        {"sofa" : 1,  "begin" : 452,  "end" : 453 }, 
        {"sofa" : 1,  "begin" : 454,  "end" : 459 }, 
        {"sofa" : 1,  "begin" : 460,  "end" : 468 }, 
        {"sofa" : 1,  "begin" : 469,  "end" : 470 }, 
        {"sofa" : 1,  "begin" : 471,  "end" : 472 }, 
        {"sofa" : 1,  "begin" : 473,  "end" : 481 }, 
        {"sofa" : 1,  "begin" : 482,  "end" : 491 }, 
        {"sofa" : 1,  "begin" : 492,  "end" : 496 }, 
        {"sofa" : 1,  "begin" : 497,  "end" : 507 }, 
        {"sofa" : 1,  "begin" : 508,  "end" : 512 }, 
        {"sofa" : 1,  "begin" : 513,  "end" : 514 }, 
        {"sofa" : 1,  "begin" : 515,  "end" : 520 }, 
        {"sofa" : 1,  "begin" : 521,  "end" : 528 }, 
        {"sofa" : 1,  "begin" : 529,  "end" : 532 }, 
        {"sofa" : 1,  "begin" : 533,  "end" : 537 }, 
        {"sofa" : 1,  "begin" : 538,  "end" : 544 }, 
        {"sofa" : 1,  "begin" : 545,  "end" : 548 }, 
        {"sofa" : 1,  "begin" : 549,  "end" : 554 }, 
        {"sofa" : 1,  "begin" : 555,  "end" : 557 }, 
        {"sofa" : 1,  "begin" : 558,  "end" : 559 }, 
        {"sofa" : 1,  "begin" : 560,  "end" : 566 }, 
        {"sofa" : 1,  "begin" : 567,  "end" : 579 }, 
        {"sofa" : 1,  "begin" : 580,  "end" : 584 }, 
        {"sofa" : 1,  "begin" : 585,  "end" : 593 }, 
        {"sofa" : 1,  "begin" : 594,  "end" : 595 }, 
        {"sofa" : 1,  "begin" : 596,  "end" : 598 }, 
        {"sofa" : 1,  "begin" : 599,  "end" : 607 }, 
        {"sofa" : 1,  "begin" : 608,  "end" : 609 }, 
        {"sofa" : 1,  "begin" : 610,  "end" : 611 }, 
        {"sofa" : 1,  "begin" : 612,  "end" : 615 }, 
        {"sofa" : 1,  "begin" : 616,  "end" : 618 }, 
        {"sofa" : 1,  "begin" : 619,  "end" : 623 }, 
        {"sofa" : 1,  "begin" : 624,  "end" : 627 }, 
        {"sofa" : 1,  "begin" : 628,  "end" : 632 }, 
        {"sofa" : 1,  "begin" : 633,  "end" : 635 }, 
        {"sofa" : 1,  "begin" : 636,  "end" : 637 }, 
        {"sofa" : 1,  "begin" : 638,  "end" : 642 }, 
        {"sofa" : 1,  "begin" : 643,  "end" : 644 }, 
        {"sofa" : 1,  "begin" : 645,  "end" : 646 }, 
        {"sofa" : 1,  "begin" : 647,  "end" : 649 }, 
        {"sofa" : 1,  "begin" : 650,  "end" : 654 }, 
        {"sofa" : 1,  "begin" : 655,  "end" : 660 }, 
        {"sofa" : 1,  "begin" : 661,  "end" : 662 }, 
        {"sofa" : 1,  "begin" : 663,  "end" : 666 }, 
        {"sofa" : 1,  "begin" : 667,  "end" : 678 }, 
        {"sofa" : 1,  "begin" : 679,  "end" : 683 }, 
        {"sofa" : 1,  "begin" : 684,  "end" : 688 }, 
        {"sofa" : 1,  "begin" : 689,  "end" : 690 }, 
        {"sofa" : 1,  "begin" : 691,  "end" : 694 }, 
        {"sofa" : 1,  "begin" : 695,  "end" : 697 }, 
        {"sofa" : 1,  "begin" : 698,  "end" : 702 }, 
        {"sofa" : 1,  "begin" : 703,  "end" : 712 }, 
        {"sofa" : 1,  "begin" : 713,  "end" : 715 }, 
        {"sofa" : 1,  "begin" : 716,  "end" : 720 }, 
        {"sofa" : 1,  "begin" : 721,  "end" : 724 }, 
        {"sofa" : 1,  "begin" : 725,  "end" : 727 }, 
        {"sofa" : 1,  "begin" : 728,  "end" : 732 }, 
        {"sofa" : 1,  "begin" : 733,  "end" : 737 }, 
        {"sofa" : 1,  "begin" : 738,  "end" : 740 }, 
        {"sofa" : 1,  "begin" : 741,  "end" : 745 }, 
        {"sofa" : 1,  "begin" : 746,  "end" : 751 }, 
        {"sofa" : 1,  "begin" : 752,  "end" : 753 }, 
        {"sofa" : 1,  "begin" : 754,  "end" : 760 }, 
        {"sofa" : 1,  "begin" : 761,  "end" : 765 }, 
        {"sofa" : 1,  "begin" : 766,  "end" : 770 }, 
        {"sofa" : 1,  "begin" : 771,  "end" : 773 }, 
        {"sofa" : 1,  "begin" : 774,  "end" : 785 }, 
        {"sofa" : 1,  "begin" : 786,  "end" : 788 }, 
        {"sofa" : 1,  "begin" : 789,  "end" : 792 }, 
        {"sofa" : 1,  "begin" : 793,  "end" : 798 }, 
        {"sofa" : 1,  "begin" : 799,  "end" : 801 }, 
        {"sofa" : 1,  "begin" : 802,  "end" : 805 }, 
        {"sofa" : 1,  "begin" : 806,  "end" : 811 }, 
        {"sofa" : 1,  "begin" : 812,  "end" : 816 }, 
        {"sofa" : 1,  "begin" : 817,  "end" : 818 }, 
        {"sofa" : 1,  "begin" : 819,  "end" : 820 }, 
        {"sofa" : 1,  "begin" : 821,  "end" : 824 }, 
        {"sofa" : 1,  "begin" : 825,  "end" : 833 }, 
        {"sofa" : 1,  "begin" : 834,  "end" : 835 }, 
        {"sofa" : 1,  "begin" : 836,  "end" : 838 }, 
        {"sofa" : 1,  "begin" : 839,  "end" : 841 }, 
        {"sofa" : 1,  "begin" : 842,  "end" : 845 }, 
        {"sofa" : 1,  "begin" : 846,  "end" : 848 }, 
        {"sofa" : 1,  "begin" : 849,  "end" : 853 }, 
        {"sofa" : 1,  "begin" : 854,  "end" : 859 }, 
        {"sofa" : 1,  "begin" : 860,  "end" : 866 }, 
        {"sofa" : 1,  "begin" : 867,  "end" : 868 } ] } }, 
  "_referenced_fss" : {
    "1" : {"_type" : "Sofa",  "sofaNum" : 1,  "sofaID" : "_InitialView",  "mimeType" : "text",  "sofaString" : "India on Wednesday invited the Prime Minister of its archrival Pakistan to the swearing - in of its new leader , Narendra Modi .\nInvitations were extended to the heads of all eight countries in the South Asian Association for Regional Cooperation , which includes Pakistani Prime Minister Nawaz Sharif , the Indian external affairs ministry said .\n\" This is the first time that India has invited all SAARC members to attend a swearing - in ceremony of a prime minister , \" ministry spokesman Syed Akbaruddin said .\nAsked whether the move marked the start of a better relationship with Pakistan , he remarked , \" Let 's take one step at a time . \"\nAt this stage , the invitations have gone .\nLet 's take responses on this and we will take it from there , rather than jump to conclusions on the basis of our first step .\n\" The swearing - in is set to take place Monday ." }, 
    "2242" : {"_type" : "LayerDefinition",  "name" : "webanno.custom.TypesofCause",  "uiName" : "Types of Cause" }, 
    "2224" : {"_type" : "LayerDefinition",  "name" : "webanno.custom.DisjointCausalSpans",  "uiName" : "Disjoint Causal Spans" }, 
    "2235" : {"_type" : "LayerDefinition",  "name" : "webanno.custom.PartsofCause",  "uiName" : "Parts of Cause" } } }