{"_context" : {
    "_types" : {
      "DocumentMetaData" : {
        "_feature_types" : {"sofa" : "_ref" } }, 
      "FeatureDefinition" : {
        "_feature_types" : {"layer" : "_ref" } }, 
      "LayerDefinition" : { }, 
      "PartsofCause" : {
        "_feature_types" : {"sofa" : "_ref" } }, 
      "Sentence" : {
        "_feature_types" : {"sofa" : "_ref" } }, 
      "Sofa" : {
        "_feature_types" : {"sofaArray" : "_ref" } }, 
      "TagsetDescription" : {
        "_feature_types" : {"sofa" : "_ref",  "tags" : "_ref" } }, 
      "Token" : {
        "_feature_types" : {"sofa" : "_ref",  "parent" : "_ref",  "lemma" : "_ref",  "stem" : "_ref",  "pos" : "_ref",  "morph" : "_ref",  "form" : "_ref" } }, 
      "TypesofCause" : {
        "_feature_types" : {"sofa" : "_ref",  "Dependent" : "_ref",  "Governor" : "_ref" } }, 
      "DocumentAnnotation" : {
        "_feature_types" : {"sofa" : "_ref" }, 
        "_subtypes" : ["DocumentMetaData" ] }, 
      "Annotation" : {
        "_feature_types" : {"sofa" : "_ref" }, 
        "_subtypes" : ["DocumentAnnotation",  "PartsofCause",  "Sentence",  "TagsetDescription",  "Token",  "TypesofCause" ] }, 
      "AnnotationBase" : {
        "_feature_types" : {"sofa" : "_ref" }, 
        "_subtypes" : ["Annotation" ] }, 
      "TOP" : {
        "_subtypes" : ["AnnotationBase",  "FeatureDefinition",  "LayerDefinition",  "Sofa" ] } } }, 
  "_views" : {
    "_InitialView" : {
      "FeatureDefinition" : [
        {"layer" : 2847,  "name" : "referenceRelation",  "uiName" : "Reference Relation" }, 
        {"layer" : 2847,  "name" : "referenceType",  "uiName" : "Reference Type" }, 
        {"layer" : 2858,  "name" : "PartsofCause",  "uiName" : "Parts of Cause" }, 
        {"layer" : 2865,  "name" : "TypesofCause",  "uiName" : "Types of Cause" } ], 
      "LayerDefinition" : [2847,  2858,  2865 ], 
      "DocumentMetaData" : [
        {"sofa" : 1,  "end" : 1044,  "language" : "x-unspecified",  "documentTitle" : "cnn-21.txt",  "documentId" : "GJW",  "documentUri" : "file:/srv/inception/repository/project/2/document/2373/source/GJW",  "collectionId" : "file:/srv/inception/repository/project/2/document/2373/source/",  "documentBaseUri" : "file:/srv/inception/repository/project/2/document/2373/source/",  "isLastSegment" : false } ], 
      "TagsetDescription" : [
        {"sofa" : 1,  "layer" : "webanno.custom.PartsofCause",  "name" : "Parts of Cause",  "input" : false }, 
        {"sofa" : 1,  "layer" : "webanno.custom.TypesofCause",  "name" : "Causal Relations",  "input" : false } ], 
      "Sentence" : [
        {"sofa" : 1,  "end" : 153 }, 
        {"sofa" : 1,  "begin" : 154,  "end" : 311 }, 
        {"sofa" : 1,  "begin" : 312,  "end" : 423 }, 
        {"sofa" : 1,  "begin" : 424,  "end" : 512 }, 
        {"sofa" : 1,  "begin" : 513,  "end" : 731 }, 
        {"sofa" : 1,  "begin" : 732,  "end" : 855 }, 
        {"sofa" : 1,  "begin" : 856,  "end" : 978 }, 
        {"sofa" : 1,  "begin" : 979,  "end" : 1044 } ], 
      "Token" : [
        {"sofa" : 1,  "end" : 1 }, 
        {"sofa" : 1,  "begin" : 2,  "end" : 7 }, 
        {"sofa" : 1,  "begin" : 8,  "end" : 14 }, 
        {"sofa" : 1,  "begin" : 15,  "end" : 22 }, 
        {"sofa" : 1,  "begin" : 23,  "end" : 30 }, 
        {"sofa" : 1,  "begin" : 31,  "end" : 32 }, 
        {"sofa" : 1,  "begin" : 33,  "end" : 36 }, 
        {"sofa" : 1,  "begin" : 37,  "end" : 44 }, 
        {"sofa" : 1,  "begin" : 45,  "end" : 46 }, 
        {"sofa" : 1,  "begin" : 47,  "end" : 54 }, 
        {"sofa" : 1,  "begin" : 55,  "end" : 56 }, 
        {"sofa" : 1,  "begin" : 57,  "end" : 65 }, 
        {"sofa" : 1,  "begin" : 66,  "end" : 71 }, 
        {"sofa" : 1,  "begin" : 72,  "end" : 79 }, 
        {"sofa" : 1,  "begin" : 80,  "end" : 85 }, 
        {"sofa" : 1,  "begin" : 86,  "end" : 87 }, 
        {"sofa" : 1,  "begin" : 88,  "end" : 92 }, 
        {"sofa" : 1,  "begin" : 93,  "end" : 99 }, 
        {"sofa" : 1,  "begin" : 100,  "end" : 104 }, 
        {"sofa" : 1,  "begin" : 105,  "end" : 107 }, 
        {"sofa" : 1,  "begin" : 108,  "end" : 112 }, 
        {"sofa" : 1,  "begin" : 113,  "end" : 116 }, 
        {"sofa" : 1,  "begin" : 117,  "end" : 121 }, 
        {"sofa" : 1,  "begin" : 122,  "end" : 126 }, 
        {"sofa" : 1,  "begin" : 127,  "end" : 131 }, 
        {"sofa" : 1,  "begin" : 132,  "end" : 137 }, 
        {"sofa" : 1,  "begin" : 138,  "end" : 139 }, 
        {"sofa" : 1,  "begin" : 140,  "end" : 146 }, 
        {"sofa" : 1,  "begin" : 147,  "end" : 151 }, 
        {"sofa" : 1,  "begin" : 152,  "end" : 153 }, 
        {"sofa" : 1,  "begin" : 154,  "end" : 165 }, 
        {"sofa" : 1,  "begin" : 166,  "end" : 172 }, 
        {"sofa" : 1,  "begin" : 173,  "end" : 176 }, 
        {"sofa" : 1,  "begin" : 177,  "end" : 187 }, 
        {"sofa" : 1,  "begin" : 188,  "end" : 194 }, 
        {"sofa" : 1,  "begin" : 195,  "end" : 200 }, 
        {"sofa" : 1,  "begin" : 201,  "end" : 202 }, 
        {"sofa" : 1,  "begin" : 203,  "end" : 207 }, 
        {"sofa" : 1,  "begin" : 208,  "end" : 214 }, 
        {"sofa" : 1,  "begin" : 215,  "end" : 218 }, 
        {"sofa" : 1,  "begin" : 219,  "end" : 227 }, 
        {"sofa" : 1,  "begin" : 228,  "end" : 234 }, 
        {"sofa" : 1,  "begin" : 235,  "end" : 239 }, 
        {"sofa" : 1,  "begin" : 240,  "end" : 244 }, 
        {"sofa" : 1,  "begin" : 245,  "end" : 246 }, 
        {"sofa" : 1,  "begin" : 247,  "end" : 256 }, 
        {"sofa" : 1,  "begin" : 257,  "end" : 259 }, 
        {"sofa" : 1,  "begin" : 260,  "end" : 264 }, 
        {"sofa" : 1,  "begin" : 265,  "end" : 269 }, 
        {"sofa" : 1,  "begin" : 270,  "end" : 278 }, 
        {"sofa" : 1,  "begin" : 279,  "end" : 280 }, 
        {"sofa" : 1,  "begin" : 281,  "end" : 282 }, 
        {"sofa" : 1,  "begin" : 283,  "end" : 290 }, 
        {"sofa" : 1,  "begin" : 291,  "end" : 297 }, 
        {"sofa" : 1,  "begin" : 298,  "end" : 309 }, 
        {"sofa" : 1,  "begin" : 310,  "end" : 311 }, 
        {"sofa" : 1,  "begin" : 312,  "end" : 314 }, 
        {"sofa" : 1,  "begin" : 315,  "end" : 322 }, 
        {"sofa" : 1,  "begin" : 323,  "end" : 329 }, 
        {"sofa" : 1,  "begin" : 330,  "end" : 332 }, 
        {"sofa" : 1,  "begin" : 333,  "end" : 334 }, 
        {"sofa" : 1,  "begin" : 335,  "end" : 339 }, 
        {"sofa" : 1,  "begin" : 340,  "end" : 345 }, 
        {"sofa" : 1,  "begin" : 346,  "end" : 350 }, 
        {"sofa" : 1,  "begin" : 351,  "end" : 352 }, 
        {"sofa" : 1,  "begin" : 353,  "end" : 361 }, 
        {"sofa" : 1,  "begin" : 362,  "end" : 366 }, 
        {"sofa" : 1,  "begin" : 367,  "end" : 368 }, 
        {"sofa" : 1,  "begin" : 369,  "end" : 372 }, 
        {"sofa" : 1,  "begin" : 373,  "end" : 376 }, 
        {"sofa" : 1,  "begin" : 377,  "end" : 383 }, 
        {"sofa" : 1,  "begin" : 384,  "end" : 386 }, 
        {"sofa" : 1,  "begin" : 387,  "end" : 391 }, 
        {"sofa" : 1,  "begin" : 392,  "end" : 393 }, 
        {"sofa" : 1,  "begin" : 394,  "end" : 398 }, 
        {"sofa" : 1,  "begin" : 399,  "end" : 401 }, 
        {"sofa" : 1,  "begin" : 402,  "end" : 412 }, 
        {"sofa" : 1,  "begin" : 413,  "end" : 419 }, 
        {"sofa" : 1,  "begin" : 420,  "end" : 421 }, 
        {"sofa" : 1,  "begin" : 422,  "end" : 423 }, 
        {"sofa" : 1,  "begin" : 424,  "end" : 427 }, 
        {"sofa" : 1,  "begin" : 428,  "end" : 432 }, 
        {"sofa" : 1,  "begin" : 433,  "end" : 438 }, 
        {"sofa" : 1,  "begin" : 439,  "end" : 444 }, 
        {"sofa" : 1,  "begin" : 445,  "end" : 452 }, 
        {"sofa" : 1,  "begin" : 453,  "end" : 456 }, 
        {"sofa" : 1,  "begin" : 457,  "end" : 465 }, 
        {"sofa" : 1,  "begin" : 466,  "end" : 473 }, 
        {"sofa" : 1,  "begin" : 474,  "end" : 479 }, 
        {"sofa" : 1,  "begin" : 480,  "end" : 483 }, 
        {"sofa" : 1,  "begin" : 484,  "end" : 490 }, 
        {"sofa" : 1,  "begin" : 491,  "end" : 497 }, 
        {"sofa" : 1,  "begin" : 498,  "end" : 501 }, 
        {"sofa" : 1,  "begin" : 502,  "end" : 510 }, 
        {"sofa" : 1,  "begin" : 511,  "end" : 512 }, 
        {"sofa" : 1,  "begin" : 513,  "end" : 516 }, 
        {"sofa" : 1,  "begin" : 517,  "end" : 527 }, 
        {"sofa" : 1,  "begin" : 528,  "end" : 534 }, 
        {"sofa" : 1,  "begin" : 535,  "end" : 537 }, 
        {"sofa" : 1,  "begin" : 538,  "end" : 541 }, 
        {"sofa" : 1,  "begin" : 542,  "end" : 549 }, 
        {"sofa" : 1,  "begin" : 550,  "end" : 560 }, 
        {"sofa" : 1,  "begin" : 561,  "end" : 574 }, 
        {"sofa" : 1,  "begin" : 575,  "end" : 583 }, 
        {"sofa" : 1,  "begin" : 584,  "end" : 586 }, 
        {"sofa" : 1,  "begin" : 587,  "end" : 592 }, 
        {"sofa" : 1,  "begin" : 593,  "end" : 600 }, 
        {"sofa" : 1,  "begin" : 601,  "end" : 605 }, 
        {"sofa" : 1,  "begin" : 606,  "end" : 610 }, 
        {"sofa" : 1,  "begin" : 611,  "end" : 615 }, 
        {"sofa" : 1,  "begin" : 616,  "end" : 622 }, 
        {"sofa" : 1,  "begin" : 623,  "end" : 633 }, 
        {"sofa" : 1,  "begin" : 634,  "end" : 642 }, 
        {"sofa" : 1,  "begin" : 643,  "end" : 651 }, 
        {"sofa" : 1,  "begin" : 652,  "end" : 655 }, 
        {"sofa" : 1,  "begin" : 656,  "end" : 662 }, 
        {"sofa" : 1,  "begin" : 663,  "end" : 665 }, 
        {"sofa" : 1,  "begin" : 666,  "end" : 667 }, 
        {"sofa" : 1,  "begin" : 668,  "end" : 675 }, 
        {"sofa" : 1,  "begin" : 676,  "end" : 683 }, 
        {"sofa" : 1,  "begin" : 684,  "end" : 685 }, 
        {"sofa" : 1,  "begin" : 686,  "end" : 695 }, 
        {"sofa" : 1,  "begin" : 696,  "end" : 698 }, 
        {"sofa" : 1,  "begin" : 699,  "end" : 702 }, 
        {"sofa" : 1,  "begin" : 703,  "end" : 709 }, 
        {"sofa" : 1,  "begin" : 710,  "end" : 712 }, 
        {"sofa" : 1,  "begin" : 713,  "end" : 721 }, 
        {"sofa" : 1,  "begin" : 722,  "end" : 729 }, 
        {"sofa" : 1,  "begin" : 730,  "end" : 731 }, 
        {"sofa" : 1,  "begin" : 732,  "end" : 736 }, 
        {"sofa" : 1,  "begin" : 737,  "end" : 741 }, 
        {"sofa" : 1,  "begin" : 742,  "end" : 745 }, 
        {"sofa" : 1,  "begin" : 746,  "end" : 748 }, 
        {"sofa" : 1,  "begin" : 749,  "end" : 752 }, 
        {"sofa" : 1,  "begin" : 753,  "end" : 763 }, 
        {"sofa" : 1,  "begin" : 764,  "end" : 769 }, 
        {"sofa" : 1,  "begin" : 770,  "end" : 777 }, 
        {"sofa" : 1,  "begin" : 778,  "end" : 784 }, 
        {"sofa" : 1,  "begin" : 785,  "end" : 788 }, 
        {"sofa" : 1,  "begin" : 789,  "end" : 792 }, 
        {"sofa" : 1,  "begin" : 793,  "end" : 799 }, 
        {"sofa" : 1,  "begin" : 800,  "end" : 806 }, 
        {"sofa" : 1,  "begin" : 807,  "end" : 812 }, 
        {"sofa" : 1,  "begin" : 813,  "end" : 816 }, 
        {"sofa" : 1,  "begin" : 817,  "end" : 827 }, 
        {"sofa" : 1,  "begin" : 828,  "end" : 834 }, 
        {"sofa" : 1,  "begin" : 835,  "end" : 836 }, 
        {"sofa" : 1,  "begin" : 837,  "end" : 840 }, 
        {"sofa" : 1,  "begin" : 841,  "end" : 848 }, 
        {"sofa" : 1,  "begin" : 849,  "end" : 853 }, 
        {"sofa" : 1,  "begin" : 854,  "end" : 855 }, 
        {"sofa" : 1,  "begin" : 856,  "end" : 859 }, 
        {"sofa" : 1,  "begin" : 860,  "end" : 867 }, 
        {"sofa" : 1,  "begin" : 868,  "end" : 876 }, 
        {"sofa" : 1,  "begin" : 877,  "end" : 881 }, 
        {"sofa" : 1,  "begin" : 882,  "end" : 890 }, 
        {"sofa" : 1,  "begin" : 891,  "end" : 893 }, 
        {"sofa" : 1,  "begin" : 894,  "end" : 901 }, 
        {"sofa" : 1,  "begin" : 902,  "end" : 904 }, 
        {"sofa" : 1,  "begin" : 905,  "end" : 908 }, 
        {"sofa" : 1,  "begin" : 909,  "end" : 916 }, 
        {"sofa" : 1,  "begin" : 917,  "end" : 918 }, 
        {"sofa" : 1,  "begin" : 919,  "end" : 926 }, 
        {"sofa" : 1,  "begin" : 927,  "end" : 933 }, 
        {"sofa" : 1,  "begin" : 934,  "end" : 935 }, 
        {"sofa" : 1,  "begin" : 936,  "end" : 941 }, 
        {"sofa" : 1,  "begin" : 942,  "end" : 946 }, 
        {"sofa" : 1,  "begin" : 947,  "end" : 950 }, 
        {"sofa" : 1,  "begin" : 951,  "end" : 959 }, 
        {"sofa" : 1,  "begin" : 960,  "end" : 962 }, 
        {"sofa" : 1,  "begin" : 963,  "end" : 964 }, 
        {"sofa" : 1,  "begin" : 965,  "end" : 969 }, 
        {"sofa" : 1,  "begin" : 970,  "end" : 976 }, 
        {"sofa" : 1,  "begin" : 977,  "end" : 978 }, 
        {"sofa" : 1,  "begin" : 979,  "end" : 982 }, 
        {"sofa" : 1,  "begin" : 983,  "end" : 985 }, 
        {"sofa" : 1,  "begin" : 986,  "end" : 990 }, 
        {"sofa" : 1,  "begin" : 991,  "end" : 997 }, 
        {"sofa" : 1,  "begin" : 998,  "end" : 1001 }, 
        {"sofa" : 1,  "begin" : 1002,  "end" : 1007 }, 
        {"sofa" : 1,  "begin" : 1008,  "end" : 1017 }, 
        {"sofa" : 1,  "begin" : 1018,  "end" : 1029 }, 
        {"sofa" : 1,  "begin" : 1030,  "end" : 1032 }, 
        {"sofa" : 1,  "begin" : 1033,  "end" : 1037 }, 
        {"sofa" : 1,  "begin" : 1038,  "end" : 1044 } ], 
      "PartsofCause" : [2477,  2490,  2499,  2559,  2550,  2568,  2656,  2647,  2673,  2807,  2758,  2767 ], 
      "TypesofCause" : [
        {"sofa" : 1,  "begin" : 154,  "end" : 194,  "Dependent" : 2477,  "Governor" : 2490,  "TypesofCause" : "Effect" }, 
        {"sofa" : 1,  "begin" : 201,  "end" : 244,  "Dependent" : 2499,  "Governor" : 2490,  "TypesofCause" : "Cause" }, 
        {"sofa" : 1,  "begin" : 312,  "end" : 339,  "Dependent" : 2559,  "Governor" : 2550,  "TypesofCause" : "Effect" }, 
        {"sofa" : 1,  "begin" : 346,  "end" : 419,  "Dependent" : 2568,  "Governor" : 2550,  "TypesofCause" : "Cause" }, 
        {"sofa" : 1,  "begin" : 513,  "end" : 600,  "Dependent" : 2656,  "Governor" : 2647,  "TypesofCause" : "Effect" }, 
        {"sofa" : 1,  "begin" : 606,  "end" : 683,  "Dependent" : 2673,  "Governor" : 2647,  "TypesofCause" : "Cause" }, 
        {"sofa" : 1,  "begin" : 894,  "end" : 933,  "Dependent" : 2807,  "Governor" : 2758,  "TypesofCause" : "Effect" }, 
        {"sofa" : 1,  "begin" : 960,  "end" : 976,  "Dependent" : 2767,  "Governor" : 2758,  "TypesofCause" : "Means" } ] } }, 
  "_referenced_fss" : {
    "1" : {"_type" : "Sofa",  "sofaNum" : 1,  "sofaID" : "_InitialView",  "mimeType" : "text",  "sofaString" : "A major bridge between Detroit , and Windsor , Ontario , reopened early Tuesday after a bomb threat shut it down for more than five hours , police said .\nAuthorities closed the Ambassador Bridge after a bomb threat was received around 7:15 p.m. , according to Sgt. Eren Stephens , a Detroit police spokeswoman .\nIt finally opened at 1 a.m. after bomb - sniffing dogs \" did not detect or find a bomb or suspicious device . \"\nThe U.S. Coast Guard stopped all maritime traffic below the bridge during the incident .\nThe Ambassador Bridge is the busiest commercial international crossing in North America with more than 10,000 commercial vehicles crossing the bridge on a typical weekday , according to the bridge 's official website .\nMore than 25% of all commercial goods between Canada and the United States cross the Ambassador Bridge , the website said .\nThe closing followed last Thursday 's closing of the Detroit - Windsor Tunnel , which also was prompted by a bomb threat .\nCNN 's Rick Martin and Julia Greenberg contributed to this report" }, 
    "2477" : {"_type" : "PartsofCause",  "sofa" : 1,  "begin" : 154,  "end" : 194,  "PartsofCause" : "Argument" }, 
    "2490" : {"_type" : "PartsofCause",  "sofa" : 1,  "begin" : 195,  "end" : 200,  "PartsofCause" : "Causing" }, 
    "2499" : {"_type" : "PartsofCause",  "sofa" : 1,  "begin" : 201,  "end" : 244,  "PartsofCause" : "Argument" }, 
    "2559" : {"_type" : "PartsofCause",  "sofa" : 1,  "begin" : 312,  "end" : 339,  "PartsofCause" : "Argument" }, 
    "2550" : {"_type" : "PartsofCause",  "sofa" : 1,  "begin" : 340,  "end" : 345,  "PartsofCause" : "Enabling" }, 
    "2568" : {"_type" : "PartsofCause",  "sofa" : 1,  "begin" : 346,  "end" : 419,  "PartsofCause" : "Argument" }, 
    "2656" : {"_type" : "PartsofCause",  "sofa" : 1,  "begin" : 513,  "end" : 600,  "PartsofCause" : "Argument" }, 
    "2647" : {"_type" : "PartsofCause",  "sofa" : 1,  "begin" : 601,  "end" : 605,  "PartsofCause" : "Causing" }, 
    "2673" : {"_type" : "PartsofCause",  "sofa" : 1,  "begin" : 606,  "end" : 683,  "PartsofCause" : "Argument" }, 
    "2807" : {"_type" : "PartsofCause",  "sofa" : 1,  "begin" : 894,  "end" : 933,  "PartsofCause" : "Argument" }, 
    "2758" : {"_type" : "PartsofCause",  "sofa" : 1,  "begin" : 951,  "end" : 959,  "PartsofCause" : "Causing" }, 
    "2767" : {"_type" : "PartsofCause",  "sofa" : 1,  "begin" : 960,  "end" : 976,  "PartsofCause" : "Argument" }, 
    "2847" : {"_type" : "LayerDefinition",  "name" : "webanno.custom.DisjointCausalSpans",  "uiName" : "Disjoint Causal Spans" }, 
    "2865" : {"_type" : "LayerDefinition",  "name" : "webanno.custom.TypesofCause",  "uiName" : "Types of Cause" }, 
    "2858" : {"_type" : "LayerDefinition",  "name" : "webanno.custom.PartsofCause",  "uiName" : "Parts of Cause" } } }