{"_context" : {
    "_types" : {
      "DisjointCausalSpansChain" : {
        "_feature_types" : {"sofa" : "_ref",  "first" : "_ref" } }, 
      "DisjointCausalSpansLink" : {
        "_feature_types" : {"sofa" : "_ref",  "next" : "_ref" } }, 
      "DocumentMetaData" : {
        "_feature_types" : {"sofa" : "_ref" } }, 
      "FeatureDefinition" : {
        "_feature_types" : {"layer" : "_ref" } }, 
      "LayerDefinition" : { }, 
      "PartsofCause" : {
        "_feature_types" : {"sofa" : "_ref" } }, 
      "Sentence" : {
        "_feature_types" : {"sofa" : "_ref" } }, 
      "Sofa" : {
        "_feature_types" : {"sofaArray" : "_ref" } }, 
      "TagsetDescription" : {
        "_feature_types" : {"sofa" : "_ref",  "tags" : "_ref" } }, 
      "Token" : {
        "_feature_types" : {"sofa" : "_ref",  "parent" : "_ref",  "lemma" : "_ref",  "stem" : "_ref",  "pos" : "_ref",  "morph" : "_ref",  "form" : "_ref" } }, 
      "TypesofCause" : {
        "_feature_types" : {"sofa" : "_ref",  "Dependent" : "_ref",  "Governor" : "_ref" } }, 
      "AnnotationBase" : {
        "_feature_types" : {"sofa" : "_ref" }, 
        "_subtypes" : ["DisjointCausalSpansChain",  "Annotation" ] }, 
      "TOP" : {
        "_subtypes" : ["AnnotationBase",  "FeatureDefinition",  "LayerDefinition",  "Sofa" ] }, 
      "Annotation" : {
        "_feature_types" : {"sofa" : "_ref" }, 
        "_subtypes" : ["DisjointCausalSpansLink",  "DocumentAnnotation",  "PartsofCause",  "Sentence",  "TagsetDescription",  "Token",  "TypesofCause" ] }, 
      "DocumentAnnotation" : {
        "_feature_types" : {"sofa" : "_ref" }, 
        "_subtypes" : ["DocumentMetaData" ] } } }, 
  "_views" : {
    "_InitialView" : {
      "FeatureDefinition" : [
        {"layer" : 1653,  "name" : "referenceRelation",  "uiName" : "Reference Relation" }, 
        {"layer" : 1653,  "name" : "referenceType",  "uiName" : "Reference Type" }, 
        {"layer" : 1664,  "name" : "PartsofCause",  "uiName" : "Parts of Cause" }, 
        {"layer" : 1671,  "name" : "TypesofCause",  "uiName" : "Types of Cause" } ], 
      "LayerDefinition" : [1653,  1664,  1671 ], 
      "DocumentMetaData" : [
        {"sofa" : 1,  "end" : 520,  "language" : "x-unspecified",  "documentTitle" : "fable-36.txt",  "documentId" : "GJW",  "documentUri" : "file:/srv/inception/repository/project/2/document/2338/source/GJW",  "collectionId" : "file:/srv/inception/repository/project/2/document/2338/source/",  "documentBaseUri" : "file:/srv/inception/repository/project/2/document/2338/source/",  "isLastSegment" : false } ], 
      "TagsetDescription" : [
        {"sofa" : 1,  "layer" : "webanno.custom.PartsofCause",  "name" : "Parts of Cause",  "input" : false }, 
        {"sofa" : 1,  "layer" : "webanno.custom.TypesofCause",  "name" : "Causal Relations",  "input" : false } ], 
      "Sentence" : [
        {"sofa" : 1,  "end" : 71 }, 
        {"sofa" : 1,  "begin" : 72,  "end" : 229 }, 
        {"sofa" : 1,  "begin" : 230,  "end" : 368 }, 
        {"sofa" : 1,  "begin" : 369,  "end" : 520 } ], 
      "Token" : [
        {"sofa" : 1,  "end" : 1 }, 
        {"sofa" : 1,  "begin" : 2,  "end" : 5 }, 
        {"sofa" : 1,  "begin" : 6,  "end" : 10 }, 
        {"sofa" : 1,  "begin" : 11,  "end" : 17 }, 
        {"sofa" : 1,  "begin" : 18,  "end" : 21 }, 
        {"sofa" : 1,  "begin" : 22,  "end" : 26 }, 
        {"sofa" : 1,  "begin" : 27,  "end" : 31 }, 
        {"sofa" : 1,  "begin" : 32,  "end" : 33 }, 
        {"sofa" : 1,  "begin" : 34,  "end" : 41 }, 
        {"sofa" : 1,  "begin" : 42,  "end" : 48 }, 
        {"sofa" : 1,  "begin" : 49,  "end" : 55 }, 
        {"sofa" : 1,  "begin" : 56,  "end" : 60 }, 
        {"sofa" : 1,  "begin" : 61,  "end" : 69 }, 
        {"sofa" : 1,  "begin" : 70,  "end" : 71 }, 
        {"sofa" : 1,  "begin" : 72,  "end" : 74 }, 
        {"sofa" : 1,  "begin" : 75,  "end" : 82 }, 
        {"sofa" : 1,  "begin" : 83,  "end" : 85 }, 
        {"sofa" : 1,  "begin" : 86,  "end" : 90 }, 
        {"sofa" : 1,  "begin" : 91,  "end" : 93 }, 
        {"sofa" : 1,  "begin" : 94,  "end" : 97 }, 
        {"sofa" : 1,  "begin" : 98,  "end" : 102 }, 
        {"sofa" : 1,  "begin" : 103,  "end" : 108 }, 
        {"sofa" : 1,  "begin" : 109,  "end" : 117 }, 
        {"sofa" : 1,  "begin" : 118,  "end" : 122 }, 
        {"sofa" : 1,  "begin" : 123,  "end" : 124 }, 
        {"sofa" : 1,  "begin" : 125,  "end" : 128 }, 
        {"sofa" : 1,  "begin" : 129,  "end" : 133 }, 
        {"sofa" : 1,  "begin" : 134,  "end" : 136 }, 
        {"sofa" : 1,  "begin" : 137,  "end" : 142 }, 
        {"sofa" : 1,  "begin" : 143,  "end" : 145 }, 
        {"sofa" : 1,  "begin" : 146,  "end" : 150 }, 
        {"sofa" : 1,  "begin" : 151,  "end" : 154 }, 
        {"sofa" : 1,  "begin" : 155,  "end" : 158 }, 
        {"sofa" : 1,  "begin" : 159,  "end" : 165 }, 
        {"sofa" : 1,  "begin" : 166,  "end" : 170 }, 
        {"sofa" : 1,  "begin" : 171,  "end" : 172 }, 
        {"sofa" : 1,  "begin" : 173,  "end" : 176 }, 
        {"sofa" : 1,  "begin" : 177,  "end" : 187 }, 
        {"sofa" : 1,  "begin" : 188,  "end" : 190 }, 
        {"sofa" : 1,  "begin" : 191,  "end" : 194 }, 
        {"sofa" : 1,  "begin" : 195,  "end" : 199 }, 
        {"sofa" : 1,  "begin" : 200,  "end" : 209 }, 
        {"sofa" : 1,  "begin" : 210,  "end" : 213 }, 
        {"sofa" : 1,  "begin" : 214,  "end" : 218 }, 
        {"sofa" : 1,  "begin" : 219,  "end" : 224 }, 
        {"sofa" : 1,  "begin" : 225,  "end" : 227 }, 
        {"sofa" : 1,  "begin" : 228,  "end" : 229 }, 
        {"sofa" : 1,  "begin" : 230,  "end" : 239 }, 
        {"sofa" : 1,  "begin" : 240,  "end" : 242 }, 
        {"sofa" : 1,  "begin" : 243,  "end" : 247 }, 
        {"sofa" : 1,  "begin" : 248,  "end" : 251 }, 
        {"sofa" : 1,  "begin" : 252,  "end" : 256 }, 
        {"sofa" : 1,  "begin" : 257,  "end" : 258 }, 
        {"sofa" : 1,  "begin" : 259,  "end" : 262 }, 
        {"sofa" : 1,  "begin" : 263,  "end" : 269 }, 
        {"sofa" : 1,  "begin" : 270,  "end" : 272 }, 
        {"sofa" : 1,  "begin" : 273,  "end" : 276 }, 
        {"sofa" : 1,  "begin" : 277,  "end" : 281 }, 
        {"sofa" : 1,  "begin" : 282,  "end" : 284 }, 
        {"sofa" : 1,  "begin" : 285,  "end" : 292 }, 
        {"sofa" : 1,  "begin" : 293,  "end" : 296 }, 
        {"sofa" : 1,  "begin" : 297,  "end" : 300 }, 
        {"sofa" : 1,  "begin" : 301,  "end" : 305 }, 
        {"sofa" : 1,  "begin" : 306,  "end" : 307 }, 
        {"sofa" : 1,  "begin" : 308,  "end" : 310 }, 
        {"sofa" : 1,  "begin" : 311,  "end" : 316 }, 
        {"sofa" : 1,  "begin" : 317,  "end" : 321 }, 
        {"sofa" : 1,  "begin" : 322,  "end" : 327 }, 
        {"sofa" : 1,  "begin" : 328,  "end" : 331 }, 
        {"sofa" : 1,  "begin" : 332,  "end" : 340 }, 
        {"sofa" : 1,  "begin" : 341,  "end" : 349 }, 
        {"sofa" : 1,  "begin" : 350,  "end" : 353 }, 
        {"sofa" : 1,  "begin" : 354,  "end" : 358 }, 
        {"sofa" : 1,  "begin" : 359,  "end" : 366 }, 
        {"sofa" : 1,  "begin" : 367,  "end" : 368 }, 
        {"sofa" : 1,  "begin" : 369,  "end" : 370 }, 
        {"sofa" : 1,  "begin" : 371,  "end" : 377 }, 
        {"sofa" : 1,  "begin" : 378,  "end" : 386 }, 
        {"sofa" : 1,  "begin" : 387,  "end" : 389 }, 
        {"sofa" : 1,  "begin" : 390,  "end" : 397 }, 
        {"sofa" : 1,  "begin" : 398,  "end" : 402 }, 
        {"sofa" : 1,  "begin" : 403,  "end" : 406 }, 
        {"sofa" : 1,  "begin" : 407,  "end" : 411 }, 
        {"sofa" : 1,  "begin" : 412,  "end" : 416 }, 
        {"sofa" : 1,  "begin" : 417,  "end" : 420 }, 
        {"sofa" : 1,  "begin" : 421,  "end" : 431 }, 
        {"sofa" : 1,  "begin" : 432,  "end" : 438 }, 
        {"sofa" : 1,  "begin" : 439,  "end" : 440 }, 
        {"sofa" : 1,  "begin" : 441,  "end" : 442 }, 
        {"sofa" : 1,  "begin" : 443,  "end" : 445 }, 
        {"sofa" : 1,  "begin" : 446,  "end" : 455 }, 
        {"sofa" : 1,  "begin" : 456,  "end" : 458 }, 
        {"sofa" : 1,  "begin" : 459,  "end" : 463 }, 
        {"sofa" : 1,  "begin" : 464,  "end" : 468 }, 
        {"sofa" : 1,  "begin" : 469,  "end" : 471 }, 
        {"sofa" : 1,  "begin" : 472,  "end" : 476 }, 
        {"sofa" : 1,  "begin" : 477,  "end" : 478 }, 
        {"sofa" : 1,  "begin" : 479,  "end" : 481 }, 
        {"sofa" : 1,  "begin" : 482,  "end" : 485 }, 
        {"sofa" : 1,  "begin" : 486,  "end" : 487 }, 
        {"sofa" : 1,  "begin" : 488,  "end" : 491 }, 
        {"sofa" : 1,  "begin" : 492,  "end" : 495 }, 
        {"sofa" : 1,  "begin" : 496,  "end" : 500 }, 
        {"sofa" : 1,  "begin" : 501,  "end" : 504 }, 
        {"sofa" : 1,  "begin" : 505,  "end" : 509 }, 
        {"sofa" : 1,  "begin" : 510,  "end" : 516 }, 
        {"sofa" : 1,  "begin" : 517,  "end" : 518 }, 
        {"sofa" : 1,  "begin" : 519,  "end" : 520 } ], 
      "DisjointCausalSpansChain" : [
        {"sofa" : 1,  "first" : 1460 }, 
        {"sofa" : 1,  "first" : 1492 } ], 
      "DisjointCausalSpansLink" : [1460,  1492,  1474,  1506 ], 
      "PartsofCause" : [1580,  1589,  1602,  1524,  1447,  1552 ], 
      "TypesofCause" : [
        {"sofa" : 1,  "begin" : 134,  "end" : 170,  "Dependent" : 1589,  "Governor" : 1580,  "TypesofCause" : "Cause" }, 
        {"sofa" : 1,  "begin" : 173,  "end" : 227,  "Dependent" : 1602,  "Governor" : 1580,  "TypesofCause" : "Effect" }, 
        {"sofa" : 1,  "begin" : 173,  "end" : 199,  "Dependent" : 1524,  "Governor" : 1447,  "TypesofCause" : "Cause" }, 
        {"sofa" : 1,  "begin" : 210,  "end" : 213,  "Dependent" : 1552,  "Governor" : 1447,  "TypesofCause" : "Effect" } ] } }, 
  "_referenced_fss" : {
    "1" : {"_type" : "Sofa",  "sofaNum" : 1,  "sofaID" : "_InitialView",  "mimeType" : "text",  "sofaString" : "A BOY once thrust his hand into a pitcher nearly filled with Filberts .\nHe grasped as many as his hand could possibly hold ; but when he tried to draw out his closed fist , the narrowness of the neck prevented him from doing so .\nUnwilling to lose his nuts , yet unable to get them by drawing out his hand , he burst into tears and bitterly lamented his hard fortune .\nA person standing by finally gave him this wise and reasonable advice : “ Be satisfied to take half as many , my boy , and you will get them easily . ”" }, 
    "1474" : {"_type" : "DisjointCausalSpansLink",  "sofa" : 1,  "begin" : 214,  "end" : 218 }, 
    "1506" : {"_type" : "DisjointCausalSpansLink",  "sofa" : 1,  "begin" : 219,  "end" : 227 }, 
    "1460" : {"_type" : "DisjointCausalSpansLink",  "sofa" : 1,  "begin" : 200,  "end" : 209,  "next" : 1474 }, 
    "1492" : {"_type" : "DisjointCausalSpansLink",  "sofa" : 1,  "begin" : 210,  "end" : 213,  "next" : 1506 }, 
    "1589" : {"_type" : "PartsofCause",  "sofa" : 1,  "begin" : 134,  "end" : 170,  "PartsofCause" : "Argument" }, 
    "1580" : {"_type" : "PartsofCause",  "sofa" : 1,  "begin" : 129,  "end" : 133,  "PartsofCause" : "Causing" }, 
    "1602" : {"_type" : "PartsofCause",  "sofa" : 1,  "begin" : 173,  "end" : 227,  "PartsofCause" : "Argument" }, 
    "1524" : {"_type" : "PartsofCause",  "sofa" : 1,  "begin" : 173,  "end" : 199,  "PartsofCause" : "Argument" }, 
    "1447" : {"_type" : "PartsofCause",  "sofa" : 1,  "begin" : 200,  "end" : 209,  "PartsofCause" : "Preventing" }, 
    "1552" : {"_type" : "PartsofCause",  "sofa" : 1,  "begin" : 210,  "end" : 213,  "PartsofCause" : "Argument" }, 
    "1664" : {"_type" : "LayerDefinition",  "name" : "webanno.custom.PartsofCause",  "uiName" : "Parts of Cause" }, 
    "1653" : {"_type" : "LayerDefinition",  "name" : "webanno.custom.DisjointCausalSpans",  "uiName" : "Disjoint Causal Spans" }, 
    "1671" : {"_type" : "LayerDefinition",  "name" : "webanno.custom.TypesofCause",  "uiName" : "Types of Cause" } } }