{"_context" : {
    "_types" : {
      "DisjointCausalSpansChain" : {
        "_feature_types" : {"sofa" : "_ref",  "first" : "_ref" } }, 
      "DisjointCausalSpansLink" : {
        "_feature_types" : {"sofa" : "_ref",  "next" : "_ref" } }, 
      "DocumentMetaData" : {
        "_feature_types" : {"sofa" : "_ref" } }, 
      "FeatureDefinition" : {
        "_feature_types" : {"layer" : "_ref" } }, 
      "LayerDefinition" : { }, 
      "PartsofCause" : {
        "_feature_types" : {"sofa" : "_ref" } }, 
      "Sentence" : {
        "_feature_types" : {"sofa" : "_ref" } }, 
      "Sofa" : {
        "_feature_types" : {"sofaArray" : "_ref" } }, 
      "TagsetDescription" : {
        "_feature_types" : {"sofa" : "_ref",  "tags" : "_ref" } }, 
      "Token" : {
        "_feature_types" : {"sofa" : "_ref",  "parent" : "_ref",  "lemma" : "_ref",  "stem" : "_ref",  "pos" : "_ref",  "morph" : "_ref",  "form" : "_ref" } }, 
      "TypesofCause" : {
        "_feature_types" : {"sofa" : "_ref",  "Dependent" : "_ref",  "Governor" : "_ref" } }, 
      "AnnotationBase" : {
        "_feature_types" : {"sofa" : "_ref" }, 
        "_subtypes" : ["DisjointCausalSpansChain",  "Annotation" ] }, 
      "TOP" : {
        "_subtypes" : ["AnnotationBase",  "FeatureDefinition",  "LayerDefinition",  "Sofa" ] }, 
      "Annotation" : {
        "_feature_types" : {"sofa" : "_ref" }, 
        "_subtypes" : ["DisjointCausalSpansLink",  "DocumentAnnotation",  "PartsofCause",  "Sentence",  "TagsetDescription",  "Token",  "TypesofCause" ] }, 
      "DocumentAnnotation" : {
        "_feature_types" : {"sofa" : "_ref" }, 
        "_subtypes" : ["DocumentMetaData" ] } } }, 
  "_views" : {
    "_InitialView" : {
      "FeatureDefinition" : [
        {"layer" : 1736,  "name" : "referenceRelation",  "uiName" : "Reference Relation" }, 
        {"layer" : 1736,  "name" : "referenceType",  "uiName" : "Reference Type" }, 
        {"layer" : 1747,  "name" : "PartsofCause",  "uiName" : "Parts of Cause" }, 
        {"layer" : 1754,  "name" : "TypesofCause",  "uiName" : "Types of Cause" } ], 
      "LayerDefinition" : [1736,  1747,  1754 ], 
      "DocumentMetaData" : [
        {"sofa" : 1,  "end" : 639,  "language" : "x-unspecified",  "documentTitle" : "reddit-024.txt",  "documentId" : "AYC",  "documentUri" : "file:/srv/inception/repository/project/2/document/2426/source/AYC",  "collectionId" : "file:/srv/inception/repository/project/2/document/2426/source/",  "documentBaseUri" : "file:/srv/inception/repository/project/2/document/2426/source/",  "isLastSegment" : false } ], 
      "TagsetDescription" : [
        {"sofa" : 1,  "layer" : "webanno.custom.PartsofCause",  "name" : "Parts of Cause",  "input" : false }, 
        {"sofa" : 1,  "layer" : "webanno.custom.TypesofCause",  "name" : "Causal Relations",  "input" : false } ], 
      "Sentence" : [
        {"sofa" : 1,  "end" : 176 }, 
        {"sofa" : 1,  "begin" : 177,  "end" : 193 }, 
        {"sofa" : 1,  "begin" : 194,  "end" : 225 }, 
        {"sofa" : 1,  "begin" : 226,  "end" : 283 }, 
        {"sofa" : 1,  "begin" : 284,  "end" : 332 }, 
        {"sofa" : 1,  "begin" : 333,  "end" : 639 } ], 
      "Token" : [
        {"sofa" : 1,  "end" : 2 }, 
        {"sofa" : 1,  "begin" : 3,  "end" : 11 }, 
        {"sofa" : 1,  "begin" : 12,  "end" : 18 }, 
        {"sofa" : 1,  "begin" : 19,  "end" : 26 }, 
        {"sofa" : 1,  "begin" : 27,  "end" : 29 }, 
        {"sofa" : 1,  "begin" : 30,  "end" : 31 }, 
        {"sofa" : 1,  "begin" : 32,  "end" : 33 }, 
        {"sofa" : 1,  "begin" : 34,  "end" : 37 }, 
        {"sofa" : 1,  "begin" : 38,  "end" : 41 }, 
        {"sofa" : 1,  "begin" : 42,  "end" : 47 }, 
        {"sofa" : 1,  "begin" : 48,  "end" : 49 }, 
        {"sofa" : 1,  "begin" : 50,  "end" : 56 }, 
        {"sofa" : 1,  "begin" : 57,  "end" : 60 }, 
        {"sofa" : 1,  "begin" : 61,  "end" : 64 }, 
        {"sofa" : 1,  "begin" : 65,  "end" : 69 }, 
        {"sofa" : 1,  "begin" : 70,  "end" : 71 }, 
        {"sofa" : 1,  "begin" : 72,  "end" : 79 }, 
        {"sofa" : 1,  "begin" : 80,  "end" : 85 }, 
        {"sofa" : 1,  "begin" : 86,  "end" : 88 }, 
        {"sofa" : 1,  "begin" : 89,  "end" : 92 }, 
        {"sofa" : 1,  "begin" : 93,  "end" : 97 }, 
        {"sofa" : 1,  "begin" : 98,  "end" : 99 }, 
        {"sofa" : 1,  "begin" : 100,  "end" : 105 }, 
        {"sofa" : 1,  "begin" : 106,  "end" : 108 }, 
        {"sofa" : 1,  "begin" : 109,  "end" : 111 }, 
        {"sofa" : 1,  "begin" : 112,  "end" : 113 }, 
        {"sofa" : 1,  "begin" : 114,  "end" : 123 }, 
        {"sofa" : 1,  "begin" : 124,  "end" : 128 }, 
        {"sofa" : 1,  "begin" : 129,  "end" : 132 }, 
        {"sofa" : 1,  "begin" : 133,  "end" : 135 }, 
        {"sofa" : 1,  "begin" : 136,  "end" : 140 }, 
        {"sofa" : 1,  "begin" : 141,  "end" : 147 }, 
        {"sofa" : 1,  "begin" : 148,  "end" : 149 }, 
        {"sofa" : 1,  "begin" : 150,  "end" : 155 }, 
        {"sofa" : 1,  "begin" : 156,  "end" : 167 }, 
        {"sofa" : 1,  "begin" : 168,  "end" : 174 }, 
        {"sofa" : 1,  "begin" : 175,  "end" : 176 }, 
        {"sofa" : 1,  "begin" : 177,  "end" : 178 }, 
        {"sofa" : 1,  "begin" : 179,  "end" : 182 }, 
        {"sofa" : 1,  "begin" : 183,  "end" : 185 }, 
        {"sofa" : 1,  "begin" : 186,  "end" : 191 }, 
        {"sofa" : 1,  "begin" : 192,  "end" : 193 }, 
        {"sofa" : 1,  "begin" : 194,  "end" : 201 }, 
        {"sofa" : 1,  "begin" : 202,  "end" : 206 }, 
        {"sofa" : 1,  "begin" : 207,  "end" : 212 }, 
        {"sofa" : 1,  "begin" : 213,  "end" : 223 }, 
        {"sofa" : 1,  "begin" : 224,  "end" : 225 }, 
        {"sofa" : 1,  "begin" : 226,  "end" : 233 }, 
        {"sofa" : 1,  "begin" : 234,  "end" : 239 }, 
        {"sofa" : 1,  "begin" : 240,  "end" : 241 }, 
        {"sofa" : 1,  "begin" : 242,  "end" : 246 }, 
        {"sofa" : 1,  "begin" : 247,  "end" : 256 }, 
        {"sofa" : 1,  "begin" : 257,  "end" : 260 }, 
        {"sofa" : 1,  "begin" : 261,  "end" : 265 }, 
        {"sofa" : 1,  "begin" : 266,  "end" : 267 }, 
        {"sofa" : 1,  "begin" : 268,  "end" : 271 }, 
        {"sofa" : 1,  "begin" : 272,  "end" : 276 }, 
        {"sofa" : 1,  "begin" : 277,  "end" : 281 }, 
        {"sofa" : 1,  "begin" : 282,  "end" : 283 }, 
        {"sofa" : 1,  "begin" : 284,  "end" : 292 }, 
        {"sofa" : 1,  "begin" : 293,  "end" : 300 }, 
        {"sofa" : 1,  "begin" : 301,  "end" : 305 }, 
        {"sofa" : 1,  "begin" : 306,  "end" : 311 }, 
        {"sofa" : 1,  "begin" : 312,  "end" : 317 }, 
        {"sofa" : 1,  "begin" : 318,  "end" : 330 }, 
        {"sofa" : 1,  "begin" : 331,  "end" : 332 }, 
        {"sofa" : 1,  "begin" : 333,  "end" : 340 }, 
        {"sofa" : 1,  "begin" : 341,  "end" : 347 }, 
        {"sofa" : 1,  "begin" : 348,  "end" : 355 }, 
        {"sofa" : 1,  "begin" : 356,  "end" : 369 }, 
        {"sofa" : 1,  "begin" : 370,  "end" : 371 }, 
        {"sofa" : 1,  "begin" : 372,  "end" : 381 }, 
        {"sofa" : 1,  "begin" : 382,  "end" : 387 }, 
        {"sofa" : 1,  "begin" : 388,  "end" : 394 }, 
        {"sofa" : 1,  "begin" : 395,  "end" : 403 }, 
        {"sofa" : 1,  "begin" : 404,  "end" : 405 }, 
        {"sofa" : 1,  "begin" : 406,  "end" : 415 }, 
        {"sofa" : 1,  "begin" : 416,  "end" : 424 }, 
        {"sofa" : 1,  "begin" : 425,  "end" : 432 }, 
        {"sofa" : 1,  "begin" : 433,  "end" : 434 }, 
        {"sofa" : 1,  "begin" : 435,  "end" : 438 }, 
        {"sofa" : 1,  "begin" : 439,  "end" : 440 }, 
        {"sofa" : 1,  "begin" : 441,  "end" : 447 }, 
        {"sofa" : 1,  "begin" : 448,  "end" : 451 }, 
        {"sofa" : 1,  "begin" : 452,  "end" : 455 }, 
        {"sofa" : 1,  "begin" : 456,  "end" : 463 }, 
        {"sofa" : 1,  "begin" : 464,  "end" : 465 }, 
        {"sofa" : 1,  "begin" : 466,  "end" : 475 }, 
        {"sofa" : 1,  "begin" : 476,  "end" : 479 }, 
        {"sofa" : 1,  "begin" : 480,  "end" : 481 }, 
        {"sofa" : 1,  "begin" : 482,  "end" : 485 }, 
        {"sofa" : 1,  "begin" : 486,  "end" : 487 }, 
        {"sofa" : 1,  "begin" : 488,  "end" : 493 }, 
        {"sofa" : 1,  "begin" : 494,  "end" : 506 }, 
        {"sofa" : 1,  "begin" : 507,  "end" : 508 }, 
        {"sofa" : 1,  "begin" : 509,  "end" : 512 }, 
        {"sofa" : 1,  "begin" : 513,  "end" : 525 }, 
        {"sofa" : 1,  "begin" : 526,  "end" : 527 }, 
        {"sofa" : 1,  "begin" : 528,  "end" : 531 }, 
        {"sofa" : 1,  "begin" : 532,  "end" : 533 }, 
        {"sofa" : 1,  "begin" : 534,  "end" : 537 }, 
        {"sofa" : 1,  "begin" : 538,  "end" : 544 }, 
        {"sofa" : 1,  "begin" : 545,  "end" : 547 }, 
        {"sofa" : 1,  "begin" : 548,  "end" : 553 }, 
        {"sofa" : 1,  "begin" : 554,  "end" : 555 }, 
        {"sofa" : 1,  "begin" : 556,  "end" : 565 }, 
        {"sofa" : 1,  "begin" : 566,  "end" : 570 }, 
        {"sofa" : 1,  "begin" : 571,  "end" : 572 }, 
        {"sofa" : 1,  "begin" : 573,  "end" : 580 }, 
        {"sofa" : 1,  "begin" : 581,  "end" : 585 }, 
        {"sofa" : 1,  "begin" : 586,  "end" : 590 }, 
        {"sofa" : 1,  "begin" : 591,  "end" : 592 }, 
        {"sofa" : 1,  "begin" : 593,  "end" : 596 }, 
        {"sofa" : 1,  "begin" : 597,  "end" : 599 }, 
        {"sofa" : 1,  "begin" : 600,  "end" : 607 }, 
        {"sofa" : 1,  "begin" : 608,  "end" : 612 }, 
        {"sofa" : 1,  "begin" : 613,  "end" : 620 }, 
        {"sofa" : 1,  "begin" : 621,  "end" : 624 }, 
        {"sofa" : 1,  "begin" : 625,  "end" : 628 }, 
        {"sofa" : 1,  "begin" : 629,  "end" : 637 }, 
        {"sofa" : 1,  "begin" : 638,  "end" : 639 } ], 
      "DisjointCausalSpansChain" : [
        {"sofa" : 1,  "first" : 1639 } ], 
      "DisjointCausalSpansLink" : [1639,  1653 ], 
      "PartsofCause" : [1671,  1684,  1697 ], 
      "TypesofCause" : [
        {"sofa" : 1,  "begin" : 65,  "end" : 88,  "Dependent" : 1684,  "Governor" : 1671,  "TypesofCause" : "Cause" }, 
        {"sofa" : 1,  "begin" : 93,  "end" : 108,  "Dependent" : 1697,  "Governor" : 1671,  "TypesofCause" : "Effect" } ] } }, 
  "_referenced_fss" : {
    "1" : {"_type" : "Sofa",  "sofaNum" : 1,  "sofaID" : "_InitialView",  "mimeType" : "text",  "sofaString" : "My favorite school started as a \" why not apply \" safety and the more I learned about it the more I liked it so , everybody else gas up your safety / least prestigious school .\nI 'll go first .\nFlorida Gulf Coast University !\nAmazing Dorms , like genuinely the best I 've ever seen .\nIn-state tuition with great merit scholarships .\nAmazing honors college opportunities ( exclusive study abroad programs , undergrad research funding , etc ) Unique and fun classes , including Gen - eds ( music appreciation , art appreciation , etc ) The campus is clean + beautiful High - quality food with a lot of options Free parking for all students ." }, 
    "1653" : {"_type" : "DisjointCausalSpansLink",  "sofa" : 1,  "begin" : 89,  "end" : 92 }, 
    "1639" : {"_type" : "DisjointCausalSpansLink",  "sofa" : 1,  "begin" : 61,  "end" : 64,  "next" : 1653 }, 
    "1684" : {"_type" : "PartsofCause",  "sofa" : 1,  "begin" : 65,  "end" : 88,  "PartsofCause" : "Argument" }, 
    "1671" : {"_type" : "PartsofCause",  "sofa" : 1,  "begin" : 61,  "end" : 64,  "PartsofCause" : "Causing" }, 
    "1697" : {"_type" : "PartsofCause",  "sofa" : 1,  "begin" : 93,  "end" : 108,  "PartsofCause" : "Argument" }, 
    "1736" : {"_type" : "LayerDefinition",  "name" : "webanno.custom.DisjointCausalSpans",  "uiName" : "Disjoint Causal Spans" }, 
    "1747" : {"_type" : "LayerDefinition",  "name" : "webanno.custom.PartsofCause",  "uiName" : "Parts of Cause" }, 
    "1754" : {"_type" : "LayerDefinition",  "name" : "webanno.custom.TypesofCause",  "uiName" : "Types of Cause" } } }