{"_context" : {
    "_types" : {
      "DocumentMetaData" : {
        "_feature_types" : {"sofa" : "_ref" } }, 
      "FeatureDefinition" : {
        "_feature_types" : {"layer" : "_ref" } }, 
      "LayerDefinition" : { }, 
      "Sentence" : {
        "_feature_types" : {"sofa" : "_ref" } }, 
      "Sofa" : {
        "_feature_types" : {"sofaArray" : "_ref" } }, 
      "TagsetDescription" : {
        "_feature_types" : {"sofa" : "_ref",  "tags" : "_ref" } }, 
      "Token" : {
        "_feature_types" : {"sofa" : "_ref",  "parent" : "_ref",  "lemma" : "_ref",  "stem" : "_ref",  "pos" : "_ref",  "morph" : "_ref",  "form" : "_ref" } }, 
      "DocumentAnnotation" : {
        "_feature_types" : {"sofa" : "_ref" }, 
        "_subtypes" : ["DocumentMetaData" ] }, 
      "Annotation" : {
        "_feature_types" : {"sofa" : "_ref" }, 
        "_subtypes" : ["DocumentAnnotation",  "Sentence",  "TagsetDescription",  "Token" ] }, 
      "AnnotationBase" : {
        "_feature_types" : {"sofa" : "_ref" }, 
        "_subtypes" : ["Annotation" ] }, 
      "TOP" : {
        "_subtypes" : ["AnnotationBase",  "FeatureDefinition",  "LayerDefinition",  "Sofa" ] } } }, 
  "_views" : {
    "_InitialView" : {
      "FeatureDefinition" : [
        {"layer" : 2074,  "name" : "referenceRelation",  "uiName" : "Reference Relation" }, 
        {"layer" : 2074,  "name" : "referenceType",  "uiName" : "Reference Type" }, 
        {"layer" : 2085,  "name" : "PartsofCause",  "uiName" : "Parts of Cause" }, 
        {"layer" : 2092,  "name" : "TypesofCause",  "uiName" : "Types of Cause" } ], 
      "LayerDefinition" : [2074,  2085,  2092 ], 
      "DocumentMetaData" : [
        {"sofa" : 1,  "end" : 885,  "language" : "x-unspecified",  "documentTitle" : "cnn-17.txt",  "documentId" : "AYC",  "documentUri" : "file:/srv/inception/repository/project/2/document/2369/source/AYC",  "collectionId" : "file:/srv/inception/repository/project/2/document/2369/source/",  "documentBaseUri" : "file:/srv/inception/repository/project/2/document/2369/source/",  "isLastSegment" : false } ], 
      "TagsetDescription" : [
        {"sofa" : 1,  "layer" : "webanno.custom.PartsofCause",  "name" : "Parts of Cause",  "input" : false }, 
        {"sofa" : 1,  "layer" : "webanno.custom.TypesofCause",  "name" : "Causal Relations",  "input" : false } ], 
      "Sentence" : [
        {"sofa" : 1,  "end" : 131 }, 
        {"sofa" : 1,  "begin" : 132,  "end" : 181 }, 
        {"sofa" : 1,  "begin" : 182,  "end" : 298 }, 
        {"sofa" : 1,  "begin" : 299,  "end" : 474 }, 
        {"sofa" : 1,  "begin" : 475,  "end" : 518 }, 
        {"sofa" : 1,  "begin" : 519,  "end" : 673 }, 
        {"sofa" : 1,  "begin" : 674,  "end" : 799 }, 
        {"sofa" : 1,  "begin" : 800,  "end" : 885 } ], 
      "Token" : [
        {"sofa" : 1,  "end" : 3 }, 
        {"sofa" : 1,  "begin" : 4,  "end" : 8 }, 
        {"sofa" : 1,  "begin" : 9,  "end" : 13 }, 
        {"sofa" : 1,  "begin" : 14,  "end" : 17 }, 
        {"sofa" : 1,  "begin" : 18,  "end" : 25 }, 
        {"sofa" : 1,  "begin" : 26,  "end" : 29 }, 
        {"sofa" : 1,  "begin" : 30,  "end" : 36 }, 
        {"sofa" : 1,  "begin" : 37,  "end" : 44 }, 
        {"sofa" : 1,  "begin" : 45,  "end" : 47 }, 
        {"sofa" : 1,  "begin" : 48,  "end" : 58 }, 
        {"sofa" : 1,  "begin" : 59,  "end" : 68 }, 
        {"sofa" : 1,  "begin" : 69,  "end" : 71 }, 
        {"sofa" : 1,  "begin" : 72,  "end" : 75 }, 
        {"sofa" : 1,  "begin" : 76,  "end" : 78 }, 
        {"sofa" : 1,  "begin" : 79,  "end" : 83 }, 
        {"sofa" : 1,  "begin" : 84,  "end" : 89 }, 
        {"sofa" : 1,  "begin" : 90,  "end" : 92 }, 
        {"sofa" : 1,  "begin" : 93,  "end" : 97 }, 
        {"sofa" : 1,  "begin" : 98,  "end" : 99 }, 
        {"sofa" : 1,  "begin" : 100,  "end" : 105 }, 
        {"sofa" : 1,  "begin" : 106,  "end" : 115 }, 
        {"sofa" : 1,  "begin" : 116,  "end" : 120 }, 
        {"sofa" : 1,  "begin" : 121,  "end" : 129 }, 
        {"sofa" : 1,  "begin" : 130,  "end" : 131 }, 
        {"sofa" : 1,  "begin" : 132,  "end" : 136 }, 
        {"sofa" : 1,  "begin" : 137,  "end" : 143 }, 
        {"sofa" : 1,  "begin" : 144,  "end" : 150 }, 
        {"sofa" : 1,  "begin" : 151,  "end" : 153 }, 
        {"sofa" : 1,  "begin" : 154,  "end" : 158 }, 
        {"sofa" : 1,  "begin" : 159,  "end" : 164 }, 
        {"sofa" : 1,  "begin" : 165,  "end" : 167 }, 
        {"sofa" : 1,  "begin" : 168,  "end" : 172 }, 
        {"sofa" : 1,  "begin" : 173,  "end" : 175 }, 
        {"sofa" : 1,  "begin" : 176,  "end" : 179 }, 
        {"sofa" : 1,  "begin" : 180,  "end" : 181 }, 
        {"sofa" : 1,  "begin" : 182,  "end" : 185 }, 
        {"sofa" : 1,  "begin" : 186,  "end" : 190 }, 
        {"sofa" : 1,  "begin" : 191,  "end" : 199 }, 
        {"sofa" : 1,  "begin" : 200,  "end" : 213 }, 
        {"sofa" : 1,  "begin" : 214,  "end" : 222 }, 
        {"sofa" : 1,  "begin" : 223,  "end" : 235 }, 
        {"sofa" : 1,  "begin" : 236,  "end" : 243 }, 
        {"sofa" : 1,  "begin" : 244,  "end" : 253 }, 
        {"sofa" : 1,  "begin" : 254,  "end" : 258 }, 
        {"sofa" : 1,  "begin" : 259,  "end" : 263 }, 
        {"sofa" : 1,  "begin" : 264,  "end" : 267 }, 
        {"sofa" : 1,  "begin" : 268,  "end" : 277 }, 
        {"sofa" : 1,  "begin" : 278,  "end" : 282 }, 
        {"sofa" : 1,  "begin" : 283,  "end" : 288 }, 
        {"sofa" : 1,  "begin" : 289,  "end" : 296 }, 
        {"sofa" : 1,  "begin" : 297,  "end" : 298 }, 
        {"sofa" : 1,  "begin" : 299,  "end" : 302 }, 
        {"sofa" : 1,  "begin" : 303,  "end" : 311 }, 
        {"sofa" : 1,  "begin" : 312,  "end" : 316 }, 
        {"sofa" : 1,  "begin" : 317,  "end" : 329 }, 
        {"sofa" : 1,  "begin" : 330,  "end" : 332 }, 
        {"sofa" : 1,  "begin" : 333,  "end" : 341 }, 
        {"sofa" : 1,  "begin" : 342,  "end" : 344 }, 
        {"sofa" : 1,  "begin" : 345,  "end" : 350 }, 
        {"sofa" : 1,  "begin" : 351,  "end" : 356 }, 
        {"sofa" : 1,  "begin" : 357,  "end" : 366 }, 
        {"sofa" : 1,  "begin" : 367,  "end" : 371 }, 
        {"sofa" : 1,  "begin" : 372,  "end" : 380 }, 
        {"sofa" : 1,  "begin" : 381,  "end" : 390 }, 
        {"sofa" : 1,  "begin" : 391,  "end" : 393 }, 
        {"sofa" : 1,  "begin" : 394,  "end" : 395 }, 
        {"sofa" : 1,  "begin" : 396,  "end" : 403 }, 
        {"sofa" : 1,  "begin" : 404,  "end" : 408 }, 
        {"sofa" : 1,  "begin" : 409,  "end" : 413 }, 
        {"sofa" : 1,  "begin" : 414,  "end" : 417 }, 
        {"sofa" : 1,  "begin" : 418,  "end" : 422 }, 
        {"sofa" : 1,  "begin" : 423,  "end" : 430 }, 
        {"sofa" : 1,  "begin" : 431,  "end" : 435 }, 
        {"sofa" : 1,  "begin" : 436,  "end" : 437 }, 
        {"sofa" : 1,  "begin" : 438,  "end" : 442 }, 
        {"sofa" : 1,  "begin" : 443,  "end" : 450 }, 
        {"sofa" : 1,  "begin" : 451,  "end" : 456 }, 
        {"sofa" : 1,  "begin" : 457,  "end" : 458 }, 
        {"sofa" : 1,  "begin" : 459,  "end" : 462 }, 
        {"sofa" : 1,  "begin" : 463,  "end" : 467 }, 
        {"sofa" : 1,  "begin" : 468,  "end" : 472 }, 
        {"sofa" : 1,  "begin" : 473,  "end" : 474 }, 
        {"sofa" : 1,  "begin" : 475,  "end" : 478 }, 
        {"sofa" : 1,  "begin" : 479,  "end" : 482 }, 
        {"sofa" : 1,  "begin" : 483,  "end" : 489 }, 
        {"sofa" : 1,  "begin" : 490,  "end" : 494 }, 
        {"sofa" : 1,  "begin" : 495,  "end" : 499 }, 
        {"sofa" : 1,  "begin" : 500,  "end" : 506 }, 
        {"sofa" : 1,  "begin" : 507,  "end" : 508 }, 
        {"sofa" : 1,  "begin" : 509,  "end" : 516 }, 
        {"sofa" : 1,  "begin" : 517,  "end" : 518 }, 
        {"sofa" : 1,  "begin" : 519,  "end" : 524 }, 
        {"sofa" : 1,  "begin" : 525,  "end" : 530 }, 
        {"sofa" : 1,  "begin" : 531,  "end" : 536 }, 
        {"sofa" : 1,  "begin" : 537,  "end" : 541 }, 
        {"sofa" : 1,  "begin" : 542,  "end" : 546 }, 
        {"sofa" : 1,  "begin" : 547,  "end" : 555 }, 
        {"sofa" : 1,  "begin" : 556,  "end" : 563 }, 
        {"sofa" : 1,  "begin" : 564,  "end" : 575 }, 
        {"sofa" : 1,  "begin" : 576,  "end" : 586 }, 
        {"sofa" : 1,  "begin" : 587,  "end" : 588 }, 
        {"sofa" : 1,  "begin" : 589,  "end" : 598 }, 
        {"sofa" : 1,  "begin" : 599,  "end" : 601 }, 
        {"sofa" : 1,  "begin" : 602,  "end" : 603 }, 
        {"sofa" : 1,  "begin" : 604,  "end" : 613 }, 
        {"sofa" : 1,  "begin" : 614,  "end" : 618 }, 
        {"sofa" : 1,  "begin" : 619,  "end" : 622 }, 
        {"sofa" : 1,  "begin" : 623,  "end" : 632 }, 
        {"sofa" : 1,  "begin" : 633,  "end" : 635 }, 
        {"sofa" : 1,  "begin" : 636,  "end" : 640 }, 
        {"sofa" : 1,  "begin" : 641,  "end" : 646 }, 
        {"sofa" : 1,  "begin" : 647,  "end" : 653 }, 
        {"sofa" : 1,  "begin" : 654,  "end" : 655 }, 
        {"sofa" : 1,  "begin" : 656,  "end" : 663 }, 
        {"sofa" : 1,  "begin" : 664,  "end" : 671 }, 
        {"sofa" : 1,  "begin" : 672,  "end" : 673 }, 
        {"sofa" : 1,  "begin" : 674,  "end" : 677 }, 
        {"sofa" : 1,  "begin" : 678,  "end" : 684 }, 
        {"sofa" : 1,  "begin" : 685,  "end" : 686 }, 
        {"sofa" : 1,  "begin" : 687,  "end" : 694 }, 
        {"sofa" : 1,  "begin" : 695,  "end" : 698 }, 
        {"sofa" : 1,  "begin" : 699,  "end" : 707 }, 
        {"sofa" : 1,  "begin" : 708,  "end" : 710 }, 
        {"sofa" : 1,  "begin" : 711,  "end" : 716 }, 
        {"sofa" : 1,  "begin" : 717,  "end" : 723 }, 
        {"sofa" : 1,  "begin" : 724,  "end" : 726 }, 
        {"sofa" : 1,  "begin" : 727,  "end" : 731 }, 
        {"sofa" : 1,  "begin" : 732,  "end" : 734 }, 
        {"sofa" : 1,  "begin" : 735,  "end" : 739 }, 
        {"sofa" : 1,  "begin" : 740,  "end" : 745 }, 
        {"sofa" : 1,  "begin" : 746,  "end" : 747 }, 
        {"sofa" : 1,  "begin" : 748,  "end" : 753 }, 
        {"sofa" : 1,  "begin" : 754,  "end" : 756 }, 
        {"sofa" : 1,  "begin" : 757,  "end" : 759 }, 
        {"sofa" : 1,  "begin" : 760,  "end" : 768 }, 
        {"sofa" : 1,  "begin" : 769,  "end" : 773 }, 
        {"sofa" : 1,  "begin" : 774,  "end" : 778 }, 
        {"sofa" : 1,  "begin" : 779,  "end" : 782 }, 
        {"sofa" : 1,  "begin" : 783,  "end" : 790 }, 
        {"sofa" : 1,  "begin" : 791,  "end" : 797 }, 
        {"sofa" : 1,  "begin" : 798,  "end" : 799 }, 
        {"sofa" : 1,  "begin" : 800,  "end" : 803 }, 
        {"sofa" : 1,  "begin" : 804,  "end" : 810 }, 
        {"sofa" : 1,  "begin" : 811,  "end" : 818 }, 
        {"sofa" : 1,  "begin" : 819,  "end" : 821 }, 
        {"sofa" : 1,  "begin" : 822,  "end" : 825 }, 
        {"sofa" : 1,  "begin" : 826,  "end" : 830 }, 
        {"sofa" : 1,  "begin" : 831,  "end" : 834 }, 
        {"sofa" : 1,  "begin" : 835,  "end" : 843 }, 
        {"sofa" : 1,  "begin" : 844,  "end" : 846 }, 
        {"sofa" : 1,  "begin" : 847,  "end" : 851 }, 
        {"sofa" : 1,  "begin" : 852,  "end" : 863 }, 
        {"sofa" : 1,  "begin" : 864,  "end" : 872 }, 
        {"sofa" : 1,  "begin" : 873,  "end" : 882 }, 
        {"sofa" : 1,  "begin" : 883,  "end" : 885 } ] } }, 
  "_referenced_fss" : {
    "1" : {"_type" : "Sofa",  "sofaNum" : 1,  "sofaID" : "_InitialView",  "mimeType" : "text",  "sofaString" : "The U.S. Navy has charged six guards accused of assaulting detainees in May at Camp Bucca in Iraq , naval officials said Thursday .\nU.S. guards patrol at Camp Bucca in Iraq in May .\nThe Army Criminal Investigation Division investigated alleged incidents that left two detainees with minor bruises .\nThe division also investigated an incident in which eight prisoners were confined overnight to a housing cell that had been sprayed with a riot control agent , the Navy said .\nThe six guards will face courts - martial .\nSeven other cases have been resolved through nonjudicial punishment , according to a statement from the commander of U.S. Naval Forces - Central Command .\nThe courts - martial are expected to start within 30 days at Camp Bucca , which is in southern Iraq near the Kuwaiti border .\nThe guards accused in the case are assigned to Navy Provisional Detainee Battalion 4." }, 
    "2074" : {"_type" : "LayerDefinition",  "name" : "webanno.custom.DisjointCausalSpans",  "uiName" : "Disjoint Causal Spans" }, 
    "2092" : {"_type" : "LayerDefinition",  "name" : "webanno.custom.TypesofCause",  "uiName" : "Types of Cause" }, 
    "2085" : {"_type" : "LayerDefinition",  "name" : "webanno.custom.PartsofCause",  "uiName" : "Parts of Cause" } } }