{"_context" : {
    "_types" : {
      "DocumentMetaData" : {
        "_feature_types" : {"sofa" : "_ref" } }, 
      "FeatureDefinition" : {
        "_feature_types" : {"layer" : "_ref" } }, 
      "LayerDefinition" : { }, 
      "PartsofCause" : {
        "_feature_types" : {"sofa" : "_ref" } }, 
      "Sentence" : {
        "_feature_types" : {"sofa" : "_ref" } }, 
      "Sofa" : {
        "_feature_types" : {"sofaArray" : "_ref" } }, 
      "TagsetDescription" : {
        "_feature_types" : {"sofa" : "_ref",  "tags" : "_ref" } }, 
      "Token" : {
        "_feature_types" : {"sofa" : "_ref",  "parent" : "_ref",  "lemma" : "_ref",  "stem" : "_ref",  "pos" : "_ref",  "morph" : "_ref",  "form" : "_ref" } }, 
      "TypesofCause" : {
        "_feature_types" : {"sofa" : "_ref",  "Dependent" : "_ref",  "Governor" : "_ref" } }, 
      "DocumentAnnotation" : {
        "_feature_types" : {"sofa" : "_ref" }, 
        "_subtypes" : ["DocumentMetaData" ] }, 
      "Annotation" : {
        "_feature_types" : {"sofa" : "_ref" }, 
        "_subtypes" : ["DocumentAnnotation",  "PartsofCause",  "Sentence",  "TagsetDescription",  "Token",  "TypesofCause" ] }, 
      "AnnotationBase" : {
        "_feature_types" : {"sofa" : "_ref" }, 
        "_subtypes" : ["Annotation" ] }, 
      "TOP" : {
        "_subtypes" : ["AnnotationBase",  "FeatureDefinition",  "LayerDefinition",  "Sofa" ] } } }, 
  "_views" : {
    "_InitialView" : {
      "FeatureDefinition" : [
        {"layer" : 2029,  "name" : "referenceRelation",  "uiName" : "Reference Relation" }, 
        {"layer" : 2029,  "name" : "referenceType",  "uiName" : "Reference Type" }, 
        {"layer" : 2040,  "name" : "PartsofCause",  "uiName" : "Parts of Cause" }, 
        {"layer" : 2047,  "name" : "TypesofCause",  "uiName" : "Types of Cause" } ], 
      "LayerDefinition" : [2029,  2040,  2047 ], 
      "DocumentMetaData" : [
        {"sofa" : 1,  "end" : 763,  "language" : "x-unspecified",  "documentTitle" : "cnn-46.txt",  "documentId" : "GJW",  "documentUri" : "file:/srv/inception/repository/project/2/document/2398/source/GJW",  "collectionId" : "file:/srv/inception/repository/project/2/document/2398/source/",  "documentBaseUri" : "file:/srv/inception/repository/project/2/document/2398/source/",  "isLastSegment" : false } ], 
      "TagsetDescription" : [
        {"sofa" : 1,  "layer" : "webanno.custom.PartsofCause",  "name" : "Parts of Cause",  "input" : false }, 
        {"sofa" : 1,  "layer" : "webanno.custom.TypesofCause",  "name" : "Causal Relations",  "input" : false } ], 
      "Sentence" : [
        {"sofa" : 1,  "end" : 150 }, 
        {"sofa" : 1,  "begin" : 151,  "end" : 234 }, 
        {"sofa" : 1,  "begin" : 235,  "end" : 302 }, 
        {"sofa" : 1,  "begin" : 303,  "end" : 467 }, 
        {"sofa" : 1,  "begin" : 468,  "end" : 558 }, 
        {"sofa" : 1,  "begin" : 559,  "end" : 613 }, 
        {"sofa" : 1,  "begin" : 614,  "end" : 715 }, 
        {"sofa" : 1,  "begin" : 716,  "end" : 763 } ], 
      "Token" : [
        {"sofa" : 1,  "end" : 6 }, 
        {"sofa" : 1,  "begin" : 7,  "end" : 11 }, 
        {"sofa" : 1,  "begin" : 12,  "end" : 19 }, 
        {"sofa" : 1,  "begin" : 20,  "end" : 25 }, 
        {"sofa" : 1,  "begin" : 26,  "end" : 33 }, 
        {"sofa" : 1,  "begin" : 34,  "end" : 40 }, 
        {"sofa" : 1,  "begin" : 41,  "end" : 50 }, 
        {"sofa" : 1,  "begin" : 51,  "end" : 52 }, 
        {"sofa" : 1,  "begin" : 53,  "end" : 60 }, 
        {"sofa" : 1,  "begin" : 61,  "end" : 63 }, 
        {"sofa" : 1,  "begin" : 64,  "end" : 74 }, 
        {"sofa" : 1,  "begin" : 75,  "end" : 78 }, 
        {"sofa" : 1,  "begin" : 79,  "end" : 82 }, 
        {"sofa" : 1,  "begin" : 83,  "end" : 91 }, 
        {"sofa" : 1,  "begin" : 92,  "end" : 96 }, 
        {"sofa" : 1,  "begin" : 97,  "end" : 108 }, 
        {"sofa" : 1,  "begin" : 109,  "end" : 117 }, 
        {"sofa" : 1,  "begin" : 118,  "end" : 123 }, 
        {"sofa" : 1,  "begin" : 124,  "end" : 125 }, 
        {"sofa" : 1,  "begin" : 126,  "end" : 127 }, 
        {"sofa" : 1,  "begin" : 128,  "end" : 133 }, 
        {"sofa" : 1,  "begin" : 134,  "end" : 143 }, 
        {"sofa" : 1,  "begin" : 144,  "end" : 148 }, 
        {"sofa" : 1,  "begin" : 149,  "end" : 150 }, 
        {"sofa" : 1,  "begin" : 151,  "end" : 154 }, 
        {"sofa" : 1,  "begin" : 155,  "end" : 161 }, 
        {"sofa" : 1,  "begin" : 162,  "end" : 167 }, 
        {"sofa" : 1,  "begin" : 168,  "end" : 171 }, 
        {"sofa" : 1,  "begin" : 172,  "end" : 181 }, 
        {"sofa" : 1,  "begin" : 182,  "end" : 184 }, 
        {"sofa" : 1,  "begin" : 185,  "end" : 188 }, 
        {"sofa" : 1,  "begin" : 189,  "end" : 196 }, 
        {"sofa" : 1,  "begin" : 197,  "end" : 205 }, 
        {"sofa" : 1,  "begin" : 206,  "end" : 211 }, 
        {"sofa" : 1,  "begin" : 212,  "end" : 213 }, 
        {"sofa" : 1,  "begin" : 214,  "end" : 217 }, 
        {"sofa" : 1,  "begin" : 218,  "end" : 227 }, 
        {"sofa" : 1,  "begin" : 228,  "end" : 232 }, 
        {"sofa" : 1,  "begin" : 233,  "end" : 234 }, 
        {"sofa" : 1,  "begin" : 235,  "end" : 238 }, 
        {"sofa" : 1,  "begin" : 239,  "end" : 245 }, 
        {"sofa" : 1,  "begin" : 246,  "end" : 255 }, 
        {"sofa" : 1,  "begin" : 256,  "end" : 260 }, 
        {"sofa" : 1,  "begin" : 261,  "end" : 265 }, 
        {"sofa" : 1,  "begin" : 266,  "end" : 270 }, 
        {"sofa" : 1,  "begin" : 271,  "end" : 277 }, 
        {"sofa" : 1,  "begin" : 278,  "end" : 283 }, 
        {"sofa" : 1,  "begin" : 284,  "end" : 292 }, 
        {"sofa" : 1,  "begin" : 293,  "end" : 295 }, 
        {"sofa" : 1,  "begin" : 296,  "end" : 300 }, 
        {"sofa" : 1,  "begin" : 301,  "end" : 302 }, 
        {"sofa" : 1,  "begin" : 303,  "end" : 310 }, 
        {"sofa" : 1,  "begin" : 311,  "end" : 314 }, 
        {"sofa" : 1,  "begin" : 315,  "end" : 320 }, 
        {"sofa" : 1,  "begin" : 321,  "end" : 324 }, 
        {"sofa" : 1,  "begin" : 325,  "end" : 327 }, 
        {"sofa" : 1,  "begin" : 328,  "end" : 332 }, 
        {"sofa" : 1,  "begin" : 333,  "end" : 334 }, 
        {"sofa" : 1,  "begin" : 335,  "end" : 337 }, 
        {"sofa" : 1,  "begin" : 338,  "end" : 342 }, 
        {"sofa" : 1,  "begin" : 343,  "end" : 346 }, 
        {"sofa" : 1,  "begin" : 347,  "end" : 350 }, 
        {"sofa" : 1,  "begin" : 351,  "end" : 356 }, 
        {"sofa" : 1,  "begin" : 357,  "end" : 365 }, 
        {"sofa" : 1,  "begin" : 366,  "end" : 369 }, 
        {"sofa" : 1,  "begin" : 370,  "end" : 375 }, 
        {"sofa" : 1,  "begin" : 376,  "end" : 379 }, 
        {"sofa" : 1,  "begin" : 380,  "end" : 383 }, 
        {"sofa" : 1,  "begin" : 384,  "end" : 390 }, 
        {"sofa" : 1,  "begin" : 391,  "end" : 394 }, 
        {"sofa" : 1,  "begin" : 395,  "end" : 402 }, 
        {"sofa" : 1,  "begin" : 403,  "end" : 404 }, 
        {"sofa" : 1,  "begin" : 405,  "end" : 408 }, 
        {"sofa" : 1,  "begin" : 409,  "end" : 412 }, 
        {"sofa" : 1,  "begin" : 413,  "end" : 417 }, 
        {"sofa" : 1,  "begin" : 418,  "end" : 425 }, 
        {"sofa" : 1,  "begin" : 426,  "end" : 428 }, 
        {"sofa" : 1,  "begin" : 429,  "end" : 435 }, 
        {"sofa" : 1,  "begin" : 436,  "end" : 440 }, 
        {"sofa" : 1,  "begin" : 441,  "end" : 449 }, 
        {"sofa" : 1,  "begin" : 450,  "end" : 458 }, 
        {"sofa" : 1,  "begin" : 459,  "end" : 465 }, 
        {"sofa" : 1,  "begin" : 466,  "end" : 467 }, 
        {"sofa" : 1,  "begin" : 468,  "end" : 469 }, 
        {"sofa" : 1,  "begin" : 470,  "end" : 474 }, 
        {"sofa" : 1,  "begin" : 475,  "end" : 478 }, 
        {"sofa" : 1,  "begin" : 479,  "end" : 480 }, 
        {"sofa" : 1,  "begin" : 481,  "end" : 485 }, 
        {"sofa" : 1,  "begin" : 486,  "end" : 495 }, 
        {"sofa" : 1,  "begin" : 496,  "end" : 504 }, 
        {"sofa" : 1,  "begin" : 505,  "end" : 506 }, 
        {"sofa" : 1,  "begin" : 507,  "end" : 508 }, 
        {"sofa" : 1,  "begin" : 509,  "end" : 512 }, 
        {"sofa" : 1,  "begin" : 513,  "end" : 519 }, 
        {"sofa" : 1,  "begin" : 520,  "end" : 524 }, 
        {"sofa" : 1,  "begin" : 525,  "end" : 527 }, 
        {"sofa" : 1,  "begin" : 528,  "end" : 529 }, 
        {"sofa" : 1,  "begin" : 530,  "end" : 539 }, 
        {"sofa" : 1,  "begin" : 540,  "end" : 548 }, 
        {"sofa" : 1,  "begin" : 549,  "end" : 551 }, 
        {"sofa" : 1,  "begin" : 552,  "end" : 556 }, 
        {"sofa" : 1,  "begin" : 557,  "end" : 558 }, 
        {"sofa" : 1,  "begin" : 559,  "end" : 560 }, 
        {"sofa" : 1,  "begin" : 561,  "end" : 563 }, 
        {"sofa" : 1,  "begin" : 564,  "end" : 568 }, 
        {"sofa" : 1,  "begin" : 569,  "end" : 573 }, 
        {"sofa" : 1,  "begin" : 574,  "end" : 576 }, 
        {"sofa" : 1,  "begin" : 577,  "end" : 585 }, 
        {"sofa" : 1,  "begin" : 586,  "end" : 596 }, 
        {"sofa" : 1,  "begin" : 597,  "end" : 599 }, 
        {"sofa" : 1,  "begin" : 600,  "end" : 603 }, 
        {"sofa" : 1,  "begin" : 604,  "end" : 611 }, 
        {"sofa" : 1,  "begin" : 612,  "end" : 613 }, 
        {"sofa" : 1,  "begin" : 614,  "end" : 616 }, 
        {"sofa" : 1,  "begin" : 617,  "end" : 619 }, 
        {"sofa" : 1,  "begin" : 620,  "end" : 621 }, 
        {"sofa" : 1,  "begin" : 622,  "end" : 629 }, 
        {"sofa" : 1,  "begin" : 630,  "end" : 634 }, 
        {"sofa" : 1,  "begin" : 635,  "end" : 638 }, 
        {"sofa" : 1,  "begin" : 639,  "end" : 642 }, 
        {"sofa" : 1,  "begin" : 643,  "end" : 651 }, 
        {"sofa" : 1,  "begin" : 652,  "end" : 653 }, 
        {"sofa" : 1,  "begin" : 654,  "end" : 657 }, 
        {"sofa" : 1,  "begin" : 658,  "end" : 660 }, 
        {"sofa" : 1,  "begin" : 661,  "end" : 671 }, 
        {"sofa" : 1,  "begin" : 672,  "end" : 675 }, 
        {"sofa" : 1,  "begin" : 676,  "end" : 683 }, 
        {"sofa" : 1,  "begin" : 684,  "end" : 686 }, 
        {"sofa" : 1,  "begin" : 687,  "end" : 690 }, 
        {"sofa" : 1,  "begin" : 691,  "end" : 698 }, 
        {"sofa" : 1,  "begin" : 699,  "end" : 701 }, 
        {"sofa" : 1,  "begin" : 702,  "end" : 706 }, 
        {"sofa" : 1,  "begin" : 707,  "end" : 711 }, 
        {"sofa" : 1,  "begin" : 712,  "end" : 713 }, 
        {"sofa" : 1,  "begin" : 714,  "end" : 715 }, 
        {"sofa" : 1,  "begin" : 716,  "end" : 719 }, 
        {"sofa" : 1,  "begin" : 720,  "end" : 722 }, 
        {"sofa" : 1,  "begin" : 723,  "end" : 725 }, 
        {"sofa" : 1,  "begin" : 726,  "end" : 734 }, 
        {"sofa" : 1,  "begin" : 735,  "end" : 746 }, 
        {"sofa" : 1,  "begin" : 747,  "end" : 749 }, 
        {"sofa" : 1,  "begin" : 750,  "end" : 754 }, 
        {"sofa" : 1,  "begin" : 755,  "end" : 761 }, 
        {"sofa" : 1,  "begin" : 762,  "end" : 763 } ], 
      "PartsofCause" : [1957,  1970,  1948 ], 
      "TypesofCause" : [
        {"sofa" : 1,  "begin" : 303,  "end" : 332,  "Dependent" : 1957,  "Governor" : 1970,  "TypesofCause" : "Effect" }, 
        {"sofa" : 1,  "begin" : 338,  "end" : 402,  "Dependent" : 1948,  "Governor" : 1970,  "TypesofCause" : "Cause" } ] } }, 
  "_referenced_fss" : {
    "1" : {"_type" : "Sofa",  "sofaNum" : 1,  "sofaID" : "_InitialView",  "mimeType" : "text",  "sofaString" : "Singer Marc Anthony filed divorce papers Wednesday , seeking to officially end his marriage with entertainer Jennifer Lopez , a court spokesman said .\nThe singer filed the paperwork in Los Angeles Superior Court , the spokesman said .\nThe couple announced that they were ending their marriage in July .\nAnthony and Lopez wed in 2004 , in what was the third marriage for Lopez and the second for Anthony , who had been married to former Miss Universe Dayanara Torres .\n\" This was a very difficult decision , \" the couple said in a statement released in July .\n\" We have come to amicable conclusion on all matters .\nIt is a painful time for all involved , and we appreciate the respect of our privacy at this time . \"\nCNN 's KJ Matthews contributed to this report ." }, 
    "1957" : {"_type" : "PartsofCause",  "sofa" : 1,  "begin" : 303,  "end" : 332,  "PartsofCause" : "Argument" }, 
    "1970" : {"_type" : "PartsofCause",  "sofa" : 1,  "begin" : 335,  "end" : 337,  "PartsofCause" : "Enabling" }, 
    "1948" : {"_type" : "PartsofCause",  "sofa" : 1,  "begin" : 338,  "end" : 402,  "PartsofCause" : "Argument" }, 
    "2029" : {"_type" : "LayerDefinition",  "name" : "webanno.custom.DisjointCausalSpans",  "uiName" : "Disjoint Causal Spans" }, 
    "2040" : {"_type" : "LayerDefinition",  "name" : "webanno.custom.PartsofCause",  "uiName" : "Parts of Cause" }, 
    "2047" : {"_type" : "LayerDefinition",  "name" : "webanno.custom.TypesofCause",  "uiName" : "Types of Cause" } } }