{"_context" : {
    "_types" : {
      "DocumentMetaData" : {
        "_feature_types" : {"sofa" : "_ref" } }, 
      "FeatureDefinition" : {
        "_feature_types" : {"layer" : "_ref" } }, 
      "LayerDefinition" : { }, 
      "PartsofCause" : {
        "_feature_types" : {"sofa" : "_ref" } }, 
      "Sentence" : {
        "_feature_types" : {"sofa" : "_ref" } }, 
      "Sofa" : {
        "_feature_types" : {"sofaArray" : "_ref" } }, 
      "TagsetDescription" : {
        "_feature_types" : {"sofa" : "_ref",  "tags" : "_ref" } }, 
      "Token" : {
        "_feature_types" : {"sofa" : "_ref",  "parent" : "_ref",  "lemma" : "_ref",  "stem" : "_ref",  "pos" : "_ref",  "morph" : "_ref",  "form" : "_ref" } }, 
      "TypesofCause" : {
        "_feature_types" : {"sofa" : "_ref",  "Dependent" : "_ref",  "Governor" : "_ref" } }, 
      "DocumentAnnotation" : {
        "_feature_types" : {"sofa" : "_ref" }, 
        "_subtypes" : ["DocumentMetaData" ] }, 
      "Annotation" : {
        "_feature_types" : {"sofa" : "_ref" }, 
        "_subtypes" : ["DocumentAnnotation",  "PartsofCause",  "Sentence",  "TagsetDescription",  "Token",  "TypesofCause" ] }, 
      "AnnotationBase" : {
        "_feature_types" : {"sofa" : "_ref" }, 
        "_subtypes" : ["Annotation" ] }, 
      "TOP" : {
        "_subtypes" : ["AnnotationBase",  "FeatureDefinition",  "LayerDefinition",  "Sofa" ] } } }, 
  "_views" : {
    "_InitialView" : {
      "FeatureDefinition" : [
        {"layer" : 2031,  "name" : "referenceRelation",  "uiName" : "Reference Relation" }, 
        {"layer" : 2031,  "name" : "referenceType",  "uiName" : "Reference Type" }, 
        {"layer" : 2042,  "name" : "PartsofCause",  "uiName" : "Parts of Cause" }, 
        {"layer" : 2049,  "name" : "TypesofCause",  "uiName" : "Types of Cause" } ], 
      "LayerDefinition" : [2031,  2042,  2049 ], 
      "DocumentMetaData" : [
        {"sofa" : 1,  "end" : 742,  "language" : "x-unspecified",  "documentTitle" : "cnn-32.txt",  "documentId" : "GJW",  "documentUri" : "file:/srv/inception/repository/project/2/document/2384/source/GJW",  "collectionId" : "file:/srv/inception/repository/project/2/document/2384/source/",  "documentBaseUri" : "file:/srv/inception/repository/project/2/document/2384/source/",  "isLastSegment" : false } ], 
      "TagsetDescription" : [
        {"sofa" : 1,  "layer" : "webanno.custom.PartsofCause",  "name" : "Parts of Cause",  "input" : false }, 
        {"sofa" : 1,  "layer" : "webanno.custom.TypesofCause",  "name" : "Causal Relations",  "input" : false } ], 
      "Sentence" : [
        {"sofa" : 1,  "end" : 96 }, 
        {"sofa" : 1,  "begin" : 97,  "end" : 291 }, 
        {"sofa" : 1,  "begin" : 292,  "end" : 385 }, 
        {"sofa" : 1,  "begin" : 386,  "end" : 551 }, 
        {"sofa" : 1,  "begin" : 552,  "end" : 681 }, 
        {"sofa" : 1,  "begin" : 682,  "end" : 742 } ], 
      "Token" : [
        {"sofa" : 1,  "end" : 5 }, 
        {"sofa" : 1,  "begin" : 6,  "end" : 7 }, 
        {"sofa" : 1,  "begin" : 8,  "end" : 13 }, 
        {"sofa" : 1,  "begin" : 14,  "end" : 18 }, 
        {"sofa" : 1,  "begin" : 19,  "end" : 21 }, 
        {"sofa" : 1,  "begin" : 22,  "end" : 25 }, 
        {"sofa" : 1,  "begin" : 26,  "end" : 31 }, 
        {"sofa" : 1,  "begin" : 32,  "end" : 33 }, 
        {"sofa" : 1,  "begin" : 34,  "end" : 39 }, 
        {"sofa" : 1,  "begin" : 40,  "end" : 47 }, 
        {"sofa" : 1,  "begin" : 48,  "end" : 51 }, 
        {"sofa" : 1,  "begin" : 52,  "end" : 59 }, 
        {"sofa" : 1,  "begin" : 60,  "end" : 64 }, 
        {"sofa" : 1,  "begin" : 65,  "end" : 66 }, 
        {"sofa" : 1,  "begin" : 67,  "end" : 68 }, 
        {"sofa" : 1,  "begin" : 69,  "end" : 71 }, 
        {"sofa" : 1,  "begin" : 72,  "end" : 73 }, 
        {"sofa" : 1,  "begin" : 74,  "end" : 76 }, 
        {"sofa" : 1,  "begin" : 77,  "end" : 80 }, 
        {"sofa" : 1,  "begin" : 81,  "end" : 89 }, 
        {"sofa" : 1,  "begin" : 90,  "end" : 94 }, 
        {"sofa" : 1,  "begin" : 95,  "end" : 96 }, 
        {"sofa" : 1,  "begin" : 97,  "end" : 98 }, 
        {"sofa" : 1,  "begin" : 99,  "end" : 102 }, 
        {"sofa" : 1,  "begin" : 103,  "end" : 107 }, 
        {"sofa" : 1,  "begin" : 108,  "end" : 118 }, 
        {"sofa" : 1,  "begin" : 119,  "end" : 121 }, 
        {"sofa" : 1,  "begin" : 122,  "end" : 129 }, 
        {"sofa" : 1,  "begin" : 130,  "end" : 131 }, 
        {"sofa" : 1,  "begin" : 132,  "end" : 136 }, 
        {"sofa" : 1,  "begin" : 137,  "end" : 140 }, 
        {"sofa" : 1,  "begin" : 141,  "end" : 148 }, 
        {"sofa" : 1,  "begin" : 149,  "end" : 151 }, 
        {"sofa" : 1,  "begin" : 152,  "end" : 156 }, 
        {"sofa" : 1,  "begin" : 157,  "end" : 163 }, 
        {"sofa" : 1,  "begin" : 164,  "end" : 165 }, 
        {"sofa" : 1,  "begin" : 166,  "end" : 169 }, 
        {"sofa" : 1,  "begin" : 170,  "end" : 172 }, 
        {"sofa" : 1,  "begin" : 173,  "end" : 176 }, 
        {"sofa" : 1,  "begin" : 177,  "end" : 181 }, 
        {"sofa" : 1,  "begin" : 182,  "end" : 184 }, 
        {"sofa" : 1,  "begin" : 185,  "end" : 191 }, 
        {"sofa" : 1,  "begin" : 192,  "end" : 201 }, 
        {"sofa" : 1,  "begin" : 202,  "end" : 203 }, 
        {"sofa" : 1,  "begin" : 204,  "end" : 210 }, 
        {"sofa" : 1,  "begin" : 211,  "end" : 217 }, 
        {"sofa" : 1,  "begin" : 218,  "end" : 221 }, 
        {"sofa" : 1,  "begin" : 222,  "end" : 229 }, 
        {"sofa" : 1,  "begin" : 230,  "end" : 232 }, 
        {"sofa" : 1,  "begin" : 233,  "end" : 240 }, 
        {"sofa" : 1,  "begin" : 241,  "end" : 243 }, 
        {"sofa" : 1,  "begin" : 244,  "end" : 250 }, 
        {"sofa" : 1,  "begin" : 251,  "end" : 258 }, 
        {"sofa" : 1,  "begin" : 259,  "end" : 260 }, 
        {"sofa" : 1,  "begin" : 261,  "end" : 264 }, 
        {"sofa" : 1,  "begin" : 265,  "end" : 269 }, 
        {"sofa" : 1,  "begin" : 270,  "end" : 274 }, 
        {"sofa" : 1,  "begin" : 275,  "end" : 277 }, 
        {"sofa" : 1,  "begin" : 278,  "end" : 281 }, 
        {"sofa" : 1,  "begin" : 282,  "end" : 289 }, 
        {"sofa" : 1,  "begin" : 290,  "end" : 291 }, 
        {"sofa" : 1,  "begin" : 292,  "end" : 299 }, 
        {"sofa" : 1,  "begin" : 300,  "end" : 301 }, 
        {"sofa" : 1,  "begin" : 302,  "end" : 303 }, 
        {"sofa" : 1,  "begin" : 304,  "end" : 310 }, 
        {"sofa" : 1,  "begin" : 311,  "end" : 312 }, 
        {"sofa" : 1,  "begin" : 313,  "end" : 320 }, 
        {"sofa" : 1,  "begin" : 321,  "end" : 327 }, 
        {"sofa" : 1,  "begin" : 328,  "end" : 331 }, 
        {"sofa" : 1,  "begin" : 332,  "end" : 342 }, 
        {"sofa" : 1,  "begin" : 343,  "end" : 344 }, 
        {"sofa" : 1,  "begin" : 345,  "end" : 347 }, 
        {"sofa" : 1,  "begin" : 348,  "end" : 349 }, 
        {"sofa" : 1,  "begin" : 350,  "end" : 356 }, 
        {"sofa" : 1,  "begin" : 357,  "end" : 363 }, 
        {"sofa" : 1,  "begin" : 364,  "end" : 366 }, 
        {"sofa" : 1,  "begin" : 367,  "end" : 370 }, 
        {"sofa" : 1,  "begin" : 371,  "end" : 376 }, 
        {"sofa" : 1,  "begin" : 377,  "end" : 383 }, 
        {"sofa" : 1,  "begin" : 384,  "end" : 385 }, 
        {"sofa" : 1,  "begin" : 386,  "end" : 388 }, 
        {"sofa" : 1,  "begin" : 389,  "end" : 392 }, 
        {"sofa" : 1,  "begin" : 393,  "end" : 398 }, 
        {"sofa" : 1,  "begin" : 399,  "end" : 402 }, 
        {"sofa" : 1,  "begin" : 403,  "end" : 405 }, 
        {"sofa" : 1,  "begin" : 406,  "end" : 413 }, 
        {"sofa" : 1,  "begin" : 414,  "end" : 418 }, 
        {"sofa" : 1,  "begin" : 419,  "end" : 420 }, 
        {"sofa" : 1,  "begin" : 421,  "end" : 428 }, 
        {"sofa" : 1,  "begin" : 429,  "end" : 430 }, 
        {"sofa" : 1,  "begin" : 431,  "end" : 437 }, 
        {"sofa" : 1,  "begin" : 438,  "end" : 449 }, 
        {"sofa" : 1,  "begin" : 450,  "end" : 459 }, 
        {"sofa" : 1,  "begin" : 460,  "end" : 474 }, 
        {"sofa" : 1,  "begin" : 475,  "end" : 480 }, 
        {"sofa" : 1,  "begin" : 481,  "end" : 484 }, 
        {"sofa" : 1,  "begin" : 485,  "end" : 492 }, 
        {"sofa" : 1,  "begin" : 493,  "end" : 501 }, 
        {"sofa" : 1,  "begin" : 502,  "end" : 504 }, 
        {"sofa" : 1,  "begin" : 505,  "end" : 511 }, 
        {"sofa" : 1,  "begin" : 512,  "end" : 513 }, 
        {"sofa" : 1,  "begin" : 514,  "end" : 518 }, 
        {"sofa" : 1,  "begin" : 519,  "end" : 522 }, 
        {"sofa" : 1,  "begin" : 523,  "end" : 532 }, 
        {"sofa" : 1,  "begin" : 533,  "end" : 535 }, 
        {"sofa" : 1,  "begin" : 536,  "end" : 549 }, 
        {"sofa" : 1,  "begin" : 550,  "end" : 551 }, 
        {"sofa" : 1,  "begin" : 552,  "end" : 553 }, 
        {"sofa" : 1,  "begin" : 554,  "end" : 558 }, 
        {"sofa" : 1,  "begin" : 559,  "end" : 563 }, 
        {"sofa" : 1,  "begin" : 564,  "end" : 566 }, 
        {"sofa" : 1,  "begin" : 567,  "end" : 575 }, 
        {"sofa" : 1,  "begin" : 576,  "end" : 583 }, 
        {"sofa" : 1,  "begin" : 584,  "end" : 589 }, 
        {"sofa" : 1,  "begin" : 590,  "end" : 596 }, 
        {"sofa" : 1,  "begin" : 597,  "end" : 608 }, 
        {"sofa" : 1,  "begin" : 609,  "end" : 612 }, 
        {"sofa" : 1,  "begin" : 613,  "end" : 619 }, 
        {"sofa" : 1,  "begin" : 620,  "end" : 626 }, 
        {"sofa" : 1,  "begin" : 627,  "end" : 628 }, 
        {"sofa" : 1,  "begin" : 629,  "end" : 635 }, 
        {"sofa" : 1,  "begin" : 636,  "end" : 641 }, 
        {"sofa" : 1,  "begin" : 642,  "end" : 645 }, 
        {"sofa" : 1,  "begin" : 646,  "end" : 657 }, 
        {"sofa" : 1,  "begin" : 658,  "end" : 660 }, 
        {"sofa" : 1,  "begin" : 661,  "end" : 666 }, 
        {"sofa" : 1,  "begin" : 667,  "end" : 679 }, 
        {"sofa" : 1,  "begin" : 680,  "end" : 681 }, 
        {"sofa" : 1,  "begin" : 682,  "end" : 685 }, 
        {"sofa" : 1,  "begin" : 686,  "end" : 692 }, 
        {"sofa" : 1,  "begin" : 693,  "end" : 698 }, 
        {"sofa" : 1,  "begin" : 699,  "end" : 702 }, 
        {"sofa" : 1,  "begin" : 703,  "end" : 708 }, 
        {"sofa" : 1,  "begin" : 709,  "end" : 715 }, 
        {"sofa" : 1,  "begin" : 716,  "end" : 720 }, 
        {"sofa" : 1,  "begin" : 721,  "end" : 724 }, 
        {"sofa" : 1,  "begin" : 725,  "end" : 732 }, 
        {"sofa" : 1,  "begin" : 733,  "end" : 735 }, 
        {"sofa" : 1,  "begin" : 736,  "end" : 740 }, 
        {"sofa" : 1,  "begin" : 741,  "end" : 742 } ], 
      "PartsofCause" : [1877,  1890,  1911,  1979,  1962,  1992 ], 
      "TypesofCause" : [
        {"sofa" : 1,  "begin" : 6,  "end" : 31,  "Dependent" : 1890,  "Governor" : 1877,  "TypesofCause" : "Cause" }, 
        {"sofa" : 1,  "begin" : 34,  "end" : 94,  "Dependent" : 1911,  "Governor" : 1877,  "TypesofCause" : "Effect" }, 
        {"sofa" : 1,  "begin" : 682,  "end" : 708,  "Dependent" : 1979,  "Governor" : 1962,  "TypesofCause" : "Cause" }, 
        {"sofa" : 1,  "begin" : 716,  "end" : 740,  "Dependent" : 1992,  "Governor" : 1962,  "TypesofCause" : "Effect" } ] } }, 
  "_referenced_fss" : {
    "1" : {"_type" : "Sofa",  "sofaNum" : 1,  "sofaID" : "_InitialView",  "mimeType" : "text",  "sofaString" : "After a bumpy road to the altar , Kandi Burruss has finally said \" I do \" to her longtime beau .\n\" The Real Housewives of Atlanta \" star got hitched to Todd Tucker , one of the show 's former producers , before family and friends in Atlanta on Friday evening , the show said on its website .\nBurruss , a Grammy - winning singer and songwriter , is a former member of R&B group Xscape .\nIn the Bravo hit TV reality show , Burruss ' mother continually expressed disappointment about her pending nuptials to Tucker , whom she described as opportunistic .\nA clip from an upcoming episode shows Tucker confronting his future mother - in-law about her disapproval of their relationship .\nThe couple dated for years before they got engaged in 2013 ." }, 
    "1890" : {"_type" : "PartsofCause",  "sofa" : 1,  "begin" : 6,  "end" : 31,  "PartsofCause" : "Argument" }, 
    "1877" : {"_type" : "PartsofCause",  "sofa" : 1,  "end" : 5,  "PartsofCause" : "Enabling" }, 
    "1911" : {"_type" : "PartsofCause",  "sofa" : 1,  "begin" : 34,  "end" : 94,  "PartsofCause" : "Argument" }, 
    "1979" : {"_type" : "PartsofCause",  "sofa" : 1,  "begin" : 682,  "end" : 708,  "PartsofCause" : "Argument" }, 
    "1962" : {"_type" : "PartsofCause",  "sofa" : 1,  "begin" : 709,  "end" : 715,  "PartsofCause" : "Enabling" }, 
    "1992" : {"_type" : "PartsofCause",  "sofa" : 1,  "begin" : 716,  "end" : 740,  "PartsofCause" : "Argument" }, 
    "2031" : {"_type" : "LayerDefinition",  "name" : "webanno.custom.DisjointCausalSpans",  "uiName" : "Disjoint Causal Spans" }, 
    "2042" : {"_type" : "LayerDefinition",  "name" : "webanno.custom.PartsofCause",  "uiName" : "Parts of Cause" }, 
    "2049" : {"_type" : "LayerDefinition",  "name" : "webanno.custom.TypesofCause",  "uiName" : "Types of Cause" } } }