{"_context" : {
    "_types" : {
      "DocumentMetaData" : {
        "_feature_types" : {"sofa" : "_ref" } }, 
      "FeatureDefinition" : {
        "_feature_types" : {"layer" : "_ref" } }, 
      "LayerDefinition" : { }, 
      "PartsofCause" : {
        "_feature_types" : {"sofa" : "_ref" } }, 
      "Sentence" : {
        "_feature_types" : {"sofa" : "_ref" } }, 
      "Sofa" : {
        "_feature_types" : {"sofaArray" : "_ref" } }, 
      "TagsetDescription" : {
        "_feature_types" : {"sofa" : "_ref",  "tags" : "_ref" } }, 
      "Token" : {
        "_feature_types" : {"sofa" : "_ref",  "parent" : "_ref",  "lemma" : "_ref",  "stem" : "_ref",  "pos" : "_ref",  "morph" : "_ref",  "form" : "_ref" } }, 
      "TypesofCause" : {
        "_feature_types" : {"sofa" : "_ref",  "Dependent" : "_ref",  "Governor" : "_ref" } }, 
      "DocumentAnnotation" : {
        "_feature_types" : {"sofa" : "_ref" }, 
        "_subtypes" : ["DocumentMetaData" ] }, 
      "Annotation" : {
        "_feature_types" : {"sofa" : "_ref" }, 
        "_subtypes" : ["DocumentAnnotation",  "PartsofCause",  "Sentence",  "TagsetDescription",  "Token",  "TypesofCause" ] }, 
      "AnnotationBase" : {
        "_feature_types" : {"sofa" : "_ref" }, 
        "_subtypes" : ["Annotation" ] }, 
      "TOP" : {
        "_subtypes" : ["AnnotationBase",  "FeatureDefinition",  "LayerDefinition",  "Sofa" ] } } }, 
  "_views" : {
    "_InitialView" : {
      "FeatureDefinition" : [
        {"layer" : 1610,  "name" : "referenceRelation",  "uiName" : "Reference Relation" }, 
        {"layer" : 1610,  "name" : "referenceType",  "uiName" : "Reference Type" }, 
        {"layer" : 1621,  "name" : "PartsofCause",  "uiName" : "Parts of Cause" }, 
        {"layer" : 1628,  "name" : "TypesofCause",  "uiName" : "Types of Cause" } ], 
      "LayerDefinition" : [1610,  1621,  1628 ], 
      "DocumentMetaData" : [
        {"sofa" : 1,  "end" : 588,  "language" : "x-unspecified",  "documentTitle" : "reddit-021.txt",  "documentId" : "AYC",  "documentUri" : "file:/srv/inception/repository/project/2/document/2423/source/AYC",  "collectionId" : "file:/srv/inception/repository/project/2/document/2423/source/",  "documentBaseUri" : "file:/srv/inception/repository/project/2/document/2423/source/",  "isLastSegment" : false } ], 
      "TagsetDescription" : [
        {"sofa" : 1,  "layer" : "webanno.custom.PartsofCause",  "name" : "Parts of Cause",  "input" : false }, 
        {"sofa" : 1,  "layer" : "webanno.custom.TypesofCause",  "name" : "Causal Relations",  "input" : false } ], 
      "Sentence" : [
        {"sofa" : 1,  "end" : 47 }, 
        {"sofa" : 1,  "begin" : 48,  "end" : 164 }, 
        {"sofa" : 1,  "begin" : 165,  "end" : 216 }, 
        {"sofa" : 1,  "begin" : 217,  "end" : 334 }, 
        {"sofa" : 1,  "begin" : 335,  "end" : 366 }, 
        {"sofa" : 1,  "begin" : 367,  "end" : 486 }, 
        {"sofa" : 1,  "begin" : 487,  "end" : 552 }, 
        {"sofa" : 1,  "begin" : 553,  "end" : 588 } ], 
      "Token" : [
        {"sofa" : 1,  "end" : 1 }, 
        {"sofa" : 1,  "begin" : 2,  "end" : 4 }, 
        {"sofa" : 1,  "begin" : 5,  "end" : 14 }, 
        {"sofa" : 1,  "begin" : 15,  "end" : 16 }, 
        {"sofa" : 1,  "begin" : 17,  "end" : 24 }, 
        {"sofa" : 1,  "begin" : 25,  "end" : 33 }, 
        {"sofa" : 1,  "begin" : 34,  "end" : 36 }, 
        {"sofa" : 1,  "begin" : 37,  "end" : 38 }, 
        {"sofa" : 1,  "begin" : 39,  "end" : 42 }, 
        {"sofa" : 1,  "begin" : 43,  "end" : 45 }, 
        {"sofa" : 1,  "begin" : 46,  "end" : 47 }, 
        {"sofa" : 1,  "begin" : 48,  "end" : 55 }, 
        {"sofa" : 1,  "begin" : 56,  "end" : 66 }, 
        {"sofa" : 1,  "begin" : 67,  "end" : 71 }, 
        {"sofa" : 1,  "begin" : 72,  "end" : 81 }, 
        {"sofa" : 1,  "begin" : 82,  "end" : 83 }, 
        {"sofa" : 1,  "begin" : 84,  "end" : 94 }, 
        {"sofa" : 1,  "begin" : 95,  "end" : 100 }, 
        {"sofa" : 1,  "begin" : 101,  "end" : 111 }, 
        {"sofa" : 1,  "begin" : 112,  "end" : 114 }, 
        {"sofa" : 1,  "begin" : 115,  "end" : 117 }, 
        {"sofa" : 1,  "begin" : 118,  "end" : 122 }, 
        {"sofa" : 1,  "begin" : 123,  "end" : 129 }, 
        {"sofa" : 1,  "begin" : 130,  "end" : 133 }, 
        {"sofa" : 1,  "begin" : 134,  "end" : 138 }, 
        {"sofa" : 1,  "begin" : 139,  "end" : 143 }, 
        {"sofa" : 1,  "begin" : 144,  "end" : 153 }, 
        {"sofa" : 1,  "begin" : 154,  "end" : 158 }, 
        {"sofa" : 1,  "begin" : 159,  "end" : 162 }, 
        {"sofa" : 1,  "begin" : 163,  "end" : 164 }, 
        {"sofa" : 1,  "begin" : 165,  "end" : 169 }, 
        {"sofa" : 1,  "begin" : 170,  "end" : 173 }, 
        {"sofa" : 1,  "begin" : 174,  "end" : 177 }, 
        {"sofa" : 1,  "begin" : 178,  "end" : 180 }, 
        {"sofa" : 1,  "begin" : 181,  "end" : 187 }, 
        {"sofa" : 1,  "begin" : 188,  "end" : 189 }, 
        {"sofa" : 1,  "begin" : 190,  "end" : 192 }, 
        {"sofa" : 1,  "begin" : 193,  "end" : 200 }, 
        {"sofa" : 1,  "begin" : 201,  "end" : 203 }, 
        {"sofa" : 1,  "begin" : 204,  "end" : 208 }, 
        {"sofa" : 1,  "begin" : 209,  "end" : 214 }, 
        {"sofa" : 1,  "begin" : 215,  "end" : 216 }, 
        {"sofa" : 1,  "begin" : 217,  "end" : 225 }, 
        {"sofa" : 1,  "begin" : 226,  "end" : 227 }, 
        {"sofa" : 1,  "begin" : 228,  "end" : 233 }, 
        {"sofa" : 1,  "begin" : 234,  "end" : 237 }, 
        {"sofa" : 1,  "begin" : 238,  "end" : 244 }, 
        {"sofa" : 1,  "begin" : 245,  "end" : 248 }, 
        {"sofa" : 1,  "begin" : 249,  "end" : 252 }, 
        {"sofa" : 1,  "begin" : 253,  "end" : 256 }, 
        {"sofa" : 1,  "begin" : 257,  "end" : 267 }, 
        {"sofa" : 1,  "begin" : 268,  "end" : 279 }, 
        {"sofa" : 1,  "begin" : 280,  "end" : 283 }, 
        {"sofa" : 1,  "begin" : 284,  "end" : 287 }, 
        {"sofa" : 1,  "begin" : 288,  "end" : 292 }, 
        {"sofa" : 1,  "begin" : 293,  "end" : 301 }, 
        {"sofa" : 1,  "begin" : 302,  "end" : 305 }, 
        {"sofa" : 1,  "begin" : 306,  "end" : 308 }, 
        {"sofa" : 1,  "begin" : 309,  "end" : 318 }, 
        {"sofa" : 1,  "begin" : 319,  "end" : 325 }, 
        {"sofa" : 1,  "begin" : 326,  "end" : 332 }, 
        {"sofa" : 1,  "begin" : 333,  "end" : 334 }, 
        {"sofa" : 1,  "begin" : 335,  "end" : 338 }, 
        {"sofa" : 1,  "begin" : 339,  "end" : 347 }, 
        {"sofa" : 1,  "begin" : 348,  "end" : 356 }, 
        {"sofa" : 1,  "begin" : 357,  "end" : 359 }, 
        {"sofa" : 1,  "begin" : 360,  "end" : 364 }, 
        {"sofa" : 1,  "begin" : 365,  "end" : 366 }, 
        {"sofa" : 1,  "begin" : 367,  "end" : 373 }, 
        {"sofa" : 1,  "begin" : 374,  "end" : 378 }, 
        {"sofa" : 1,  "begin" : 379,  "end" : 381 }, 
        {"sofa" : 1,  "begin" : 382,  "end" : 386 }, 
        {"sofa" : 1,  "begin" : 387,  "end" : 392 }, 
        {"sofa" : 1,  "begin" : 393,  "end" : 396 }, 
        {"sofa" : 1,  "begin" : 397,  "end" : 400 }, 
        {"sofa" : 1,  "begin" : 401,  "end" : 409 }, 
        {"sofa" : 1,  "begin" : 410,  "end" : 414 }, 
        {"sofa" : 1,  "begin" : 415,  "end" : 417 }, 
        {"sofa" : 1,  "begin" : 418,  "end" : 422 }, 
        {"sofa" : 1,  "begin" : 423,  "end" : 426 }, 
        {"sofa" : 1,  "begin" : 427,  "end" : 430 }, 
        {"sofa" : 1,  "begin" : 431,  "end" : 435 }, 
        {"sofa" : 1,  "begin" : 436,  "end" : 439 }, 
        {"sofa" : 1,  "begin" : 440,  "end" : 443 }, 
        {"sofa" : 1,  "begin" : 444,  "end" : 452 }, 
        {"sofa" : 1,  "begin" : 453,  "end" : 456 }, 
        {"sofa" : 1,  "begin" : 457,  "end" : 460 }, 
        {"sofa" : 1,  "begin" : 461,  "end" : 465 }, 
        {"sofa" : 1,  "begin" : 466,  "end" : 476 }, 
        {"sofa" : 1,  "begin" : 477,  "end" : 484 }, 
        {"sofa" : 1,  "begin" : 485,  "end" : 486 }, 
        {"sofa" : 1,  "begin" : 487,  "end" : 489 }, 
        {"sofa" : 1,  "begin" : 490,  "end" : 493 }, 
        {"sofa" : 1,  "begin" : 494,  "end" : 498 }, 
        {"sofa" : 1,  "begin" : 499,  "end" : 501 }, 
        {"sofa" : 1,  "begin" : 502,  "end" : 505 }, 
        {"sofa" : 1,  "begin" : 506,  "end" : 515 }, 
        {"sofa" : 1,  "begin" : 516,  "end" : 519 }, 
        {"sofa" : 1,  "begin" : 520,  "end" : 523 }, 
        {"sofa" : 1,  "begin" : 524,  "end" : 527 }, 
        {"sofa" : 1,  "begin" : 528,  "end" : 532 }, 
        {"sofa" : 1,  "begin" : 533,  "end" : 535 }, 
        {"sofa" : 1,  "begin" : 536,  "end" : 539 }, 
        {"sofa" : 1,  "begin" : 540,  "end" : 543 }, 
        {"sofa" : 1,  "begin" : 544,  "end" : 550 }, 
        {"sofa" : 1,  "begin" : 551,  "end" : 552 }, 
        {"sofa" : 1,  "begin" : 553,  "end" : 560 }, 
        {"sofa" : 1,  "begin" : 561,  "end" : 564 }, 
        {"sofa" : 1,  "begin" : 565,  "end" : 568 }, 
        {"sofa" : 1,  "begin" : 569,  "end" : 572 }, 
        {"sofa" : 1,  "begin" : 573,  "end" : 577 }, 
        {"sofa" : 1,  "begin" : 578,  "end" : 580 }, 
        {"sofa" : 1,  "begin" : 581,  "end" : 585 }, 
        {"sofa" : 1,  "begin" : 586,  "end" : 588 } ], 
      "PartsofCause" : [1545,  1558,  1571 ], 
      "TypesofCause" : [
        {"sofa" : 1,  "begin" : 170,  "end" : 187,  "Dependent" : 1558,  "Governor" : 1545,  "TypesofCause" : "Cause" }, 
        {"sofa" : 1,  "begin" : 190,  "end" : 214,  "Dependent" : 1571,  "Governor" : 1545,  "TypesofCause" : "Effect" } ] } }, 
  "_referenced_fss" : {
    "1" : {"_type" : "Sofa",  "sofaNum" : 1,  "sofaID" : "_InitialView",  "mimeType" : "text",  "sofaString" : "i ’m currently a college freshman at a top 20 .\ncollege admissions were stressful , especially being surrounded by so many people who feel more qualified than you .\nonce you get to school , it becomes so much worse .\nsuddenly , every one around you has had incredible internships and has done research and is currently curing cancer .\nthe imposter syndrome is real .\nplease keep in mind while you ’re applying that it does n’t end once you get accepted and pay your enrollment deposit .\ndo n’t sign up for something you are n’t sure if you can handle .\nwishing you all the best of luck <3" }, 
    "1558" : {"_type" : "PartsofCause",  "sofa" : 1,  "begin" : 170,  "end" : 187,  "PartsofCause" : "Argument" }, 
    "1545" : {"_type" : "PartsofCause",  "sofa" : 1,  "begin" : 165,  "end" : 169,  "PartsofCause" : "Causing" }, 
    "1571" : {"_type" : "PartsofCause",  "sofa" : 1,  "begin" : 190,  "end" : 214,  "PartsofCause" : "Argument" }, 
    "1610" : {"_type" : "LayerDefinition",  "name" : "webanno.custom.DisjointCausalSpans",  "uiName" : "Disjoint Causal Spans" }, 
    "1628" : {"_type" : "LayerDefinition",  "name" : "webanno.custom.TypesofCause",  "uiName" : "Types of Cause" }, 
    "1621" : {"_type" : "LayerDefinition",  "name" : "webanno.custom.PartsofCause",  "uiName" : "Parts of Cause" } } }