{"_context" : {
    "_types" : {
      "DocumentMetaData" : {
        "_feature_types" : {"sofa" : "_ref" } }, 
      "FeatureDefinition" : {
        "_feature_types" : {"layer" : "_ref" } }, 
      "LayerDefinition" : { }, 
      "PartsofCause" : {
        "_feature_types" : {"sofa" : "_ref" } }, 
      "Sentence" : {
        "_feature_types" : {"sofa" : "_ref" } }, 
      "Sofa" : {
        "_feature_types" : {"sofaArray" : "_ref" } }, 
      "TagsetDescription" : {
        "_feature_types" : {"sofa" : "_ref",  "tags" : "_ref" } }, 
      "Token" : {
        "_feature_types" : {"sofa" : "_ref",  "parent" : "_ref",  "lemma" : "_ref",  "stem" : "_ref",  "pos" : "_ref",  "morph" : "_ref",  "form" : "_ref" } }, 
      "TypesofCause" : {
        "_feature_types" : {"sofa" : "_ref",  "Dependent" : "_ref",  "Governor" : "_ref" } }, 
      "DocumentAnnotation" : {
        "_feature_types" : {"sofa" : "_ref" }, 
        "_subtypes" : ["DocumentMetaData" ] }, 
      "Annotation" : {
        "_feature_types" : {"sofa" : "_ref" }, 
        "_subtypes" : ["DocumentAnnotation",  "PartsofCause",  "Sentence",  "TagsetDescription",  "Token",  "TypesofCause" ] }, 
      "AnnotationBase" : {
        "_feature_types" : {"sofa" : "_ref" }, 
        "_subtypes" : ["Annotation" ] }, 
      "TOP" : {
        "_subtypes" : ["AnnotationBase",  "FeatureDefinition",  "LayerDefinition",  "Sofa" ] } } }, 
  "_views" : {
    "_InitialView" : {
      "FeatureDefinition" : [
        {"layer" : 2970,  "name" : "referenceRelation",  "uiName" : "Reference Relation" }, 
        {"layer" : 2970,  "name" : "referenceType",  "uiName" : "Reference Type" }, 
        {"layer" : 2981,  "name" : "PartsofCause",  "uiName" : "Parts of Cause" }, 
        {"layer" : 2988,  "name" : "TypesofCause",  "uiName" : "Types of Cause" } ], 
      "LayerDefinition" : [2970,  2981,  2988 ], 
      "DocumentMetaData" : [
        {"sofa" : 1,  "end" : 769,  "language" : "x-unspecified",  "documentTitle" : "fable-18.txt",  "documentId" : "AYC",  "documentUri" : "file:/srv/inception/repository/project/2/document/2320/source/AYC",  "collectionId" : "file:/srv/inception/repository/project/2/document/2320/source/",  "documentBaseUri" : "file:/srv/inception/repository/project/2/document/2320/source/",  "isLastSegment" : false } ], 
      "TagsetDescription" : [
        {"sofa" : 1,  "layer" : "webanno.custom.PartsofCause",  "name" : "Parts of Cause",  "input" : false }, 
        {"sofa" : 1,  "layer" : "webanno.custom.TypesofCause",  "name" : "Causal Relations",  "input" : false } ], 
      "Sentence" : [
        {"sofa" : 1,  "end" : 88 }, 
        {"sofa" : 1,  "begin" : 89,  "end" : 202 }, 
        {"sofa" : 1,  "begin" : 203,  "end" : 300 }, 
        {"sofa" : 1,  "begin" : 301,  "end" : 431 }, 
        {"sofa" : 1,  "begin" : 432,  "end" : 511 }, 
        {"sofa" : 1,  "begin" : 512,  "end" : 541 }, 
        {"sofa" : 1,  "begin" : 542,  "end" : 569 }, 
        {"sofa" : 1,  "begin" : 570,  "end" : 630 }, 
        {"sofa" : 1,  "begin" : 631,  "end" : 645 }, 
        {"sofa" : 1,  "begin" : 646,  "end" : 670 }, 
        {"sofa" : 1,  "begin" : 671,  "end" : 689 }, 
        {"sofa" : 1,  "begin" : 690,  "end" : 769 } ], 
      "Token" : [
        {"sofa" : 1,  "end" : 1 }, 
        {"sofa" : 1,  "begin" : 2,  "end" : 6 }, 
        {"sofa" : 1,  "begin" : 7,  "end" : 8 }, 
        {"sofa" : 1,  "begin" : 9,  "end" : 17 }, 
        {"sofa" : 1,  "begin" : 18,  "end" : 23 }, 
        {"sofa" : 1,  "begin" : 24,  "end" : 26 }, 
        {"sofa" : 1,  "begin" : 27,  "end" : 31 }, 
        {"sofa" : 1,  "begin" : 32,  "end" : 41 }, 
        {"sofa" : 1,  "begin" : 42,  "end" : 45 }, 
        {"sofa" : 1,  "begin" : 46,  "end" : 52 }, 
        {"sofa" : 1,  "begin" : 53,  "end" : 54 }, 
        {"sofa" : 1,  "begin" : 55,  "end" : 60 }, 
        {"sofa" : 1,  "begin" : 61,  "end" : 62 }, 
        {"sofa" : 1,  "begin" : 63,  "end" : 68 }, 
        {"sofa" : 1,  "begin" : 69,  "end" : 75 }, 
        {"sofa" : 1,  "begin" : 76,  "end" : 78 }, 
        {"sofa" : 1,  "begin" : 79,  "end" : 80 }, 
        {"sofa" : 1,  "begin" : 81,  "end" : 86 }, 
        {"sofa" : 1,  "begin" : 87,  "end" : 88 }, 
        {"sofa" : 1,  "begin" : 89,  "end" : 98 }, 
        {"sofa" : 1,  "begin" : 99,  "end" : 100 }, 
        {"sofa" : 1,  "begin" : 101,  "end" : 103 }, 
        {"sofa" : 1,  "begin" : 104,  "end" : 109 }, 
        {"sofa" : 1,  "begin" : 110,  "end" : 113 }, 
        {"sofa" : 1,  "begin" : 114,  "end" : 119 }, 
        {"sofa" : 1,  "begin" : 120,  "end" : 123 }, 
        {"sofa" : 1,  "begin" : 124,  "end" : 125 }, 
        {"sofa" : 1,  "begin" : 126,  "end" : 127 }, 
        {"sofa" : 1,  "begin" : 128,  "end" : 132 }, 
        {"sofa" : 1,  "begin" : 133,  "end" : 139 }, 
        {"sofa" : 1,  "begin" : 140,  "end" : 144 }, 
        {"sofa" : 1,  "begin" : 145,  "end" : 151 }, 
        {"sofa" : 1,  "begin" : 152,  "end" : 153 }, 
        {"sofa" : 1,  "begin" : 154,  "end" : 156 }, 
        {"sofa" : 1,  "begin" : 157,  "end" : 158 }, 
        {"sofa" : 1,  "begin" : 159,  "end" : 163 }, 
        {"sofa" : 1,  "begin" : 164,  "end" : 169 }, 
        {"sofa" : 1,  "begin" : 170,  "end" : 173 }, 
        {"sofa" : 1,  "begin" : 174,  "end" : 177 }, 
        {"sofa" : 1,  "begin" : 178,  "end" : 180 }, 
        {"sofa" : 1,  "begin" : 181,  "end" : 186 }, 
        {"sofa" : 1,  "begin" : 187,  "end" : 189 }, 
        {"sofa" : 1,  "begin" : 190,  "end" : 193 }, 
        {"sofa" : 1,  "begin" : 194,  "end" : 198 }, 
        {"sofa" : 1,  "begin" : 199,  "end" : 200 }, 
        {"sofa" : 1,  "begin" : 201,  "end" : 202 }, 
        {"sofa" : 1,  "begin" : 203,  "end" : 206 }, 
        {"sofa" : 1,  "begin" : 207,  "end" : 211 }, 
        {"sofa" : 1,  "begin" : 212,  "end" : 215 }, 
        {"sofa" : 1,  "begin" : 216,  "end" : 220 }, 
        {"sofa" : 1,  "begin" : 221,  "end" : 225 }, 
        {"sofa" : 1,  "begin" : 226,  "end" : 229 }, 
        {"sofa" : 1,  "begin" : 230,  "end" : 234 }, 
        {"sofa" : 1,  "begin" : 235,  "end" : 236 }, 
        {"sofa" : 1,  "begin" : 237,  "end" : 245 }, 
        {"sofa" : 1,  "begin" : 246,  "end" : 252 }, 
        {"sofa" : 1,  "begin" : 253,  "end" : 260 }, 
        {"sofa" : 1,  "begin" : 261,  "end" : 262 }, 
        {"sofa" : 1,  "begin" : 263,  "end" : 264 }, 
        {"sofa" : 1,  "begin" : 265,  "end" : 266 }, 
        {"sofa" : 1,  "begin" : 267,  "end" : 272 }, 
        {"sofa" : 1,  "begin" : 273,  "end" : 277 }, 
        {"sofa" : 1,  "begin" : 278,  "end" : 282 }, 
        {"sofa" : 1,  "begin" : 283,  "end" : 284 }, 
        {"sofa" : 1,  "begin" : 285,  "end" : 289 }, 
        {"sofa" : 1,  "begin" : 290,  "end" : 296 }, 
        {"sofa" : 1,  "begin" : 297,  "end" : 298 }, 
        {"sofa" : 1,  "begin" : 299,  "end" : 300 }, 
        {"sofa" : 1,  "begin" : 301,  "end" : 304 }, 
        {"sofa" : 1,  "begin" : 305,  "end" : 309 }, 
        {"sofa" : 1,  "begin" : 310,  "end" : 315 }, 
        {"sofa" : 1,  "begin" : 316,  "end" : 319 }, 
        {"sofa" : 1,  "begin" : 320,  "end" : 325 }, 
        {"sofa" : 1,  "begin" : 326,  "end" : 327 }, 
        {"sofa" : 1,  "begin" : 328,  "end" : 332 }, 
        {"sofa" : 1,  "begin" : 333,  "end" : 335 }, 
        {"sofa" : 1,  "begin" : 336,  "end" : 340 }, 
        {"sofa" : 1,  "begin" : 341,  "end" : 343 }, 
        {"sofa" : 1,  "begin" : 344,  "end" : 348 }, 
        {"sofa" : 1,  "begin" : 349,  "end" : 351 }, 
        {"sofa" : 1,  "begin" : 352,  "end" : 357 }, 
        {"sofa" : 1,  "begin" : 358,  "end" : 359 }, 
        {"sofa" : 1,  "begin" : 360,  "end" : 363 }, 
        {"sofa" : 1,  "begin" : 364,  "end" : 368 }, 
        {"sofa" : 1,  "begin" : 369,  "end" : 372 }, 
        {"sofa" : 1,  "begin" : 373,  "end" : 377 }, 
        {"sofa" : 1,  "begin" : 378,  "end" : 383 }, 
        {"sofa" : 1,  "begin" : 384,  "end" : 387 }, 
        {"sofa" : 1,  "begin" : 388,  "end" : 393 }, 
        {"sofa" : 1,  "begin" : 394,  "end" : 397 }, 
        {"sofa" : 1,  "begin" : 398,  "end" : 399 }, 
        {"sofa" : 1,  "begin" : 400,  "end" : 401 }, 
        {"sofa" : 1,  "begin" : 402,  "end" : 407 }, 
        {"sofa" : 1,  "begin" : 408,  "end" : 409 }, 
        {"sofa" : 1,  "begin" : 410,  "end" : 414 }, 
        {"sofa" : 1,  "begin" : 415,  "end" : 417 }, 
        {"sofa" : 1,  "begin" : 418,  "end" : 419 }, 
        {"sofa" : 1,  "begin" : 420,  "end" : 424 }, 
        {"sofa" : 1,  "begin" : 425,  "end" : 429 }, 
        {"sofa" : 1,  "begin" : 430,  "end" : 431 }, 
        {"sofa" : 1,  "begin" : 432,  "end" : 434 }, 
        {"sofa" : 1,  "begin" : 435,  "end" : 438 }, 
        {"sofa" : 1,  "begin" : 439,  "end" : 446 }, 
        {"sofa" : 1,  "begin" : 447,  "end" : 450 }, 
        {"sofa" : 1,  "begin" : 451,  "end" : 455 }, 
        {"sofa" : 1,  "begin" : 456,  "end" : 461 }, 
        {"sofa" : 1,  "begin" : 462,  "end" : 465 }, 
        {"sofa" : 1,  "begin" : 466,  "end" : 468 }, 
        {"sofa" : 1,  "begin" : 469,  "end" : 476 }, 
        {"sofa" : 1,  "begin" : 477,  "end" : 478 }, 
        {"sofa" : 1,  "begin" : 479,  "end" : 481 }, 
        {"sofa" : 1,  "begin" : 482,  "end" : 485 }, 
        {"sofa" : 1,  "begin" : 486,  "end" : 490 }, 
        {"sofa" : 1,  "begin" : 491,  "end" : 494 }, 
        {"sofa" : 1,  "begin" : 495,  "end" : 496 }, 
        {"sofa" : 1,  "begin" : 497,  "end" : 499 }, 
        {"sofa" : 1,  "begin" : 500,  "end" : 502 }, 
        {"sofa" : 1,  "begin" : 503,  "end" : 507 }, 
        {"sofa" : 1,  "begin" : 508,  "end" : 509 }, 
        {"sofa" : 1,  "begin" : 510,  "end" : 511 }, 
        {"sofa" : 1,  "begin" : 512,  "end" : 515 }, 
        {"sofa" : 1,  "begin" : 516,  "end" : 520 }, 
        {"sofa" : 1,  "begin" : 521,  "end" : 528 }, 
        {"sofa" : 1,  "begin" : 529,  "end" : 534 }, 
        {"sofa" : 1,  "begin" : 535,  "end" : 539 }, 
        {"sofa" : 1,  "begin" : 540,  "end" : 541 }, 
        {"sofa" : 1,  "begin" : 542,  "end" : 544 }, 
        {"sofa" : 1,  "begin" : 545,  "end" : 548 }, 
        {"sofa" : 1,  "begin" : 549,  "end" : 552 }, 
        {"sofa" : 1,  "begin" : 553,  "end" : 555 }, 
        {"sofa" : 1,  "begin" : 556,  "end" : 559 }, 
        {"sofa" : 1,  "begin" : 560,  "end" : 563 }, 
        {"sofa" : 1,  "begin" : 564,  "end" : 567 }, 
        {"sofa" : 1,  "begin" : 568,  "end" : 569 }, 
        {"sofa" : 1,  "begin" : 570,  "end" : 571 }, 
        {"sofa" : 1,  "begin" : 572,  "end" : 576 }, 
        {"sofa" : 1,  "begin" : 577,  "end" : 582 }, 
        {"sofa" : 1,  "begin" : 583,  "end" : 586 }, 
        {"sofa" : 1,  "begin" : 587,  "end" : 591 }, 
        {"sofa" : 1,  "begin" : 592,  "end" : 594 }, 
        {"sofa" : 1,  "begin" : 595,  "end" : 599 }, 
        {"sofa" : 1,  "begin" : 600,  "end" : 603 }, 
        {"sofa" : 1,  "begin" : 604,  "end" : 606 }, 
        {"sofa" : 1,  "begin" : 607,  "end" : 614 }, 
        {"sofa" : 1,  "begin" : 615,  "end" : 616 }, 
        {"sofa" : 1,  "begin" : 617,  "end" : 619 }, 
        {"sofa" : 1,  "begin" : 620,  "end" : 626 }, 
        {"sofa" : 1,  "begin" : 627,  "end" : 628 }, 
        {"sofa" : 1,  "begin" : 629,  "end" : 630 }, 
        {"sofa" : 1,  "begin" : 631,  "end" : 635 }, 
        {"sofa" : 1,  "begin" : 636,  "end" : 639 }, 
        {"sofa" : 1,  "begin" : 640,  "end" : 643 }, 
        {"sofa" : 1,  "begin" : 644,  "end" : 645 }, 
        {"sofa" : 1,  "begin" : 646,  "end" : 647 }, 
        {"sofa" : 1,  "begin" : 648,  "end" : 650 }, 
        {"sofa" : 1,  "begin" : 651,  "end" : 654 }, 
        {"sofa" : 1,  "begin" : 655,  "end" : 660 }, 
        {"sofa" : 1,  "begin" : 661,  "end" : 663 }, 
        {"sofa" : 1,  "begin" : 664,  "end" : 666 }, 
        {"sofa" : 1,  "begin" : 667,  "end" : 668 }, 
        {"sofa" : 1,  "begin" : 669,  "end" : 670 }, 
        {"sofa" : 1,  "begin" : 671,  "end" : 678 }, 
        {"sofa" : 1,  "begin" : 679,  "end" : 682 }, 
        {"sofa" : 1,  "begin" : 683,  "end" : 687 }, 
        {"sofa" : 1,  "begin" : 688,  "end" : 689 }, 
        {"sofa" : 1,  "begin" : 690,  "end" : 691 }, 
        {"sofa" : 1,  "begin" : 692,  "end" : 693 }, 
        {"sofa" : 1,  "begin" : 694,  "end" : 698 }, 
        {"sofa" : 1,  "begin" : 699,  "end" : 703 }, 
        {"sofa" : 1,  "begin" : 704,  "end" : 706 }, 
        {"sofa" : 1,  "begin" : 707,  "end" : 713 }, 
        {"sofa" : 1,  "begin" : 714,  "end" : 718 }, 
        {"sofa" : 1,  "begin" : 719,  "end" : 726 }, 
        {"sofa" : 1,  "begin" : 727,  "end" : 728 }, 
        {"sofa" : 1,  "begin" : 729,  "end" : 737 }, 
        {"sofa" : 1,  "begin" : 738,  "end" : 742 }, 
        {"sofa" : 1,  "begin" : 743,  "end" : 744 }, 
        {"sofa" : 1,  "begin" : 745,  "end" : 750 }, 
        {"sofa" : 1,  "begin" : 751,  "end" : 755 }, 
        {"sofa" : 1,  "begin" : 756,  "end" : 758 }, 
        {"sofa" : 1,  "begin" : 759,  "end" : 760 }, 
        {"sofa" : 1,  "begin" : 761,  "end" : 765 }, 
        {"sofa" : 1,  "begin" : 766,  "end" : 767 }, 
        {"sofa" : 1,  "begin" : 768,  "end" : 769 } ], 
      "PartsofCause" : [2516,  2475,  2488,  2836,  2849,  2862,  2905,  2918,  2931,  2613,  2626,  2808,  2767,  2780,  2639,  2724,  2698,  2711,  2570,  2557,  2544 ], 
      "TypesofCause" : [
        {"sofa" : 1,  "end" : 23,  "Dependent" : 2516,  "Governor" : 2475,  "TypesofCause" : "Effect" }, 
        {"sofa" : 1,  "begin" : 27,  "end" : 52,  "Dependent" : 2488,  "Governor" : 2475,  "TypesofCause" : "Cause" }, 
        {"sofa" : 1,  "begin" : 27,  "end" : 41,  "Dependent" : 2836,  "Governor" : 2849,  "TypesofCause" : "Effect" }, 
        {"sofa" : 1,  "begin" : 46,  "end" : 52,  "Dependent" : 2862,  "Governor" : 2849,  "TypesofCause" : "Cause" }, 
        {"sofa" : 1,  "begin" : 301,  "end" : 325,  "Dependent" : 2905,  "Governor" : 2918,  "TypesofCause" : "Effect" }, 
        {"sofa" : 1,  "begin" : 333,  "end" : 357,  "Dependent" : 2931,  "Governor" : 2918,  "TypesofCause" : "Cause" }, 
        {"sofa" : 1,  "begin" : 435,  "end" : 476,  "Dependent" : 2626,  "Governor" : 2613,  "TypesofCause" : "Cause" }, 
        {"sofa" : 1,  "begin" : 435,  "end" : 461,  "Dependent" : 2808,  "Governor" : 2767,  "TypesofCause" : "Effect" }, 
        {"sofa" : 1,  "begin" : 466,  "end" : 476,  "Dependent" : 2780,  "Governor" : 2767,  "TypesofCause" : "Cause" }, 
        {"sofa" : 1,  "begin" : 479,  "end" : 494,  "Dependent" : 2639,  "Governor" : 2613,  "TypesofCause" : "Effect" }, 
        {"sofa" : 1,  "begin" : 572,  "end" : 576,  "Dependent" : 2724,  "Governor" : 2698,  "TypesofCause" : "Cause" }, 
        {"sofa" : 1,  "begin" : 583,  "end" : 614,  "Dependent" : 2711,  "Governor" : 2698,  "TypesofCause" : "Effect" }, 
        {"sofa" : 1,  "begin" : 692,  "end" : 713,  "Dependent" : 2570,  "Governor" : 2557,  "TypesofCause" : "Effect" }, 
        {"sofa" : 1,  "begin" : 727,  "end" : 765,  "Dependent" : 2544,  "Governor" : 2557,  "TypesofCause" : "Cause" } ] } }, 
  "_referenced_fss" : {
    "1" : {"_type" : "Sofa",  "sofaNum" : 1,  "sofaID" : "_InitialView",  "mimeType" : "text",  "sofaString" : "A WOLF , prowling about to find something for supper , heard a Child crying in a house .\nListening , he heard the Nurse say , “ Stop crying this minute , or I will throw you out of doors to the Wolf . ”\nThe Wolf sat down near the door , thinking within himself , “ I shall soon have a good supper . ”\nThe Baby cried and cried , till at last it went to sleep ; and then the Wolf heard the Nurse say : “ There , that ’s a good Baby .\nIf the naughty old Wolf comes for my darling , we ’ll beat him , so we will . ”\nThe Wolf trotted sadly home .\nOn his way he met the Fox .\n“ What makes you look so sour and so forlorn , my friend ? ”\nsaid the Fox .\n“ Do n’t speak to me ! ”\ngrowled the Wolf .\n“ I have lost my supper just because I believed what a Nurse said to a Baby . ”" }, 
    "2516" : {"_type" : "PartsofCause",  "sofa" : 1,  "end" : 23,  "PartsofCause" : "Argument" }, 
    "2475" : {"_type" : "PartsofCause",  "sofa" : 1,  "begin" : 24,  "end" : 26,  "PartsofCause" : "Causing" }, 
    "2488" : {"_type" : "PartsofCause",  "sofa" : 1,  "begin" : 27,  "end" : 52,  "PartsofCause" : "Argument" }, 
    "2836" : {"_type" : "PartsofCause",  "sofa" : 1,  "begin" : 27,  "end" : 41,  "PartsofCause" : "Argument" }, 
    "2849" : {"_type" : "PartsofCause",  "sofa" : 1,  "begin" : 42,  "end" : 45,  "PartsofCause" : "Causing" }, 
    "2862" : {"_type" : "PartsofCause",  "sofa" : 1,  "begin" : 46,  "end" : 52,  "PartsofCause" : "Argument" }, 
    "2905" : {"_type" : "PartsofCause",  "sofa" : 1,  "begin" : 301,  "end" : 325,  "PartsofCause" : "Argument" }, 
    "2918" : {"_type" : "PartsofCause",  "sofa" : 1,  "begin" : 328,  "end" : 332,  "PartsofCause" : "Preventing" }, 
    "2931" : {"_type" : "PartsofCause",  "sofa" : 1,  "begin" : 333,  "end" : 357,  "PartsofCause" : "Argument" }, 
    "2626" : {"_type" : "PartsofCause",  "sofa" : 1,  "begin" : 435,  "end" : 476,  "PartsofCause" : "Argument" }, 
    "2613" : {"_type" : "PartsofCause",  "sofa" : 1,  "begin" : 432,  "end" : 434,  "PartsofCause" : "Enabling" }, 
    "2808" : {"_type" : "PartsofCause",  "sofa" : 1,  "begin" : 435,  "end" : 461,  "PartsofCause" : "Argument" }, 
    "2767" : {"_type" : "PartsofCause",  "sofa" : 1,  "begin" : 462,  "end" : 465,  "PartsofCause" : "Causing" }, 
    "2780" : {"_type" : "PartsofCause",  "sofa" : 1,  "begin" : 466,  "end" : 476,  "PartsofCause" : "Argument" }, 
    "2639" : {"_type" : "PartsofCause",  "sofa" : 1,  "begin" : 479,  "end" : 494,  "PartsofCause" : "Argument" }, 
    "2724" : {"_type" : "PartsofCause",  "sofa" : 1,  "begin" : 572,  "end" : 576,  "PartsofCause" : "Argument" }, 
    "2698" : {"_type" : "PartsofCause",  "sofa" : 1,  "begin" : 577,  "end" : 582,  "PartsofCause" : "Causing" }, 
    "2711" : {"_type" : "PartsofCause",  "sofa" : 1,  "begin" : 583,  "end" : 614,  "PartsofCause" : "Argument" }, 
    "2570" : {"_type" : "PartsofCause",  "sofa" : 1,  "begin" : 692,  "end" : 713,  "PartsofCause" : "Argument" }, 
    "2557" : {"_type" : "PartsofCause",  "sofa" : 1,  "begin" : 719,  "end" : 726,  "PartsofCause" : "Causing" }, 
    "2544" : {"_type" : "PartsofCause",  "sofa" : 1,  "begin" : 727,  "end" : 765,  "PartsofCause" : "Argument" }, 
    "2970" : {"_type" : "LayerDefinition",  "name" : "webanno.custom.DisjointCausalSpans",  "uiName" : "Disjoint Causal Spans" }, 
    "2981" : {"_type" : "LayerDefinition",  "name" : "webanno.custom.PartsofCause",  "uiName" : "Parts of Cause" }, 
    "2988" : {"_type" : "LayerDefinition",  "name" : "webanno.custom.TypesofCause",  "uiName" : "Types of Cause" } } }