{"_context" : {
    "_types" : {
      "DocumentMetaData" : {
        "_feature_types" : {"sofa" : "_ref" } }, 
      "FeatureDefinition" : {
        "_feature_types" : {"layer" : "_ref" } }, 
      "LayerDefinition" : { }, 
      "PartsofCause" : {
        "_feature_types" : {"sofa" : "_ref" } }, 
      "Sentence" : {
        "_feature_types" : {"sofa" : "_ref" } }, 
      "Sofa" : {
        "_feature_types" : {"sofaArray" : "_ref" } }, 
      "TagsetDescription" : {
        "_feature_types" : {"sofa" : "_ref",  "tags" : "_ref" } }, 
      "Token" : {
        "_feature_types" : {"sofa" : "_ref",  "parent" : "_ref",  "lemma" : "_ref",  "stem" : "_ref",  "pos" : "_ref",  "morph" : "_ref",  "form" : "_ref" } }, 
      "TypesofCause" : {
        "_feature_types" : {"sofa" : "_ref",  "Dependent" : "_ref",  "Governor" : "_ref" } }, 
      "DocumentAnnotation" : {
        "_feature_types" : {"sofa" : "_ref" }, 
        "_subtypes" : ["DocumentMetaData" ] }, 
      "Annotation" : {
        "_feature_types" : {"sofa" : "_ref" }, 
        "_subtypes" : ["DocumentAnnotation",  "PartsofCause",  "Sentence",  "TagsetDescription",  "Token",  "TypesofCause" ] }, 
      "AnnotationBase" : {
        "_feature_types" : {"sofa" : "_ref" }, 
        "_subtypes" : ["Annotation" ] }, 
      "TOP" : {
        "_subtypes" : ["AnnotationBase",  "FeatureDefinition",  "LayerDefinition",  "Sofa" ] } } }, 
  "_views" : {
    "_InitialView" : {
      "FeatureDefinition" : [
        {"layer" : 2491,  "name" : "referenceRelation",  "uiName" : "Reference Relation" }, 
        {"layer" : 2491,  "name" : "referenceType",  "uiName" : "Reference Type" }, 
        {"layer" : 2502,  "name" : "PartsofCause",  "uiName" : "Parts of Cause" }, 
        {"layer" : 2509,  "name" : "TypesofCause",  "uiName" : "Types of Cause" } ], 
      "LayerDefinition" : [2491,  2502,  2509 ], 
      "DocumentMetaData" : [
        {"sofa" : 1,  "end" : 872,  "language" : "x-unspecified",  "documentTitle" : "cnn-33.txt",  "documentId" : "AYC",  "documentUri" : "file:/srv/inception/repository/project/2/document/2385/source/AYC",  "collectionId" : "file:/srv/inception/repository/project/2/document/2385/source/",  "documentBaseUri" : "file:/srv/inception/repository/project/2/document/2385/source/",  "isLastSegment" : false } ], 
      "TagsetDescription" : [
        {"sofa" : 1,  "layer" : "webanno.custom.PartsofCause",  "name" : "Parts of Cause",  "input" : false }, 
        {"sofa" : 1,  "layer" : "webanno.custom.TypesofCause",  "name" : "Causal Relations",  "input" : false } ], 
      "Sentence" : [
        {"sofa" : 1,  "end" : 172 }, 
        {"sofa" : 1,  "begin" : 173,  "end" : 309 }, 
        {"sofa" : 1,  "begin" : 310,  "end" : 481 }, 
        {"sofa" : 1,  "begin" : 482,  "end" : 610 }, 
        {"sofa" : 1,  "begin" : 611,  "end" : 719 }, 
        {"sofa" : 1,  "begin" : 720,  "end" : 834 }, 
        {"sofa" : 1,  "begin" : 835,  "end" : 872 } ], 
      "Token" : [
        {"sofa" : 1,  "end" : 4 }, 
        {"sofa" : 1,  "begin" : 5,  "end" : 7 }, 
        {"sofa" : 1,  "begin" : 8,  "end" : 15 }, 
        {"sofa" : 1,  "begin" : 16,  "end" : 20 }, 
        {"sofa" : 1,  "begin" : 21,  "end" : 26 }, 
        {"sofa" : 1,  "begin" : 27,  "end" : 29 }, 
        {"sofa" : 1,  "begin" : 30,  "end" : 35 }, 
        {"sofa" : 1,  "begin" : 36,  "end" : 42 }, 
        {"sofa" : 1,  "begin" : 43,  "end" : 49 }, 
        {"sofa" : 1,  "begin" : 50,  "end" : 56 }, 
        {"sofa" : 1,  "begin" : 57,  "end" : 62 }, 
        {"sofa" : 1,  "begin" : 63,  "end" : 64 }, 
        {"sofa" : 1,  "begin" : 65,  "end" : 66 }, 
        {"sofa" : 1,  "begin" : 67,  "end" : 71 }, 
        {"sofa" : 1,  "begin" : 72,  "end" : 76 }, 
        {"sofa" : 1,  "begin" : 77,  "end" : 80 }, 
        {"sofa" : 1,  "begin" : 81,  "end" : 87 }, 
        {"sofa" : 1,  "begin" : 88,  "end" : 93 }, 
        {"sofa" : 1,  "begin" : 94,  "end" : 98 }, 
        {"sofa" : 1,  "begin" : 99,  "end" : 107 }, 
        {"sofa" : 1,  "begin" : 108,  "end" : 116 }, 
        {"sofa" : 1,  "begin" : 117,  "end" : 119 }, 
        {"sofa" : 1,  "begin" : 120,  "end" : 128 }, 
        {"sofa" : 1,  "begin" : 129,  "end" : 131 }, 
        {"sofa" : 1,  "begin" : 132,  "end" : 135 }, 
        {"sofa" : 1,  "begin" : 136,  "end" : 143 }, 
        {"sofa" : 1,  "begin" : 144,  "end" : 148 }, 
        {"sofa" : 1,  "begin" : 149,  "end" : 150 }, 
        {"sofa" : 1,  "begin" : 151,  "end" : 154 }, 
        {"sofa" : 1,  "begin" : 155,  "end" : 165 }, 
        {"sofa" : 1,  "begin" : 166,  "end" : 170 }, 
        {"sofa" : 1,  "begin" : 171,  "end" : 172 }, 
        {"sofa" : 1,  "begin" : 173,  "end" : 178 }, 
        {"sofa" : 1,  "begin" : 179,  "end" : 183 }, 
        {"sofa" : 1,  "begin" : 184,  "end" : 186 }, 
        {"sofa" : 1,  "begin" : 187,  "end" : 194 }, 
        {"sofa" : 1,  "begin" : 195,  "end" : 204 }, 
        {"sofa" : 1,  "begin" : 205,  "end" : 214 }, 
        {"sofa" : 1,  "begin" : 215,  "end" : 219 }, 
        {"sofa" : 1,  "begin" : 220,  "end" : 223 }, 
        {"sofa" : 1,  "begin" : 224,  "end" : 227 }, 
        {"sofa" : 1,  "begin" : 228,  "end" : 233 }, 
        {"sofa" : 1,  "begin" : 234,  "end" : 237 }, 
        {"sofa" : 1,  "begin" : 238,  "end" : 245 }, 
        {"sofa" : 1,  "begin" : 246,  "end" : 247 }, 
        {"sofa" : 1,  "begin" : 248,  "end" : 252 }, 
        {"sofa" : 1,  "begin" : 253,  "end" : 257 }, 
        {"sofa" : 1,  "begin" : 258,  "end" : 265 }, 
        {"sofa" : 1,  "begin" : 266,  "end" : 271 }, 
        {"sofa" : 1,  "begin" : 272,  "end" : 278 }, 
        {"sofa" : 1,  "begin" : 279,  "end" : 282 }, 
        {"sofa" : 1,  "begin" : 283,  "end" : 286 }, 
        {"sofa" : 1,  "begin" : 287,  "end" : 293 }, 
        {"sofa" : 1,  "begin" : 294,  "end" : 298 }, 
        {"sofa" : 1,  "begin" : 299,  "end" : 301 }, 
        {"sofa" : 1,  "begin" : 302,  "end" : 307 }, 
        {"sofa" : 1,  "begin" : 308,  "end" : 309 }, 
        {"sofa" : 1,  "begin" : 310,  "end" : 315 }, 
        {"sofa" : 1,  "begin" : 316,  "end" : 322 }, 
        {"sofa" : 1,  "begin" : 323,  "end" : 325 }, 
        {"sofa" : 1,  "begin" : 326,  "end" : 329 }, 
        {"sofa" : 1,  "begin" : 330,  "end" : 339 }, 
        {"sofa" : 1,  "begin" : 340,  "end" : 345 }, 
        {"sofa" : 1,  "begin" : 346,  "end" : 350 }, 
        {"sofa" : 1,  "begin" : 351,  "end" : 358 }, 
        {"sofa" : 1,  "begin" : 359,  "end" : 365 }, 
        {"sofa" : 1,  "begin" : 366,  "end" : 368 }, 
        {"sofa" : 1,  "begin" : 369,  "end" : 374 }, 
        {"sofa" : 1,  "begin" : 375,  "end" : 382 }, 
        {"sofa" : 1,  "begin" : 383,  "end" : 385 }, 
        {"sofa" : 1,  "begin" : 386,  "end" : 389 }, 
        {"sofa" : 1,  "begin" : 390,  "end" : 394 }, 
        {"sofa" : 1,  "begin" : 395,  "end" : 399 }, 
        {"sofa" : 1,  "begin" : 400,  "end" : 401 }, 
        {"sofa" : 1,  "begin" : 402,  "end" : 406 }, 
        {"sofa" : 1,  "begin" : 407,  "end" : 413 }, 
        {"sofa" : 1,  "begin" : 414,  "end" : 419 }, 
        {"sofa" : 1,  "begin" : 420,  "end" : 421 }, 
        {"sofa" : 1,  "begin" : 422,  "end" : 426 }, 
        {"sofa" : 1,  "begin" : 427,  "end" : 429 }, 
        {"sofa" : 1,  "begin" : 430,  "end" : 434 }, 
        {"sofa" : 1,  "begin" : 435,  "end" : 437 }, 
        {"sofa" : 1,  "begin" : 438,  "end" : 446 }, 
        {"sofa" : 1,  "begin" : 447,  "end" : 449 }, 
        {"sofa" : 1,  "begin" : 450,  "end" : 458 }, 
        {"sofa" : 1,  "begin" : 459,  "end" : 467 }, 
        {"sofa" : 1,  "begin" : 468,  "end" : 471 }, 
        {"sofa" : 1,  "begin" : 472,  "end" : 479 }, 
        {"sofa" : 1,  "begin" : 480,  "end" : 481 }, 
        {"sofa" : 1,  "begin" : 482,  "end" : 483 }, 
        {"sofa" : 1,  "begin" : 484,  "end" : 486 }, 
        {"sofa" : 1,  "begin" : 487,  "end" : 493 }, 
        {"sofa" : 1,  "begin" : 494,  "end" : 498 }, 
        {"sofa" : 1,  "begin" : 499,  "end" : 507 }, 
        {"sofa" : 1,  "begin" : 508,  "end" : 513 }, 
        {"sofa" : 1,  "begin" : 514,  "end" : 515 }, 
        {"sofa" : 1,  "begin" : 516,  "end" : 517 }, 
        {"sofa" : 1,  "begin" : 518,  "end" : 520 }, 
        {"sofa" : 1,  "begin" : 521,  "end" : 525 }, 
        {"sofa" : 1,  "begin" : 526,  "end" : 531 }, 
        {"sofa" : 1,  "begin" : 532,  "end" : 534 }, 
        {"sofa" : 1,  "begin" : 535,  "end" : 542 }, 
        {"sofa" : 1,  "begin" : 543,  "end" : 546 }, 
        {"sofa" : 1,  "begin" : 547,  "end" : 555 }, 
        {"sofa" : 1,  "begin" : 556,  "end" : 558 }, 
        {"sofa" : 1,  "begin" : 559,  "end" : 567 }, 
        {"sofa" : 1,  "begin" : 568,  "end" : 571 }, 
        {"sofa" : 1,  "begin" : 572,  "end" : 578 }, 
        {"sofa" : 1,  "begin" : 579,  "end" : 583 }, 
        {"sofa" : 1,  "begin" : 584,  "end" : 588 }, 
        {"sofa" : 1,  "begin" : 589,  "end" : 590 }, 
        {"sofa" : 1,  "begin" : 591,  "end" : 592 }, 
        {"sofa" : 1,  "begin" : 593,  "end" : 595 }, 
        {"sofa" : 1,  "begin" : 596,  "end" : 600 }, 
        {"sofa" : 1,  "begin" : 601,  "end" : 608 }, 
        {"sofa" : 1,  "begin" : 609,  "end" : 610 }, 
        {"sofa" : 1,  "begin" : 611,  "end" : 619 }, 
        {"sofa" : 1,  "begin" : 620,  "end" : 629 }, 
        {"sofa" : 1,  "begin" : 630,  "end" : 634 }, 
        {"sofa" : 1,  "begin" : 635,  "end" : 641 }, 
        {"sofa" : 1,  "begin" : 642,  "end" : 644 }, 
        {"sofa" : 1,  "begin" : 645,  "end" : 648 }, 
        {"sofa" : 1,  "begin" : 649,  "end" : 660 }, 
        {"sofa" : 1,  "begin" : 661,  "end" : 663 }, 
        {"sofa" : 1,  "begin" : 664,  "end" : 672 }, 
        {"sofa" : 1,  "begin" : 673,  "end" : 677 }, 
        {"sofa" : 1,  "begin" : 678,  "end" : 682 }, 
        {"sofa" : 1,  "begin" : 683,  "end" : 688 }, 
        {"sofa" : 1,  "begin" : 689,  "end" : 697 }, 
        {"sofa" : 1,  "begin" : 698,  "end" : 706 }, 
        {"sofa" : 1,  "begin" : 707,  "end" : 711 }, 
        {"sofa" : 1,  "begin" : 712,  "end" : 717 }, 
        {"sofa" : 1,  "begin" : 718,  "end" : 719 }, 
        {"sofa" : 1,  "begin" : 720,  "end" : 731 }, 
        {"sofa" : 1,  "begin" : 732,  "end" : 741 }, 
        {"sofa" : 1,  "begin" : 742,  "end" : 746 }, 
        {"sofa" : 1,  "begin" : 747,  "end" : 753 }, 
        {"sofa" : 1,  "begin" : 754,  "end" : 760 }, 
        {"sofa" : 1,  "begin" : 761,  "end" : 765 }, 
        {"sofa" : 1,  "begin" : 766,  "end" : 774 }, 
        {"sofa" : 1,  "begin" : 775,  "end" : 777 }, 
        {"sofa" : 1,  "begin" : 778,  "end" : 781 }, 
        {"sofa" : 1,  "begin" : 782,  "end" : 786 }, 
        {"sofa" : 1,  "begin" : 787,  "end" : 790 }, 
        {"sofa" : 1,  "begin" : 791,  "end" : 796 }, 
        {"sofa" : 1,  "begin" : 797,  "end" : 802 }, 
        {"sofa" : 1,  "begin" : 803,  "end" : 807 }, 
        {"sofa" : 1,  "begin" : 808,  "end" : 814 }, 
        {"sofa" : 1,  "begin" : 815,  "end" : 819 }, 
        {"sofa" : 1,  "begin" : 820,  "end" : 825 }, 
        {"sofa" : 1,  "begin" : 826,  "end" : 832 }, 
        {"sofa" : 1,  "begin" : 833,  "end" : 834 }, 
        {"sofa" : 1,  "begin" : 835,  "end" : 837 }, 
        {"sofa" : 1,  "begin" : 838,  "end" : 843 }, 
        {"sofa" : 1,  "begin" : 844,  "end" : 849 }, 
        {"sofa" : 1,  "begin" : 850,  "end" : 856 }, 
        {"sofa" : 1,  "begin" : 857,  "end" : 861 }, 
        {"sofa" : 1,  "begin" : 862,  "end" : 870 }, 
        {"sofa" : 1,  "begin" : 871,  "end" : 872 } ], 
      "PartsofCause" : [2151,  2431,  2390,  2403,  2125,  2138,  2194,  2207,  2235,  2248,  2278,  2467,  2334,  2347 ], 
      "TypesofCause" : [
        {"sofa" : 1,  "begin" : 310,  "end" : 365,  "Dependent" : 2151,  "Governor" : 2125,  "TypesofCause" : "Cause" }, 
        {"sofa" : 1,  "begin" : 310,  "end" : 365,  "Dependent" : 2431,  "Governor" : 2390,  "TypesofCause" : "Cause" }, 
        {"sofa" : 1,  "begin" : 369,  "end" : 399,  "Dependent" : 2403,  "Governor" : 2390,  "TypesofCause" : "Effect" }, 
        {"sofa" : 1,  "begin" : 375,  "end" : 399,  "Dependent" : 2138,  "Governor" : 2125,  "TypesofCause" : "Effect" }, 
        {"sofa" : 1,  "begin" : 642,  "end" : 717,  "Dependent" : 2207,  "Governor" : 2194,  "TypesofCause" : "Effect" }, 
        {"sofa" : 1,  "begin" : 645,  "end" : 660,  "Dependent" : 2235,  "Governor" : 2248,  "TypesofCause" : "Effect" }, 
        {"sofa" : 1,  "begin" : 664,  "end" : 706,  "Dependent" : 2278,  "Governor" : 2248,  "TypesofCause" : "Cause" }, 
        {"sofa" : 1,  "begin" : 747,  "end" : 774,  "Dependent" : 2467,  "Governor" : 2334,  "TypesofCause" : "Effect" }, 
        {"sofa" : 1,  "begin" : 778,  "end" : 786,  "Dependent" : 2347,  "Governor" : 2334,  "TypesofCause" : "Cause" } ] } }, 
  "_referenced_fss" : {
    "1" : {"_type" : "Sofa",  "sofaNum" : 1,  "sofaID" : "_InitialView",  "mimeType" : "text",  "sofaString" : "Peru 's ancient Inca ruins of Machu Picchu should reopen April 1 , more than two months after rain stranded hundreds of tourists at the popular spot , the government said .\nHeavy rain in January unleashed mudslides that cut off roads and blocked a rail line between Machu Picchu and the nearby city of Cusco .\nWater levels at the Vilcanota River have receded enough to allow repairs to the rail line , said Martin Perez , head of Peru 's Ministry of Exterior Commerce and Tourism .\n\" We expect that starting April 1 , we will start to receive the millions of tourists who always have come , \" he said Tuesday .\nPeruvian officials were forced to use helicopters to evacuate more than 1,000 stranded tourists last month .\nAuthorities estimated that 10,000 people were affected by the rain and 2,000 homes were ruined near Machu Picchu .\nAt least seven deaths were reported ." }, 
    "2151" : {"_type" : "PartsofCause",  "sofa" : 1,  "begin" : 310,  "end" : 365,  "PartsofCause" : "Argument" }, 
    "2125" : {"_type" : "PartsofCause",  "sofa" : 1,  "begin" : 369,  "end" : 374,  "PartsofCause" : "Enabling" }, 
    "2431" : {"_type" : "PartsofCause",  "sofa" : 1,  "begin" : 310,  "end" : 365,  "PartsofCause" : "Argument" }, 
    "2390" : {"_type" : "PartsofCause",  "sofa" : 1,  "begin" : 366,  "end" : 368,  "PartsofCause" : "Enabling" }, 
    "2403" : {"_type" : "PartsofCause",  "sofa" : 1,  "begin" : 369,  "end" : 399,  "PartsofCause" : "Argument" }, 
    "2138" : {"_type" : "PartsofCause",  "sofa" : 1,  "begin" : 375,  "end" : 399,  "PartsofCause" : "Argument" }, 
    "2207" : {"_type" : "PartsofCause",  "sofa" : 1,  "begin" : 642,  "end" : 717,  "PartsofCause" : "Argument" }, 
    "2194" : {"_type" : "PartsofCause",  "sofa" : 1,  "begin" : 635,  "end" : 641,  "PartsofCause" : "Causing" }, 
    "2235" : {"_type" : "PartsofCause",  "sofa" : 1,  "begin" : 645,  "end" : 660,  "PartsofCause" : "Argument" }, 
    "2248" : {"_type" : "PartsofCause",  "sofa" : 1,  "begin" : 661,  "end" : 663,  "PartsofCause" : "Enabling" }, 
    "2278" : {"_type" : "PartsofCause",  "sofa" : 1,  "begin" : 664,  "end" : 706,  "PartsofCause" : "Argument" }, 
    "2467" : {"_type" : "PartsofCause",  "sofa" : 1,  "begin" : 747,  "end" : 774,  "PartsofCause" : "Argument" }, 
    "2334" : {"_type" : "PartsofCause",  "sofa" : 1,  "begin" : 775,  "end" : 777,  "PartsofCause" : "Causing" }, 
    "2347" : {"_type" : "PartsofCause",  "sofa" : 1,  "begin" : 778,  "end" : 786,  "PartsofCause" : "Argument" }, 
    "2502" : {"_type" : "LayerDefinition",  "name" : "webanno.custom.PartsofCause",  "uiName" : "Parts of Cause" }, 
    "2491" : {"_type" : "LayerDefinition",  "name" : "webanno.custom.DisjointCausalSpans",  "uiName" : "Disjoint Causal Spans" }, 
    "2509" : {"_type" : "LayerDefinition",  "name" : "webanno.custom.TypesofCause",  "uiName" : "Types of Cause" } } }