{"_context" : {
    "_types" : {
      "DocumentMetaData" : {
        "_feature_types" : {"sofa" : "_ref" } }, 
      "FeatureDefinition" : {
        "_feature_types" : {"layer" : "_ref" } }, 
      "LayerDefinition" : { }, 
      "PartsofCause" : {
        "_feature_types" : {"sofa" : "_ref" } }, 
      "Sentence" : {
        "_feature_types" : {"sofa" : "_ref" } }, 
      "Sofa" : {
        "_feature_types" : {"sofaArray" : "_ref" } }, 
      "TagsetDescription" : {
        "_feature_types" : {"sofa" : "_ref",  "tags" : "_ref" } }, 
      "Token" : {
        "_feature_types" : {"sofa" : "_ref",  "parent" : "_ref",  "lemma" : "_ref",  "stem" : "_ref",  "pos" : "_ref",  "morph" : "_ref",  "form" : "_ref" } }, 
      "TypesofCause" : {
        "_feature_types" : {"sofa" : "_ref",  "Dependent" : "_ref",  "Governor" : "_ref" } }, 
      "DocumentAnnotation" : {
        "_feature_types" : {"sofa" : "_ref" }, 
        "_subtypes" : ["DocumentMetaData" ] }, 
      "Annotation" : {
        "_feature_types" : {"sofa" : "_ref" }, 
        "_subtypes" : ["DocumentAnnotation",  "PartsofCause",  "Sentence",  "TagsetDescription",  "Token",  "TypesofCause" ] }, 
      "AnnotationBase" : {
        "_feature_types" : {"sofa" : "_ref" }, 
        "_subtypes" : ["Annotation" ] }, 
      "TOP" : {
        "_subtypes" : ["AnnotationBase",  "FeatureDefinition",  "LayerDefinition",  "Sofa" ] } } }, 
  "_views" : {
    "_InitialView" : {
      "FeatureDefinition" : [
        {"layer" : 2564,  "name" : "referenceRelation",  "uiName" : "Reference Relation" }, 
        {"layer" : 2564,  "name" : "referenceType",  "uiName" : "Reference Type" }, 
        {"layer" : 2575,  "name" : "PartsofCause",  "uiName" : "Parts of Cause" }, 
        {"layer" : 2582,  "name" : "TypesofCause",  "uiName" : "Types of Cause" } ], 
      "LayerDefinition" : [2564,  2575,  2582 ], 
      "DocumentMetaData" : [
        {"sofa" : 1,  "end" : 820,  "language" : "x-unspecified",  "documentTitle" : "fable-48.txt",  "documentId" : "GJW",  "documentUri" : "file:/srv/inception/repository/project/2/document/2350/source/GJW",  "collectionId" : "file:/srv/inception/repository/project/2/document/2350/source/",  "documentBaseUri" : "file:/srv/inception/repository/project/2/document/2350/source/",  "isLastSegment" : false } ], 
      "TagsetDescription" : [
        {"sofa" : 1,  "layer" : "webanno.custom.PartsofCause",  "name" : "Parts of Cause",  "input" : false }, 
        {"sofa" : 1,  "layer" : "webanno.custom.TypesofCause",  "name" : "Causal Relations",  "input" : false } ], 
      "Sentence" : [
        {"sofa" : 1,  "end" : 85 }, 
        {"sofa" : 1,  "begin" : 86,  "end" : 215 }, 
        {"sofa" : 1,  "begin" : 216,  "end" : 288 }, 
        {"sofa" : 1,  "begin" : 289,  "end" : 523 }, 
        {"sofa" : 1,  "begin" : 524,  "end" : 630 }, 
        {"sofa" : 1,  "begin" : 631,  "end" : 655 }, 
        {"sofa" : 1,  "begin" : 656,  "end" : 732 }, 
        {"sofa" : 1,  "begin" : 733,  "end" : 820 } ], 
      "Token" : [
        {"sofa" : 1,  "end" : 1 }, 
        {"sofa" : 1,  "begin" : 2,  "end" : 6 }, 
        {"sofa" : 1,  "begin" : 7,  "end" : 8 }, 
        {"sofa" : 1,  "begin" : 9,  "end" : 14 }, 
        {"sofa" : 1,  "begin" : 15,  "end" : 19 }, 
        {"sofa" : 1,  "begin" : 20,  "end" : 26 }, 
        {"sofa" : 1,  "begin" : 27,  "end" : 36 }, 
        {"sofa" : 1,  "begin" : 37,  "end" : 39 }, 
        {"sofa" : 1,  "begin" : 40,  "end" : 47 }, 
        {"sofa" : 1,  "begin" : 48,  "end" : 53 }, 
        {"sofa" : 1,  "begin" : 54,  "end" : 55 }, 
        {"sofa" : 1,  "begin" : 56,  "end" : 59 }, 
        {"sofa" : 1,  "begin" : 60,  "end" : 62 }, 
        {"sofa" : 1,  "begin" : 63,  "end" : 66 }, 
        {"sofa" : 1,  "begin" : 67,  "end" : 70 }, 
        {"sofa" : 1,  "begin" : 71,  "end" : 73 }, 
        {"sofa" : 1,  "begin" : 74,  "end" : 77 }, 
        {"sofa" : 1,  "begin" : 78,  "end" : 83 }, 
        {"sofa" : 1,  "begin" : 84,  "end" : 85 }, 
        {"sofa" : 1,  "begin" : 86,  "end" : 89 }, 
        {"sofa" : 1,  "begin" : 90,  "end" : 96 }, 
        {"sofa" : 1,  "begin" : 97,  "end" : 100 }, 
        {"sofa" : 1,  "begin" : 101,  "end" : 104 }, 
        {"sofa" : 1,  "begin" : 105,  "end" : 112 }, 
        {"sofa" : 1,  "begin" : 113,  "end" : 117 }, 
        {"sofa" : 1,  "begin" : 118,  "end" : 120 }, 
        {"sofa" : 1,  "begin" : 121,  "end" : 125 }, 
        {"sofa" : 1,  "begin" : 126,  "end" : 131 }, 
        {"sofa" : 1,  "begin" : 132,  "end" : 133 }, 
        {"sofa" : 1,  "begin" : 134,  "end" : 137 }, 
        {"sofa" : 1,  "begin" : 138,  "end" : 141 }, 
        {"sofa" : 1,  "begin" : 142,  "end" : 151 }, 
        {"sofa" : 1,  "begin" : 152,  "end" : 156 }, 
        {"sofa" : 1,  "begin" : 157,  "end" : 159 }, 
        {"sofa" : 1,  "begin" : 160,  "end" : 167 }, 
        {"sofa" : 1,  "begin" : 168,  "end" : 171 }, 
        {"sofa" : 1,  "begin" : 172,  "end" : 175 }, 
        {"sofa" : 1,  "begin" : 176,  "end" : 179 }, 
        {"sofa" : 1,  "begin" : 180,  "end" : 191 }, 
        {"sofa" : 1,  "begin" : 192,  "end" : 194 }, 
        {"sofa" : 1,  "begin" : 195,  "end" : 199 }, 
        {"sofa" : 1,  "begin" : 200,  "end" : 203 }, 
        {"sofa" : 1,  "begin" : 204,  "end" : 207 }, 
        {"sofa" : 1,  "begin" : 208,  "end" : 213 }, 
        {"sofa" : 1,  "begin" : 214,  "end" : 215 }, 
        {"sofa" : 1,  "begin" : 216,  "end" : 222 }, 
        {"sofa" : 1,  "begin" : 223,  "end" : 224 }, 
        {"sofa" : 1,  "begin" : 225,  "end" : 230 }, 
        {"sofa" : 1,  "begin" : 231,  "end" : 232 }, 
        {"sofa" : 1,  "begin" : 233,  "end" : 239 }, 
        {"sofa" : 1,  "begin" : 240,  "end" : 247 }, 
        {"sofa" : 1,  "begin" : 248,  "end" : 250 }, 
        {"sofa" : 1,  "begin" : 251,  "end" : 254 }, 
        {"sofa" : 1,  "begin" : 255,  "end" : 263 }, 
        {"sofa" : 1,  "begin" : 264,  "end" : 265 }, 
        {"sofa" : 1,  "begin" : 266,  "end" : 268 }, 
        {"sofa" : 1,  "begin" : 269,  "end" : 276 }, 
        {"sofa" : 1,  "begin" : 277,  "end" : 279 }, 
        {"sofa" : 1,  "begin" : 280,  "end" : 283 }, 
        {"sofa" : 1,  "begin" : 284,  "end" : 286 }, 
        {"sofa" : 1,  "begin" : 287,  "end" : 288 }, 
        {"sofa" : 1,  "begin" : 289,  "end" : 290 }, 
        {"sofa" : 1,  "begin" : 291,  "end" : 295 }, 
        {"sofa" : 1,  "begin" : 296,  "end" : 302 }, 
        {"sofa" : 1,  "begin" : 303,  "end" : 308 }, 
        {"sofa" : 1,  "begin" : 309,  "end" : 315 }, 
        {"sofa" : 1,  "begin" : 316,  "end" : 317 }, 
        {"sofa" : 1,  "begin" : 318,  "end" : 319 }, 
        {"sofa" : 1,  "begin" : 320,  "end" : 327 }, 
        {"sofa" : 1,  "begin" : 328,  "end" : 330 }, 
        {"sofa" : 1,  "begin" : 331,  "end" : 332 }, 
        {"sofa" : 1,  "begin" : 333,  "end" : 334 }, 
        {"sofa" : 1,  "begin" : 335,  "end" : 339 }, 
        {"sofa" : 1,  "begin" : 340,  "end" : 341 }, 
        {"sofa" : 1,  "begin" : 342,  "end" : 346 }, 
        {"sofa" : 1,  "begin" : 347,  "end" : 351 }, 
        {"sofa" : 1,  "begin" : 352,  "end" : 358 }, 
        {"sofa" : 1,  "begin" : 359,  "end" : 363 }, 
        {"sofa" : 1,  "begin" : 364,  "end" : 368 }, 
        {"sofa" : 1,  "begin" : 369,  "end" : 371 }, 
        {"sofa" : 1,  "begin" : 372,  "end" : 376 }, 
        {"sofa" : 1,  "begin" : 377,  "end" : 378 }, 
        {"sofa" : 1,  "begin" : 379,  "end" : 380 }, 
        {"sofa" : 1,  "begin" : 381,  "end" : 387 }, 
        {"sofa" : 1,  "begin" : 388,  "end" : 392 }, 
        {"sofa" : 1,  "begin" : 393,  "end" : 401 }, 
        {"sofa" : 1,  "begin" : 402,  "end" : 405 }, 
        {"sofa" : 1,  "begin" : 406,  "end" : 409 }, 
        {"sofa" : 1,  "begin" : 410,  "end" : 418 }, 
        {"sofa" : 1,  "begin" : 419,  "end" : 426 }, 
        {"sofa" : 1,  "begin" : 427,  "end" : 428 }, 
        {"sofa" : 1,  "begin" : 429,  "end" : 432 }, 
        {"sofa" : 1,  "begin" : 433,  "end" : 435 }, 
        {"sofa" : 1,  "begin" : 436,  "end" : 438 }, 
        {"sofa" : 1,  "begin" : 439,  "end" : 442 }, 
        {"sofa" : 1,  "begin" : 443,  "end" : 449 }, 
        {"sofa" : 1,  "begin" : 450,  "end" : 451 }, 
        {"sofa" : 1,  "begin" : 452,  "end" : 459 }, 
        {"sofa" : 1,  "begin" : 460,  "end" : 464 }, 
        {"sofa" : 1,  "begin" : 465,  "end" : 468 }, 
        {"sofa" : 1,  "begin" : 469,  "end" : 470 }, 
        {"sofa" : 1,  "begin" : 471,  "end" : 475 }, 
        {"sofa" : 1,  "begin" : 476,  "end" : 482 }, 
        {"sofa" : 1,  "begin" : 483,  "end" : 489 }, 
        {"sofa" : 1,  "begin" : 490,  "end" : 494 }, 
        {"sofa" : 1,  "begin" : 495,  "end" : 503 }, 
        {"sofa" : 1,  "begin" : 504,  "end" : 508 }, 
        {"sofa" : 1,  "begin" : 509,  "end" : 511 }, 
        {"sofa" : 1,  "begin" : 512,  "end" : 515 }, 
        {"sofa" : 1,  "begin" : 516,  "end" : 521 }, 
        {"sofa" : 1,  "begin" : 522,  "end" : 523 }, 
        {"sofa" : 1,  "begin" : 524,  "end" : 527 }, 
        {"sofa" : 1,  "begin" : 528,  "end" : 534 }, 
        {"sofa" : 1,  "begin" : 535,  "end" : 541 }, 
        {"sofa" : 1,  "begin" : 542,  "end" : 546 }, 
        {"sofa" : 1,  "begin" : 547,  "end" : 551 }, 
        {"sofa" : 1,  "begin" : 552,  "end" : 556 }, 
        {"sofa" : 1,  "begin" : 557,  "end" : 558 }, 
        {"sofa" : 1,  "begin" : 559,  "end" : 562 }, 
        {"sofa" : 1,  "begin" : 563,  "end" : 567 }, 
        {"sofa" : 1,  "begin" : 568,  "end" : 570 }, 
        {"sofa" : 1,  "begin" : 571,  "end" : 572 }, 
        {"sofa" : 1,  "begin" : 573,  "end" : 577 }, 
        {"sofa" : 1,  "begin" : 578,  "end" : 579 }, 
        {"sofa" : 1,  "begin" : 580,  "end" : 585 }, 
        {"sofa" : 1,  "begin" : 586,  "end" : 593 }, 
        {"sofa" : 1,  "begin" : 594,  "end" : 598 }, 
        {"sofa" : 1,  "begin" : 599,  "end" : 603 }, 
        {"sofa" : 1,  "begin" : 604,  "end" : 605 }, 
        {"sofa" : 1,  "begin" : 606,  "end" : 609 }, 
        {"sofa" : 1,  "begin" : 610,  "end" : 611 }, 
        {"sofa" : 1,  "begin" : 612,  "end" : 617 }, 
        {"sofa" : 1,  "begin" : 618,  "end" : 620 }, 
        {"sofa" : 1,  "begin" : 621,  "end" : 628 }, 
        {"sofa" : 1,  "begin" : 629,  "end" : 630 }, 
        {"sofa" : 1,  "begin" : 631,  "end" : 636 }, 
        {"sofa" : 1,  "begin" : 637,  "end" : 640 }, 
        {"sofa" : 1,  "begin" : 641,  "end" : 643 }, 
        {"sofa" : 1,  "begin" : 644,  "end" : 647 }, 
        {"sofa" : 1,  "begin" : 648,  "end" : 653 }, 
        {"sofa" : 1,  "begin" : 654,  "end" : 655 }, 
        {"sofa" : 1,  "begin" : 656,  "end" : 658 }, 
        {"sofa" : 1,  "begin" : 659,  "end" : 661 }, 
        {"sofa" : 1,  "begin" : 662,  "end" : 668 }, 
        {"sofa" : 1,  "begin" : 669,  "end" : 676 }, 
        {"sofa" : 1,  "begin" : 677,  "end" : 681 }, 
        {"sofa" : 1,  "begin" : 682,  "end" : 686 }, 
        {"sofa" : 1,  "begin" : 687,  "end" : 690 }, 
        {"sofa" : 1,  "begin" : 691,  "end" : 698 }, 
        {"sofa" : 1,  "begin" : 699,  "end" : 705 }, 
        {"sofa" : 1,  "begin" : 706,  "end" : 708 }, 
        {"sofa" : 1,  "begin" : 709,  "end" : 712 }, 
        {"sofa" : 1,  "begin" : 713,  "end" : 719 }, 
        {"sofa" : 1,  "begin" : 720,  "end" : 722 }, 
        {"sofa" : 1,  "begin" : 723,  "end" : 730 }, 
        {"sofa" : 1,  "begin" : 731,  "end" : 732 }, 
        {"sofa" : 1,  "begin" : 733,  "end" : 734 }, 
        {"sofa" : 1,  "begin" : 735,  "end" : 739 }, 
        {"sofa" : 1,  "begin" : 740,  "end" : 743 }, 
        {"sofa" : 1,  "begin" : 744,  "end" : 747 }, 
        {"sofa" : 1,  "begin" : 748,  "end" : 752 }, 
        {"sofa" : 1,  "begin" : 753,  "end" : 757 }, 
        {"sofa" : 1,  "begin" : 758,  "end" : 759 }, 
        {"sofa" : 1,  "begin" : 760,  "end" : 764 }, 
        {"sofa" : 1,  "begin" : 765,  "end" : 767 }, 
        {"sofa" : 1,  "begin" : 768,  "end" : 769 }, 
        {"sofa" : 1,  "begin" : 770,  "end" : 775 }, 
        {"sofa" : 1,  "begin" : 776,  "end" : 780 }, 
        {"sofa" : 1,  "begin" : 781,  "end" : 787 }, 
        {"sofa" : 1,  "begin" : 788,  "end" : 792 }, 
        {"sofa" : 1,  "begin" : 793,  "end" : 796 }, 
        {"sofa" : 1,  "begin" : 797,  "end" : 800 }, 
        {"sofa" : 1,  "begin" : 801,  "end" : 806 }, 
        {"sofa" : 1,  "begin" : 807,  "end" : 808 }, 
        {"sofa" : 1,  "begin" : 809,  "end" : 812 }, 
        {"sofa" : 1,  "begin" : 813,  "end" : 816 }, 
        {"sofa" : 1,  "begin" : 817,  "end" : 818 }, 
        {"sofa" : 1,  "begin" : 819,  "end" : 820 } ], 
      "PartsofCause" : [2414,  2377,  2386,  2450,  2480,  2459,  2523,  2532 ], 
      "TypesofCause" : [
        {"sofa" : 1,  "begin" : 138,  "end" : 167,  "Dependent" : 2414,  "Governor" : 2377,  "TypesofCause" : "Effect" }, 
        {"sofa" : 1,  "begin" : 176,  "end" : 213,  "Dependent" : 2386,  "Governor" : 2377,  "TypesofCause" : "Cause" }, 
        {"sofa" : 1,  "begin" : 266,  "end" : 276,  "Dependent" : 2450,  "Governor" : 2480,  "TypesofCause" : "Effect" }, 
        {"sofa" : 1,  "begin" : 280,  "end" : 286,  "Dependent" : 2459,  "Governor" : 2480,  "TypesofCause" : "Cause" }, 
        {"sofa" : 1,  "begin" : 528,  "end" : 556,  "Dependent" : 2532,  "Governor" : 2523,  "TypesofCause" : "Effect" } ] } }, 
  "_referenced_fss" : {
    "1" : {"_type" : "Sofa",  "sofaNum" : 1,  "sofaID" : "_InitialView",  "mimeType" : "text",  "sofaString" : "A MULE , laden with choice provision of several sorts , was on his way to the field .\nHis master and the reapers were at work there , and the provision that he carried was for the refreshment of both man and beast .\nSeeing a large , strong thistle by the roadside , he stopped to eat it .\n“ Many people would wonder , ” thought he , “ that , with such dainty food upon my back , I should have appetite for the despised thistle ; but to me the bitter , prickly weed has a more savory relish than anything else in the world .\nLet others choose what they will , but give me a fine , juicy thistle like this , and I shall be content .\nEvery one to his taste .\nIt is wisely ordered that what one rejects should be the choice of another .\nA wise man has said that a weed is a plant that people have not yet found a use for . ”" }, 
    "2414" : {"_type" : "PartsofCause",  "sofa" : 1,  "begin" : 138,  "end" : 167,  "PartsofCause" : "Argument" }, 
    "2377" : {"_type" : "PartsofCause",  "sofa" : 1,  "begin" : 172,  "end" : 175,  "PartsofCause" : "Causing" }, 
    "2386" : {"_type" : "PartsofCause",  "sofa" : 1,  "begin" : 176,  "end" : 213,  "PartsofCause" : "Argument" }, 
    "2450" : {"_type" : "PartsofCause",  "sofa" : 1,  "begin" : 266,  "end" : 276,  "PartsofCause" : "Argument" }, 
    "2480" : {"_type" : "PartsofCause",  "sofa" : 1,  "begin" : 277,  "end" : 279,  "PartsofCause" : "Causing" }, 
    "2459" : {"_type" : "PartsofCause",  "sofa" : 1,  "begin" : 280,  "end" : 286,  "PartsofCause" : "Argument" }, 
    "2532" : {"_type" : "PartsofCause",  "sofa" : 1,  "begin" : 528,  "end" : 556,  "PartsofCause" : "Argument" }, 
    "2523" : {"_type" : "PartsofCause",  "sofa" : 1,  "begin" : 524,  "end" : 527,  "PartsofCause" : "Enabling" }, 
    "2564" : {"_type" : "LayerDefinition",  "name" : "webanno.custom.DisjointCausalSpans",  "uiName" : "Disjoint Causal Spans" }, 
    "2582" : {"_type" : "LayerDefinition",  "name" : "webanno.custom.TypesofCause",  "uiName" : "Types of Cause" }, 
    "2575" : {"_type" : "LayerDefinition",  "name" : "webanno.custom.PartsofCause",  "uiName" : "Parts of Cause" } } }