{"_context" : {
    "_types" : {
      "DocumentMetaData" : {
        "_feature_types" : {"sofa" : "_ref" } }, 
      "FeatureDefinition" : {
        "_feature_types" : {"layer" : "_ref" } }, 
      "LayerDefinition" : { }, 
      "PartsofCause" : {
        "_feature_types" : {"sofa" : "_ref" } }, 
      "Sentence" : {
        "_feature_types" : {"sofa" : "_ref" } }, 
      "Sofa" : {
        "_feature_types" : {"sofaArray" : "_ref" } }, 
      "TagsetDescription" : {
        "_feature_types" : {"sofa" : "_ref",  "tags" : "_ref" } }, 
      "Token" : {
        "_feature_types" : {"sofa" : "_ref",  "parent" : "_ref",  "lemma" : "_ref",  "stem" : "_ref",  "pos" : "_ref",  "morph" : "_ref",  "form" : "_ref" } }, 
      "TypesofCause" : {
        "_feature_types" : {"sofa" : "_ref",  "Dependent" : "_ref",  "Governor" : "_ref" } }, 
      "DocumentAnnotation" : {
        "_feature_types" : {"sofa" : "_ref" }, 
        "_subtypes" : ["DocumentMetaData" ] }, 
      "Annotation" : {
        "_feature_types" : {"sofa" : "_ref" }, 
        "_subtypes" : ["DocumentAnnotation",  "PartsofCause",  "Sentence",  "TagsetDescription",  "Token",  "TypesofCause" ] }, 
      "AnnotationBase" : {
        "_feature_types" : {"sofa" : "_ref" }, 
        "_subtypes" : ["Annotation" ] }, 
      "TOP" : {
        "_subtypes" : ["AnnotationBase",  "FeatureDefinition",  "LayerDefinition",  "Sofa" ] } } }, 
  "_views" : {
    "_InitialView" : {
      "FeatureDefinition" : [
        {"layer" : 1857,  "name" : "referenceRelation",  "uiName" : "Reference Relation" }, 
        {"layer" : 1857,  "name" : "referenceType",  "uiName" : "Reference Type" }, 
        {"layer" : 1868,  "name" : "PartsofCause",  "uiName" : "Parts of Cause" }, 
        {"layer" : 1875,  "name" : "TypesofCause",  "uiName" : "Types of Cause" } ], 
      "LayerDefinition" : [1857,  1868,  1875 ], 
      "DocumentMetaData" : [
        {"sofa" : 1,  "end" : 739,  "language" : "x-unspecified",  "documentTitle" : "cnn-39.txt",  "documentId" : "AYC",  "documentUri" : "file:/srv/inception/repository/project/2/document/2391/source/AYC",  "collectionId" : "file:/srv/inception/repository/project/2/document/2391/source/",  "documentBaseUri" : "file:/srv/inception/repository/project/2/document/2391/source/",  "isLastSegment" : false } ], 
      "TagsetDescription" : [
        {"sofa" : 1,  "layer" : "webanno.custom.PartsofCause",  "name" : "Parts of Cause",  "input" : false }, 
        {"sofa" : 1,  "layer" : "webanno.custom.TypesofCause",  "name" : "Causal Relations",  "input" : false } ], 
      "Sentence" : [
        {"sofa" : 1,  "end" : 115 }, 
        {"sofa" : 1,  "begin" : 116,  "end" : 131 }, 
        {"sofa" : 1,  "begin" : 132,  "end" : 281 }, 
        {"sofa" : 1,  "begin" : 282,  "end" : 453 }, 
        {"sofa" : 1,  "begin" : 454,  "end" : 561 }, 
        {"sofa" : 1,  "begin" : 562,  "end" : 618 }, 
        {"sofa" : 1,  "begin" : 619,  "end" : 716 }, 
        {"sofa" : 1,  "begin" : 717,  "end" : 739 } ], 
      "Token" : [
        {"sofa" : 1,  "end" : 6 }, 
        {"sofa" : 1,  "begin" : 7,  "end" : 14 }, 
        {"sofa" : 1,  "begin" : 15,  "end" : 20 }, 
        {"sofa" : 1,  "begin" : 21,  "end" : 29 }, 
        {"sofa" : 1,  "begin" : 30,  "end" : 36 }, 
        {"sofa" : 1,  "begin" : 37,  "end" : 43 }, 
        {"sofa" : 1,  "begin" : 44,  "end" : 48 }, 
        {"sofa" : 1,  "begin" : 49,  "end" : 51 }, 
        {"sofa" : 1,  "begin" : 52,  "end" : 53 }, 
        {"sofa" : 1,  "begin" : 54,  "end" : 60 }, 
        {"sofa" : 1,  "begin" : 61,  "end" : 69 }, 
        {"sofa" : 1,  "begin" : 70,  "end" : 76 }, 
        {"sofa" : 1,  "begin" : 77,  "end" : 82 }, 
        {"sofa" : 1,  "begin" : 83,  "end" : 87 }, 
        {"sofa" : 1,  "begin" : 88,  "end" : 95 }, 
        {"sofa" : 1,  "begin" : 96,  "end" : 97 }, 
        {"sofa" : 1,  "begin" : 98,  "end" : 101 }, 
        {"sofa" : 1,  "begin" : 102,  "end" : 108 }, 
        {"sofa" : 1,  "begin" : 109,  "end" : 113 }, 
        {"sofa" : 1,  "begin" : 114,  "end" : 115 }, 
        {"sofa" : 1,  "begin" : 116,  "end" : 122 }, 
        {"sofa" : 1,  "begin" : 123,  "end" : 126 }, 
        {"sofa" : 1,  "begin" : 127,  "end" : 129 }, 
        {"sofa" : 1,  "begin" : 130,  "end" : 131 }, 
        {"sofa" : 1,  "begin" : 132,  "end" : 138 }, 
        {"sofa" : 1,  "begin" : 139,  "end" : 142 }, 
        {"sofa" : 1,  "begin" : 143,  "end" : 148 }, 
        {"sofa" : 1,  "begin" : 149,  "end" : 151 }, 
        {"sofa" : 1,  "begin" : 152,  "end" : 157 }, 
        {"sofa" : 1,  "begin" : 158,  "end" : 163 }, 
        {"sofa" : 1,  "begin" : 164,  "end" : 172 }, 
        {"sofa" : 1,  "begin" : 173,  "end" : 175 }, 
        {"sofa" : 1,  "begin" : 176,  "end" : 179 }, 
        {"sofa" : 1,  "begin" : 180,  "end" : 190 }, 
        {"sofa" : 1,  "begin" : 191,  "end" : 193 }, 
        {"sofa" : 1,  "begin" : 194,  "end" : 203 }, 
        {"sofa" : 1,  "begin" : 204,  "end" : 209 }, 
        {"sofa" : 1,  "begin" : 210,  "end" : 213 }, 
        {"sofa" : 1,  "begin" : 214,  "end" : 218 }, 
        {"sofa" : 1,  "begin" : 219,  "end" : 231 }, 
        {"sofa" : 1,  "begin" : 232,  "end" : 234 }, 
        {"sofa" : 1,  "begin" : 235,  "end" : 244 }, 
        {"sofa" : 1,  "begin" : 245,  "end" : 251 }, 
        {"sofa" : 1,  "begin" : 252,  "end" : 253 }, 
        {"sofa" : 1,  "begin" : 254,  "end" : 257 }, 
        {"sofa" : 1,  "begin" : 258,  "end" : 262 }, 
        {"sofa" : 1,  "begin" : 263,  "end" : 265 }, 
        {"sofa" : 1,  "begin" : 266,  "end" : 274 }, 
        {"sofa" : 1,  "begin" : 275,  "end" : 279 }, 
        {"sofa" : 1,  "begin" : 280,  "end" : 281 }, 
        {"sofa" : 1,  "begin" : 282,  "end" : 286 }, 
        {"sofa" : 1,  "begin" : 287,  "end" : 291 }, 
        {"sofa" : 1,  "begin" : 292,  "end" : 298 }, 
        {"sofa" : 1,  "begin" : 299,  "end" : 300 }, 
        {"sofa" : 1,  "begin" : 301,  "end" : 304 }, 
        {"sofa" : 1,  "begin" : 305,  "end" : 314 }, 
        {"sofa" : 1,  "begin" : 315,  "end" : 321 }, 
        {"sofa" : 1,  "begin" : 322,  "end" : 327 }, 
        {"sofa" : 1,  "begin" : 328,  "end" : 336 }, 
        {"sofa" : 1,  "begin" : 337,  "end" : 339 }, 
        {"sofa" : 1,  "begin" : 340,  "end" : 344 }, 
        {"sofa" : 1,  "begin" : 345,  "end" : 346 }, 
        {"sofa" : 1,  "begin" : 347,  "end" : 353 }, 
        {"sofa" : 1,  "begin" : 354,  "end" : 355 }, 
        {"sofa" : 1,  "begin" : 356,  "end" : 365 }, 
        {"sofa" : 1,  "begin" : 366,  "end" : 375 }, 
        {"sofa" : 1,  "begin" : 376,  "end" : 383 }, 
        {"sofa" : 1,  "begin" : 384,  "end" : 387 }, 
        {"sofa" : 1,  "begin" : 388,  "end" : 389 }, 
        {"sofa" : 1,  "begin" : 390,  "end" : 391 }, 
        {"sofa" : 1,  "begin" : 392,  "end" : 397 }, 
        {"sofa" : 1,  "begin" : 398,  "end" : 405 }, 
        {"sofa" : 1,  "begin" : 406,  "end" : 408 }, 
        {"sofa" : 1,  "begin" : 409,  "end" : 414 }, 
        {"sofa" : 1,  "begin" : 415,  "end" : 418 }, 
        {"sofa" : 1,  "begin" : 419,  "end" : 422 }, 
        {"sofa" : 1,  "begin" : 423,  "end" : 426 }, 
        {"sofa" : 1,  "begin" : 427,  "end" : 433 }, 
        {"sofa" : 1,  "begin" : 434,  "end" : 438 }, 
        {"sofa" : 1,  "begin" : 439,  "end" : 449 }, 
        {"sofa" : 1,  "begin" : 450,  "end" : 451 }, 
        {"sofa" : 1,  "begin" : 452,  "end" : 453 }, 
        {"sofa" : 1,  "begin" : 454,  "end" : 455 }, 
        {"sofa" : 1,  "begin" : 456,  "end" : 462 }, 
        {"sofa" : 1,  "begin" : 463,  "end" : 465 }, 
        {"sofa" : 1,  "begin" : 466,  "end" : 469 }, 
        {"sofa" : 1,  "begin" : 470,  "end" : 477 }, 
        {"sofa" : 1,  "begin" : 478,  "end" : 482 }, 
        {"sofa" : 1,  "begin" : 483,  "end" : 485 }, 
        {"sofa" : 1,  "begin" : 486,  "end" : 489 }, 
        {"sofa" : 1,  "begin" : 490,  "end" : 498 }, 
        {"sofa" : 1,  "begin" : 499,  "end" : 507 }, 
        {"sofa" : 1,  "begin" : 508,  "end" : 511 }, 
        {"sofa" : 1,  "begin" : 512,  "end" : 520 }, 
        {"sofa" : 1,  "begin" : 521,  "end" : 533 }, 
        {"sofa" : 1,  "begin" : 534,  "end" : 535 }, 
        {"sofa" : 1,  "begin" : 536,  "end" : 537 }, 
        {"sofa" : 1,  "begin" : 538,  "end" : 542 }, 
        {"sofa" : 1,  "begin" : 543,  "end" : 547 }, 
        {"sofa" : 1,  "begin" : 548,  "end" : 554 }, 
        {"sofa" : 1,  "begin" : 555,  "end" : 559 }, 
        {"sofa" : 1,  "begin" : 560,  "end" : 561 }, 
        {"sofa" : 1,  "begin" : 562,  "end" : 568 }, 
        {"sofa" : 1,  "begin" : 569,  "end" : 577 }, 
        {"sofa" : 1,  "begin" : 578,  "end" : 581 }, 
        {"sofa" : 1,  "begin" : 582,  "end" : 587 }, 
        {"sofa" : 1,  "begin" : 588,  "end" : 598 }, 
        {"sofa" : 1,  "begin" : 599,  "end" : 608 }, 
        {"sofa" : 1,  "begin" : 609,  "end" : 611 }, 
        {"sofa" : 1,  "begin" : 612,  "end" : 616 }, 
        {"sofa" : 1,  "begin" : 617,  "end" : 618 }, 
        {"sofa" : 1,  "begin" : 619,  "end" : 621 }, 
        {"sofa" : 1,  "begin" : 622,  "end" : 630 }, 
        {"sofa" : 1,  "begin" : 631,  "end" : 633 }, 
        {"sofa" : 1,  "begin" : 634,  "end" : 639 }, 
        {"sofa" : 1,  "begin" : 640,  "end" : 644 }, 
        {"sofa" : 1,  "begin" : 645,  "end" : 646 }, 
        {"sofa" : 1,  "begin" : 647,  "end" : 651 }, 
        {"sofa" : 1,  "begin" : 652,  "end" : 657 }, 
        {"sofa" : 1,  "begin" : 658,  "end" : 664 }, 
        {"sofa" : 1,  "begin" : 665,  "end" : 667 }, 
        {"sofa" : 1,  "begin" : 668,  "end" : 680 }, 
        {"sofa" : 1,  "begin" : 681,  "end" : 685 }, 
        {"sofa" : 1,  "begin" : 686,  "end" : 693 }, 
        {"sofa" : 1,  "begin" : 694,  "end" : 696 }, 
        {"sofa" : 1,  "begin" : 697,  "end" : 705 }, 
        {"sofa" : 1,  "begin" : 706,  "end" : 714 }, 
        {"sofa" : 1,  "begin" : 715,  "end" : 716 }, 
        {"sofa" : 1,  "begin" : 717,  "end" : 723 }, 
        {"sofa" : 1,  "begin" : 724,  "end" : 726 }, 
        {"sofa" : 1,  "begin" : 727,  "end" : 731 }, 
        {"sofa" : 1,  "begin" : 732,  "end" : 734 }, 
        {"sofa" : 1,  "begin" : 735,  "end" : 739 } ], 
      "PartsofCause" : [1818,  1792,  1805 ], 
      "TypesofCause" : [
        {"sofa" : 1,  "end" : 76,  "Dependent" : 1818,  "Governor" : 1792,  "TypesofCause" : "Effect" }, 
        {"sofa" : 1,  "begin" : 83,  "end" : 95,  "Dependent" : 1805,  "Governor" : 1792,  "TypesofCause" : "Cause" } ] } }, 
  "_referenced_fss" : {
    "1" : {"_type" : "Sofa",  "sofaNum" : 1,  "sofaID" : "_InitialView",  "mimeType" : "text",  "sofaString" : "Former Spanish Prime Minister Adolfo Suarez died at a Madrid hospital Sunday after long illness , his family said .\nSuarez was 81 .\nSuarez was Spain 's first prime minister in the transition to democracy after the long dictatorship of Francisco Franco , who died in November 1975 .\nKing Juan Carlos , who appointed Suarez prime minister in 1976 , issued a televised statement calling him \" a great servant of Spain and was not always well understood . \"\n\" Suarez is the example that we can together overcome the greatest difficulties , \" King Juan Carlos said .\nSuarez convened the first democratic elections in 1977 .\nHe resigned in early 1981 , just weeks before an unsuccessful coup attempt by military officers .\nPeople we lost in 2014" }, 
    "1818" : {"_type" : "PartsofCause",  "sofa" : 1,  "end" : 76,  "PartsofCause" : "Argument" }, 
    "1792" : {"_type" : "PartsofCause",  "sofa" : 1,  "begin" : 77,  "end" : 82,  "PartsofCause" : "Causing" }, 
    "1805" : {"_type" : "PartsofCause",  "sofa" : 1,  "begin" : 83,  "end" : 95,  "PartsofCause" : "Argument" }, 
    "1868" : {"_type" : "LayerDefinition",  "name" : "webanno.custom.PartsofCause",  "uiName" : "Parts of Cause" }, 
    "1875" : {"_type" : "LayerDefinition",  "name" : "webanno.custom.TypesofCause",  "uiName" : "Types of Cause" }, 
    "1857" : {"_type" : "LayerDefinition",  "name" : "webanno.custom.DisjointCausalSpans",  "uiName" : "Disjoint Causal Spans" } } }