{"_context" : {
    "_types" : {
      "DocumentMetaData" : {
        "_feature_types" : {"sofa" : "_ref" } }, 
      "FeatureDefinition" : {
        "_feature_types" : {"layer" : "_ref" } }, 
      "LayerDefinition" : { }, 
      "PartsofCause" : {
        "_feature_types" : {"sofa" : "_ref" } }, 
      "Sentence" : {
        "_feature_types" : {"sofa" : "_ref" } }, 
      "Sofa" : {
        "_feature_types" : {"sofaArray" : "_ref" } }, 
      "TagsetDescription" : {
        "_feature_types" : {"sofa" : "_ref",  "tags" : "_ref" } }, 
      "Token" : {
        "_feature_types" : {"sofa" : "_ref",  "parent" : "_ref",  "lemma" : "_ref",  "stem" : "_ref",  "pos" : "_ref",  "morph" : "_ref",  "form" : "_ref" } }, 
      "TypesofCause" : {
        "_feature_types" : {"sofa" : "_ref",  "Dependent" : "_ref",  "Governor" : "_ref" } }, 
      "DocumentAnnotation" : {
        "_feature_types" : {"sofa" : "_ref" }, 
        "_subtypes" : ["DocumentMetaData" ] }, 
      "Annotation" : {
        "_feature_types" : {"sofa" : "_ref" }, 
        "_subtypes" : ["DocumentAnnotation",  "PartsofCause",  "Sentence",  "TagsetDescription",  "Token",  "TypesofCause" ] }, 
      "AnnotationBase" : {
        "_feature_types" : {"sofa" : "_ref" }, 
        "_subtypes" : ["Annotation" ] }, 
      "TOP" : {
        "_subtypes" : ["AnnotationBase",  "FeatureDefinition",  "LayerDefinition",  "Sofa" ] } } }, 
  "_views" : {
    "_InitialView" : {
      "FeatureDefinition" : [
        {"layer" : 2112,  "name" : "referenceRelation",  "uiName" : "Reference Relation" }, 
        {"layer" : 2112,  "name" : "referenceType",  "uiName" : "Reference Type" }, 
        {"layer" : 2123,  "name" : "PartsofCause",  "uiName" : "Parts of Cause" }, 
        {"layer" : 2130,  "name" : "TypesofCause",  "uiName" : "Types of Cause" } ], 
      "LayerDefinition" : [2112,  2123,  2130 ], 
      "DocumentMetaData" : [
        {"sofa" : 1,  "end" : 769,  "language" : "x-unspecified",  "documentTitle" : "reddit-026.txt",  "documentId" : "GJW",  "documentUri" : "file:/srv/inception/repository/project/2/document/2428/source/GJW",  "collectionId" : "file:/srv/inception/repository/project/2/document/2428/source/",  "documentBaseUri" : "file:/srv/inception/repository/project/2/document/2428/source/",  "isLastSegment" : false } ], 
      "TagsetDescription" : [
        {"sofa" : 1,  "layer" : "webanno.custom.PartsofCause",  "name" : "Parts of Cause",  "input" : false }, 
        {"sofa" : 1,  "layer" : "webanno.custom.TypesofCause",  "name" : "Causal Relations",  "input" : false } ], 
      "Sentence" : [
        {"sofa" : 1,  "end" : 128 }, 
        {"sofa" : 1,  "begin" : 129,  "end" : 199 }, 
        {"sofa" : 1,  "begin" : 200,  "end" : 302 }, 
        {"sofa" : 1,  "begin" : 303,  "end" : 363 }, 
        {"sofa" : 1,  "begin" : 364,  "end" : 492 }, 
        {"sofa" : 1,  "begin" : 493,  "end" : 551 }, 
        {"sofa" : 1,  "begin" : 552,  "end" : 626 }, 
        {"sofa" : 1,  "begin" : 627,  "end" : 769 } ], 
      "Token" : [
        {"sofa" : 1,  "end" : 3 }, 
        {"sofa" : 1,  "begin" : 4,  "end" : 8 }, 
        {"sofa" : 1,  "begin" : 9,  "end" : 15 }, 
        {"sofa" : 1,  "begin" : 16,  "end" : 21 }, 
        {"sofa" : 1,  "begin" : 22,  "end" : 24 }, 
        {"sofa" : 1,  "begin" : 25,  "end" : 29 }, 
        {"sofa" : 1,  "begin" : 30,  "end" : 32 }, 
        {"sofa" : 1,  "begin" : 33,  "end" : 40 }, 
        {"sofa" : 1,  "begin" : 41,  "end" : 43 }, 
        {"sofa" : 1,  "begin" : 44,  "end" : 46 }, 
        {"sofa" : 1,  "begin" : 47,  "end" : 55 }, 
        {"sofa" : 1,  "begin" : 56,  "end" : 57 }, 
        {"sofa" : 1,  "begin" : 58,  "end" : 66 }, 
        {"sofa" : 1,  "begin" : 67,  "end" : 71 }, 
        {"sofa" : 1,  "begin" : 72,  "end" : 79 }, 
        {"sofa" : 1,  "begin" : 80,  "end" : 81 }, 
        {"sofa" : 1,  "begin" : 82,  "end" : 90 }, 
        {"sofa" : 1,  "begin" : 91,  "end" : 93 }, 
        {"sofa" : 1,  "begin" : 94,  "end" : 98 }, 
        {"sofa" : 1,  "begin" : 99,  "end" : 100 }, 
        {"sofa" : 1,  "begin" : 101,  "end" : 107 }, 
        {"sofa" : 1,  "begin" : 108,  "end" : 115 }, 
        {"sofa" : 1,  "begin" : 116,  "end" : 118 }, 
        {"sofa" : 1,  "begin" : 119,  "end" : 126 }, 
        {"sofa" : 1,  "begin" : 127,  "end" : 128 }, 
        {"sofa" : 1,  "begin" : 129,  "end" : 133 }, 
        {"sofa" : 1,  "begin" : 134,  "end" : 137 }, 
        {"sofa" : 1,  "begin" : 138,  "end" : 140 }, 
        {"sofa" : 1,  "begin" : 141,  "end" : 147 }, 
        {"sofa" : 1,  "begin" : 148,  "end" : 150 }, 
        {"sofa" : 1,  "begin" : 151,  "end" : 156 }, 
        {"sofa" : 1,  "begin" : 157,  "end" : 158 }, 
        {"sofa" : 1,  "begin" : 159,  "end" : 162 }, 
        {"sofa" : 1,  "begin" : 163,  "end" : 165 }, 
        {"sofa" : 1,  "begin" : 166,  "end" : 173 }, 
        {"sofa" : 1,  "begin" : 174,  "end" : 177 }, 
        {"sofa" : 1,  "begin" : 178,  "end" : 182 }, 
        {"sofa" : 1,  "begin" : 183,  "end" : 185 }, 
        {"sofa" : 1,  "begin" : 186,  "end" : 192 }, 
        {"sofa" : 1,  "begin" : 193,  "end" : 197 }, 
        {"sofa" : 1,  "begin" : 198,  "end" : 199 }, 
        {"sofa" : 1,  "begin" : 200,  "end" : 202 }, 
        {"sofa" : 1,  "begin" : 203,  "end" : 204 }, 
        {"sofa" : 1,  "begin" : 205,  "end" : 209 }, 
        {"sofa" : 1,  "begin" : 210,  "end" : 214 }, 
        {"sofa" : 1,  "begin" : 215,  "end" : 217 }, 
        {"sofa" : 1,  "begin" : 218,  "end" : 227 }, 
        {"sofa" : 1,  "begin" : 228,  "end" : 231 }, 
        {"sofa" : 1,  "begin" : 232,  "end" : 239 }, 
        {"sofa" : 1,  "begin" : 240,  "end" : 241 }, 
        {"sofa" : 1,  "begin" : 242,  "end" : 246 }, 
        {"sofa" : 1,  "begin" : 247,  "end" : 253 }, 
        {"sofa" : 1,  "begin" : 254,  "end" : 256 }, 
        {"sofa" : 1,  "begin" : 257,  "end" : 262 }, 
        {"sofa" : 1,  "begin" : 263,  "end" : 268 }, 
        {"sofa" : 1,  "begin" : 269,  "end" : 272 }, 
        {"sofa" : 1,  "begin" : 273,  "end" : 277 }, 
        {"sofa" : 1,  "begin" : 278,  "end" : 284 }, 
        {"sofa" : 1,  "begin" : 285,  "end" : 290 }, 
        {"sofa" : 1,  "begin" : 291,  "end" : 300 }, 
        {"sofa" : 1,  "begin" : 301,  "end" : 302 }, 
        {"sofa" : 1,  "begin" : 303,  "end" : 308 }, 
        {"sofa" : 1,  "begin" : 309,  "end" : 311 }, 
        {"sofa" : 1,  "begin" : 312,  "end" : 320 }, 
        {"sofa" : 1,  "begin" : 321,  "end" : 323 }, 
        {"sofa" : 1,  "begin" : 324,  "end" : 327 }, 
        {"sofa" : 1,  "begin" : 328,  "end" : 334 }, 
        {"sofa" : 1,  "begin" : 335,  "end" : 336 }, 
        {"sofa" : 1,  "begin" : 337,  "end" : 340 }, 
        {"sofa" : 1,  "begin" : 341,  "end" : 345 }, 
        {"sofa" : 1,  "begin" : 346,  "end" : 350 }, 
        {"sofa" : 1,  "begin" : 351,  "end" : 354 }, 
        {"sofa" : 1,  "begin" : 355,  "end" : 361 }, 
        {"sofa" : 1,  "begin" : 362,  "end" : 363 }, 
        {"sofa" : 1,  "begin" : 364,  "end" : 367 }, 
        {"sofa" : 1,  "begin" : 368,  "end" : 378 }, 
        {"sofa" : 1,  "begin" : 379,  "end" : 381 }, 
        {"sofa" : 1,  "begin" : 382,  "end" : 390 }, 
        {"sofa" : 1,  "begin" : 391,  "end" : 399 }, 
        {"sofa" : 1,  "begin" : 400,  "end" : 405 }, 
        {"sofa" : 1,  "begin" : 406,  "end" : 417 }, 
        {"sofa" : 1,  "begin" : 418,  "end" : 426 }, 
        {"sofa" : 1,  "begin" : 427,  "end" : 431 }, 
        {"sofa" : 1,  "begin" : 432,  "end" : 436 }, 
        {"sofa" : 1,  "begin" : 437,  "end" : 441 }, 
        {"sofa" : 1,  "begin" : 442,  "end" : 447 }, 
        {"sofa" : 1,  "begin" : 448,  "end" : 449 }, 
        {"sofa" : 1,  "begin" : 450,  "end" : 453 }, 
        {"sofa" : 1,  "begin" : 454,  "end" : 458 }, 
        {"sofa" : 1,  "begin" : 459,  "end" : 468 }, 
        {"sofa" : 1,  "begin" : 469,  "end" : 474 }, 
        {"sofa" : 1,  "begin" : 475,  "end" : 477 }, 
        {"sofa" : 1,  "begin" : 478,  "end" : 482 }, 
        {"sofa" : 1,  "begin" : 483,  "end" : 486 }, 
        {"sofa" : 1,  "begin" : 487,  "end" : 490 }, 
        {"sofa" : 1,  "begin" : 491,  "end" : 492 }, 
        {"sofa" : 1,  "begin" : 493,  "end" : 497 }, 
        {"sofa" : 1,  "begin" : 498,  "end" : 501 }, 
        {"sofa" : 1,  "begin" : 502,  "end" : 506 }, 
        {"sofa" : 1,  "begin" : 507,  "end" : 516 }, 
        {"sofa" : 1,  "begin" : 517,  "end" : 521 }, 
        {"sofa" : 1,  "begin" : 522,  "end" : 530 }, 
        {"sofa" : 1,  "begin" : 531,  "end" : 534 }, 
        {"sofa" : 1,  "begin" : 535,  "end" : 538 }, 
        {"sofa" : 1,  "begin" : 539,  "end" : 543 }, 
        {"sofa" : 1,  "begin" : 544,  "end" : 549 }, 
        {"sofa" : 1,  "begin" : 550,  "end" : 551 }, 
        {"sofa" : 1,  "begin" : 552,  "end" : 556 }, 
        {"sofa" : 1,  "begin" : 557,  "end" : 562 }, 
        {"sofa" : 1,  "begin" : 563,  "end" : 567 }, 
        {"sofa" : 1,  "begin" : 568,  "end" : 570 }, 
        {"sofa" : 1,  "begin" : 571,  "end" : 573 }, 
        {"sofa" : 1,  "begin" : 574,  "end" : 577 }, 
        {"sofa" : 1,  "begin" : 578,  "end" : 579 }, 
        {"sofa" : 1,  "begin" : 580,  "end" : 584 }, 
        {"sofa" : 1,  "begin" : 585,  "end" : 589 }, 
        {"sofa" : 1,  "begin" : 590,  "end" : 593 }, 
        {"sofa" : 1,  "begin" : 594,  "end" : 599 }, 
        {"sofa" : 1,  "begin" : 600,  "end" : 603 }, 
        {"sofa" : 1,  "begin" : 604,  "end" : 609 }, 
        {"sofa" : 1,  "begin" : 610,  "end" : 612 }, 
        {"sofa" : 1,  "begin" : 613,  "end" : 615 }, 
        {"sofa" : 1,  "begin" : 616,  "end" : 624 }, 
        {"sofa" : 1,  "begin" : 625,  "end" : 626 }, 
        {"sofa" : 1,  "begin" : 627,  "end" : 631 }, 
        {"sofa" : 1,  "begin" : 632,  "end" : 639 }, 
        {"sofa" : 1,  "begin" : 640,  "end" : 647 }, 
        {"sofa" : 1,  "begin" : 648,  "end" : 650 }, 
        {"sofa" : 1,  "begin" : 651,  "end" : 652 }, 
        {"sofa" : 1,  "begin" : 653,  "end" : 656 }, 
        {"sofa" : 1,  "begin" : 657,  "end" : 660 }, 
        {"sofa" : 1,  "begin" : 661,  "end" : 669 }, 
        {"sofa" : 1,  "begin" : 670,  "end" : 672 }, 
        {"sofa" : 1,  "begin" : 673,  "end" : 677 }, 
        {"sofa" : 1,  "begin" : 678,  "end" : 682 }, 
        {"sofa" : 1,  "begin" : 683,  "end" : 686 }, 
        {"sofa" : 1,  "begin" : 687,  "end" : 691 }, 
        {"sofa" : 1,  "begin" : 692,  "end" : 701 }, 
        {"sofa" : 1,  "begin" : 702,  "end" : 709 }, 
        {"sofa" : 1,  "begin" : 710,  "end" : 721 }, 
        {"sofa" : 1,  "begin" : 722,  "end" : 723 }, 
        {"sofa" : 1,  "begin" : 724,  "end" : 727 }, 
        {"sofa" : 1,  "begin" : 728,  "end" : 731 }, 
        {"sofa" : 1,  "begin" : 732,  "end" : 735 }, 
        {"sofa" : 1,  "begin" : 736,  "end" : 739 }, 
        {"sofa" : 1,  "begin" : 740,  "end" : 746 }, 
        {"sofa" : 1,  "begin" : 747,  "end" : 750 }, 
        {"sofa" : 1,  "begin" : 751,  "end" : 757 }, 
        {"sofa" : 1,  "begin" : 758,  "end" : 760 }, 
        {"sofa" : 1,  "begin" : 761,  "end" : 764 }, 
        {"sofa" : 1,  "begin" : 765,  "end" : 767 }, 
        {"sofa" : 1,  "begin" : 768,  "end" : 769 } ], 
      "PartsofCause" : [2039,  2057,  2048 ], 
      "TypesofCause" : [
        {"sofa" : 1,  "begin" : 163,  "end" : 173,  "Dependent" : 2039,  "Governor" : 2057,  "TypesofCause" : "Effect" }, 
        {"sofa" : 1,  "begin" : 178,  "end" : 197,  "Dependent" : 2048,  "Governor" : 2057,  "TypesofCause" : "Cause" } ] } }, 
  "_referenced_fss" : {
    "1" : {"_type" : "Sofa",  "sofaNum" : 1,  "sofaID" : "_InitialView",  "mimeType" : "text",  "sofaString" : "the high school class of 2019 is gearing up to graduate - choosing grad schools , applying to jobs , saying goodbye to friends .\nthey 're so scared to leave , but so excited for what 's coming next .\non a whim born of nostalgia and emotion , they decide to check their old high school email addresses .\nthere 's hundreds of new emails , but only from one source .\nthe university of kentucky extended their application deadline just *two more days* , and this exclusive offer is only for YOU .\nthey 've been extending your deadline for all four years .\nthey never gave up on you , even when you might 've given up on yourself .\neven without knowing it , the one constant in your life was your exclusive wildcat application , and now you 've missed the chance to use it ." }, 
    "2039" : {"_type" : "PartsofCause",  "sofa" : 1,  "begin" : 163,  "end" : 173,  "PartsofCause" : "Argument" }, 
    "2057" : {"_type" : "PartsofCause",  "sofa" : 1,  "begin" : 174,  "end" : 177,  "PartsofCause" : "Causing" }, 
    "2048" : {"_type" : "PartsofCause",  "sofa" : 1,  "begin" : 178,  "end" : 197,  "PartsofCause" : "Argument" }, 
    "2112" : {"_type" : "LayerDefinition",  "name" : "webanno.custom.DisjointCausalSpans",  "uiName" : "Disjoint Causal Spans" }, 
    "2123" : {"_type" : "LayerDefinition",  "name" : "webanno.custom.PartsofCause",  "uiName" : "Parts of Cause" }, 
    "2130" : {"_type" : "LayerDefinition",  "name" : "webanno.custom.TypesofCause",  "uiName" : "Types of Cause" } } }