{"_context" : {
    "_types" : {
      "DocumentMetaData" : {
        "_feature_types" : {"sofa" : "_ref" } }, 
      "FeatureDefinition" : {
        "_feature_types" : {"layer" : "_ref" } }, 
      "LayerDefinition" : { }, 
      "PartsofCause" : {
        "_feature_types" : {"sofa" : "_ref" } }, 
      "Sentence" : {
        "_feature_types" : {"sofa" : "_ref" } }, 
      "Sofa" : {
        "_feature_types" : {"sofaArray" : "_ref" } }, 
      "TagsetDescription" : {
        "_feature_types" : {"sofa" : "_ref",  "tags" : "_ref" } }, 
      "Token" : {
        "_feature_types" : {"sofa" : "_ref",  "parent" : "_ref",  "lemma" : "_ref",  "stem" : "_ref",  "pos" : "_ref",  "morph" : "_ref",  "form" : "_ref" } }, 
      "TypesofCause" : {
        "_feature_types" : {"sofa" : "_ref",  "Dependent" : "_ref",  "Governor" : "_ref" } }, 
      "DocumentAnnotation" : {
        "_feature_types" : {"sofa" : "_ref" }, 
        "_subtypes" : ["DocumentMetaData" ] }, 
      "Annotation" : {
        "_feature_types" : {"sofa" : "_ref" }, 
        "_subtypes" : ["DocumentAnnotation",  "PartsofCause",  "Sentence",  "TagsetDescription",  "Token",  "TypesofCause" ] }, 
      "AnnotationBase" : {
        "_feature_types" : {"sofa" : "_ref" }, 
        "_subtypes" : ["Annotation" ] }, 
      "TOP" : {
        "_subtypes" : ["AnnotationBase",  "FeatureDefinition",  "LayerDefinition",  "Sofa" ] } } }, 
  "_views" : {
    "_InitialView" : {
      "FeatureDefinition" : [
        {"layer" : 2420,  "name" : "referenceRelation",  "uiName" : "Reference Relation" }, 
        {"layer" : 2420,  "name" : "referenceType",  "uiName" : "Reference Type" }, 
        {"layer" : 2431,  "name" : "PartsofCause",  "uiName" : "Parts of Cause" }, 
        {"layer" : 2438,  "name" : "TypesofCause",  "uiName" : "Types of Cause" } ], 
      "LayerDefinition" : [2420,  2431,  2438 ], 
      "DocumentMetaData" : [
        {"sofa" : 1,  "end" : 632,  "language" : "x-unspecified",  "documentTitle" : "fable-01.txt",  "documentId" : "GJW",  "documentUri" : "file:/srv/inception/repository/project/2/document/2303/source/GJW",  "collectionId" : "file:/srv/inception/repository/project/2/document/2303/source/",  "documentBaseUri" : "file:/srv/inception/repository/project/2/document/2303/source/",  "isLastSegment" : false } ], 
      "TagsetDescription" : [
        {"sofa" : 1,  "layer" : "webanno.custom.PartsofCause",  "name" : "Parts of Cause",  "input" : false }, 
        {"sofa" : 1,  "layer" : "webanno.custom.TypesofCause",  "name" : "Causal Relations",  "input" : false } ], 
      "Sentence" : [
        {"sofa" : 1,  "end" : 72 }, 
        {"sofa" : 1,  "begin" : 73,  "end" : 193 }, 
        {"sofa" : 1,  "begin" : 194,  "end" : 337 }, 
        {"sofa" : 1,  "begin" : 338,  "end" : 429 }, 
        {"sofa" : 1,  "begin" : 430,  "end" : 511 }, 
        {"sofa" : 1,  "begin" : 512,  "end" : 536 }, 
        {"sofa" : 1,  "begin" : 537,  "end" : 632 } ], 
      "Token" : [
        {"sofa" : 1,  "end" : 1 }, 
        {"sofa" : 1,  "begin" : 2,  "end" : 4 }, 
        {"sofa" : 1,  "begin" : 5,  "end" : 10 }, 
        {"sofa" : 1,  "begin" : 11,  "end" : 12 }, 
        {"sofa" : 1,  "begin" : 13,  "end" : 14 }, 
        {"sofa" : 1,  "begin" : 15,  "end" : 19 }, 
        {"sofa" : 1,  "begin" : 20,  "end" : 21 }, 
        {"sofa" : 1,  "begin" : 22,  "end" : 26 }, 
        {"sofa" : 1,  "begin" : 27,  "end" : 29 }, 
        {"sofa" : 1,  "begin" : 30,  "end" : 33 }, 
        {"sofa" : 1,  "begin" : 34,  "end" : 37 }, 
        {"sofa" : 1,  "begin" : 38,  "end" : 39 }, 
        {"sofa" : 1,  "begin" : 40,  "end" : 41 }, 
        {"sofa" : 1,  "begin" : 42,  "end" : 45 }, 
        {"sofa" : 1,  "begin" : 46,  "end" : 48 }, 
        {"sofa" : 1,  "begin" : 49,  "end" : 52 }, 
        {"sofa" : 1,  "begin" : 53,  "end" : 57 }, 
        {"sofa" : 1,  "begin" : 58,  "end" : 60 }, 
        {"sofa" : 1,  "begin" : 61,  "end" : 70 }, 
        {"sofa" : 1,  "begin" : 71,  "end" : 72 }, 
        {"sofa" : 1,  "begin" : 73,  "end" : 75 }, 
        {"sofa" : 1,  "begin" : 76,  "end" : 79 }, 
        {"sofa" : 1,  "begin" : 80,  "end" : 84 }, 
        {"sofa" : 1,  "begin" : 85,  "end" : 87 }, 
        {"sofa" : 1,  "begin" : 88,  "end" : 92 }, 
        {"sofa" : 1,  "begin" : 93,  "end" : 94 }, 
        {"sofa" : 1,  "begin" : 95,  "end" : 99 }, 
        {"sofa" : 1,  "begin" : 100,  "end" : 110 }, 
        {"sofa" : 1,  "begin" : 111,  "end" : 112 }, 
        {"sofa" : 1,  "begin" : 113,  "end" : 116 }, 
        {"sofa" : 1,  "begin" : 117,  "end" : 123 }, 
        {"sofa" : 1,  "begin" : 124,  "end" : 126 }, 
        {"sofa" : 1,  "begin" : 127,  "end" : 135 }, 
        {"sofa" : 1,  "begin" : 136,  "end" : 143 }, 
        {"sofa" : 1,  "begin" : 144,  "end" : 145 }, 
        {"sofa" : 1,  "begin" : 146,  "end" : 149 }, 
        {"sofa" : 1,  "begin" : 150,  "end" : 153 }, 
        {"sofa" : 1,  "begin" : 154,  "end" : 156 }, 
        {"sofa" : 1,  "begin" : 157,  "end" : 160 }, 
        {"sofa" : 1,  "begin" : 161,  "end" : 165 }, 
        {"sofa" : 1,  "begin" : 166,  "end" : 168 }, 
        {"sofa" : 1,  "begin" : 169,  "end" : 172 }, 
        {"sofa" : 1,  "begin" : 173,  "end" : 175 }, 
        {"sofa" : 1,  "begin" : 176,  "end" : 178 }, 
        {"sofa" : 1,  "begin" : 179,  "end" : 189 }, 
        {"sofa" : 1,  "begin" : 190,  "end" : 191 }, 
        {"sofa" : 1,  "begin" : 192,  "end" : 193 }, 
        {"sofa" : 1,  "begin" : 194,  "end" : 195 }, 
        {"sofa" : 1,  "begin" : 196,  "end" : 197 }, 
        {"sofa" : 1,  "begin" : 198,  "end" : 200 }, 
        {"sofa" : 1,  "begin" : 201,  "end" : 205 }, 
        {"sofa" : 1,  "begin" : 206,  "end" : 208 }, 
        {"sofa" : 1,  "begin" : 209,  "end" : 213 }, 
        {"sofa" : 1,  "begin" : 214,  "end" : 215 }, 
        {"sofa" : 1,  "begin" : 216,  "end" : 220 }, 
        {"sofa" : 1,  "begin" : 221,  "end" : 231 }, 
        {"sofa" : 1,  "begin" : 232,  "end" : 233 }, 
        {"sofa" : 1,  "begin" : 234,  "end" : 239 }, 
        {"sofa" : 1,  "begin" : 240,  "end" : 241 }, 
        {"sofa" : 1,  "begin" : 242,  "end" : 243 }, 
        {"sofa" : 1,  "begin" : 244,  "end" : 248 }, 
        {"sofa" : 1,  "begin" : 249,  "end" : 252 }, 
        {"sofa" : 1,  "begin" : 253,  "end" : 258 }, 
        {"sofa" : 1,  "begin" : 259,  "end" : 263 }, 
        {"sofa" : 1,  "begin" : 264,  "end" : 265 }, 
        {"sofa" : 1,  "begin" : 266,  "end" : 267 }, 
        {"sofa" : 1,  "begin" : 268,  "end" : 271 }, 
        {"sofa" : 1,  "begin" : 272,  "end" : 274 }, 
        {"sofa" : 1,  "begin" : 275,  "end" : 278 }, 
        {"sofa" : 1,  "begin" : 279,  "end" : 283 }, 
        {"sofa" : 1,  "begin" : 284,  "end" : 288 }, 
        {"sofa" : 1,  "begin" : 289,  "end" : 291 }, 
        {"sofa" : 1,  "begin" : 292,  "end" : 295 }, 
        {"sofa" : 1,  "begin" : 296,  "end" : 297 }, 
        {"sofa" : 1,  "begin" : 298,  "end" : 299 }, 
        {"sofa" : 1,  "begin" : 300,  "end" : 304 }, 
        {"sofa" : 1,  "begin" : 305,  "end" : 308 }, 
        {"sofa" : 1,  "begin" : 309,  "end" : 311 }, 
        {"sofa" : 1,  "begin" : 312,  "end" : 316 }, 
        {"sofa" : 1,  "begin" : 317,  "end" : 325 }, 
        {"sofa" : 1,  "begin" : 326,  "end" : 333 }, 
        {"sofa" : 1,  "begin" : 334,  "end" : 335 }, 
        {"sofa" : 1,  "begin" : 336,  "end" : 337 }, 
        {"sofa" : 1,  "begin" : 338,  "end" : 339 }, 
        {"sofa" : 1,  "begin" : 340,  "end" : 343 }, 
        {"sofa" : 1,  "begin" : 344,  "end" : 345 }, 
        {"sofa" : 1,  "begin" : 346,  "end" : 350 }, 
        {"sofa" : 1,  "begin" : 351,  "end" : 353 }, 
        {"sofa" : 1,  "begin" : 354,  "end" : 357 }, 
        {"sofa" : 1,  "begin" : 358,  "end" : 361 }, 
        {"sofa" : 1,  "begin" : 362,  "end" : 363 }, 
        {"sofa" : 1,  "begin" : 364,  "end" : 366 }, 
        {"sofa" : 1,  "begin" : 367,  "end" : 373 }, 
        {"sofa" : 1,  "begin" : 374,  "end" : 375 }, 
        {"sofa" : 1,  "begin" : 376,  "end" : 377 }, 
        {"sofa" : 1,  "begin" : 378,  "end" : 382 }, 
        {"sofa" : 1,  "begin" : 383,  "end" : 386 }, 
        {"sofa" : 1,  "begin" : 387,  "end" : 393 }, 
        {"sofa" : 1,  "begin" : 394,  "end" : 395 }, 
        {"sofa" : 1,  "begin" : 396,  "end" : 398 }, 
        {"sofa" : 1,  "begin" : 399,  "end" : 402 }, 
        {"sofa" : 1,  "begin" : 403,  "end" : 410 }, 
        {"sofa" : 1,  "begin" : 411,  "end" : 414 }, 
        {"sofa" : 1,  "begin" : 415,  "end" : 417 }, 
        {"sofa" : 1,  "begin" : 418,  "end" : 421 }, 
        {"sofa" : 1,  "begin" : 422,  "end" : 427 }, 
        {"sofa" : 1,  "begin" : 428,  "end" : 429 }, 
        {"sofa" : 1,  "begin" : 430,  "end" : 431 }, 
        {"sofa" : 1,  "begin" : 432,  "end" : 434 }, 
        {"sofa" : 1,  "begin" : 435,  "end" : 436 }, 
        {"sofa" : 1,  "begin" : 437,  "end" : 441 }, 
        {"sofa" : 1,  "begin" : 442,  "end" : 444 }, 
        {"sofa" : 1,  "begin" : 445,  "end" : 448 }, 
        {"sofa" : 1,  "begin" : 449,  "end" : 452 }, 
        {"sofa" : 1,  "begin" : 453,  "end" : 454 }, 
        {"sofa" : 1,  "begin" : 455,  "end" : 456 }, 
        {"sofa" : 1,  "begin" : 457,  "end" : 461 }, 
        {"sofa" : 1,  "begin" : 462,  "end" : 465 }, 
        {"sofa" : 1,  "begin" : 466,  "end" : 467 }, 
        {"sofa" : 1,  "begin" : 468,  "end" : 470 }, 
        {"sofa" : 1,  "begin" : 471,  "end" : 474 }, 
        {"sofa" : 1,  "begin" : 475,  "end" : 479 }, 
        {"sofa" : 1,  "begin" : 480,  "end" : 487 }, 
        {"sofa" : 1,  "begin" : 488,  "end" : 495 }, 
        {"sofa" : 1,  "begin" : 496,  "end" : 497 }, 
        {"sofa" : 1,  "begin" : 498,  "end" : 500 }, 
        {"sofa" : 1,  "begin" : 501,  "end" : 504 }, 
        {"sofa" : 1,  "begin" : 505,  "end" : 509 }, 
        {"sofa" : 1,  "begin" : 510,  "end" : 511 }, 
        {"sofa" : 1,  "begin" : 512,  "end" : 515 }, 
        {"sofa" : 1,  "begin" : 516,  "end" : 522 }, 
        {"sofa" : 1,  "begin" : 523,  "end" : 527 }, 
        {"sofa" : 1,  "begin" : 528,  "end" : 534 }, 
        {"sofa" : 1,  "begin" : 535,  "end" : 536 }, 
        {"sofa" : 1,  "begin" : 537,  "end" : 538 }, 
        {"sofa" : 1,  "begin" : 539,  "end" : 543 }, 
        {"sofa" : 1,  "begin" : 544,  "end" : 547 }, 
        {"sofa" : 1,  "begin" : 548,  "end" : 553 }, 
        {"sofa" : 1,  "begin" : 554,  "end" : 556 }, 
        {"sofa" : 1,  "begin" : 557,  "end" : 559 }, 
        {"sofa" : 1,  "begin" : 560,  "end" : 562 }, 
        {"sofa" : 1,  "begin" : 563,  "end" : 571 }, 
        {"sofa" : 1,  "begin" : 572,  "end" : 573 }, 
        {"sofa" : 1,  "begin" : 574,  "end" : 577 }, 
        {"sofa" : 1,  "begin" : 578,  "end" : 581 }, 
        {"sofa" : 1,  "begin" : 582,  "end" : 587 }, 
        {"sofa" : 1,  "begin" : 588,  "end" : 590 }, 
        {"sofa" : 1,  "begin" : 591,  "end" : 592 }, 
        {"sofa" : 1,  "begin" : 593,  "end" : 594 }, 
        {"sofa" : 1,  "begin" : 595,  "end" : 597 }, 
        {"sofa" : 1,  "begin" : 598,  "end" : 602 }, 
        {"sofa" : 1,  "begin" : 603,  "end" : 604 }, 
        {"sofa" : 1,  "begin" : 605,  "end" : 608 }, 
        {"sofa" : 1,  "begin" : 609,  "end" : 613 }, 
        {"sofa" : 1,  "begin" : 614,  "end" : 618 }, 
        {"sofa" : 1,  "begin" : 619,  "end" : 621 }, 
        {"sofa" : 1,  "begin" : 622,  "end" : 625 }, 
        {"sofa" : 1,  "begin" : 626,  "end" : 630 }, 
        {"sofa" : 1,  "begin" : 631,  "end" : 632 } ], 
      "PartsofCause" : [2125,  2134,  2147,  2234,  2243,  2252,  2311,  2320,  2329 ], 
      "TypesofCause" : [
        {"sofa" : 1,  "begin" : 73,  "end" : 75,  "Dependent" : 2125,  "Governor" : 2147,  "TypesofCause" : "Effect" }, 
        {"sofa" : 1,  "begin" : 73,  "end" : 75,  "Dependent" : 2125,  "Governor" : 2134,  "TypesofCause" : "Cause" }, 
        {"sofa" : 1,  "begin" : 275,  "end" : 295,  "Dependent" : 2243,  "Governor" : 2234,  "TypesofCause" : "Cause" }, 
        {"sofa" : 1,  "begin" : 298,  "end" : 333,  "Dependent" : 2252,  "Governor" : 2234,  "TypesofCause" : "Effect" }, 
        {"sofa" : 1,  "begin" : 544,  "end" : 571,  "Dependent" : 2320,  "Governor" : 2311,  "TypesofCause" : "Cause" }, 
        {"sofa" : 1,  "begin" : 574,  "end" : 590,  "Dependent" : 2329,  "Governor" : 2311,  "TypesofCause" : "Effect" } ] } }, 
  "_referenced_fss" : {
    "1" : {"_type" : "Sofa",  "sofaNum" : 1,  "sofaID" : "_InitialView",  "mimeType" : "text",  "sofaString" : "“ MY child , ” said a Crab to her son , “ why do you walk so awkwardly ?\nIf you wish to make a good appearance , you should go straight forward , and not to one side as you do so constantly . ”\n“ I do wish to make a good appearance , mamma , ” said the young Crab ; “ and if you will show me how , I will try to walk straight forward . ”\n“ Why , this is the way , of course , ” said the mother , as she started off to the right .\n“ No , this is the way , ” said she , as she made another attempt , to the left .\nThe little Crab smiled .\n“ When you learn to do it yourself , you can teach me , ” he said , and went back to his play ." }, 
    "2125" : {"_type" : "PartsofCause",  "sofa" : 1,  "begin" : 73,  "end" : 75,  "PartsofCause" : "Enabling" }, 
    "2147" : {"_type" : "PartsofCause",  "sofa" : 1,  "begin" : 113,  "end" : 143,  "PartsofCause" : "Argument" }, 
    "2134" : {"_type" : "PartsofCause",  "sofa" : 1,  "begin" : 76,  "end" : 110,  "PartsofCause" : "Argument" }, 
    "2243" : {"_type" : "PartsofCause",  "sofa" : 1,  "begin" : 275,  "end" : 295,  "PartsofCause" : "Argument" }, 
    "2234" : {"_type" : "PartsofCause",  "sofa" : 1,  "begin" : 272,  "end" : 274,  "PartsofCause" : "Enabling" }, 
    "2252" : {"_type" : "PartsofCause",  "sofa" : 1,  "begin" : 298,  "end" : 333,  "PartsofCause" : "Argument" }, 
    "2320" : {"_type" : "PartsofCause",  "sofa" : 1,  "begin" : 544,  "end" : 571,  "PartsofCause" : "Argument" }, 
    "2311" : {"_type" : "PartsofCause",  "sofa" : 1,  "begin" : 539,  "end" : 543,  "PartsofCause" : "Enabling" }, 
    "2329" : {"_type" : "PartsofCause",  "sofa" : 1,  "begin" : 574,  "end" : 590,  "PartsofCause" : "Argument" }, 
    "2420" : {"_type" : "LayerDefinition",  "name" : "webanno.custom.DisjointCausalSpans",  "uiName" : "Disjoint Causal Spans" }, 
    "2438" : {"_type" : "LayerDefinition",  "name" : "webanno.custom.TypesofCause",  "uiName" : "Types of Cause" }, 
    "2431" : {"_type" : "LayerDefinition",  "name" : "webanno.custom.PartsofCause",  "uiName" : "Parts of Cause" } } }