{"_context" : {
    "_types" : {
      "DocumentMetaData" : {
        "_feature_types" : {"sofa" : "_ref" } }, 
      "FeatureDefinition" : {
        "_feature_types" : {"layer" : "_ref" } }, 
      "LayerDefinition" : { }, 
      "PartsofCause" : {
        "_feature_types" : {"sofa" : "_ref" } }, 
      "Sentence" : {
        "_feature_types" : {"sofa" : "_ref" } }, 
      "Sofa" : {
        "_feature_types" : {"sofaArray" : "_ref" } }, 
      "TagsetDescription" : {
        "_feature_types" : {"sofa" : "_ref",  "tags" : "_ref" } }, 
      "Token" : {
        "_feature_types" : {"sofa" : "_ref",  "parent" : "_ref",  "lemma" : "_ref",  "stem" : "_ref",  "pos" : "_ref",  "morph" : "_ref",  "form" : "_ref" } }, 
      "TypesofCause" : {
        "_feature_types" : {"sofa" : "_ref",  "Dependent" : "_ref",  "Governor" : "_ref" } }, 
      "DocumentAnnotation" : {
        "_feature_types" : {"sofa" : "_ref" }, 
        "_subtypes" : ["DocumentMetaData" ] }, 
      "Annotation" : {
        "_feature_types" : {"sofa" : "_ref" }, 
        "_subtypes" : ["DocumentAnnotation",  "PartsofCause",  "Sentence",  "TagsetDescription",  "Token",  "TypesofCause" ] }, 
      "AnnotationBase" : {
        "_feature_types" : {"sofa" : "_ref" }, 
        "_subtypes" : ["Annotation" ] }, 
      "TOP" : {
        "_subtypes" : ["AnnotationBase",  "FeatureDefinition",  "LayerDefinition",  "Sofa" ] } } }, 
  "_views" : {
    "_InitialView" : {
      "FeatureDefinition" : [
        {"layer" : 1742,  "name" : "referenceRelation",  "uiName" : "Reference Relation" }, 
        {"layer" : 1742,  "name" : "referenceType",  "uiName" : "Reference Type" }, 
        {"layer" : 1753,  "name" : "PartsofCause",  "uiName" : "Parts of Cause" }, 
        {"layer" : 1760,  "name" : "TypesofCause",  "uiName" : "Types of Cause" } ], 
      "LayerDefinition" : [1742,  1753,  1760 ], 
      "DocumentMetaData" : [
        {"sofa" : 1,  "end" : 607,  "language" : "x-unspecified",  "documentTitle" : "reddit-057.txt",  "documentId" : "AYC",  "documentUri" : "file:/srv/inception/repository/project/2/document/2459/source/AYC",  "collectionId" : "file:/srv/inception/repository/project/2/document/2459/source/",  "documentBaseUri" : "file:/srv/inception/repository/project/2/document/2459/source/",  "isLastSegment" : false } ], 
      "TagsetDescription" : [
        {"sofa" : 1,  "layer" : "webanno.custom.PartsofCause",  "name" : "Parts of Cause",  "input" : false }, 
        {"sofa" : 1,  "layer" : "webanno.custom.TypesofCause",  "name" : "Causal Relations",  "input" : false } ], 
      "Sentence" : [
        {"sofa" : 1,  "end" : 137 }, 
        {"sofa" : 1,  "begin" : 138,  "end" : 298 }, 
        {"sofa" : 1,  "begin" : 299,  "end" : 444 }, 
        {"sofa" : 1,  "begin" : 445,  "end" : 485 }, 
        {"sofa" : 1,  "begin" : 486,  "end" : 607 } ], 
      "Token" : [
        {"sofa" : 1,  "end" : 2 }, 
        {"sofa" : 1,  "begin" : 3,  "end" : 4 }, 
        {"sofa" : 1,  "begin" : 5,  "end" : 7 }, 
        {"sofa" : 1,  "begin" : 8,  "end" : 17 }, 
        {"sofa" : 1,  "begin" : 18,  "end" : 19 }, 
        {"sofa" : 1,  "begin" : 20,  "end" : 26 }, 
        {"sofa" : 1,  "begin" : 27,  "end" : 34 }, 
        {"sofa" : 1,  "begin" : 35,  "end" : 37 }, 
        {"sofa" : 1,  "begin" : 38,  "end" : 40 }, 
        {"sofa" : 1,  "begin" : 41,  "end" : 48 }, 
        {"sofa" : 1,  "begin" : 49,  "end" : 52 }, 
        {"sofa" : 1,  "begin" : 53,  "end" : 56 }, 
        {"sofa" : 1,  "begin" : 57,  "end" : 61 }, 
        {"sofa" : 1,  "begin" : 62,  "end" : 66 }, 
        {"sofa" : 1,  "begin" : 67,  "end" : 68 }, 
        {"sofa" : 1,  "begin" : 69,  "end" : 72 }, 
        {"sofa" : 1,  "begin" : 73,  "end" : 78 }, 
        {"sofa" : 1,  "begin" : 79,  "end" : 80 }, 
        {"sofa" : 1,  "begin" : 81,  "end" : 90 }, 
        {"sofa" : 1,  "begin" : 91,  "end" : 101 }, 
        {"sofa" : 1,  "begin" : 102,  "end" : 103 }, 
        {"sofa" : 1,  "begin" : 104,  "end" : 108 }, 
        {"sofa" : 1,  "begin" : 109,  "end" : 111 }, 
        {"sofa" : 1,  "begin" : 112,  "end" : 123 }, 
        {"sofa" : 1,  "begin" : 124,  "end" : 135 }, 
        {"sofa" : 1,  "begin" : 136,  "end" : 137 }, 
        {"sofa" : 1,  "begin" : 138,  "end" : 139 }, 
        {"sofa" : 1,  "begin" : 140,  "end" : 144 }, 
        {"sofa" : 1,  "begin" : 145,  "end" : 147 }, 
        {"sofa" : 1,  "begin" : 148,  "end" : 150 }, 
        {"sofa" : 1,  "begin" : 151,  "end" : 155 }, 
        {"sofa" : 1,  "begin" : 156,  "end" : 164 }, 
        {"sofa" : 1,  "begin" : 165,  "end" : 176 }, 
        {"sofa" : 1,  "begin" : 177,  "end" : 178 }, 
        {"sofa" : 1,  "begin" : 179,  "end" : 186 }, 
        {"sofa" : 1,  "begin" : 187,  "end" : 190 }, 
        {"sofa" : 1,  "begin" : 191,  "end" : 193 }, 
        {"sofa" : 1,  "begin" : 194,  "end" : 201 }, 
        {"sofa" : 1,  "begin" : 202,  "end" : 204 }, 
        {"sofa" : 1,  "begin" : 205,  "end" : 213 }, 
        {"sofa" : 1,  "begin" : 214,  "end" : 216 }, 
        {"sofa" : 1,  "begin" : 217,  "end" : 221 }, 
        {"sofa" : 1,  "begin" : 222,  "end" : 226 }, 
        {"sofa" : 1,  "begin" : 227,  "end" : 233 }, 
        {"sofa" : 1,  "begin" : 234,  "end" : 242 }, 
        {"sofa" : 1,  "begin" : 243,  "end" : 245 }, 
        {"sofa" : 1,  "begin" : 246,  "end" : 249 }, 
        {"sofa" : 1,  "begin" : 250,  "end" : 255 }, 
        {"sofa" : 1,  "begin" : 256,  "end" : 257 }, 
        {"sofa" : 1,  "begin" : 258,  "end" : 261 }, 
        {"sofa" : 1,  "begin" : 262,  "end" : 263 }, 
        {"sofa" : 1,  "begin" : 264,  "end" : 267 }, 
        {"sofa" : 1,  "begin" : 268,  "end" : 269 }, 
        {"sofa" : 1,  "begin" : 270,  "end" : 278 }, 
        {"sofa" : 1,  "begin" : 279,  "end" : 280 }, 
        {"sofa" : 1,  "begin" : 281,  "end" : 287 }, 
        {"sofa" : 1,  "begin" : 288,  "end" : 289 }, 
        {"sofa" : 1,  "begin" : 290,  "end" : 294 }, 
        {"sofa" : 1,  "begin" : 295,  "end" : 296 }, 
        {"sofa" : 1,  "begin" : 297,  "end" : 298 }, 
        {"sofa" : 1,  "begin" : 299,  "end" : 301 }, 
        {"sofa" : 1,  "begin" : 302,  "end" : 309 }, 
        {"sofa" : 1,  "begin" : 310,  "end" : 312 }, 
        {"sofa" : 1,  "begin" : 313,  "end" : 324 }, 
        {"sofa" : 1,  "begin" : 325,  "end" : 334 }, 
        {"sofa" : 1,  "begin" : 335,  "end" : 336 }, 
        {"sofa" : 1,  "begin" : 337,  "end" : 339 }, 
        {"sofa" : 1,  "begin" : 340,  "end" : 343 }, 
        {"sofa" : 1,  "begin" : 344,  "end" : 349 }, 
        {"sofa" : 1,  "begin" : 350,  "end" : 358 }, 
        {"sofa" : 1,  "begin" : 359,  "end" : 364 }, 
        {"sofa" : 1,  "begin" : 365,  "end" : 369 }, 
        {"sofa" : 1,  "begin" : 370,  "end" : 372 }, 
        {"sofa" : 1,  "begin" : 373,  "end" : 377 }, 
        {"sofa" : 1,  "begin" : 378,  "end" : 384 }, 
        {"sofa" : 1,  "begin" : 385,  "end" : 389 }, 
        {"sofa" : 1,  "begin" : 390,  "end" : 391 }, 
        {"sofa" : 1,  "begin" : 392,  "end" : 395 }, 
        {"sofa" : 1,  "begin" : 396,  "end" : 401 }, 
        {"sofa" : 1,  "begin" : 402,  "end" : 407 }, 
        {"sofa" : 1,  "begin" : 408,  "end" : 414 }, 
        {"sofa" : 1,  "begin" : 415,  "end" : 417 }, 
        {"sofa" : 1,  "begin" : 418,  "end" : 419 }, 
        {"sofa" : 1,  "begin" : 420,  "end" : 429 }, 
        {"sofa" : 1,  "begin" : 430,  "end" : 431 }, 
        {"sofa" : 1,  "begin" : 432,  "end" : 437 }, 
        {"sofa" : 1,  "begin" : 438,  "end" : 442 }, 
        {"sofa" : 1,  "begin" : 443,  "end" : 444 }, 
        {"sofa" : 1,  "begin" : 445,  "end" : 448 }, 
        {"sofa" : 1,  "begin" : 449,  "end" : 455 }, 
        {"sofa" : 1,  "begin" : 456,  "end" : 460 }, 
        {"sofa" : 1,  "begin" : 461,  "end" : 467 }, 
        {"sofa" : 1,  "begin" : 468,  "end" : 472 }, 
        {"sofa" : 1,  "begin" : 473,  "end" : 483 }, 
        {"sofa" : 1,  "begin" : 484,  "end" : 485 }, 
        {"sofa" : 1,  "begin" : 486,  "end" : 488 }, 
        {"sofa" : 1,  "begin" : 489,  "end" : 490 }, 
        {"sofa" : 1,  "begin" : 491,  "end" : 493 }, 
        {"sofa" : 1,  "begin" : 494,  "end" : 495 }, 
        {"sofa" : 1,  "begin" : 496,  "end" : 498 }, 
        {"sofa" : 1,  "begin" : 499,  "end" : 504 }, 
        {"sofa" : 1,  "begin" : 505,  "end" : 507 }, 
        {"sofa" : 1,  "begin" : 508,  "end" : 510 }, 
        {"sofa" : 1,  "begin" : 511,  "end" : 517 }, 
        {"sofa" : 1,  "begin" : 518,  "end" : 525 }, 
        {"sofa" : 1,  "begin" : 526,  "end" : 527 }, 
        {"sofa" : 1,  "begin" : 528,  "end" : 532 }, 
        {"sofa" : 1,  "begin" : 533,  "end" : 536 }, 
        {"sofa" : 1,  "begin" : 537,  "end" : 538 }, 
        {"sofa" : 1,  "begin" : 539,  "end" : 543 }, 
        {"sofa" : 1,  "begin" : 544,  "end" : 550 }, 
        {"sofa" : 1,  "begin" : 551,  "end" : 553 }, 
        {"sofa" : 1,  "begin" : 554,  "end" : 555 }, 
        {"sofa" : 1,  "begin" : 556,  "end" : 563 }, 
        {"sofa" : 1,  "begin" : 564,  "end" : 573 }, 
        {"sofa" : 1,  "begin" : 574,  "end" : 577 }, 
        {"sofa" : 1,  "begin" : 578,  "end" : 584 }, 
        {"sofa" : 1,  "begin" : 585,  "end" : 596 }, 
        {"sofa" : 1,  "begin" : 597,  "end" : 605 }, 
        {"sofa" : 1,  "begin" : 606,  "end" : 607 } ], 
      "PartsofCause" : [1604,  1617,  1626,  1677,  1690,  1703 ], 
      "TypesofCause" : [
        {"sofa" : 1,  "begin" : 79,  "end" : 101,  "Dependent" : 1617,  "Governor" : 1604,  "TypesofCause" : "Cause" }, 
        {"sofa" : 1,  "begin" : 102,  "end" : 135,  "Dependent" : 1626,  "Governor" : 1604,  "TypesofCause" : "Effect" }, 
        {"sofa" : 1,  "begin" : 302,  "end" : 334,  "Dependent" : 1690,  "Governor" : 1677,  "TypesofCause" : "Cause" }, 
        {"sofa" : 1,  "begin" : 335,  "end" : 442,  "Dependent" : 1703,  "Governor" : 1677,  "TypesofCause" : "Effect" } ] } }, 
  "_referenced_fss" : {
    "1" : {"_type" : "Sofa",  "sofaNum" : 1,  "sofaID" : "_InitialView",  "mimeType" : "text",  "sofaString" : "So I am currently a Junior working on my classes for the next year , and after a counselor discussion I have an interesting predicament .\nI want to go into computer engineering / science and am looking at applying to some very strong colleges in the field ( MIT , UCB , Stanford , Harvey - Mudd ) .\nTo improve my application portfolio I ’m now stuck deciding which math to take senior year , and which looks better on a portfolio / helps more .\nAny advice from people with experience ?\nTL ; DR : is Stats AP or Linear Algebra / Calc III A look better on a college portfolio for Strong engineering colleges ?" }, 
    "1617" : {"_type" : "PartsofCause",  "sofa" : 1,  "begin" : 79,  "end" : 101,  "PartsofCause" : "Argument" }, 
    "1604" : {"_type" : "PartsofCause",  "sofa" : 1,  "begin" : 73,  "end" : 78,  "PartsofCause" : "Causing" }, 
    "1626" : {"_type" : "PartsofCause",  "sofa" : 1,  "begin" : 102,  "end" : 135,  "PartsofCause" : "Argument" }, 
    "1690" : {"_type" : "PartsofCause",  "sofa" : 1,  "begin" : 302,  "end" : 334,  "PartsofCause" : "Argument" }, 
    "1677" : {"_type" : "PartsofCause",  "sofa" : 1,  "begin" : 299,  "end" : 301,  "PartsofCause" : "Causing" }, 
    "1703" : {"_type" : "PartsofCause",  "sofa" : 1,  "begin" : 335,  "end" : 442,  "PartsofCause" : "Argument" }, 
    "1753" : {"_type" : "LayerDefinition",  "name" : "webanno.custom.PartsofCause",  "uiName" : "Parts of Cause" }, 
    "1742" : {"_type" : "LayerDefinition",  "name" : "webanno.custom.DisjointCausalSpans",  "uiName" : "Disjoint Causal Spans" }, 
    "1760" : {"_type" : "LayerDefinition",  "name" : "webanno.custom.TypesofCause",  "uiName" : "Types of Cause" } } }