{"_context" : {
    "_types" : {
      "DocumentMetaData" : {
        "_feature_types" : {"sofa" : "_ref" } }, 
      "FeatureDefinition" : {
        "_feature_types" : {"layer" : "_ref" } }, 
      "LayerDefinition" : { }, 
      "PartsofCause" : {
        "_feature_types" : {"sofa" : "_ref" } }, 
      "Sentence" : {
        "_feature_types" : {"sofa" : "_ref" } }, 
      "Sofa" : {
        "_feature_types" : {"sofaArray" : "_ref" } }, 
      "TagsetDescription" : {
        "_feature_types" : {"sofa" : "_ref",  "tags" : "_ref" } }, 
      "Token" : {
        "_feature_types" : {"sofa" : "_ref",  "parent" : "_ref",  "lemma" : "_ref",  "stem" : "_ref",  "pos" : "_ref",  "morph" : "_ref",  "form" : "_ref" } }, 
      "TypesofCause" : {
        "_feature_types" : {"sofa" : "_ref",  "Dependent" : "_ref",  "Governor" : "_ref" } }, 
      "DocumentAnnotation" : {
        "_feature_types" : {"sofa" : "_ref" }, 
        "_subtypes" : ["DocumentMetaData" ] }, 
      "Annotation" : {
        "_feature_types" : {"sofa" : "_ref" }, 
        "_subtypes" : ["DocumentAnnotation",  "PartsofCause",  "Sentence",  "TagsetDescription",  "Token",  "TypesofCause" ] }, 
      "AnnotationBase" : {
        "_feature_types" : {"sofa" : "_ref" }, 
        "_subtypes" : ["Annotation" ] }, 
      "TOP" : {
        "_subtypes" : ["AnnotationBase",  "FeatureDefinition",  "LayerDefinition",  "Sofa" ] } } }, 
  "_views" : {
    "_InitialView" : {
      "FeatureDefinition" : [
        {"layer" : 2008,  "name" : "referenceRelation",  "uiName" : "Reference Relation" }, 
        {"layer" : 2008,  "name" : "referenceType",  "uiName" : "Reference Type" }, 
        {"layer" : 2019,  "name" : "PartsofCause",  "uiName" : "Parts of Cause" }, 
        {"layer" : 2026,  "name" : "TypesofCause",  "uiName" : "Types of Cause" } ], 
      "LayerDefinition" : [2008,  2019,  2026 ], 
      "DocumentMetaData" : [
        {"sofa" : 1,  "end" : 558,  "language" : "x-unspecified",  "documentTitle" : "reddit-055.txt",  "documentId" : "GJW",  "documentUri" : "file:/srv/inception/repository/project/2/document/2457/source/GJW",  "collectionId" : "file:/srv/inception/repository/project/2/document/2457/source/",  "documentBaseUri" : "file:/srv/inception/repository/project/2/document/2457/source/",  "isLastSegment" : false } ], 
      "TagsetDescription" : [
        {"sofa" : 1,  "layer" : "webanno.custom.PartsofCause",  "name" : "Parts of Cause",  "input" : false }, 
        {"sofa" : 1,  "layer" : "webanno.custom.TypesofCause",  "name" : "Causal Relations",  "input" : false } ], 
      "Sentence" : [
        {"sofa" : 1,  "end" : 88 }, 
        {"sofa" : 1,  "begin" : 89,  "end" : 123 }, 
        {"sofa" : 1,  "begin" : 124,  "end" : 196 }, 
        {"sofa" : 1,  "begin" : 197,  "end" : 265 }, 
        {"sofa" : 1,  "begin" : 266,  "end" : 287 }, 
        {"sofa" : 1,  "begin" : 288,  "end" : 369 }, 
        {"sofa" : 1,  "begin" : 370,  "end" : 421 }, 
        {"sofa" : 1,  "begin" : 422,  "end" : 465 }, 
        {"sofa" : 1,  "begin" : 466,  "end" : 493 }, 
        {"sofa" : 1,  "begin" : 494,  "end" : 558 } ], 
      "Token" : [
        {"sofa" : 1,  "end" : 1 }, 
        {"sofa" : 1,  "begin" : 2,  "end" : 4 }, 
        {"sofa" : 1,  "begin" : 5,  "end" : 7 }, 
        {"sofa" : 1,  "begin" : 8,  "end" : 13 }, 
        {"sofa" : 1,  "begin" : 14,  "end" : 17 }, 
        {"sofa" : 1,  "begin" : 18,  "end" : 19 }, 
        {"sofa" : 1,  "begin" : 20,  "end" : 29 }, 
        {"sofa" : 1,  "begin" : 30,  "end" : 37 }, 
        {"sofa" : 1,  "begin" : 38,  "end" : 40 }, 
        {"sofa" : 1,  "begin" : 41,  "end" : 44 }, 
        {"sofa" : 1,  "begin" : 45,  "end" : 46 }, 
        {"sofa" : 1,  "begin" : 47,  "end" : 50 }, 
        {"sofa" : 1,  "begin" : 51,  "end" : 58 }, 
        {"sofa" : 1,  "begin" : 59,  "end" : 60 }, 
        {"sofa" : 1,  "begin" : 61,  "end" : 65 }, 
        {"sofa" : 1,  "begin" : 66,  "end" : 70 }, 
        {"sofa" : 1,  "begin" : 71,  "end" : 74 }, 
        {"sofa" : 1,  "begin" : 75,  "end" : 76 }, 
        {"sofa" : 1,  "begin" : 77,  "end" : 82 }, 
        {"sofa" : 1,  "begin" : 83,  "end" : 86 }, 
        {"sofa" : 1,  "begin" : 87,  "end" : 88 }, 
        {"sofa" : 1,  "begin" : 89,  "end" : 90 }, 
        {"sofa" : 1,  "begin" : 91,  "end" : 95 }, 
        {"sofa" : 1,  "begin" : 96,  "end" : 100 }, 
        {"sofa" : 1,  "begin" : 101,  "end" : 107 }, 
        {"sofa" : 1,  "begin" : 108,  "end" : 112 }, 
        {"sofa" : 1,  "begin" : 113,  "end" : 118 }, 
        {"sofa" : 1,  "begin" : 119,  "end" : 121 }, 
        {"sofa" : 1,  "begin" : 122,  "end" : 123 }, 
        {"sofa" : 1,  "begin" : 124,  "end" : 125 }, 
        {"sofa" : 1,  "begin" : 126,  "end" : 130 }, 
        {"sofa" : 1,  "begin" : 131,  "end" : 135 }, 
        {"sofa" : 1,  "begin" : 136,  "end" : 137 }, 
        {"sofa" : 1,  "begin" : 138,  "end" : 142 }, 
        {"sofa" : 1,  "begin" : 143,  "end" : 145 }, 
        {"sofa" : 1,  "begin" : 146,  "end" : 153 }, 
        {"sofa" : 1,  "begin" : 154,  "end" : 161 }, 
        {"sofa" : 1,  "begin" : 162,  "end" : 166 }, 
        {"sofa" : 1,  "begin" : 167,  "end" : 169 }, 
        {"sofa" : 1,  "begin" : 170,  "end" : 173 }, 
        {"sofa" : 1,  "begin" : 174,  "end" : 177 }, 
        {"sofa" : 1,  "begin" : 178,  "end" : 181 }, 
        {"sofa" : 1,  "begin" : 182,  "end" : 183 }, 
        {"sofa" : 1,  "begin" : 184,  "end" : 186 }, 
        {"sofa" : 1,  "begin" : 187,  "end" : 189 }, 
        {"sofa" : 1,  "begin" : 190,  "end" : 194 }, 
        {"sofa" : 1,  "begin" : 195,  "end" : 196 }, 
        {"sofa" : 1,  "begin" : 197,  "end" : 199 }, 
        {"sofa" : 1,  "begin" : 200,  "end" : 207 }, 
        {"sofa" : 1,  "begin" : 208,  "end" : 210 }, 
        {"sofa" : 1,  "begin" : 211,  "end" : 213 }, 
        {"sofa" : 1,  "begin" : 214,  "end" : 219 }, 
        {"sofa" : 1,  "begin" : 220,  "end" : 224 }, 
        {"sofa" : 1,  "begin" : 225,  "end" : 226 }, 
        {"sofa" : 1,  "begin" : 227,  "end" : 231 }, 
        {"sofa" : 1,  "begin" : 232,  "end" : 234 }, 
        {"sofa" : 1,  "begin" : 235,  "end" : 239 }, 
        {"sofa" : 1,  "begin" : 240,  "end" : 243 }, 
        {"sofa" : 1,  "begin" : 244,  "end" : 248 }, 
        {"sofa" : 1,  "begin" : 249,  "end" : 251 }, 
        {"sofa" : 1,  "begin" : 252,  "end" : 254 }, 
        {"sofa" : 1,  "begin" : 255,  "end" : 259 }, 
        {"sofa" : 1,  "begin" : 260,  "end" : 263 }, 
        {"sofa" : 1,  "begin" : 264,  "end" : 265 }, 
        {"sofa" : 1,  "begin" : 266,  "end" : 269 }, 
        {"sofa" : 1,  "begin" : 270,  "end" : 272 }, 
        {"sofa" : 1,  "begin" : 273,  "end" : 279 }, 
        {"sofa" : 1,  "begin" : 280,  "end" : 282 }, 
        {"sofa" : 1,  "begin" : 283,  "end" : 285 }, 
        {"sofa" : 1,  "begin" : 286,  "end" : 287 }, 
        {"sofa" : 1,  "begin" : 288,  "end" : 293 }, 
        {"sofa" : 1,  "begin" : 294,  "end" : 297 }, 
        {"sofa" : 1,  "begin" : 298,  "end" : 299 }, 
        {"sofa" : 1,  "begin" : 300,  "end" : 305 }, 
        {"sofa" : 1,  "begin" : 306,  "end" : 308 }, 
        {"sofa" : 1,  "begin" : 309,  "end" : 311 }, 
        {"sofa" : 1,  "begin" : 312,  "end" : 321 }, 
        {"sofa" : 1,  "begin" : 322,  "end" : 325 }, 
        {"sofa" : 1,  "begin" : 326,  "end" : 328 }, 
        {"sofa" : 1,  "begin" : 329,  "end" : 333 }, 
        {"sofa" : 1,  "begin" : 334,  "end" : 339 }, 
        {"sofa" : 1,  "begin" : 340,  "end" : 347 }, 
        {"sofa" : 1,  "begin" : 348,  "end" : 351 }, 
        {"sofa" : 1,  "begin" : 352,  "end" : 363 }, 
        {"sofa" : 1,  "begin" : 364,  "end" : 367 }, 
        {"sofa" : 1,  "begin" : 368,  "end" : 369 }, 
        {"sofa" : 1,  "begin" : 370,  "end" : 371 }, 
        {"sofa" : 1,  "begin" : 372,  "end" : 376 }, 
        {"sofa" : 1,  "begin" : 377,  "end" : 380 }, 
        {"sofa" : 1,  "begin" : 381,  "end" : 383 }, 
        {"sofa" : 1,  "begin" : 384,  "end" : 391 }, 
        {"sofa" : 1,  "begin" : 392,  "end" : 395 }, 
        {"sofa" : 1,  "begin" : 396,  "end" : 399 }, 
        {"sofa" : 1,  "begin" : 400,  "end" : 404 }, 
        {"sofa" : 1,  "begin" : 405,  "end" : 408 }, 
        {"sofa" : 1,  "begin" : 409,  "end" : 411 }, 
        {"sofa" : 1,  "begin" : 412,  "end" : 419 }, 
        {"sofa" : 1,  "begin" : 420,  "end" : 421 }, 
        {"sofa" : 1,  "begin" : 422,  "end" : 425 }, 
        {"sofa" : 1,  "begin" : 426,  "end" : 427 }, 
        {"sofa" : 1,  "begin" : 428,  "end" : 430 }, 
        {"sofa" : 1,  "begin" : 431,  "end" : 434 }, 
        {"sofa" : 1,  "begin" : 435,  "end" : 437 }, 
        {"sofa" : 1,  "begin" : 438,  "end" : 441 }, 
        {"sofa" : 1,  "begin" : 442,  "end" : 444 }, 
        {"sofa" : 1,  "begin" : 445,  "end" : 446 }, 
        {"sofa" : 1,  "begin" : 447,  "end" : 451 }, 
        {"sofa" : 1,  "begin" : 452,  "end" : 455 }, 
        {"sofa" : 1,  "begin" : 456,  "end" : 457 }, 
        {"sofa" : 1,  "begin" : 458,  "end" : 463 }, 
        {"sofa" : 1,  "begin" : 464,  "end" : 465 }, 
        {"sofa" : 1,  "begin" : 466,  "end" : 470 }, 
        {"sofa" : 1,  "begin" : 471,  "end" : 475 }, 
        {"sofa" : 1,  "begin" : 476,  "end" : 478 }, 
        {"sofa" : 1,  "begin" : 479,  "end" : 483 }, 
        {"sofa" : 1,  "begin" : 484,  "end" : 486 }, 
        {"sofa" : 1,  "begin" : 487,  "end" : 491 }, 
        {"sofa" : 1,  "begin" : 492,  "end" : 493 }, 
        {"sofa" : 1,  "begin" : 494,  "end" : 498 }, 
        {"sofa" : 1,  "begin" : 499,  "end" : 501 }, 
        {"sofa" : 1,  "begin" : 502,  "end" : 508 }, 
        {"sofa" : 1,  "begin" : 509,  "end" : 511 }, 
        {"sofa" : 1,  "begin" : 512,  "end" : 517 }, 
        {"sofa" : 1,  "begin" : 518,  "end" : 521 }, 
        {"sofa" : 1,  "begin" : 522,  "end" : 524 }, 
        {"sofa" : 1,  "begin" : 525,  "end" : 532 }, 
        {"sofa" : 1,  "begin" : 533,  "end" : 536 }, 
        {"sofa" : 1,  "begin" : 537,  "end" : 540 }, 
        {"sofa" : 1,  "begin" : 541,  "end" : 544 }, 
        {"sofa" : 1,  "begin" : 545,  "end" : 548 }, 
        {"sofa" : 1,  "begin" : 549,  "end" : 556 }, 
        {"sofa" : 1,  "begin" : 557,  "end" : 558 } ], 
      "PartsofCause" : [1935,  1944,  1953,  1879,  1892,  1866,  1793,  1819,  1806 ], 
      "TypesofCause" : [
        {"sofa" : 1,  "begin" : 136,  "end" : 161,  "Dependent" : 1935,  "Governor" : 1944,  "TypesofCause" : "Effect" }, 
        {"sofa" : 1,  "begin" : 167,  "end" : 173,  "Dependent" : 1953,  "Governor" : 1944,  "TypesofCause" : "Cause" }, 
        {"sofa" : 1,  "begin" : 197,  "end" : 210,  "Dependent" : 1879,  "Governor" : 1892,  "TypesofCause" : "Effect" }, 
        {"sofa" : 1,  "begin" : 214,  "end" : 263,  "Dependent" : 1866,  "Governor" : 1892,  "TypesofCause" : "Cause" }, 
        {"sofa" : 1,  "begin" : 309,  "end" : 325,  "Dependent" : 1793,  "Governor" : 1819,  "TypesofCause" : "Cause" }, 
        {"sofa" : 1,  "begin" : 329,  "end" : 339,  "Dependent" : 1806,  "Governor" : 1819,  "TypesofCause" : "Effect" } ] } }, 
  "_referenced_fss" : {
    "1" : {"_type" : "Sofa",  "sofaNum" : 1,  "sofaID" : "_InitialView",  "mimeType" : "text",  "sofaString" : "I am 22 years old , graduated college in May , and started a full time job a month ago .\nI have been really down about it .\nI feel like I have no freedom anymore with my job and all I do is work .\nIt sickens me to think that I have to work the rest of my life now .\nHow do people do it ?\nEvery day I think of an alternate way to make money besides the traditional job .\nI miss all my friends and how life was in college .\nAll I do now is sit at a desk for 8 hours .\nWhat kind of life is that ?\nWhat do others do right out of college and how are you feeling ?" }, 
    "1935" : {"_type" : "PartsofCause",  "sofa" : 1,  "begin" : 136,  "end" : 161,  "PartsofCause" : "Argument" }, 
    "1944" : {"_type" : "PartsofCause",  "sofa" : 1,  "begin" : 162,  "end" : 166,  "PartsofCause" : "Causing" }, 
    "1953" : {"_type" : "PartsofCause",  "sofa" : 1,  "begin" : 167,  "end" : 173,  "PartsofCause" : "Argument" }, 
    "1879" : {"_type" : "PartsofCause",  "sofa" : 1,  "begin" : 197,  "end" : 210,  "PartsofCause" : "Argument" }, 
    "1892" : {"_type" : "PartsofCause",  "sofa" : 1,  "begin" : 211,  "end" : 213,  "PartsofCause" : "Causing" }, 
    "1866" : {"_type" : "PartsofCause",  "sofa" : 1,  "begin" : 214,  "end" : 263,  "PartsofCause" : "Argument" }, 
    "1793" : {"_type" : "PartsofCause",  "sofa" : 1,  "begin" : 309,  "end" : 325,  "PartsofCause" : "Argument" }, 
    "1819" : {"_type" : "PartsofCause",  "sofa" : 1,  "begin" : 326,  "end" : 328,  "PartsofCause" : "Enabling" }, 
    "1806" : {"_type" : "PartsofCause",  "sofa" : 1,  "begin" : 329,  "end" : 339,  "PartsofCause" : "Argument" }, 
    "2026" : {"_type" : "LayerDefinition",  "name" : "webanno.custom.TypesofCause",  "uiName" : "Types of Cause" }, 
    "2008" : {"_type" : "LayerDefinition",  "name" : "webanno.custom.DisjointCausalSpans",  "uiName" : "Disjoint Causal Spans" }, 
    "2019" : {"_type" : "LayerDefinition",  "name" : "webanno.custom.PartsofCause",  "uiName" : "Parts of Cause" } } }