{"_context" : {
    "_types" : {
      "DocumentMetaData" : {
        "_feature_types" : {"sofa" : "_ref" } }, 
      "FeatureDefinition" : {
        "_feature_types" : {"layer" : "_ref" } }, 
      "LayerDefinition" : { }, 
      "PartsofCause" : {
        "_feature_types" : {"sofa" : "_ref" } }, 
      "Sentence" : {
        "_feature_types" : {"sofa" : "_ref" } }, 
      "Sofa" : {
        "_feature_types" : {"sofaArray" : "_ref" } }, 
      "TagsetDescription" : {
        "_feature_types" : {"sofa" : "_ref",  "tags" : "_ref" } }, 
      "Token" : {
        "_feature_types" : {"sofa" : "_ref",  "parent" : "_ref",  "lemma" : "_ref",  "stem" : "_ref",  "pos" : "_ref",  "morph" : "_ref",  "form" : "_ref" } }, 
      "TypesofCause" : {
        "_feature_types" : {"sofa" : "_ref",  "Dependent" : "_ref",  "Governor" : "_ref" } }, 
      "DocumentAnnotation" : {
        "_feature_types" : {"sofa" : "_ref" }, 
        "_subtypes" : ["DocumentMetaData" ] }, 
      "Annotation" : {
        "_feature_types" : {"sofa" : "_ref" }, 
        "_subtypes" : ["DocumentAnnotation",  "PartsofCause",  "Sentence",  "TagsetDescription",  "Token",  "TypesofCause" ] }, 
      "AnnotationBase" : {
        "_feature_types" : {"sofa" : "_ref" }, 
        "_subtypes" : ["Annotation" ] }, 
      "TOP" : {
        "_subtypes" : ["AnnotationBase",  "FeatureDefinition",  "LayerDefinition",  "Sofa" ] } } }, 
  "_views" : {
    "_InitialView" : {
      "FeatureDefinition" : [
        {"layer" : 1980,  "name" : "referenceRelation",  "uiName" : "Reference Relation" }, 
        {"layer" : 1980,  "name" : "referenceType",  "uiName" : "Reference Type" }, 
        {"layer" : 1991,  "name" : "PartsofCause",  "uiName" : "Parts of Cause" }, 
        {"layer" : 1998,  "name" : "TypesofCause",  "uiName" : "Types of Cause" } ], 
      "LayerDefinition" : [1980,  1991,  1998 ], 
      "DocumentMetaData" : [
        {"sofa" : 1,  "end" : 560,  "language" : "x-unspecified",  "documentTitle" : "fable-03.txt",  "documentId" : "AYC",  "documentUri" : "file:/srv/inception/repository/project/2/document/2305/source/AYC",  "collectionId" : "file:/srv/inception/repository/project/2/document/2305/source/",  "documentBaseUri" : "file:/srv/inception/repository/project/2/document/2305/source/",  "isLastSegment" : false } ], 
      "TagsetDescription" : [
        {"sofa" : 1,  "layer" : "webanno.custom.PartsofCause",  "name" : "Parts of Cause",  "input" : false }, 
        {"sofa" : 1,  "layer" : "webanno.custom.TypesofCause",  "name" : "Causal Relations",  "input" : false } ], 
      "Sentence" : [
        {"sofa" : 1,  "end" : 134 }, 
        {"sofa" : 1,  "begin" : 135,  "end" : 193 }, 
        {"sofa" : 1,  "begin" : 194,  "end" : 262 }, 
        {"sofa" : 1,  "begin" : 263,  "end" : 306 }, 
        {"sofa" : 1,  "begin" : 307,  "end" : 363 }, 
        {"sofa" : 1,  "begin" : 364,  "end" : 379 }, 
        {"sofa" : 1,  "begin" : 380,  "end" : 524 }, 
        {"sofa" : 1,  "begin" : 525,  "end" : 560 } ], 
      "Token" : [
        {"sofa" : 1,  "end" : 1 }, 
        {"sofa" : 1,  "begin" : 2,  "end" : 13 }, 
        {"sofa" : 1,  "begin" : 14,  "end" : 21 }, 
        {"sofa" : 1,  "begin" : 22,  "end" : 24 }, 
        {"sofa" : 1,  "begin" : 25,  "end" : 28 }, 
        {"sofa" : 1,  "begin" : 29,  "end" : 32 }, 
        {"sofa" : 1,  "begin" : 33,  "end" : 35 }, 
        {"sofa" : 1,  "begin" : 36,  "end" : 38 }, 
        {"sofa" : 1,  "begin" : 39,  "end" : 42 }, 
        {"sofa" : 1,  "begin" : 43,  "end" : 44 }, 
        {"sofa" : 1,  "begin" : 45,  "end" : 52 }, 
        {"sofa" : 1,  "begin" : 53,  "end" : 56 }, 
        {"sofa" : 1,  "begin" : 57,  "end" : 64 }, 
        {"sofa" : 1,  "begin" : 65,  "end" : 69 }, 
        {"sofa" : 1,  "begin" : 70,  "end" : 71 }, 
        {"sofa" : 1,  "begin" : 72,  "end" : 75 }, 
        {"sofa" : 1,  "begin" : 76,  "end" : 81 }, 
        {"sofa" : 1,  "begin" : 82,  "end" : 84 }, 
        {"sofa" : 1,  "begin" : 85,  "end" : 86 }, 
        {"sofa" : 1,  "begin" : 87,  "end" : 93 }, 
        {"sofa" : 1,  "begin" : 94,  "end" : 98 }, 
        {"sofa" : 1,  "begin" : 99,  "end" : 100 }, 
        {"sofa" : 1,  "begin" : 101,  "end" : 104 }, 
        {"sofa" : 1,  "begin" : 105,  "end" : 112 }, 
        {"sofa" : 1,  "begin" : 113,  "end" : 117 }, 
        {"sofa" : 1,  "begin" : 118,  "end" : 121 }, 
        {"sofa" : 1,  "begin" : 122,  "end" : 128 }, 
        {"sofa" : 1,  "begin" : 129,  "end" : 132 }, 
        {"sofa" : 1,  "begin" : 133,  "end" : 134 }, 
        {"sofa" : 1,  "begin" : 135,  "end" : 138 }, 
        {"sofa" : 1,  "begin" : 139,  "end" : 149 }, 
        {"sofa" : 1,  "begin" : 150,  "end" : 161 }, 
        {"sofa" : 1,  "begin" : 162,  "end" : 168 }, 
        {"sofa" : 1,  "begin" : 169,  "end" : 172 }, 
        {"sofa" : 1,  "begin" : 173,  "end" : 177 }, 
        {"sofa" : 1,  "begin" : 178,  "end" : 180 }, 
        {"sofa" : 1,  "begin" : 181,  "end" : 184 }, 
        {"sofa" : 1,  "begin" : 185,  "end" : 188 }, 
        {"sofa" : 1,  "begin" : 189,  "end" : 191 }, 
        {"sofa" : 1,  "begin" : 192,  "end" : 193 }, 
        {"sofa" : 1,  "begin" : 194,  "end" : 195 }, 
        {"sofa" : 1,  "begin" : 196,  "end" : 198 }, 
        {"sofa" : 1,  "begin" : 199,  "end" : 202 }, 
        {"sofa" : 1,  "begin" : 203,  "end" : 206 }, 
        {"sofa" : 1,  "begin" : 207,  "end" : 213 }, 
        {"sofa" : 1,  "begin" : 214,  "end" : 215 }, 
        {"sofa" : 1,  "begin" : 216,  "end" : 217 }, 
        {"sofa" : 1,  "begin" : 218,  "end" : 222 }, 
        {"sofa" : 1,  "begin" : 223,  "end" : 226 }, 
        {"sofa" : 1,  "begin" : 227,  "end" : 228 }, 
        {"sofa" : 1,  "begin" : 229,  "end" : 230 }, 
        {"sofa" : 1,  "begin" : 231,  "end" : 234 }, 
        {"sofa" : 1,  "begin" : 235,  "end" : 238 }, 
        {"sofa" : 1,  "begin" : 239,  "end" : 244 }, 
        {"sofa" : 1,  "begin" : 245,  "end" : 249 }, 
        {"sofa" : 1,  "begin" : 250,  "end" : 255 }, 
        {"sofa" : 1,  "begin" : 256,  "end" : 260 }, 
        {"sofa" : 1,  "begin" : 261,  "end" : 262 }, 
        {"sofa" : 1,  "begin" : 263,  "end" : 264 }, 
        {"sofa" : 1,  "begin" : 265,  "end" : 267 }, 
        {"sofa" : 1,  "begin" : 268,  "end" : 271 }, 
        {"sofa" : 1,  "begin" : 272,  "end" : 275 }, 
        {"sofa" : 1,  "begin" : 276,  "end" : 282 }, 
        {"sofa" : 1,  "begin" : 283,  "end" : 286 }, 
        {"sofa" : 1,  "begin" : 287,  "end" : 291 }, 
        {"sofa" : 1,  "begin" : 292,  "end" : 293 }, 
        {"sofa" : 1,  "begin" : 294,  "end" : 302 }, 
        {"sofa" : 1,  "begin" : 303,  "end" : 304 }, 
        {"sofa" : 1,  "begin" : 305,  "end" : 306 }, 
        {"sofa" : 1,  "begin" : 307,  "end" : 308 }, 
        {"sofa" : 1,  "begin" : 309,  "end" : 311 }, 
        {"sofa" : 1,  "begin" : 312,  "end" : 315 }, 
        {"sofa" : 1,  "begin" : 316,  "end" : 322 }, 
        {"sofa" : 1,  "begin" : 323,  "end" : 325 }, 
        {"sofa" : 1,  "begin" : 326,  "end" : 329 }, 
        {"sofa" : 1,  "begin" : 330,  "end" : 334 }, 
        {"sofa" : 1,  "begin" : 335,  "end" : 340 }, 
        {"sofa" : 1,  "begin" : 341,  "end" : 346 }, 
        {"sofa" : 1,  "begin" : 347,  "end" : 353 }, 
        {"sofa" : 1,  "begin" : 354,  "end" : 359 }, 
        {"sofa" : 1,  "begin" : 360,  "end" : 361 }, 
        {"sofa" : 1,  "begin" : 362,  "end" : 363 }, 
        {"sofa" : 1,  "begin" : 364,  "end" : 368 }, 
        {"sofa" : 1,  "begin" : 369,  "end" : 372 }, 
        {"sofa" : 1,  "begin" : 373,  "end" : 377 }, 
        {"sofa" : 1,  "begin" : 378,  "end" : 379 }, 
        {"sofa" : 1,  "begin" : 380,  "end" : 381 }, 
        {"sofa" : 1,  "begin" : 382,  "end" : 385 }, 
        {"sofa" : 1,  "begin" : 386,  "end" : 389 }, 
        {"sofa" : 1,  "begin" : 390,  "end" : 393 }, 
        {"sofa" : 1,  "begin" : 394,  "end" : 398 }, 
        {"sofa" : 1,  "begin" : 399,  "end" : 403 }, 
        {"sofa" : 1,  "begin" : 404,  "end" : 405 }, 
        {"sofa" : 1,  "begin" : 406,  "end" : 410 }, 
        {"sofa" : 1,  "begin" : 411,  "end" : 415 }, 
        {"sofa" : 1,  "begin" : 416,  "end" : 418 }, 
        {"sofa" : 1,  "begin" : 419,  "end" : 420 }, 
        {"sofa" : 1,  "begin" : 421,  "end" : 424 }, 
        {"sofa" : 1,  "begin" : 425,  "end" : 426 }, 
        {"sofa" : 1,  "begin" : 427,  "end" : 430 }, 
        {"sofa" : 1,  "begin" : 431,  "end" : 432 }, 
        {"sofa" : 1,  "begin" : 433,  "end" : 439 }, 
        {"sofa" : 1,  "begin" : 440,  "end" : 442 }, 
        {"sofa" : 1,  "begin" : 443,  "end" : 450 }, 
        {"sofa" : 1,  "begin" : 451,  "end" : 457 }, 
        {"sofa" : 1,  "begin" : 458,  "end" : 460 }, 
        {"sofa" : 1,  "begin" : 461,  "end" : 464 }, 
        {"sofa" : 1,  "begin" : 465,  "end" : 468 }, 
        {"sofa" : 1,  "begin" : 469,  "end" : 471 }, 
        {"sofa" : 1,  "begin" : 472,  "end" : 475 }, 
        {"sofa" : 1,  "begin" : 476,  "end" : 479 }, 
        {"sofa" : 1,  "begin" : 480,  "end" : 484 }, 
        {"sofa" : 1,  "begin" : 485,  "end" : 487 }, 
        {"sofa" : 1,  "begin" : 488,  "end" : 494 }, 
        {"sofa" : 1,  "begin" : 495,  "end" : 500 }, 
        {"sofa" : 1,  "begin" : 501,  "end" : 505 }, 
        {"sofa" : 1,  "begin" : 506,  "end" : 509 }, 
        {"sofa" : 1,  "begin" : 510,  "end" : 513 }, 
        {"sofa" : 1,  "begin" : 514,  "end" : 516 }, 
        {"sofa" : 1,  "begin" : 517,  "end" : 522 }, 
        {"sofa" : 1,  "begin" : 523,  "end" : 524 }, 
        {"sofa" : 1,  "begin" : 525,  "end" : 526 }, 
        {"sofa" : 1,  "begin" : 527,  "end" : 533 }, 
        {"sofa" : 1,  "begin" : 534,  "end" : 536 }, 
        {"sofa" : 1,  "begin" : 537,  "end" : 543 }, 
        {"sofa" : 1,  "begin" : 544,  "end" : 548 }, 
        {"sofa" : 1,  "begin" : 549,  "end" : 556 }, 
        {"sofa" : 1,  "begin" : 557,  "end" : 558 }, 
        {"sofa" : 1,  "begin" : 559,  "end" : 560 } ], 
      "PartsofCause" : [1900,  1874,  1887,  1740,  1753,  1766,  1805,  1943,  1956,  1818,  1831 ], 
      "TypesofCause" : [
        {"sofa" : 1,  "begin" : 169,  "end" : 177,  "Dependent" : 1900,  "Governor" : 1874,  "TypesofCause" : "Cause" }, 
        {"sofa" : 1,  "begin" : 185,  "end" : 191,  "Dependent" : 1887,  "Governor" : 1874,  "TypesofCause" : "Effect" }, 
        {"sofa" : 1,  "begin" : 199,  "end" : 213,  "Dependent" : 1753,  "Governor" : 1740,  "TypesofCause" : "Cause" }, 
        {"sofa" : 1,  "begin" : 231,  "end" : 260,  "Dependent" : 1766,  "Governor" : 1740,  "TypesofCause" : "Effect" }, 
        {"sofa" : 1,  "begin" : 461,  "end" : 471,  "Dependent" : 1805,  "Governor" : 1818,  "TypesofCause" : "Effect" }, 
        {"sofa" : 1,  "begin" : 465,  "end" : 471,  "Dependent" : 1956,  "Governor" : 1943,  "TypesofCause" : "Effect" }, 
        {"sofa" : 1,  "begin" : 476,  "end" : 522,  "Dependent" : 1831,  "Governor" : 1818,  "TypesofCause" : "Cause" } ] } }, 
  "_referenced_fss" : {
    "1" : {"_type" : "Sofa",  "sofaNum" : 1,  "sofaID" : "_InitialView",  "mimeType" : "text",  "sofaString" : "A NIGHTINGALE sitting on the top of an oak , singing her evening song , was spied by a hungry Hawk , who swooped down and seized her .\nThe frightened Nightingale prayed the Hawk to let her go .\n“ If you are hungry , ” said she , “ why not catch some large bird ?\nI am not big enough for even a luncheon . ”\n“ Do you happen to see many large birds flying about ? ”\nsaid the Hawk .\n“ You are the only bird I have seen to - day , and I should be foolish indeed to let you go for the sake of larger birds that are not in sight .\nA morsel is better than nothing . ”" }, 
    "1900" : {"_type" : "PartsofCause",  "sofa" : 1,  "begin" : 169,  "end" : 177,  "PartsofCause" : "Argument" }, 
    "1874" : {"_type" : "PartsofCause",  "sofa" : 1,  "begin" : 181,  "end" : 184,  "PartsofCause" : "Enabling" }, 
    "1887" : {"_type" : "PartsofCause",  "sofa" : 1,  "begin" : 185,  "end" : 191,  "PartsofCause" : "Argument" }, 
    "1753" : {"_type" : "PartsofCause",  "sofa" : 1,  "begin" : 199,  "end" : 213,  "PartsofCause" : "Argument" }, 
    "1740" : {"_type" : "PartsofCause",  "sofa" : 1,  "begin" : 196,  "end" : 198,  "PartsofCause" : "Causing" }, 
    "1766" : {"_type" : "PartsofCause",  "sofa" : 1,  "begin" : 231,  "end" : 260,  "PartsofCause" : "Argument" }, 
    "1805" : {"_type" : "PartsofCause",  "sofa" : 1,  "begin" : 461,  "end" : 471,  "PartsofCause" : "Argument" }, 
    "1818" : {"_type" : "PartsofCause",  "sofa" : 1,  "begin" : 472,  "end" : 475,  "PartsofCause" : "Causing" }, 
    "1956" : {"_type" : "PartsofCause",  "sofa" : 1,  "begin" : 465,  "end" : 471,  "PartsofCause" : "Argument" }, 
    "1943" : {"_type" : "PartsofCause",  "sofa" : 1,  "begin" : 461,  "end" : 464,  "PartsofCause" : "Enabling" }, 
    "1831" : {"_type" : "PartsofCause",  "sofa" : 1,  "begin" : 476,  "end" : 522,  "PartsofCause" : "Argument" }, 
    "1980" : {"_type" : "LayerDefinition",  "name" : "webanno.custom.DisjointCausalSpans",  "uiName" : "Disjoint Causal Spans" }, 
    "1998" : {"_type" : "LayerDefinition",  "name" : "webanno.custom.TypesofCause",  "uiName" : "Types of Cause" }, 
    "1991" : {"_type" : "LayerDefinition",  "name" : "webanno.custom.PartsofCause",  "uiName" : "Parts of Cause" } } }