{"_context" : {
    "_types" : {
      "DocumentMetaData" : {
        "_feature_types" : {"sofa" : "_ref" } }, 
      "FeatureDefinition" : {
        "_feature_types" : {"layer" : "_ref" } }, 
      "LayerDefinition" : { }, 
      "PartsofCause" : {
        "_feature_types" : {"sofa" : "_ref" } }, 
      "Sentence" : {
        "_feature_types" : {"sofa" : "_ref" } }, 
      "Sofa" : {
        "_feature_types" : {"sofaArray" : "_ref" } }, 
      "TagsetDescription" : {
        "_feature_types" : {"sofa" : "_ref",  "tags" : "_ref" } }, 
      "Token" : {
        "_feature_types" : {"sofa" : "_ref",  "parent" : "_ref",  "lemma" : "_ref",  "stem" : "_ref",  "pos" : "_ref",  "morph" : "_ref",  "form" : "_ref" } }, 
      "TypesofCause" : {
        "_feature_types" : {"sofa" : "_ref",  "Dependent" : "_ref",  "Governor" : "_ref" } }, 
      "DocumentAnnotation" : {
        "_feature_types" : {"sofa" : "_ref" }, 
        "_subtypes" : ["DocumentMetaData" ] }, 
      "Annotation" : {
        "_feature_types" : {"sofa" : "_ref" }, 
        "_subtypes" : ["DocumentAnnotation",  "PartsofCause",  "Sentence",  "TagsetDescription",  "Token",  "TypesofCause" ] }, 
      "AnnotationBase" : {
        "_feature_types" : {"sofa" : "_ref" }, 
        "_subtypes" : ["Annotation" ] }, 
      "TOP" : {
        "_subtypes" : ["AnnotationBase",  "FeatureDefinition",  "LayerDefinition",  "Sofa" ] } } }, 
  "_views" : {
    "_InitialView" : {
      "FeatureDefinition" : [
        {"layer" : 2154,  "name" : "referenceRelation",  "uiName" : "Reference Relation" }, 
        {"layer" : 2154,  "name" : "referenceType",  "uiName" : "Reference Type" }, 
        {"layer" : 2165,  "name" : "PartsofCause",  "uiName" : "Parts of Cause" }, 
        {"layer" : 2172,  "name" : "TypesofCause",  "uiName" : "Types of Cause" } ], 
      "LayerDefinition" : [2154,  2165,  2172 ], 
      "DocumentMetaData" : [
        {"sofa" : 1,  "end" : 703,  "language" : "x-unspecified",  "documentTitle" : "reddit-047.txt",  "documentId" : "AYC",  "documentUri" : "file:/srv/inception/repository/project/2/document/2449/source/AYC",  "collectionId" : "file:/srv/inception/repository/project/2/document/2449/source/",  "documentBaseUri" : "file:/srv/inception/repository/project/2/document/2449/source/",  "isLastSegment" : false } ], 
      "TagsetDescription" : [
        {"sofa" : 1,  "layer" : "webanno.custom.PartsofCause",  "name" : "Parts of Cause",  "input" : false }, 
        {"sofa" : 1,  "layer" : "webanno.custom.TypesofCause",  "name" : "Causal Relations",  "input" : false } ], 
      "Sentence" : [
        {"sofa" : 1,  "end" : 185 }, 
        {"sofa" : 1,  "begin" : 186,  "end" : 271 }, 
        {"sofa" : 1,  "begin" : 272,  "end" : 327 }, 
        {"sofa" : 1,  "begin" : 328,  "end" : 367 }, 
        {"sofa" : 1,  "begin" : 368,  "end" : 515 }, 
        {"sofa" : 1,  "begin" : 516,  "end" : 649 }, 
        {"sofa" : 1,  "begin" : 650,  "end" : 703 } ], 
      "Token" : [
        {"sofa" : 1,  "end" : 2 }, 
        {"sofa" : 1,  "begin" : 3,  "end" : 4 }, 
        {"sofa" : 1,  "begin" : 5,  "end" : 7 }, 
        {"sofa" : 1,  "begin" : 8,  "end" : 12 }, 
        {"sofa" : 1,  "begin" : 13,  "end" : 16 }, 
        {"sofa" : 1,  "begin" : 17,  "end" : 23 }, 
        {"sofa" : 1,  "begin" : 24,  "end" : 32 }, 
        {"sofa" : 1,  "begin" : 33,  "end" : 37 }, 
        {"sofa" : 1,  "begin" : 38,  "end" : 47 }, 
        {"sofa" : 1,  "begin" : 48,  "end" : 55 }, 
        {"sofa" : 1,  "begin" : 56,  "end" : 59 }, 
        {"sofa" : 1,  "begin" : 60,  "end" : 61 }, 
        {"sofa" : 1,  "begin" : 62,  "end" : 65 }, 
        {"sofa" : 1,  "begin" : 66,  "end" : 68 }, 
        {"sofa" : 1,  "begin" : 69,  "end" : 76 }, 
        {"sofa" : 1,  "begin" : 77,  "end" : 79 }, 
        {"sofa" : 1,  "begin" : 80,  "end" : 84 }, 
        {"sofa" : 1,  "begin" : 85,  "end" : 89 }, 
        {"sofa" : 1,  "begin" : 90,  "end" : 94 }, 
        {"sofa" : 1,  "begin" : 95,  "end" : 99 }, 
        {"sofa" : 1,  "begin" : 100,  "end" : 103 }, 
        {"sofa" : 1,  "begin" : 104,  "end" : 107 }, 
        {"sofa" : 1,  "begin" : 108,  "end" : 112 }, 
        {"sofa" : 1,  "begin" : 113,  "end" : 120 }, 
        {"sofa" : 1,  "begin" : 121,  "end" : 122 }, 
        {"sofa" : 1,  "begin" : 123,  "end" : 126 }, 
        {"sofa" : 1,  "begin" : 127,  "end" : 134 }, 
        {"sofa" : 1,  "begin" : 135,  "end" : 137 }, 
        {"sofa" : 1,  "begin" : 138,  "end" : 143 }, 
        {"sofa" : 1,  "begin" : 144,  "end" : 145 }, 
        {"sofa" : 1,  "begin" : 146,  "end" : 150 }, 
        {"sofa" : 1,  "begin" : 151,  "end" : 153 }, 
        {"sofa" : 1,  "begin" : 154,  "end" : 155 }, 
        {"sofa" : 1,  "begin" : 156,  "end" : 160 }, 
        {"sofa" : 1,  "begin" : 161,  "end" : 165 }, 
        {"sofa" : 1,  "begin" : 166,  "end" : 170 }, 
        {"sofa" : 1,  "begin" : 171,  "end" : 173 }, 
        {"sofa" : 1,  "begin" : 174,  "end" : 177 }, 
        {"sofa" : 1,  "begin" : 178,  "end" : 183 }, 
        {"sofa" : 1,  "begin" : 184,  "end" : 185 }, 
        {"sofa" : 1,  "begin" : 186,  "end" : 192 }, 
        {"sofa" : 1,  "begin" : 193,  "end" : 196 }, 
        {"sofa" : 1,  "begin" : 197,  "end" : 200 }, 
        {"sofa" : 1,  "begin" : 201,  "end" : 212 }, 
        {"sofa" : 1,  "begin" : 213,  "end" : 217 }, 
        {"sofa" : 1,  "begin" : 218,  "end" : 224 }, 
        {"sofa" : 1,  "begin" : 225,  "end" : 227 }, 
        {"sofa" : 1,  "begin" : 228,  "end" : 231 }, 
        {"sofa" : 1,  "begin" : 232,  "end" : 235 }, 
        {"sofa" : 1,  "begin" : 236,  "end" : 239 }, 
        {"sofa" : 1,  "begin" : 240,  "end" : 242 }, 
        {"sofa" : 1,  "begin" : 243,  "end" : 250 }, 
        {"sofa" : 1,  "begin" : 251,  "end" : 253 }, 
        {"sofa" : 1,  "begin" : 254,  "end" : 258 }, 
        {"sofa" : 1,  "begin" : 259,  "end" : 261 }, 
        {"sofa" : 1,  "begin" : 262,  "end" : 269 }, 
        {"sofa" : 1,  "begin" : 270,  "end" : 271 }, 
        {"sofa" : 1,  "begin" : 272,  "end" : 275 }, 
        {"sofa" : 1,  "begin" : 276,  "end" : 280 }, 
        {"sofa" : 1,  "begin" : 281,  "end" : 282 }, 
        {"sofa" : 1,  "begin" : 283,  "end" : 285 }, 
        {"sofa" : 1,  "begin" : 286,  "end" : 290 }, 
        {"sofa" : 1,  "begin" : 291,  "end" : 292 }, 
        {"sofa" : 1,  "begin" : 293,  "end" : 297 }, 
        {"sofa" : 1,  "begin" : 298,  "end" : 302 }, 
        {"sofa" : 1,  "begin" : 303,  "end" : 307 }, 
        {"sofa" : 1,  "begin" : 308,  "end" : 313 }, 
        {"sofa" : 1,  "begin" : 314,  "end" : 318 }, 
        {"sofa" : 1,  "begin" : 319,  "end" : 325 }, 
        {"sofa" : 1,  "begin" : 326,  "end" : 327 }, 
        {"sofa" : 1,  "begin" : 328,  "end" : 334 }, 
        {"sofa" : 1,  "begin" : 335,  "end" : 344 }, 
        {"sofa" : 1,  "begin" : 345,  "end" : 347 }, 
        {"sofa" : 1,  "begin" : 348,  "end" : 354 }, 
        {"sofa" : 1,  "begin" : 355,  "end" : 357 }, 
        {"sofa" : 1,  "begin" : 358,  "end" : 361 }, 
        {"sofa" : 1,  "begin" : 362,  "end" : 365 }, 
        {"sofa" : 1,  "begin" : 366,  "end" : 367 }, 
        {"sofa" : 1,  "begin" : 368,  "end" : 369 }, 
        {"sofa" : 1,  "begin" : 370,  "end" : 381 }, 
        {"sofa" : 1,  "begin" : 382,  "end" : 384 }, 
        {"sofa" : 1,  "begin" : 385,  "end" : 387 }, 
        {"sofa" : 1,  "begin" : 388,  "end" : 395 }, 
        {"sofa" : 1,  "begin" : 396,  "end" : 399 }, 
        {"sofa" : 1,  "begin" : 400,  "end" : 404 }, 
        {"sofa" : 1,  "begin" : 405,  "end" : 406 }, 
        {"sofa" : 1,  "begin" : 407,  "end" : 410 }, 
        {"sofa" : 1,  "begin" : 411,  "end" : 412 }, 
        {"sofa" : 1,  "begin" : 413,  "end" : 417 }, 
        {"sofa" : 1,  "begin" : 418,  "end" : 421 }, 
        {"sofa" : 1,  "begin" : 422,  "end" : 426 }, 
        {"sofa" : 1,  "begin" : 427,  "end" : 430 }, 
        {"sofa" : 1,  "begin" : 431,  "end" : 436 }, 
        {"sofa" : 1,  "begin" : 437,  "end" : 440 }, 
        {"sofa" : 1,  "begin" : 441,  "end" : 444 }, 
        {"sofa" : 1,  "begin" : 445,  "end" : 446 }, 
        {"sofa" : 1,  "begin" : 447,  "end" : 451 }, 
        {"sofa" : 1,  "begin" : 452,  "end" : 455 }, 
        {"sofa" : 1,  "begin" : 456,  "end" : 461 }, 
        {"sofa" : 1,  "begin" : 462,  "end" : 465 }, 
        {"sofa" : 1,  "begin" : 466,  "end" : 470 }, 
        {"sofa" : 1,  "begin" : 471,  "end" : 480 }, 
        {"sofa" : 1,  "begin" : 481,  "end" : 483 }, 
        {"sofa" : 1,  "begin" : 484,  "end" : 487 }, 
        {"sofa" : 1,  "begin" : 488,  "end" : 493 }, 
        {"sofa" : 1,  "begin" : 494,  "end" : 496 }, 
        {"sofa" : 1,  "begin" : 497,  "end" : 501 }, 
        {"sofa" : 1,  "begin" : 502,  "end" : 504 }, 
        {"sofa" : 1,  "begin" : 505,  "end" : 513 }, 
        {"sofa" : 1,  "begin" : 514,  "end" : 515 }, 
        {"sofa" : 1,  "begin" : 516,  "end" : 517 }, 
        {"sofa" : 1,  "begin" : 518,  "end" : 520 }, 
        {"sofa" : 1,  "begin" : 521,  "end" : 524 }, 
        {"sofa" : 1,  "begin" : 525,  "end" : 529 }, 
        {"sofa" : 1,  "begin" : 530,  "end" : 533 }, 
        {"sofa" : 1,  "begin" : 534,  "end" : 536 }, 
        {"sofa" : 1,  "begin" : 537,  "end" : 546 }, 
        {"sofa" : 1,  "begin" : 547,  "end" : 553 }, 
        {"sofa" : 1,  "begin" : 554,  "end" : 556 }, 
        {"sofa" : 1,  "begin" : 557,  "end" : 563 }, 
        {"sofa" : 1,  "begin" : 564,  "end" : 566 }, 
        {"sofa" : 1,  "begin" : 567,  "end" : 568 }, 
        {"sofa" : 1,  "begin" : 569,  "end" : 572 }, 
        {"sofa" : 1,  "begin" : 573,  "end" : 575 }, 
        {"sofa" : 1,  "begin" : 576,  "end" : 582 }, 
        {"sofa" : 1,  "begin" : 583,  "end" : 590 }, 
        {"sofa" : 1,  "begin" : 591,  "end" : 595 }, 
        {"sofa" : 1,  "begin" : 596,  "end" : 600 }, 
        {"sofa" : 1,  "begin" : 601,  "end" : 605 }, 
        {"sofa" : 1,  "begin" : 606,  "end" : 612 }, 
        {"sofa" : 1,  "begin" : 613,  "end" : 618 }, 
        {"sofa" : 1,  "begin" : 619,  "end" : 625 }, 
        {"sofa" : 1,  "begin" : 626,  "end" : 631 }, 
        {"sofa" : 1,  "begin" : 632,  "end" : 634 }, 
        {"sofa" : 1,  "begin" : 635,  "end" : 641 }, 
        {"sofa" : 1,  "begin" : 642,  "end" : 647 }, 
        {"sofa" : 1,  "begin" : 648,  "end" : 649 }, 
        {"sofa" : 1,  "begin" : 650,  "end" : 651 }, 
        {"sofa" : 1,  "begin" : 652,  "end" : 656 }, 
        {"sofa" : 1,  "begin" : 657,  "end" : 661 }, 
        {"sofa" : 1,  "begin" : 662,  "end" : 664 }, 
        {"sofa" : 1,  "begin" : 665,  "end" : 669 }, 
        {"sofa" : 1,  "begin" : 670,  "end" : 671 }, 
        {"sofa" : 1,  "begin" : 672,  "end" : 674 }, 
        {"sofa" : 1,  "begin" : 675,  "end" : 678 }, 
        {"sofa" : 1,  "begin" : 679,  "end" : 684 }, 
        {"sofa" : 1,  "begin" : 685,  "end" : 687 }, 
        {"sofa" : 1,  "begin" : 688,  "end" : 695 }, 
        {"sofa" : 1,  "begin" : 696,  "end" : 701 }, 
        {"sofa" : 1,  "begin" : 702,  "end" : 703 } ], 
      "PartsofCause" : [2034,  2008,  2021,  2077,  2090,  2103 ], 
      "TypesofCause" : [
        {"sofa" : 1,  "begin" : 60,  "end" : 76,  "Dependent" : 2034,  "Governor" : 2008,  "TypesofCause" : "Effect" }, 
        {"sofa" : 1,  "begin" : 80,  "end" : 120,  "Dependent" : 2021,  "Governor" : 2008,  "TypesofCause" : "Cause" }, 
        {"sofa" : 1,  "begin" : 567,  "end" : 572,  "Dependent" : 2077,  "Governor" : 2090,  "TypesofCause" : "Cause" }, 
        {"sofa" : 1,  "begin" : 576,  "end" : 590,  "Dependent" : 2103,  "Governor" : 2090,  "TypesofCause" : "Effect" } ] } }, 
  "_referenced_fss" : {
    "1" : {"_type" : "Sofa",  "sofaNum" : 1,  "sofaID" : "_InitialView",  "mimeType" : "text",  "sofaString" : "Im a 21 year old junior transfer from community college and I was so excited to move away from home and get into college I was working 50 hours a week in a body shop full of old dudes .\nBarely had any interaction with people my age and was so excited to come to college .\nNow that I 'm here I feel even more alone than before .\nAround thousands of people my own age .\nI participate in my classes and have a job i have n't done any clubs yet but i have n't found one that interests me and lines up with my schedule .\nI do n't know how to introduce myself to people in a way to become friends only just nice little chats before after or during class .\nI just want to know I 'm not alone in feeling alone ." }, 
    "2034" : {"_type" : "PartsofCause",  "sofa" : 1,  "begin" : 60,  "end" : 76,  "PartsofCause" : "Argument" }, 
    "2008" : {"_type" : "PartsofCause",  "sofa" : 1,  "begin" : 77,  "end" : 79,  "PartsofCause" : "Causing" }, 
    "2021" : {"_type" : "PartsofCause",  "sofa" : 1,  "begin" : 80,  "end" : 120,  "PartsofCause" : "Argument" }, 
    "2077" : {"_type" : "PartsofCause",  "sofa" : 1,  "begin" : 567,  "end" : 572,  "PartsofCause" : "Argument" }, 
    "2090" : {"_type" : "PartsofCause",  "sofa" : 1,  "begin" : 573,  "end" : 575,  "PartsofCause" : "Enabling" }, 
    "2103" : {"_type" : "PartsofCause",  "sofa" : 1,  "begin" : 576,  "end" : 590,  "PartsofCause" : "Argument" }, 
    "2165" : {"_type" : "LayerDefinition",  "name" : "webanno.custom.PartsofCause",  "uiName" : "Parts of Cause" }, 
    "2172" : {"_type" : "LayerDefinition",  "name" : "webanno.custom.TypesofCause",  "uiName" : "Types of Cause" }, 
    "2154" : {"_type" : "LayerDefinition",  "name" : "webanno.custom.DisjointCausalSpans",  "uiName" : "Disjoint Causal Spans" } } }