{"_context" : {
    "_types" : {
      "DocumentMetaData" : {
        "_feature_types" : {"sofa" : "_ref" } }, 
      "FeatureDefinition" : {
        "_feature_types" : {"layer" : "_ref" } }, 
      "LayerDefinition" : { }, 
      "PartsofCause" : {
        "_feature_types" : {"sofa" : "_ref" } }, 
      "Sentence" : {
        "_feature_types" : {"sofa" : "_ref" } }, 
      "Sofa" : {
        "_feature_types" : {"sofaArray" : "_ref" } }, 
      "TagsetDescription" : {
        "_feature_types" : {"sofa" : "_ref",  "tags" : "_ref" } }, 
      "Token" : {
        "_feature_types" : {"sofa" : "_ref",  "parent" : "_ref",  "lemma" : "_ref",  "stem" : "_ref",  "pos" : "_ref",  "morph" : "_ref",  "form" : "_ref" } }, 
      "TypesofCause" : {
        "_feature_types" : {"sofa" : "_ref",  "Dependent" : "_ref",  "Governor" : "_ref" } }, 
      "DocumentAnnotation" : {
        "_feature_types" : {"sofa" : "_ref" }, 
        "_subtypes" : ["DocumentMetaData" ] }, 
      "Annotation" : {
        "_feature_types" : {"sofa" : "_ref" }, 
        "_subtypes" : ["DocumentAnnotation",  "PartsofCause",  "Sentence",  "TagsetDescription",  "Token",  "TypesofCause" ] }, 
      "AnnotationBase" : {
        "_feature_types" : {"sofa" : "_ref" }, 
        "_subtypes" : ["Annotation" ] }, 
      "TOP" : {
        "_subtypes" : ["AnnotationBase",  "FeatureDefinition",  "LayerDefinition",  "Sofa" ] } } }, 
  "_views" : {
    "_InitialView" : {
      "FeatureDefinition" : [
        {"layer" : 2068,  "name" : "referenceRelation",  "uiName" : "Reference Relation" }, 
        {"layer" : 2068,  "name" : "referenceType",  "uiName" : "Reference Type" }, 
        {"layer" : 2079,  "name" : "PartsofCause",  "uiName" : "Parts of Cause" }, 
        {"layer" : 2086,  "name" : "TypesofCause",  "uiName" : "Types of Cause" } ], 
      "LayerDefinition" : [2068,  2079,  2086 ], 
      "DocumentMetaData" : [
        {"sofa" : 1,  "end" : 646,  "language" : "x-unspecified",  "documentTitle" : "fable-26.txt",  "documentId" : "GJW",  "documentUri" : "file:/srv/inception/repository/project/2/document/2328/source/GJW",  "collectionId" : "file:/srv/inception/repository/project/2/document/2328/source/",  "documentBaseUri" : "file:/srv/inception/repository/project/2/document/2328/source/",  "isLastSegment" : false } ], 
      "TagsetDescription" : [
        {"sofa" : 1,  "layer" : "webanno.custom.PartsofCause",  "name" : "Parts of Cause",  "input" : false }, 
        {"sofa" : 1,  "layer" : "webanno.custom.TypesofCause",  "name" : "Causal Relations",  "input" : false } ], 
      "Sentence" : [
        {"sofa" : 1,  "end" : 231 }, 
        {"sofa" : 1,  "begin" : 233,  "end" : 409 }, 
        {"sofa" : 1,  "begin" : 410,  "end" : 646 } ], 
      "Token" : [
        {"sofa" : 1,  "end" : 1 }, 
        {"sofa" : 1,  "begin" : 2,  "end" : 5 }, 
        {"sofa" : 1,  "begin" : 6,  "end" : 7 }, 
        {"sofa" : 1,  "begin" : 8,  "end" : 13 }, 
        {"sofa" : 1,  "begin" : 14,  "end" : 16 }, 
        {"sofa" : 1,  "begin" : 17,  "end" : 20 }, 
        {"sofa" : 1,  "begin" : 21,  "end" : 24 }, 
        {"sofa" : 1,  "begin" : 25,  "end" : 26 }, 
        {"sofa" : 1,  "begin" : 27,  "end" : 31 }, 
        {"sofa" : 1,  "begin" : 32,  "end" : 34 }, 
        {"sofa" : 1,  "begin" : 35,  "end" : 40 }, 
        {"sofa" : 1,  "begin" : 41,  "end" : 43 }, 
        {"sofa" : 1,  "begin" : 44,  "end" : 48 }, 
        {"sofa" : 1,  "begin" : 49,  "end" : 51 }, 
        {"sofa" : 1,  "begin" : 52,  "end" : 55 }, 
        {"sofa" : 1,  "begin" : 56,  "end" : 61 }, 
        {"sofa" : 1,  "begin" : 62,  "end" : 64 }, 
        {"sofa" : 1,  "begin" : 65,  "end" : 68 }, 
        {"sofa" : 1,  "begin" : 69,  "end" : 73 }, 
        {"sofa" : 1,  "begin" : 74,  "end" : 76 }, 
        {"sofa" : 1,  "begin" : 77,  "end" : 78 }, 
        {"sofa" : 1,  "begin" : 79,  "end" : 84 }, 
        {"sofa" : 1,  "begin" : 85,  "end" : 86 }, 
        {"sofa" : 1,  "begin" : 87,  "end" : 89 }, 
        {"sofa" : 1,  "begin" : 90,  "end" : 94 }, 
        {"sofa" : 1,  "begin" : 95,  "end" : 98 }, 
        {"sofa" : 1,  "begin" : 99,  "end" : 104 }, 
        {"sofa" : 1,  "begin" : 105,  "end" : 109 }, 
        {"sofa" : 1,  "begin" : 110,  "end" : 113 }, 
        {"sofa" : 1,  "begin" : 114,  "end" : 119 }, 
        {"sofa" : 1,  "begin" : 120,  "end" : 123 }, 
        {"sofa" : 1,  "begin" : 124,  "end" : 126 }, 
        {"sofa" : 1,  "begin" : 127,  "end" : 130 }, 
        {"sofa" : 1,  "begin" : 131,  "end" : 136 }, 
        {"sofa" : 1,  "begin" : 137,  "end" : 138 }, 
        {"sofa" : 1,  "begin" : 139,  "end" : 144 }, 
        {"sofa" : 1,  "begin" : 145,  "end" : 149 }, 
        {"sofa" : 1,  "begin" : 150,  "end" : 153 }, 
        {"sofa" : 1,  "begin" : 154,  "end" : 159 }, 
        {"sofa" : 1,  "begin" : 160,  "end" : 163 }, 
        {"sofa" : 1,  "begin" : 164,  "end" : 168 }, 
        {"sofa" : 1,  "begin" : 169,  "end" : 174 }, 
        {"sofa" : 1,  "begin" : 175,  "end" : 182 }, 
        {"sofa" : 1,  "begin" : 183,  "end" : 186 }, 
        {"sofa" : 1,  "begin" : 187,  "end" : 195 }, 
        {"sofa" : 1,  "begin" : 196,  "end" : 198 }, 
        {"sofa" : 1,  "begin" : 199,  "end" : 206 }, 
        {"sofa" : 1,  "begin" : 207,  "end" : 209 }, 
        {"sofa" : 1,  "begin" : 210,  "end" : 216 }, 
        {"sofa" : 1,  "begin" : 217,  "end" : 219 }, 
        {"sofa" : 1,  "begin" : 220,  "end" : 223 }, 
        {"sofa" : 1,  "begin" : 224,  "end" : 229 }, 
        {"sofa" : 1,  "begin" : 230,  "end" : 231 }, 
        {"sofa" : 1,  "begin" : 233,  "end" : 237 }, 
        {"sofa" : 1,  "begin" : 238,  "end" : 245 }, 
        {"sofa" : 1,  "begin" : 246,  "end" : 253 }, 
        {"sofa" : 1,  "begin" : 254,  "end" : 256 }, 
        {"sofa" : 1,  "begin" : 257,  "end" : 260 }, 
        {"sofa" : 1,  "begin" : 261,  "end" : 264 }, 
        {"sofa" : 1,  "begin" : 265,  "end" : 273 }, 
        {"sofa" : 1,  "begin" : 274,  "end" : 278 }, 
        {"sofa" : 1,  "begin" : 279,  "end" : 281 }, 
        {"sofa" : 1,  "begin" : 282,  "end" : 285 }, 
        {"sofa" : 1,  "begin" : 286,  "end" : 290 }, 
        {"sofa" : 1,  "begin" : 291,  "end" : 293 }, 
        {"sofa" : 1,  "begin" : 294,  "end" : 295 }, 
        {"sofa" : 1,  "begin" : 296,  "end" : 301 }, 
        {"sofa" : 1,  "begin" : 302,  "end" : 303 }, 
        {"sofa" : 1,  "begin" : 304,  "end" : 307 }, 
        {"sofa" : 1,  "begin" : 308,  "end" : 315 }, 
        {"sofa" : 1,  "begin" : 316,  "end" : 320 }, 
        {"sofa" : 1,  "begin" : 321,  "end" : 324 }, 
        {"sofa" : 1,  "begin" : 325,  "end" : 328 }, 
        {"sofa" : 1,  "begin" : 329,  "end" : 332 }, 
        {"sofa" : 1,  "begin" : 333,  "end" : 341 }, 
        {"sofa" : 1,  "begin" : 342,  "end" : 347 }, 
        {"sofa" : 1,  "begin" : 348,  "end" : 356 }, 
        {"sofa" : 1,  "begin" : 357,  "end" : 358 }, 
        {"sofa" : 1,  "begin" : 359,  "end" : 363 }, 
        {"sofa" : 1,  "begin" : 364,  "end" : 368 }, 
        {"sofa" : 1,  "begin" : 369,  "end" : 373 }, 
        {"sofa" : 1,  "begin" : 374,  "end" : 379 }, 
        {"sofa" : 1,  "begin" : 380,  "end" : 381 }, 
        {"sofa" : 1,  "begin" : 382,  "end" : 385 }, 
        {"sofa" : 1,  "begin" : 386,  "end" : 392 }, 
        {"sofa" : 1,  "begin" : 393,  "end" : 396 }, 
        {"sofa" : 1,  "begin" : 397,  "end" : 398 }, 
        {"sofa" : 1,  "begin" : 399,  "end" : 403 }, 
        {"sofa" : 1,  "begin" : 404,  "end" : 407 }, 
        {"sofa" : 1,  "begin" : 408,  "end" : 409 }, 
        {"sofa" : 1,  "begin" : 410,  "end" : 417 }, 
        {"sofa" : 1,  "begin" : 418,  "end" : 425 }, 
        {"sofa" : 1,  "begin" : 426,  "end" : 433 }, 
        {"sofa" : 1,  "begin" : 434,  "end" : 435 }, 
        {"sofa" : 1,  "begin" : 436,  "end" : 439 }, 
        {"sofa" : 1,  "begin" : 440,  "end" : 444 }, 
        {"sofa" : 1,  "begin" : 445,  "end" : 446 }, 
        {"sofa" : 1,  "begin" : 447,  "end" : 448 }, 
        {"sofa" : 1,  "begin" : 449,  "end" : 450 }, 
        {"sofa" : 1,  "begin" : 451,  "end" : 458 }, 
        {"sofa" : 1,  "begin" : 459,  "end" : 467 }, 
        {"sofa" : 1,  "begin" : 468,  "end" : 472 }, 
        {"sofa" : 1,  "begin" : 473,  "end" : 474 }, 
        {"sofa" : 1,  "begin" : 475,  "end" : 477 }, 
        {"sofa" : 1,  "begin" : 478,  "end" : 479 }, 
        {"sofa" : 1,  "begin" : 480,  "end" : 482 }, 
        {"sofa" : 1,  "begin" : 483,  "end" : 487 }, 
        {"sofa" : 1,  "begin" : 488,  "end" : 492 }, 
        {"sofa" : 1,  "begin" : 493,  "end" : 497 }, 
        {"sofa" : 1,  "begin" : 498,  "end" : 500 }, 
        {"sofa" : 1,  "begin" : 501,  "end" : 502 }, 
        {"sofa" : 1,  "begin" : 503,  "end" : 506 }, 
        {"sofa" : 1,  "begin" : 507,  "end" : 514 }, 
        {"sofa" : 1,  "begin" : 515,  "end" : 518 }, 
        {"sofa" : 1,  "begin" : 519,  "end" : 526 }, 
        {"sofa" : 1,  "begin" : 527,  "end" : 529 }, 
        {"sofa" : 1,  "begin" : 530,  "end" : 533 }, 
        {"sofa" : 1,  "begin" : 534,  "end" : 538 }, 
        {"sofa" : 1,  "begin" : 539,  "end" : 540 }, 
        {"sofa" : 1,  "begin" : 541,  "end" : 544 }, 
        {"sofa" : 1,  "begin" : 545,  "end" : 549 }, 
        {"sofa" : 1,  "begin" : 550,  "end" : 551 }, 
        {"sofa" : 1,  "begin" : 552,  "end" : 557 }, 
        {"sofa" : 1,  "begin" : 558,  "end" : 561 }, 
        {"sofa" : 1,  "begin" : 562,  "end" : 563 }, 
        {"sofa" : 1,  "begin" : 564,  "end" : 566 }, 
        {"sofa" : 1,  "begin" : 567,  "end" : 571 }, 
        {"sofa" : 1,  "begin" : 572,  "end" : 576 }, 
        {"sofa" : 1,  "begin" : 577,  "end" : 585 }, 
        {"sofa" : 1,  "begin" : 586,  "end" : 587 }, 
        {"sofa" : 1,  "begin" : 588,  "end" : 590 }, 
        {"sofa" : 1,  "begin" : 591,  "end" : 596 }, 
        {"sofa" : 1,  "begin" : 597,  "end" : 598 }, 
        {"sofa" : 1,  "begin" : 599,  "end" : 602 }, 
        {"sofa" : 1,  "begin" : 603,  "end" : 607 }, 
        {"sofa" : 1,  "begin" : 608,  "end" : 611 }, 
        {"sofa" : 1,  "begin" : 612,  "end" : 618 }, 
        {"sofa" : 1,  "begin" : 619,  "end" : 620 }, 
        {"sofa" : 1,  "begin" : 621,  "end" : 623 }, 
        {"sofa" : 1,  "begin" : 624,  "end" : 628 }, 
        {"sofa" : 1,  "begin" : 629,  "end" : 633 }, 
        {"sofa" : 1,  "begin" : 634,  "end" : 642 }, 
        {"sofa" : 1,  "begin" : 643,  "end" : 644 }, 
        {"sofa" : 1,  "begin" : 645,  "end" : 646 } ], 
      "PartsofCause" : [1919,  1910,  1928,  1987,  2021,  2008 ], 
      "TypesofCause" : [
        {"sofa" : 1,  "end" : 84,  "Dependent" : 1919,  "Governor" : 1910,  "TypesofCause" : "Cause" }, 
        {"sofa" : 1,  "begin" : 95,  "end" : 136,  "Dependent" : 1928,  "Governor" : 1910,  "TypesofCause" : "Effect" }, 
        {"sofa" : 1,  "begin" : 597,  "end" : 607,  "Dependent" : 1987,  "Governor" : 2021,  "TypesofCause" : "Effect" }, 
        {"sofa" : 1,  "begin" : 612,  "end" : 618,  "Dependent" : 2008,  "Governor" : 2021,  "TypesofCause" : "Cause" } ] } }, 
  "_referenced_fss" : {
    "1" : {"_type" : "Sofa",  "sofaNum" : 1,  "sofaID" : "_InitialView",  "mimeType" : "text",  "sofaString" : "A DOE , blind in one eye , used to graze as near as she could to the edge of a cliff , so that she might keep her blind eye to the water , while with the other she kept watch against the approach of hunters or hounds on the shore .\n Some boatmen sailing by saw her standing thus on the edge of a cliff , and finding that she did not perceive their approach , they came very close , and taking aim , shot her .\nFinding herself wounded , she said , “ O unhappy creature that I am , to take such care as I did against the dangers of the land , and then , after all , to find this seashore , to which I had come for safety , so much more perilous ! ”" }, 
    "1919" : {"_type" : "PartsofCause",  "sofa" : 1,  "end" : 84,  "PartsofCause" : "Argument" }, 
    "1910" : {"_type" : "PartsofCause",  "sofa" : 1,  "begin" : 87,  "end" : 89,  "PartsofCause" : "Enabling" }, 
    "1928" : {"_type" : "PartsofCause",  "sofa" : 1,  "begin" : 95,  "end" : 136,  "PartsofCause" : "Argument" }, 
    "1987" : {"_type" : "PartsofCause",  "sofa" : 1,  "begin" : 597,  "end" : 607,  "PartsofCause" : "Argument" }, 
    "2021" : {"_type" : "PartsofCause",  "sofa" : 1,  "begin" : 608,  "end" : 611,  "PartsofCause" : "Causing" }, 
    "2008" : {"_type" : "PartsofCause",  "sofa" : 1,  "begin" : 612,  "end" : 618,  "PartsofCause" : "Argument" }, 
    "2068" : {"_type" : "LayerDefinition",  "name" : "webanno.custom.DisjointCausalSpans",  "uiName" : "Disjoint Causal Spans" }, 
    "2086" : {"_type" : "LayerDefinition",  "name" : "webanno.custom.TypesofCause",  "uiName" : "Types of Cause" }, 
    "2079" : {"_type" : "LayerDefinition",  "name" : "webanno.custom.PartsofCause",  "uiName" : "Parts of Cause" } } }