{"_context" : {
    "_types" : {
      "DocumentMetaData" : {
        "_feature_types" : {"sofa" : "_ref" } }, 
      "FeatureDefinition" : {
        "_feature_types" : {"layer" : "_ref" } }, 
      "LayerDefinition" : { }, 
      "PartsofCause" : {
        "_feature_types" : {"sofa" : "_ref" } }, 
      "Sentence" : {
        "_feature_types" : {"sofa" : "_ref" } }, 
      "Sofa" : {
        "_feature_types" : {"sofaArray" : "_ref" } }, 
      "TagsetDescription" : {
        "_feature_types" : {"sofa" : "_ref",  "tags" : "_ref" } }, 
      "Token" : {
        "_feature_types" : {"sofa" : "_ref",  "parent" : "_ref",  "lemma" : "_ref",  "stem" : "_ref",  "pos" : "_ref",  "morph" : "_ref",  "form" : "_ref" } }, 
      "TypesofCause" : {
        "_feature_types" : {"sofa" : "_ref",  "Dependent" : "_ref",  "Governor" : "_ref" } }, 
      "DocumentAnnotation" : {
        "_feature_types" : {"sofa" : "_ref" }, 
        "_subtypes" : ["DocumentMetaData" ] }, 
      "Annotation" : {
        "_feature_types" : {"sofa" : "_ref" }, 
        "_subtypes" : ["DocumentAnnotation",  "PartsofCause",  "Sentence",  "TagsetDescription",  "Token",  "TypesofCause" ] }, 
      "AnnotationBase" : {
        "_feature_types" : {"sofa" : "_ref" }, 
        "_subtypes" : ["Annotation" ] }, 
      "TOP" : {
        "_subtypes" : ["AnnotationBase",  "FeatureDefinition",  "LayerDefinition",  "Sofa" ] } } }, 
  "_views" : {
    "_InitialView" : {
      "FeatureDefinition" : [
        {"layer" : 2021,  "name" : "referenceRelation",  "uiName" : "Reference Relation" }, 
        {"layer" : 2021,  "name" : "referenceType",  "uiName" : "Reference Type" }, 
        {"layer" : 2032,  "name" : "PartsofCause",  "uiName" : "Parts of Cause" }, 
        {"layer" : 2039,  "name" : "TypesofCause",  "uiName" : "Types of Cause" } ], 
      "LayerDefinition" : [2021,  2032,  2039 ], 
      "DocumentMetaData" : [
        {"sofa" : 1,  "end" : 536,  "language" : "x-unspecified",  "documentTitle" : "fable-02.txt",  "documentId" : "GJW",  "documentUri" : "file:/srv/inception/repository/project/2/document/2304/source/GJW",  "collectionId" : "file:/srv/inception/repository/project/2/document/2304/source/",  "documentBaseUri" : "file:/srv/inception/repository/project/2/document/2304/source/",  "isLastSegment" : false } ], 
      "TagsetDescription" : [
        {"sofa" : 1,  "layer" : "webanno.custom.PartsofCause",  "name" : "Parts of Cause",  "input" : false }, 
        {"sofa" : 1,  "layer" : "webanno.custom.TypesofCause",  "name" : "Causal Relations",  "input" : false } ], 
      "Sentence" : [
        {"sofa" : 1,  "end" : 78 }, 
        {"sofa" : 1,  "begin" : 79,  "end" : 244 }, 
        {"sofa" : 1,  "begin" : 245,  "end" : 308 }, 
        {"sofa" : 1,  "begin" : 309,  "end" : 387 }, 
        {"sofa" : 1,  "begin" : 388,  "end" : 536 } ], 
      "Token" : [
        {"sofa" : 1,  "end" : 1 }, 
        {"sofa" : 1,  "begin" : 2,  "end" : 8 }, 
        {"sofa" : 1,  "begin" : 9,  "end" : 13 }, 
        {"sofa" : 1,  "begin" : 14,  "end" : 17 }, 
        {"sofa" : 1,  "begin" : 18,  "end" : 20 }, 
        {"sofa" : 1,  "begin" : 21,  "end" : 22 }, 
        {"sofa" : 1,  "begin" : 23,  "end" : 27 }, 
        {"sofa" : 1,  "begin" : 28,  "end" : 30 }, 
        {"sofa" : 1,  "begin" : 31,  "end" : 35 }, 
        {"sofa" : 1,  "begin" : 36,  "end" : 41 }, 
        {"sofa" : 1,  "begin" : 42,  "end" : 46 }, 
        {"sofa" : 1,  "begin" : 47,  "end" : 54 }, 
        {"sofa" : 1,  "begin" : 55,  "end" : 58 }, 
        {"sofa" : 1,  "begin" : 59,  "end" : 65 }, 
        {"sofa" : 1,  "begin" : 66,  "end" : 69 }, 
        {"sofa" : 1,  "begin" : 70,  "end" : 72 }, 
        {"sofa" : 1,  "begin" : 73,  "end" : 76 }, 
        {"sofa" : 1,  "begin" : 77,  "end" : 78 }, 
        {"sofa" : 1,  "begin" : 79,  "end" : 81 }, 
        {"sofa" : 1,  "begin" : 82,  "end" : 85 }, 
        {"sofa" : 1,  "begin" : 86,  "end" : 89 }, 
        {"sofa" : 1,  "begin" : 90,  "end" : 93 }, 
        {"sofa" : 1,  "begin" : 94,  "end" : 97 }, 
        {"sofa" : 1,  "begin" : 98,  "end" : 104 }, 
        {"sofa" : 1,  "begin" : 105,  "end" : 109 }, 
        {"sofa" : 1,  "begin" : 110,  "end" : 114 }, 
        {"sofa" : 1,  "begin" : 115,  "end" : 116 }, 
        {"sofa" : 1,  "begin" : 117,  "end" : 120 }, 
        {"sofa" : 1,  "begin" : 121,  "end" : 123 }, 
        {"sofa" : 1,  "begin" : 124,  "end" : 129 }, 
        {"sofa" : 1,  "begin" : 130,  "end" : 134 }, 
        {"sofa" : 1,  "begin" : 135,  "end" : 137 }, 
        {"sofa" : 1,  "begin" : 138,  "end" : 140 }, 
        {"sofa" : 1,  "begin" : 141,  "end" : 143 }, 
        {"sofa" : 1,  "begin" : 144,  "end" : 149 }, 
        {"sofa" : 1,  "begin" : 150,  "end" : 158 }, 
        {"sofa" : 1,  "begin" : 159,  "end" : 162 }, 
        {"sofa" : 1,  "begin" : 163,  "end" : 166 }, 
        {"sofa" : 1,  "begin" : 167,  "end" : 172 }, 
        {"sofa" : 1,  "begin" : 173,  "end" : 174 }, 
        {"sofa" : 1,  "begin" : 175,  "end" : 182 }, 
        {"sofa" : 1,  "begin" : 183,  "end" : 189 }, 
        {"sofa" : 1,  "begin" : 190,  "end" : 197 }, 
        {"sofa" : 1,  "begin" : 198,  "end" : 199 }, 
        {"sofa" : 1,  "begin" : 200,  "end" : 202 }, 
        {"sofa" : 1,  "begin" : 203,  "end" : 205 }, 
        {"sofa" : 1,  "begin" : 206,  "end" : 212 }, 
        {"sofa" : 1,  "begin" : 213,  "end" : 220 }, 
        {"sofa" : 1,  "begin" : 221,  "end" : 223 }, 
        {"sofa" : 1,  "begin" : 224,  "end" : 231 }, 
        {"sofa" : 1,  "begin" : 232,  "end" : 236 }, 
        {"sofa" : 1,  "begin" : 237,  "end" : 242 }, 
        {"sofa" : 1,  "begin" : 243,  "end" : 244 }, 
        {"sofa" : 1,  "begin" : 245,  "end" : 247 }, 
        {"sofa" : 1,  "begin" : 248,  "end" : 251 }, 
        {"sofa" : 1,  "begin" : 252,  "end" : 254 }, 
        {"sofa" : 1,  "begin" : 255,  "end" : 257 }, 
        {"sofa" : 1,  "begin" : 258,  "end" : 261 }, 
        {"sofa" : 1,  "begin" : 262,  "end" : 263 }, 
        {"sofa" : 1,  "begin" : 264,  "end" : 267 }, 
        {"sofa" : 1,  "begin" : 268,  "end" : 269 }, 
        {"sofa" : 1,  "begin" : 270,  "end" : 273 }, 
        {"sofa" : 1,  "begin" : 274,  "end" : 279 }, 
        {"sofa" : 1,  "begin" : 280,  "end" : 282 }, 
        {"sofa" : 1,  "begin" : 283,  "end" : 291 }, 
        {"sofa" : 1,  "begin" : 292,  "end" : 295 }, 
        {"sofa" : 1,  "begin" : 296,  "end" : 298 }, 
        {"sofa" : 1,  "begin" : 299,  "end" : 306 }, 
        {"sofa" : 1,  "begin" : 307,  "end" : 308 }, 
        {"sofa" : 1,  "begin" : 309,  "end" : 310 }, 
        {"sofa" : 1,  "begin" : 311,  "end" : 313 }, 
        {"sofa" : 1,  "begin" : 314,  "end" : 318 }, 
        {"sofa" : 1,  "begin" : 319,  "end" : 325 }, 
        {"sofa" : 1,  "begin" : 326,  "end" : 327 }, 
        {"sofa" : 1,  "begin" : 328,  "end" : 329 }, 
        {"sofa" : 1,  "begin" : 330,  "end" : 334 }, 
        {"sofa" : 1,  "begin" : 335,  "end" : 338 }, 
        {"sofa" : 1,  "begin" : 339,  "end" : 343 }, 
        {"sofa" : 1,  "begin" : 344,  "end" : 347 }, 
        {"sofa" : 1,  "begin" : 348,  "end" : 349 }, 
        {"sofa" : 1,  "begin" : 350,  "end" : 351 }, 
        {"sofa" : 1,  "begin" : 352,  "end" : 355 }, 
        {"sofa" : 1,  "begin" : 356,  "end" : 359 }, 
        {"sofa" : 1,  "begin" : 360,  "end" : 367 }, 
        {"sofa" : 1,  "begin" : 368,  "end" : 369 }, 
        {"sofa" : 1,  "begin" : 370,  "end" : 373 }, 
        {"sofa" : 1,  "begin" : 374,  "end" : 377 }, 
        {"sofa" : 1,  "begin" : 378,  "end" : 385 }, 
        {"sofa" : 1,  "begin" : 386,  "end" : 387 }, 
        {"sofa" : 1,  "begin" : 388,  "end" : 389 }, 
        {"sofa" : 1,  "begin" : 390,  "end" : 395 }, 
        {"sofa" : 1,  "begin" : 396,  "end" : 397 }, 
        {"sofa" : 1,  "begin" : 398,  "end" : 405 }, 
        {"sofa" : 1,  "begin" : 406,  "end" : 407 }, 
        {"sofa" : 1,  "begin" : 408,  "end" : 412 }, 
        {"sofa" : 1,  "begin" : 413,  "end" : 417 }, 
        {"sofa" : 1,  "begin" : 418,  "end" : 428 }, 
        {"sofa" : 1,  "begin" : 429,  "end" : 431 }, 
        {"sofa" : 1,  "begin" : 432,  "end" : 436 }, 
        {"sofa" : 1,  "begin" : 437,  "end" : 442 }, 
        {"sofa" : 1,  "begin" : 443,  "end" : 444 }, 
        {"sofa" : 1,  "begin" : 445,  "end" : 447 }, 
        {"sofa" : 1,  "begin" : 448,  "end" : 451 }, 
        {"sofa" : 1,  "begin" : 452,  "end" : 455 }, 
        {"sofa" : 1,  "begin" : 456,  "end" : 459 }, 
        {"sofa" : 1,  "begin" : 460,  "end" : 465 }, 
        {"sofa" : 1,  "begin" : 466,  "end" : 468 }, 
        {"sofa" : 1,  "begin" : 469,  "end" : 473 }, 
        {"sofa" : 1,  "begin" : 474,  "end" : 475 }, 
        {"sofa" : 1,  "begin" : 476,  "end" : 479 }, 
        {"sofa" : 1,  "begin" : 480,  "end" : 481 }, 
        {"sofa" : 1,  "begin" : 482,  "end" : 486 }, 
        {"sofa" : 1,  "begin" : 487,  "end" : 491 }, 
        {"sofa" : 1,  "begin" : 492,  "end" : 497 }, 
        {"sofa" : 1,  "begin" : 498,  "end" : 501 }, 
        {"sofa" : 1,  "begin" : 502,  "end" : 506 }, 
        {"sofa" : 1,  "begin" : 507,  "end" : 509 }, 
        {"sofa" : 1,  "begin" : 510,  "end" : 517 }, 
        {"sofa" : 1,  "begin" : 518,  "end" : 521 }, 
        {"sofa" : 1,  "begin" : 522,  "end" : 525 }, 
        {"sofa" : 1,  "begin" : 526,  "end" : 527 }, 
        {"sofa" : 1,  "begin" : 528,  "end" : 532 }, 
        {"sofa" : 1,  "begin" : 533,  "end" : 534 }, 
        {"sofa" : 1,  "begin" : 535,  "end" : 536 } ], 
      "PartsofCause" : [1669,  1690,  1660,  1853,  1844,  1862,  1785,  1699,  1772,  1929,  1717,  1942 ], 
      "TypesofCause" : [
        {"sofa" : 1,  "begin" : 42,  "end" : 69,  "Dependent" : 1669,  "Governor" : 1690,  "TypesofCause" : "Effect" }, 
        {"sofa" : 1,  "begin" : 73,  "end" : 76,  "Dependent" : 1660,  "Governor" : 1690,  "TypesofCause" : "Cause" }, 
        {"sofa" : 1,  "begin" : 121,  "end" : 197,  "Dependent" : 1853,  "Governor" : 1844,  "TypesofCause" : "Cause" }, 
        {"sofa" : 1,  "begin" : 203,  "end" : 242,  "Dependent" : 1862,  "Governor" : 1844,  "TypesofCause" : "Effect" }, 
        {"sofa" : 1,  "begin" : 388,  "end" : 442,  "Dependent" : 1785,  "Governor" : 1699,  "TypesofCause" : "Effect" }, 
        {"sofa" : 1,  "begin" : 448,  "end" : 473,  "Dependent" : 1772,  "Governor" : 1699,  "TypesofCause" : "Cause" }, 
        {"sofa" : 1,  "begin" : 480,  "end" : 506,  "Dependent" : 1929,  "Governor" : 1717,  "TypesofCause" : "Cause" }, 
        {"sofa" : 1,  "begin" : 510,  "end" : 532,  "Dependent" : 1942,  "Governor" : 1717,  "TypesofCause" : "Effect" } ] } }, 
  "_referenced_fss" : {
    "1" : {"_type" : "Sofa",  "sofaNum" : 1,  "sofaID" : "_InitialView",  "mimeType" : "text",  "sofaString" : "A DONKEY once put on a Lion ’s skin which some hunters had spread out to dry .\nIt did not fit the Donkey very well , but he found that in it he could frighten all the timid , foolish little animals , so he amused himself by chasing them about .\nBy and by he met a Fox , and tried to frighten him by roaring .\n“ My dear Donkey , ” said the wise Fox , “ you are braying , and not roaring .\nI might , perhaps , have been frightened by your looks , if you had not tried to roar ; but I know your voice too well to mistake you for a Lion . ”" }, 
    "1669" : {"_type" : "PartsofCause",  "sofa" : 1,  "begin" : 42,  "end" : 69,  "PartsofCause" : "Argument" }, 
    "1690" : {"_type" : "PartsofCause",  "sofa" : 1,  "begin" : 70,  "end" : 72,  "PartsofCause" : "Enabling" }, 
    "1660" : {"_type" : "PartsofCause",  "sofa" : 1,  "begin" : 73,  "end" : 76,  "PartsofCause" : "Argument" }, 
    "1853" : {"_type" : "PartsofCause",  "sofa" : 1,  "begin" : 121,  "end" : 197,  "PartsofCause" : "Argument" }, 
    "1844" : {"_type" : "PartsofCause",  "sofa" : 1,  "begin" : 200,  "end" : 202,  "PartsofCause" : "Causing" }, 
    "1862" : {"_type" : "PartsofCause",  "sofa" : 1,  "begin" : 203,  "end" : 242,  "PartsofCause" : "Argument" }, 
    "1785" : {"_type" : "PartsofCause",  "sofa" : 1,  "begin" : 388,  "end" : 442,  "PartsofCause" : "Argument" }, 
    "1699" : {"_type" : "PartsofCause",  "sofa" : 1,  "begin" : 445,  "end" : 447,  "PartsofCause" : "Causing" }, 
    "1772" : {"_type" : "PartsofCause",  "sofa" : 1,  "begin" : 448,  "end" : 473,  "PartsofCause" : "Argument" }, 
    "1929" : {"_type" : "PartsofCause",  "sofa" : 1,  "begin" : 480,  "end" : 506,  "PartsofCause" : "Argument" }, 
    "1717" : {"_type" : "PartsofCause",  "sofa" : 1,  "begin" : 507,  "end" : 509,  "PartsofCause" : "Preventing" }, 
    "1942" : {"_type" : "PartsofCause",  "sofa" : 1,  "begin" : 510,  "end" : 532,  "PartsofCause" : "Argument" }, 
    "2032" : {"_type" : "LayerDefinition",  "name" : "webanno.custom.PartsofCause",  "uiName" : "Parts of Cause" }, 
    "2021" : {"_type" : "LayerDefinition",  "name" : "webanno.custom.DisjointCausalSpans",  "uiName" : "Disjoint Causal Spans" }, 
    "2039" : {"_type" : "LayerDefinition",  "name" : "webanno.custom.TypesofCause",  "uiName" : "Types of Cause" } } }