{"_context" : {
    "_types" : {
      "DocumentMetaData" : {
        "_feature_types" : {"sofa" : "_ref" } }, 
      "FeatureDefinition" : {
        "_feature_types" : {"layer" : "_ref" } }, 
      "LayerDefinition" : { }, 
      "PartsofCause" : {
        "_feature_types" : {"sofa" : "_ref" } }, 
      "Sentence" : {
        "_feature_types" : {"sofa" : "_ref" } }, 
      "Sofa" : {
        "_feature_types" : {"sofaArray" : "_ref" } }, 
      "TagsetDescription" : {
        "_feature_types" : {"sofa" : "_ref",  "tags" : "_ref" } }, 
      "Token" : {
        "_feature_types" : {"sofa" : "_ref",  "parent" : "_ref",  "lemma" : "_ref",  "stem" : "_ref",  "pos" : "_ref",  "morph" : "_ref",  "form" : "_ref" } }, 
      "TypesofCause" : {
        "_feature_types" : {"sofa" : "_ref",  "Dependent" : "_ref",  "Governor" : "_ref" } }, 
      "DocumentAnnotation" : {
        "_feature_types" : {"sofa" : "_ref" }, 
        "_subtypes" : ["DocumentMetaData" ] }, 
      "Annotation" : {
        "_feature_types" : {"sofa" : "_ref" }, 
        "_subtypes" : ["DocumentAnnotation",  "PartsofCause",  "Sentence",  "TagsetDescription",  "Token",  "TypesofCause" ] }, 
      "AnnotationBase" : {
        "_feature_types" : {"sofa" : "_ref" }, 
        "_subtypes" : ["Annotation" ] }, 
      "TOP" : {
        "_subtypes" : ["AnnotationBase",  "FeatureDefinition",  "LayerDefinition",  "Sofa" ] } } }, 
  "_views" : {
    "_InitialView" : {
      "FeatureDefinition" : [
        {"layer" : 2023,  "name" : "referenceRelation",  "uiName" : "Reference Relation" }, 
        {"layer" : 2023,  "name" : "referenceType",  "uiName" : "Reference Type" }, 
        {"layer" : 2034,  "name" : "PartsofCause",  "uiName" : "Parts of Cause" }, 
        {"layer" : 2041,  "name" : "TypesofCause",  "uiName" : "Types of Cause" } ], 
      "LayerDefinition" : [2023,  2034,  2041 ], 
      "DocumentMetaData" : [
        {"sofa" : 1,  "end" : 546,  "language" : "x-unspecified",  "documentTitle" : "fable-12.txt",  "documentId" : "AYC",  "documentUri" : "file:/srv/inception/repository/project/2/document/2314/source/AYC",  "collectionId" : "file:/srv/inception/repository/project/2/document/2314/source/",  "documentBaseUri" : "file:/srv/inception/repository/project/2/document/2314/source/",  "isLastSegment" : false } ], 
      "TagsetDescription" : [
        {"sofa" : 1,  "layer" : "webanno.custom.PartsofCause",  "name" : "Parts of Cause",  "input" : false }, 
        {"sofa" : 1,  "layer" : "webanno.custom.TypesofCause",  "name" : "Causal Relations",  "input" : false } ], 
      "Sentence" : [
        {"sofa" : 1,  "end" : 99 }, 
        {"sofa" : 1,  "begin" : 100,  "end" : 179 }, 
        {"sofa" : 1,  "begin" : 180,  "end" : 254 }, 
        {"sofa" : 1,  "begin" : 255,  "end" : 318 }, 
        {"sofa" : 1,  "begin" : 319,  "end" : 346 }, 
        {"sofa" : 1,  "begin" : 347,  "end" : 396 }, 
        {"sofa" : 1,  "begin" : 397,  "end" : 546 } ], 
      "Token" : [
        {"sofa" : 1,  "end" : 1 }, 
        {"sofa" : 1,  "begin" : 2,  "end" : 8 }, 
        {"sofa" : 1,  "begin" : 9,  "end" : 12 }, 
        {"sofa" : 1,  "begin" : 13,  "end" : 14 }, 
        {"sofa" : 1,  "begin" : 15,  "end" : 18 }, 
        {"sofa" : 1,  "begin" : 19,  "end" : 22 }, 
        {"sofa" : 1,  "begin" : 23,  "end" : 28 }, 
        {"sofa" : 1,  "begin" : 29,  "end" : 31 }, 
        {"sofa" : 1,  "begin" : 32,  "end" : 36 }, 
        {"sofa" : 1,  "begin" : 37,  "end" : 39 }, 
        {"sofa" : 1,  "begin" : 40,  "end" : 44 }, 
        {"sofa" : 1,  "begin" : 45,  "end" : 46 }, 
        {"sofa" : 1,  "begin" : 47,  "end" : 52 }, 
        {"sofa" : 1,  "begin" : 53,  "end" : 56 }, 
        {"sofa" : 1,  "begin" : 57,  "end" : 60 }, 
        {"sofa" : 1,  "begin" : 61,  "end" : 67 }, 
        {"sofa" : 1,  "begin" : 68,  "end" : 69 }, 
        {"sofa" : 1,  "begin" : 70,  "end" : 72 }, 
        {"sofa" : 1,  "begin" : 73,  "end" : 77 }, 
        {"sofa" : 1,  "begin" : 78,  "end" : 84 }, 
        {"sofa" : 1,  "begin" : 85,  "end" : 86 }, 
        {"sofa" : 1,  "begin" : 87,  "end" : 92 }, 
        {"sofa" : 1,  "begin" : 93,  "end" : 97 }, 
        {"sofa" : 1,  "begin" : 98,  "end" : 99 }, 
        {"sofa" : 1,  "begin" : 100,  "end" : 101 }, 
        {"sofa" : 1,  "begin" : 102,  "end" : 105 }, 
        {"sofa" : 1,  "begin" : 106,  "end" : 109 }, 
        {"sofa" : 1,  "begin" : 110,  "end" : 111 }, 
        {"sofa" : 1,  "begin" : 112,  "end" : 117 }, 
        {"sofa" : 1,  "begin" : 118,  "end" : 126 }, 
        {"sofa" : 1,  "begin" : 127,  "end" : 128 }, 
        {"sofa" : 1,  "begin" : 129,  "end" : 130 }, 
        {"sofa" : 1,  "begin" : 131,  "end" : 134 }, 
        {"sofa" : 1,  "begin" : 135,  "end" : 139 }, 
        {"sofa" : 1,  "begin" : 140,  "end" : 142 }, 
        {"sofa" : 1,  "begin" : 143,  "end" : 146 }, 
        {"sofa" : 1,  "begin" : 147,  "end" : 148 }, 
        {"sofa" : 1,  "begin" : 149,  "end" : 150 }, 
        {"sofa" : 1,  "begin" : 151,  "end" : 154 }, 
        {"sofa" : 1,  "begin" : 155,  "end" : 159 }, 
        {"sofa" : 1,  "begin" : 160,  "end" : 165 }, 
        {"sofa" : 1,  "begin" : 166,  "end" : 170 }, 
        {"sofa" : 1,  "begin" : 171,  "end" : 177 }, 
        {"sofa" : 1,  "begin" : 178,  "end" : 179 }, 
        {"sofa" : 1,  "begin" : 180,  "end" : 183 }, 
        {"sofa" : 1,  "begin" : 184,  "end" : 191 }, 
        {"sofa" : 1,  "begin" : 192,  "end" : 197 }, 
        {"sofa" : 1,  "begin" : 198,  "end" : 201 }, 
        {"sofa" : 1,  "begin" : 202,  "end" : 204 }, 
        {"sofa" : 1,  "begin" : 205,  "end" : 208 }, 
        {"sofa" : 1,  "begin" : 209,  "end" : 214 }, 
        {"sofa" : 1,  "begin" : 215,  "end" : 217 }, 
        {"sofa" : 1,  "begin" : 218,  "end" : 222 }, 
        {"sofa" : 1,  "begin" : 223,  "end" : 227 }, 
        {"sofa" : 1,  "begin" : 228,  "end" : 235 }, 
        {"sofa" : 1,  "begin" : 236,  "end" : 238 }, 
        {"sofa" : 1,  "begin" : 239,  "end" : 242 }, 
        {"sofa" : 1,  "begin" : 243,  "end" : 250 }, 
        {"sofa" : 1,  "begin" : 251,  "end" : 252 }, 
        {"sofa" : 1,  "begin" : 253,  "end" : 254 }, 
        {"sofa" : 1,  "begin" : 255,  "end" : 256 }, 
        {"sofa" : 1,  "begin" : 257,  "end" : 260 }, 
        {"sofa" : 1,  "begin" : 261,  "end" : 264 }, 
        {"sofa" : 1,  "begin" : 265,  "end" : 273 }, 
        {"sofa" : 1,  "begin" : 274,  "end" : 275 }, 
        {"sofa" : 1,  "begin" : 276,  "end" : 277 }, 
        {"sofa" : 1,  "begin" : 278,  "end" : 286 }, 
        {"sofa" : 1,  "begin" : 287,  "end" : 290 }, 
        {"sofa" : 1,  "begin" : 291,  "end" : 295 }, 
        {"sofa" : 1,  "begin" : 296,  "end" : 297 }, 
        {"sofa" : 1,  "begin" : 298,  "end" : 299 }, 
        {"sofa" : 1,  "begin" : 300,  "end" : 301 }, 
        {"sofa" : 1,  "begin" : 302,  "end" : 309 }, 
        {"sofa" : 1,  "begin" : 310,  "end" : 312 }, 
        {"sofa" : 1,  "begin" : 313,  "end" : 316 }, 
        {"sofa" : 1,  "begin" : 317,  "end" : 318 }, 
        {"sofa" : 1,  "begin" : 319,  "end" : 320 }, 
        {"sofa" : 1,  "begin" : 321,  "end" : 325 }, 
        {"sofa" : 1,  "begin" : 326,  "end" : 328 }, 
        {"sofa" : 1,  "begin" : 329,  "end" : 333 }, 
        {"sofa" : 1,  "begin" : 334,  "end" : 337 }, 
        {"sofa" : 1,  "begin" : 338,  "end" : 344 }, 
        {"sofa" : 1,  "begin" : 345,  "end" : 346 }, 
        {"sofa" : 1,  "begin" : 347,  "end" : 351 }, 
        {"sofa" : 1,  "begin" : 352,  "end" : 357 }, 
        {"sofa" : 1,  "begin" : 358,  "end" : 361 }, 
        {"sofa" : 1,  "begin" : 362,  "end" : 366 }, 
        {"sofa" : 1,  "begin" : 367,  "end" : 371 }, 
        {"sofa" : 1,  "begin" : 372,  "end" : 374 }, 
        {"sofa" : 1,  "begin" : 375,  "end" : 378 }, 
        {"sofa" : 1,  "begin" : 379,  "end" : 381 }, 
        {"sofa" : 1,  "begin" : 382,  "end" : 385 }, 
        {"sofa" : 1,  "begin" : 386,  "end" : 389 }, 
        {"sofa" : 1,  "begin" : 390,  "end" : 392 }, 
        {"sofa" : 1,  "begin" : 393,  "end" : 394 }, 
        {"sofa" : 1,  "begin" : 395,  "end" : 396 }, 
        {"sofa" : 1,  "begin" : 397,  "end" : 398 }, 
        {"sofa" : 1,  "begin" : 399,  "end" : 404 }, 
        {"sofa" : 1,  "begin" : 405,  "end" : 409 }, 
        {"sofa" : 1,  "begin" : 410,  "end" : 411 }, 
        {"sofa" : 1,  "begin" : 412,  "end" : 413 }, 
        {"sofa" : 1,  "begin" : 414,  "end" : 418 }, 
        {"sofa" : 1,  "begin" : 419,  "end" : 422 }, 
        {"sofa" : 1,  "begin" : 423,  "end" : 426 }, 
        {"sofa" : 1,  "begin" : 427,  "end" : 428 }, 
        {"sofa" : 1,  "begin" : 429,  "end" : 430 }, 
        {"sofa" : 1,  "begin" : 431,  "end" : 433 }, 
        {"sofa" : 1,  "begin" : 434,  "end" : 437 }, 
        {"sofa" : 1,  "begin" : 438,  "end" : 445 }, 
        {"sofa" : 1,  "begin" : 446,  "end" : 454 }, 
        {"sofa" : 1,  "begin" : 455,  "end" : 457 }, 
        {"sofa" : 1,  "begin" : 458,  "end" : 462 }, 
        {"sofa" : 1,  "begin" : 463,  "end" : 470 }, 
        {"sofa" : 1,  "begin" : 471,  "end" : 472 }, 
        {"sofa" : 1,  "begin" : 473,  "end" : 474 }, 
        {"sofa" : 1,  "begin" : 475,  "end" : 479 }, 
        {"sofa" : 1,  "begin" : 480,  "end" : 483 }, 
        {"sofa" : 1,  "begin" : 484,  "end" : 486 }, 
        {"sofa" : 1,  "begin" : 487,  "end" : 496 }, 
        {"sofa" : 1,  "begin" : 497,  "end" : 500 }, 
        {"sofa" : 1,  "begin" : 501,  "end" : 503 }, 
        {"sofa" : 1,  "begin" : 504,  "end" : 510 }, 
        {"sofa" : 1,  "begin" : 511,  "end" : 512 }, 
        {"sofa" : 1,  "begin" : 513,  "end" : 514 }, 
        {"sofa" : 1,  "begin" : 515,  "end" : 520 }, 
        {"sofa" : 1,  "begin" : 521,  "end" : 524 }, 
        {"sofa" : 1,  "begin" : 525,  "end" : 528 }, 
        {"sofa" : 1,  "begin" : 529,  "end" : 532 }, 
        {"sofa" : 1,  "begin" : 533,  "end" : 535 }, 
        {"sofa" : 1,  "begin" : 536,  "end" : 542 }, 
        {"sofa" : 1,  "begin" : 543,  "end" : 544 }, 
        {"sofa" : 1,  "begin" : 545,  "end" : 546 } ], 
      "PartsofCause" : [1815,  1774,  1787,  1891,  1865,  1878,  1960,  1934,  1947 ], 
      "TypesofCause" : [
        {"sofa" : 1,  "begin" : 15,  "end" : 52,  "Dependent" : 1815,  "Governor" : 1774,  "TypesofCause" : "Effect" }, 
        {"sofa" : 1,  "begin" : 57,  "end" : 67,  "Dependent" : 1787,  "Governor" : 1774,  "TypesofCause" : "Cause" }, 
        {"sofa" : 1,  "begin" : 319,  "end" : 325,  "Dependent" : 1891,  "Governor" : 1865,  "TypesofCause" : "Effect" }, 
        {"sofa" : 1,  "begin" : 329,  "end" : 344,  "Dependent" : 1878,  "Governor" : 1865,  "TypesofCause" : "Cause" }, 
        {"sofa" : 1,  "begin" : 513,  "end" : 528,  "Dependent" : 1960,  "Governor" : 1934,  "TypesofCause" : "Effect" }, 
        {"sofa" : 1,  "begin" : 533,  "end" : 542,  "Dependent" : 1947,  "Governor" : 1934,  "TypesofCause" : "Cause" } ] } }, 
  "_referenced_fss" : {
    "1" : {"_type" : "Sofa",  "sofaNum" : 1,  "sofaID" : "_InitialView",  "mimeType" : "text",  "sofaString" : "A HUNGRY Cat , who had tried in vain to find a Mouse for her supper , at last caught a young Cock .\n“ You are a noisy creature , ” she said to him , “ and have lived long enough .\nYou disturb every one in the house by your loud crowing in the morning . ”\n“ You are mistaken , ” answered the Cock ; “ I disturb no one .\nI crow to wake the family .\nThey would not know when to get up but for me . ”\n“ Never mind , ” said the Cat ; “ do n’t trouble yourself to make excuses ; I have had no breakfast and no dinner ; I shall eat you for my supper . ”" }, 
    "1815" : {"_type" : "PartsofCause",  "sofa" : 1,  "begin" : 15,  "end" : 52,  "PartsofCause" : "Argument" }, 
    "1774" : {"_type" : "PartsofCause",  "sofa" : 1,  "begin" : 53,  "end" : 56,  "PartsofCause" : "Causing" }, 
    "1787" : {"_type" : "PartsofCause",  "sofa" : 1,  "begin" : 57,  "end" : 67,  "PartsofCause" : "Argument" }, 
    "1891" : {"_type" : "PartsofCause",  "sofa" : 1,  "begin" : 319,  "end" : 325,  "PartsofCause" : "Argument" }, 
    "1865" : {"_type" : "PartsofCause",  "sofa" : 1,  "begin" : 326,  "end" : 328,  "PartsofCause" : "Causing" }, 
    "1878" : {"_type" : "PartsofCause",  "sofa" : 1,  "begin" : 329,  "end" : 344,  "PartsofCause" : "Argument" }, 
    "1960" : {"_type" : "PartsofCause",  "sofa" : 1,  "begin" : 513,  "end" : 528,  "PartsofCause" : "Argument" }, 
    "1934" : {"_type" : "PartsofCause",  "sofa" : 1,  "begin" : 529,  "end" : 532,  "PartsofCause" : "Causing" }, 
    "1947" : {"_type" : "PartsofCause",  "sofa" : 1,  "begin" : 533,  "end" : 542,  "PartsofCause" : "Argument" }, 
    "2034" : {"_type" : "LayerDefinition",  "name" : "webanno.custom.PartsofCause",  "uiName" : "Parts of Cause" }, 
    "2023" : {"_type" : "LayerDefinition",  "name" : "webanno.custom.DisjointCausalSpans",  "uiName" : "Disjoint Causal Spans" }, 
    "2041" : {"_type" : "LayerDefinition",  "name" : "webanno.custom.TypesofCause",  "uiName" : "Types of Cause" } } }