{"_context" : {
    "_types" : {
      "DocumentMetaData" : {
        "_feature_types" : {"sofa" : "_ref" } }, 
      "FeatureDefinition" : {
        "_feature_types" : {"layer" : "_ref" } }, 
      "LayerDefinition" : { }, 
      "PartsofCause" : {
        "_feature_types" : {"sofa" : "_ref" } }, 
      "Sentence" : {
        "_feature_types" : {"sofa" : "_ref" } }, 
      "Sofa" : {
        "_feature_types" : {"sofaArray" : "_ref" } }, 
      "TagsetDescription" : {
        "_feature_types" : {"sofa" : "_ref",  "tags" : "_ref" } }, 
      "Token" : {
        "_feature_types" : {"sofa" : "_ref",  "parent" : "_ref",  "lemma" : "_ref",  "stem" : "_ref",  "pos" : "_ref",  "morph" : "_ref",  "form" : "_ref" } }, 
      "TypesofCause" : {
        "_feature_types" : {"sofa" : "_ref",  "Dependent" : "_ref",  "Governor" : "_ref" } }, 
      "DocumentAnnotation" : {
        "_feature_types" : {"sofa" : "_ref" }, 
        "_subtypes" : ["DocumentMetaData" ] }, 
      "Annotation" : {
        "_feature_types" : {"sofa" : "_ref" }, 
        "_subtypes" : ["DocumentAnnotation",  "PartsofCause",  "Sentence",  "TagsetDescription",  "Token",  "TypesofCause" ] }, 
      "AnnotationBase" : {
        "_feature_types" : {"sofa" : "_ref" }, 
        "_subtypes" : ["Annotation" ] }, 
      "TOP" : {
        "_subtypes" : ["AnnotationBase",  "FeatureDefinition",  "LayerDefinition",  "Sofa" ] } } }, 
  "_views" : {
    "_InitialView" : {
      "FeatureDefinition" : [
        {"layer" : 1843,  "name" : "referenceRelation",  "uiName" : "Reference Relation" }, 
        {"layer" : 1843,  "name" : "referenceType",  "uiName" : "Reference Type" }, 
        {"layer" : 1854,  "name" : "PartsofCause",  "uiName" : "Parts of Cause" }, 
        {"layer" : 1861,  "name" : "TypesofCause",  "uiName" : "Types of Cause" } ], 
      "LayerDefinition" : [1843,  1854,  1861 ], 
      "DocumentMetaData" : [
        {"sofa" : 1,  "end" : 729,  "language" : "x-unspecified",  "documentTitle" : "cnn-25.txt",  "documentId" : "GJW",  "documentUri" : "file:/srv/inception/repository/project/2/document/2377/source/GJW",  "collectionId" : "file:/srv/inception/repository/project/2/document/2377/source/",  "documentBaseUri" : "file:/srv/inception/repository/project/2/document/2377/source/",  "isLastSegment" : false } ], 
      "TagsetDescription" : [
        {"sofa" : 1,  "layer" : "webanno.custom.PartsofCause",  "name" : "Parts of Cause",  "input" : false }, 
        {"sofa" : 1,  "layer" : "webanno.custom.TypesofCause",  "name" : "Causal Relations",  "input" : false } ], 
      "Sentence" : [
        {"sofa" : 1,  "end" : 195 }, 
        {"sofa" : 1,  "begin" : 196,  "end" : 288 }, 
        {"sofa" : 1,  "begin" : 289,  "end" : 324 }, 
        {"sofa" : 1,  "begin" : 325,  "end" : 451 }, 
        {"sofa" : 1,  "begin" : 452,  "end" : 530 }, 
        {"sofa" : 1,  "begin" : 531,  "end" : 644 }, 
        {"sofa" : 1,  "begin" : 645,  "end" : 729 } ], 
      "Token" : [
        {"sofa" : 1,  "end" : 1 }, 
        {"sofa" : 1,  "begin" : 2,  "end" : 9 }, 
        {"sofa" : 1,  "begin" : 10,  "end" : 18 }, 
        {"sofa" : 1,  "begin" : 19,  "end" : 27 }, 
        {"sofa" : 1,  "begin" : 28,  "end" : 34 }, 
        {"sofa" : 1,  "begin" : 35,  "end" : 36 }, 
        {"sofa" : 1,  "begin" : 37,  "end" : 44 }, 
        {"sofa" : 1,  "begin" : 45,  "end" : 52 }, 
        {"sofa" : 1,  "begin" : 53,  "end" : 63 }, 
        {"sofa" : 1,  "begin" : 64,  "end" : 68 }, 
        {"sofa" : 1,  "begin" : 69,  "end" : 70 }, 
        {"sofa" : 1,  "begin" : 71,  "end" : 75 }, 
        {"sofa" : 1,  "begin" : 76,  "end" : 78 }, 
        {"sofa" : 1,  "begin" : 79,  "end" : 90 }, 
        {"sofa" : 1,  "begin" : 91,  "end" : 93 }, 
        {"sofa" : 1,  "begin" : 94,  "end" : 101 }, 
        {"sofa" : 1,  "begin" : 102,  "end" : 106 }, 
        {"sofa" : 1,  "begin" : 107,  "end" : 109 }, 
        {"sofa" : 1,  "begin" : 110,  "end" : 115 }, 
        {"sofa" : 1,  "begin" : 116,  "end" : 117 }, 
        {"sofa" : 1,  "begin" : 118,  "end" : 119 }, 
        {"sofa" : 1,  "begin" : 120,  "end" : 129 }, 
        {"sofa" : 1,  "begin" : 130,  "end" : 133 }, 
        {"sofa" : 1,  "begin" : 134,  "end" : 137 }, 
        {"sofa" : 1,  "begin" : 138,  "end" : 142 }, 
        {"sofa" : 1,  "begin" : 143,  "end" : 144 }, 
        {"sofa" : 1,  "begin" : 145,  "end" : 148 }, 
        {"sofa" : 1,  "begin" : 149,  "end" : 162 }, 
        {"sofa" : 1,  "begin" : 163,  "end" : 171 }, 
        {"sofa" : 1,  "begin" : 172,  "end" : 182 }, 
        {"sofa" : 1,  "begin" : 183,  "end" : 188 }, 
        {"sofa" : 1,  "begin" : 189,  "end" : 193 }, 
        {"sofa" : 1,  "begin" : 194,  "end" : 195 }, 
        {"sofa" : 1,  "begin" : 196,  "end" : 199 }, 
        {"sofa" : 1,  "begin" : 200,  "end" : 209 }, 
        {"sofa" : 1,  "begin" : 210,  "end" : 218 }, 
        {"sofa" : 1,  "begin" : 219,  "end" : 221 }, 
        {"sofa" : 1,  "begin" : 222,  "end" : 227 }, 
        {"sofa" : 1,  "begin" : 228,  "end" : 229 }, 
        {"sofa" : 1,  "begin" : 230,  "end" : 234 }, 
        {"sofa" : 1,  "begin" : 235,  "end" : 240 }, 
        {"sofa" : 1,  "begin" : 241,  "end" : 245 }, 
        {"sofa" : 1,  "begin" : 246,  "end" : 250 }, 
        {"sofa" : 1,  "begin" : 251,  "end" : 255 }, 
        {"sofa" : 1,  "begin" : 256,  "end" : 262 }, 
        {"sofa" : 1,  "begin" : 263,  "end" : 264 }, 
        {"sofa" : 1,  "begin" : 265,  "end" : 269 }, 
        {"sofa" : 1,  "begin" : 270,  "end" : 275 }, 
        {"sofa" : 1,  "begin" : 276,  "end" : 281 }, 
        {"sofa" : 1,  "begin" : 282,  "end" : 286 }, 
        {"sofa" : 1,  "begin" : 287,  "end" : 288 }, 
        {"sofa" : 1,  "begin" : 289,  "end" : 292 }, 
        {"sofa" : 1,  "begin" : 293,  "end" : 297 }, 
        {"sofa" : 1,  "begin" : 298,  "end" : 300 }, 
        {"sofa" : 1,  "begin" : 301,  "end" : 308 }, 
        {"sofa" : 1,  "begin" : 309,  "end" : 311 }, 
        {"sofa" : 1,  "begin" : 312,  "end" : 322 }, 
        {"sofa" : 1,  "begin" : 323,  "end" : 324 }, 
        {"sofa" : 1,  "begin" : 325,  "end" : 328 }, 
        {"sofa" : 1,  "begin" : 329,  "end" : 332 }, 
        {"sofa" : 1,  "begin" : 333,  "end" : 338 }, 
        {"sofa" : 1,  "begin" : 339,  "end" : 345 }, 
        {"sofa" : 1,  "begin" : 346,  "end" : 349 }, 
        {"sofa" : 1,  "begin" : 350,  "end" : 359 }, 
        {"sofa" : 1,  "begin" : 360,  "end" : 368 }, 
        {"sofa" : 1,  "begin" : 369,  "end" : 371 }, 
        {"sofa" : 1,  "begin" : 372,  "end" : 375 }, 
        {"sofa" : 1,  "begin" : 376,  "end" : 385 }, 
        {"sofa" : 1,  "begin" : 386,  "end" : 390 }, 
        {"sofa" : 1,  "begin" : 391,  "end" : 392 }, 
        {"sofa" : 1,  "begin" : 393,  "end" : 398 }, 
        {"sofa" : 1,  "begin" : 399,  "end" : 403 }, 
        {"sofa" : 1,  "begin" : 404,  "end" : 405 }, 
        {"sofa" : 1,  "begin" : 406,  "end" : 411 }, 
        {"sofa" : 1,  "begin" : 412,  "end" : 420 }, 
        {"sofa" : 1,  "begin" : 421,  "end" : 425 }, 
        {"sofa" : 1,  "begin" : 426,  "end" : 429 }, 
        {"sofa" : 1,  "begin" : 430,  "end" : 442 }, 
        {"sofa" : 1,  "begin" : 443,  "end" : 449 }, 
        {"sofa" : 1,  "begin" : 450,  "end" : 451 }, 
        {"sofa" : 1,  "begin" : 452,  "end" : 453 }, 
        {"sofa" : 1,  "begin" : 454,  "end" : 457 }, 
        {"sofa" : 1,  "begin" : 458,  "end" : 462 }, 
        {"sofa" : 1,  "begin" : 463,  "end" : 465 }, 
        {"sofa" : 1,  "begin" : 466,  "end" : 473 }, 
        {"sofa" : 1,  "begin" : 474,  "end" : 476 }, 
        {"sofa" : 1,  "begin" : 477,  "end" : 481 }, 
        {"sofa" : 1,  "begin" : 482,  "end" : 486 }, 
        {"sofa" : 1,  "begin" : 487,  "end" : 490 }, 
        {"sofa" : 1,  "begin" : 491,  "end" : 494 }, 
        {"sofa" : 1,  "begin" : 495,  "end" : 502 }, 
        {"sofa" : 1,  "begin" : 503,  "end" : 513 }, 
        {"sofa" : 1,  "begin" : 514,  "end" : 515 }, 
        {"sofa" : 1,  "begin" : 516,  "end" : 517 }, 
        {"sofa" : 1,  "begin" : 518,  "end" : 523 }, 
        {"sofa" : 1,  "begin" : 524,  "end" : 528 }, 
        {"sofa" : 1,  "begin" : 529,  "end" : 530 }, 
        {"sofa" : 1,  "begin" : 531,  "end" : 533 }, 
        {"sofa" : 1,  "begin" : 534,  "end" : 541 }, 
        {"sofa" : 1,  "begin" : 542,  "end" : 553 }, 
        {"sofa" : 1,  "begin" : 554,  "end" : 555 }, 
        {"sofa" : 1,  "begin" : 556,  "end" : 557 }, 
        {"sofa" : 1,  "begin" : 558,  "end" : 565 }, 
        {"sofa" : 1,  "begin" : 566,  "end" : 570 }, 
        {"sofa" : 1,  "begin" : 571,  "end" : 577 }, 
        {"sofa" : 1,  "begin" : 578,  "end" : 584 }, 
        {"sofa" : 1,  "begin" : 585,  "end" : 587 }, 
        {"sofa" : 1,  "begin" : 588,  "end" : 593 }, 
        {"sofa" : 1,  "begin" : 594,  "end" : 597 }, 
        {"sofa" : 1,  "begin" : 598,  "end" : 602 }, 
        {"sofa" : 1,  "begin" : 603,  "end" : 610 }, 
        {"sofa" : 1,  "begin" : 611,  "end" : 617 }, 
        {"sofa" : 1,  "begin" : 618,  "end" : 619 }, 
        {"sofa" : 1,  "begin" : 620,  "end" : 629 }, 
        {"sofa" : 1,  "begin" : 630,  "end" : 632 }, 
        {"sofa" : 1,  "begin" : 633,  "end" : 642 }, 
        {"sofa" : 1,  "begin" : 643,  "end" : 644 }, 
        {"sofa" : 1,  "begin" : 645,  "end" : 649 }, 
        {"sofa" : 1,  "begin" : 650,  "end" : 653 }, 
        {"sofa" : 1,  "begin" : 654,  "end" : 657 }, 
        {"sofa" : 1,  "begin" : 658,  "end" : 665 }, 
        {"sofa" : 1,  "begin" : 666,  "end" : 669 }, 
        {"sofa" : 1,  "begin" : 670,  "end" : 677 }, 
        {"sofa" : 1,  "begin" : 678,  "end" : 684 }, 
        {"sofa" : 1,  "begin" : 685,  "end" : 687 }, 
        {"sofa" : 1,  "begin" : 688,  "end" : 699 }, 
        {"sofa" : 1,  "begin" : 700,  "end" : 702 }, 
        {"sofa" : 1,  "begin" : 703,  "end" : 710 }, 
        {"sofa" : 1,  "begin" : 711,  "end" : 716 }, 
        {"sofa" : 1,  "begin" : 717,  "end" : 720 }, 
        {"sofa" : 1,  "begin" : 721,  "end" : 727 }, 
        {"sofa" : 1,  "begin" : 728,  "end" : 729 } ], 
      "PartsofCause" : [1774,  1804,  1783 ], 
      "TypesofCause" : [
        {"sofa" : 1,  "begin" : 329,  "end" : 338,  "Dependent" : 1774,  "Governor" : 1804,  "TypesofCause" : "Cause" }, 
        {"sofa" : 1,  "begin" : 346,  "end" : 390,  "Dependent" : 1783,  "Governor" : 1804,  "TypesofCause" : "Effect" } ] } }, 
  "_referenced_fss" : {
    "1" : {"_type" : "Sofa",  "sofaNum" : 1,  "sofaID" : "_InitialView",  "mimeType" : "text",  "sofaString" : "A grenade exploded Saturday during a routine vehicle inspection near a base in Afghanistan 's capital city of Kabul , a spokesman for the U.S. - led International Security Assistance Force said .\nThe explosion occurred at about 7 p.m. local time near Camp Eggers , Maj. Bryan Woods said .\nThe were no reports of casualties .\nBut the blast forced the temporary lockdown of the fortified base , which sits a short distance from the presidential palace .\n\" The base is secured at this time and has resumed operations , \" Woods said .\nIn eastern Afghanistan , a suicide bomb attack killed at least one ISAF service member , according to officials .\nISAF did not release the service member 's nationality or details about the attack ." }, 
    "1774" : {"_type" : "PartsofCause",  "sofa" : 1,  "begin" : 329,  "end" : 338,  "PartsofCause" : "Argument" }, 
    "1804" : {"_type" : "PartsofCause",  "sofa" : 1,  "begin" : 339,  "end" : 345,  "PartsofCause" : "Causing" }, 
    "1783" : {"_type" : "PartsofCause",  "sofa" : 1,  "begin" : 346,  "end" : 390,  "PartsofCause" : "Argument" }, 
    "1861" : {"_type" : "LayerDefinition",  "name" : "webanno.custom.TypesofCause",  "uiName" : "Types of Cause" }, 
    "1854" : {"_type" : "LayerDefinition",  "name" : "webanno.custom.PartsofCause",  "uiName" : "Parts of Cause" }, 
    "1843" : {"_type" : "LayerDefinition",  "name" : "webanno.custom.DisjointCausalSpans",  "uiName" : "Disjoint Causal Spans" } } }