{"_context" : {
    "_types" : {
      "DocumentMetaData" : {
        "_feature_types" : {"sofa" : "_ref" } }, 
      "FeatureDefinition" : {
        "_feature_types" : {"layer" : "_ref" } }, 
      "LayerDefinition" : { }, 
      "PartsofCause" : {
        "_feature_types" : {"sofa" : "_ref" } }, 
      "Sentence" : {
        "_feature_types" : {"sofa" : "_ref" } }, 
      "Sofa" : {
        "_feature_types" : {"sofaArray" : "_ref" } }, 
      "TagsetDescription" : {
        "_feature_types" : {"sofa" : "_ref",  "tags" : "_ref" } }, 
      "Token" : {
        "_feature_types" : {"sofa" : "_ref",  "parent" : "_ref",  "lemma" : "_ref",  "stem" : "_ref",  "pos" : "_ref",  "morph" : "_ref",  "form" : "_ref" } }, 
      "TypesofCause" : {
        "_feature_types" : {"sofa" : "_ref",  "Dependent" : "_ref",  "Governor" : "_ref" } }, 
      "DocumentAnnotation" : {
        "_feature_types" : {"sofa" : "_ref" }, 
        "_subtypes" : ["DocumentMetaData" ] }, 
      "Annotation" : {
        "_feature_types" : {"sofa" : "_ref" }, 
        "_subtypes" : ["DocumentAnnotation",  "PartsofCause",  "Sentence",  "TagsetDescription",  "Token",  "TypesofCause" ] }, 
      "AnnotationBase" : {
        "_feature_types" : {"sofa" : "_ref" }, 
        "_subtypes" : ["Annotation" ] }, 
      "TOP" : {
        "_subtypes" : ["AnnotationBase",  "FeatureDefinition",  "LayerDefinition",  "Sofa" ] } } }, 
  "_views" : {
    "_InitialView" : {
      "FeatureDefinition" : [
        {"layer" : 1474,  "name" : "referenceRelation",  "uiName" : "Reference Relation" }, 
        {"layer" : 1474,  "name" : "referenceType",  "uiName" : "Reference Type" }, 
        {"layer" : 1485,  "name" : "PartsofCause",  "uiName" : "Parts of Cause" }, 
        {"layer" : 1492,  "name" : "TypesofCause",  "uiName" : "Types of Cause" } ], 
      "LayerDefinition" : [1474,  1485,  1492 ], 
      "DocumentMetaData" : [
        {"sofa" : 1,  "end" : 479,  "language" : "x-unspecified",  "documentTitle" : "reddit-030.txt",  "documentId" : "GJW",  "documentUri" : "file:/srv/inception/repository/project/2/document/2432/source/GJW",  "collectionId" : "file:/srv/inception/repository/project/2/document/2432/source/",  "documentBaseUri" : "file:/srv/inception/repository/project/2/document/2432/source/",  "isLastSegment" : false } ], 
      "TagsetDescription" : [
        {"sofa" : 1,  "layer" : "webanno.custom.PartsofCause",  "name" : "Parts of Cause",  "input" : false }, 
        {"sofa" : 1,  "layer" : "webanno.custom.TypesofCause",  "name" : "Causal Relations",  "input" : false } ], 
      "Sentence" : [
        {"sofa" : 1,  "end" : 98 }, 
        {"sofa" : 1,  "begin" : 99,  "end" : 183 }, 
        {"sofa" : 1,  "begin" : 184,  "end" : 247 }, 
        {"sofa" : 1,  "begin" : 248,  "end" : 284 }, 
        {"sofa" : 1,  "begin" : 285,  "end" : 335 }, 
        {"sofa" : 1,  "begin" : 336,  "end" : 361 }, 
        {"sofa" : 1,  "begin" : 362,  "end" : 400 }, 
        {"sofa" : 1,  "begin" : 401,  "end" : 479 } ], 
      "Token" : [
        {"sofa" : 1,  "end" : 10 }, 
        {"sofa" : 1,  "begin" : 11,  "end" : 12 }, 
        {"sofa" : 1,  "begin" : 13,  "end" : 14 }, 
        {"sofa" : 1,  "begin" : 15,  "end" : 26 }, 
        {"sofa" : 1,  "begin" : 27,  "end" : 28 }, 
        {"sofa" : 1,  "begin" : 29,  "end" : 34 }, 
        {"sofa" : 1,  "begin" : 35,  "end" : 38 }, 
        {"sofa" : 1,  "begin" : 39,  "end" : 41 }, 
        {"sofa" : 1,  "begin" : 42,  "end" : 43 }, 
        {"sofa" : 1,  "begin" : 44,  "end" : 47 }, 
        {"sofa" : 1,  "begin" : 48,  "end" : 51 }, 
        {"sofa" : 1,  "begin" : 52,  "end" : 58 }, 
        {"sofa" : 1,  "begin" : 59,  "end" : 63 }, 
        {"sofa" : 1,  "begin" : 64,  "end" : 65 }, 
        {"sofa" : 1,  "begin" : 66,  "end" : 76 }, 
        {"sofa" : 1,  "begin" : 77,  "end" : 82 }, 
        {"sofa" : 1,  "begin" : 83,  "end" : 86 }, 
        {"sofa" : 1,  "begin" : 87,  "end" : 89 }, 
        {"sofa" : 1,  "begin" : 90,  "end" : 96 }, 
        {"sofa" : 1,  "begin" : 97,  "end" : 98 }, 
        {"sofa" : 1,  "begin" : 99,  "end" : 101 }, 
        {"sofa" : 1,  "begin" : 102,  "end" : 104 }, 
        {"sofa" : 1,  "begin" : 105,  "end" : 109 }, 
        {"sofa" : 1,  "begin" : 110,  "end" : 112 }, 
        {"sofa" : 1,  "begin" : 113,  "end" : 114 }, 
        {"sofa" : 1,  "begin" : 115,  "end" : 116 }, 
        {"sofa" : 1,  "begin" : 117,  "end" : 120 }, 
        {"sofa" : 1,  "begin" : 121,  "end" : 124 }, 
        {"sofa" : 1,  "begin" : 125,  "end" : 129 }, 
        {"sofa" : 1,  "begin" : 130,  "end" : 132 }, 
        {"sofa" : 1,  "begin" : 133,  "end" : 136 }, 
        {"sofa" : 1,  "begin" : 137,  "end" : 143 }, 
        {"sofa" : 1,  "begin" : 144,  "end" : 146 }, 
        {"sofa" : 1,  "begin" : 147,  "end" : 154 }, 
        {"sofa" : 1,  "begin" : 155,  "end" : 158 }, 
        {"sofa" : 1,  "begin" : 159,  "end" : 169 }, 
        {"sofa" : 1,  "begin" : 170,  "end" : 172 }, 
        {"sofa" : 1,  "begin" : 173,  "end" : 175 }, 
        {"sofa" : 1,  "begin" : 176,  "end" : 181 }, 
        {"sofa" : 1,  "begin" : 182,  "end" : 183 }, 
        {"sofa" : 1,  "begin" : 184,  "end" : 185 }, 
        {"sofa" : 1,  "begin" : 186,  "end" : 188 }, 
        {"sofa" : 1,  "begin" : 189,  "end" : 199 }, 
        {"sofa" : 1,  "begin" : 200,  "end" : 202 }, 
        {"sofa" : 1,  "begin" : 203,  "end" : 207 }, 
        {"sofa" : 1,  "begin" : 208,  "end" : 210 }, 
        {"sofa" : 1,  "begin" : 211,  "end" : 218 }, 
        {"sofa" : 1,  "begin" : 219,  "end" : 227 }, 
        {"sofa" : 1,  "begin" : 228,  "end" : 230 }, 
        {"sofa" : 1,  "begin" : 231,  "end" : 234 }, 
        {"sofa" : 1,  "begin" : 235,  "end" : 245 }, 
        {"sofa" : 1,  "begin" : 246,  "end" : 247 }, 
        {"sofa" : 1,  "begin" : 248,  "end" : 250 }, 
        {"sofa" : 1,  "begin" : 251,  "end" : 256 }, 
        {"sofa" : 1,  "begin" : 257,  "end" : 264 }, 
        {"sofa" : 1,  "begin" : 265,  "end" : 266 }, 
        {"sofa" : 1,  "begin" : 267,  "end" : 275 }, 
        {"sofa" : 1,  "begin" : 276,  "end" : 282 }, 
        {"sofa" : 1,  "begin" : 283,  "end" : 284 }, 
        {"sofa" : 1,  "begin" : 285,  "end" : 286 }, 
        {"sofa" : 1,  "begin" : 287,  "end" : 289 }, 
        {"sofa" : 1,  "begin" : 290,  "end" : 296 }, 
        {"sofa" : 1,  "begin" : 297,  "end" : 301 }, 
        {"sofa" : 1,  "begin" : 302,  "end" : 307 }, 
        {"sofa" : 1,  "begin" : 308,  "end" : 314 }, 
        {"sofa" : 1,  "begin" : 315,  "end" : 316 }, 
        {"sofa" : 1,  "begin" : 317,  "end" : 321 }, 
        {"sofa" : 1,  "begin" : 322,  "end" : 325 }, 
        {"sofa" : 1,  "begin" : 326,  "end" : 327 }, 
        {"sofa" : 1,  "begin" : 328,  "end" : 333 }, 
        {"sofa" : 1,  "begin" : 334,  "end" : 335 }, 
        {"sofa" : 1,  "begin" : 336,  "end" : 344 }, 
        {"sofa" : 1,  "begin" : 345,  "end" : 347 }, 
        {"sofa" : 1,  "begin" : 348,  "end" : 354 }, 
        {"sofa" : 1,  "begin" : 355,  "end" : 359 }, 
        {"sofa" : 1,  "begin" : 360,  "end" : 361 }, 
        {"sofa" : 1,  "begin" : 362,  "end" : 363 }, 
        {"sofa" : 1,  "begin" : 364,  "end" : 373 }, 
        {"sofa" : 1,  "begin" : 374,  "end" : 379 }, 
        {"sofa" : 1,  "begin" : 380,  "end" : 384 }, 
        {"sofa" : 1,  "begin" : 385,  "end" : 387 }, 
        {"sofa" : 1,  "begin" : 388,  "end" : 390 }, 
        {"sofa" : 1,  "begin" : 391,  "end" : 395 }, 
        {"sofa" : 1,  "begin" : 396,  "end" : 398 }, 
        {"sofa" : 1,  "begin" : 399,  "end" : 400 }, 
        {"sofa" : 1,  "begin" : 401,  "end" : 405 }, 
        {"sofa" : 1,  "begin" : 406,  "end" : 408 }, 
        {"sofa" : 1,  "begin" : 409,  "end" : 411 }, 
        {"sofa" : 1,  "begin" : 412,  "end" : 415 }, 
        {"sofa" : 1,  "begin" : 416,  "end" : 420 }, 
        {"sofa" : 1,  "begin" : 421,  "end" : 423 }, 
        {"sofa" : 1,  "begin" : 424,  "end" : 431 }, 
        {"sofa" : 1,  "begin" : 432,  "end" : 435 }, 
        {"sofa" : 1,  "begin" : 436,  "end" : 443 }, 
        {"sofa" : 1,  "begin" : 444,  "end" : 448 }, 
        {"sofa" : 1,  "begin" : 449,  "end" : 453 }, 
        {"sofa" : 1,  "begin" : 454,  "end" : 457 }, 
        {"sofa" : 1,  "begin" : 458,  "end" : 462 }, 
        {"sofa" : 1,  "begin" : 463,  "end" : 471 }, 
        {"sofa" : 1,  "begin" : 472,  "end" : 474 }, 
        {"sofa" : 1,  "begin" : 475,  "end" : 477 }, 
        {"sofa" : 1,  "begin" : 478,  "end" : 479 } ], 
      "PartsofCause" : [1389,  1407,  1398 ], 
      "TypesofCause" : [
        {"sofa" : 1,  "begin" : 362,  "end" : 379,  "Dependent" : 1389,  "Governor" : 1407,  "TypesofCause" : "Effect" }, 
        {"sofa" : 1,  "begin" : 385,  "end" : 398,  "Dependent" : 1398,  "Governor" : 1407,  "TypesofCause" : "Cause" } ] } }, 
  "_referenced_fss" : {
    "1" : {"_type" : "Sofa",  "sofaNum" : 1,  "sofaID" : "_InitialView",  "mimeType" : "text",  "sofaString" : "Apparently I “ plagiarized ” about 65% of a bio lab report that I definitely wrote all by myself .\nMy TA gave me a 0 but did give me the option of redoing the assignment in 24 hours .\nI am apparently at risk of getting reported to the university .\nMy grade dropped a horrific amount .\nI ’m pretty much being called a liar and a cheat .\nHappened to anyone else ?\nI literally cried when my TA told me .\nThis is my 3rd year at college and nothing like this has ever happened to me ." }, 
    "1389" : {"_type" : "PartsofCause",  "sofa" : 1,  "begin" : 362,  "end" : 379,  "PartsofCause" : "Argument" }, 
    "1407" : {"_type" : "PartsofCause",  "sofa" : 1,  "begin" : 380,  "end" : 384,  "PartsofCause" : "Causing" }, 
    "1398" : {"_type" : "PartsofCause",  "sofa" : 1,  "begin" : 385,  "end" : 398,  "PartsofCause" : "Argument" }, 
    "1492" : {"_type" : "LayerDefinition",  "name" : "webanno.custom.TypesofCause",  "uiName" : "Types of Cause" }, 
    "1474" : {"_type" : "LayerDefinition",  "name" : "webanno.custom.DisjointCausalSpans",  "uiName" : "Disjoint Causal Spans" }, 
    "1485" : {"_type" : "LayerDefinition",  "name" : "webanno.custom.PartsofCause",  "uiName" : "Parts of Cause" } } }