{"_context" : {
    "_types" : {
      "DocumentMetaData" : {
        "_feature_types" : {"sofa" : "_ref" } }, 
      "FeatureDefinition" : {
        "_feature_types" : {"layer" : "_ref" } }, 
      "LayerDefinition" : { }, 
      "PartsofCause" : {
        "_feature_types" : {"sofa" : "_ref" } }, 
      "Sentence" : {
        "_feature_types" : {"sofa" : "_ref" } }, 
      "Sofa" : {
        "_feature_types" : {"sofaArray" : "_ref" } }, 
      "TagsetDescription" : {
        "_feature_types" : {"sofa" : "_ref",  "tags" : "_ref" } }, 
      "Token" : {
        "_feature_types" : {"sofa" : "_ref",  "parent" : "_ref",  "lemma" : "_ref",  "stem" : "_ref",  "pos" : "_ref",  "morph" : "_ref",  "form" : "_ref" } }, 
      "TypesofCause" : {
        "_feature_types" : {"sofa" : "_ref",  "Dependent" : "_ref",  "Governor" : "_ref" } }, 
      "DocumentAnnotation" : {
        "_feature_types" : {"sofa" : "_ref" }, 
        "_subtypes" : ["DocumentMetaData" ] }, 
      "Annotation" : {
        "_feature_types" : {"sofa" : "_ref" }, 
        "_subtypes" : ["DocumentAnnotation",  "PartsofCause",  "Sentence",  "TagsetDescription",  "Token",  "TypesofCause" ] }, 
      "AnnotationBase" : {
        "_feature_types" : {"sofa" : "_ref" }, 
        "_subtypes" : ["Annotation" ] }, 
      "TOP" : {
        "_subtypes" : ["AnnotationBase",  "FeatureDefinition",  "LayerDefinition",  "Sofa" ] } } }, 
  "_views" : {
    "_InitialView" : {
      "FeatureDefinition" : [
        {"layer" : 2371,  "name" : "referenceRelation",  "uiName" : "Reference Relation" }, 
        {"layer" : 2371,  "name" : "referenceType",  "uiName" : "Reference Type" }, 
        {"layer" : 2382,  "name" : "PartsofCause",  "uiName" : "Parts of Cause" }, 
        {"layer" : 2389,  "name" : "TypesofCause",  "uiName" : "Types of Cause" } ], 
      "LayerDefinition" : [2371,  2382,  2389 ], 
      "DocumentMetaData" : [
        {"sofa" : 1,  "end" : 770,  "language" : "x-unspecified",  "documentTitle" : "reddit-036.txt",  "documentId" : "AYC",  "documentUri" : "file:/srv/inception/repository/project/2/document/2438/source/AYC",  "collectionId" : "file:/srv/inception/repository/project/2/document/2438/source/",  "documentBaseUri" : "file:/srv/inception/repository/project/2/document/2438/source/",  "isLastSegment" : false } ], 
      "TagsetDescription" : [
        {"sofa" : 1,  "layer" : "webanno.custom.PartsofCause",  "name" : "Parts of Cause",  "input" : false }, 
        {"sofa" : 1,  "layer" : "webanno.custom.TypesofCause",  "name" : "Causal Relations",  "input" : false } ], 
      "Sentence" : [
        {"sofa" : 1,  "end" : 123 }, 
        {"sofa" : 1,  "begin" : 124,  "end" : 150 }, 
        {"sofa" : 1,  "begin" : 151,  "end" : 314 }, 
        {"sofa" : 1,  "begin" : 315,  "end" : 586 }, 
        {"sofa" : 1,  "begin" : 587,  "end" : 660 }, 
        {"sofa" : 1,  "begin" : 661,  "end" : 770 } ], 
      "Token" : [
        {"sofa" : 1,  "end" : 1 }, 
        {"sofa" : 1,  "begin" : 2,  "end" : 4 }, 
        {"sofa" : 1,  "begin" : 5,  "end" : 7 }, 
        {"sofa" : 1,  "begin" : 8,  "end" : 11 }, 
        {"sofa" : 1,  "begin" : 12,  "end" : 16 }, 
        {"sofa" : 1,  "begin" : 17,  "end" : 21 }, 
        {"sofa" : 1,  "begin" : 22,  "end" : 24 }, 
        {"sofa" : 1,  "begin" : 25,  "end" : 29 }, 
        {"sofa" : 1,  "begin" : 30,  "end" : 32 }, 
        {"sofa" : 1,  "begin" : 33,  "end" : 36 }, 
        {"sofa" : 1,  "begin" : 37,  "end" : 38 }, 
        {"sofa" : 1,  "begin" : 39,  "end" : 44 }, 
        {"sofa" : 1,  "begin" : 45,  "end" : 52 }, 
        {"sofa" : 1,  "begin" : 53,  "end" : 56 }, 
        {"sofa" : 1,  "begin" : 57,  "end" : 63 }, 
        {"sofa" : 1,  "begin" : 64,  "end" : 66 }, 
        {"sofa" : 1,  "begin" : 67,  "end" : 73 }, 
        {"sofa" : 1,  "begin" : 74,  "end" : 76 }, 
        {"sofa" : 1,  "begin" : 77,  "end" : 83 }, 
        {"sofa" : 1,  "begin" : 84,  "end" : 86 }, 
        {"sofa" : 1,  "begin" : 87,  "end" : 93 }, 
        {"sofa" : 1,  "begin" : 94,  "end" : 95 }, 
        {"sofa" : 1,  "begin" : 96,  "end" : 98 }, 
        {"sofa" : 1,  "begin" : 99,  "end" : 103 }, 
        {"sofa" : 1,  "begin" : 104,  "end" : 106 }, 
        {"sofa" : 1,  "begin" : 107,  "end" : 113 }, 
        {"sofa" : 1,  "begin" : 114,  "end" : 121 }, 
        {"sofa" : 1,  "begin" : 122,  "end" : 123 }, 
        {"sofa" : 1,  "begin" : 124,  "end" : 129 }, 
        {"sofa" : 1,  "begin" : 130,  "end" : 134 }, 
        {"sofa" : 1,  "begin" : 135,  "end" : 137 }, 
        {"sofa" : 1,  "begin" : 138,  "end" : 144 }, 
        {"sofa" : 1,  "begin" : 145,  "end" : 146 }, 
        {"sofa" : 1,  "begin" : 147,  "end" : 150 }, 
        {"sofa" : 1,  "begin" : 151,  "end" : 152 }, 
        {"sofa" : 1,  "begin" : 153,  "end" : 157 }, 
        {"sofa" : 1,  "begin" : 158,  "end" : 170 }, 
        {"sofa" : 1,  "begin" : 171,  "end" : 172 }, 
        {"sofa" : 1,  "begin" : 173,  "end" : 180 }, 
        {"sofa" : 1,  "begin" : 181,  "end" : 182 }, 
        {"sofa" : 1,  "begin" : 183,  "end" : 186 }, 
        {"sofa" : 1,  "begin" : 187,  "end" : 191 }, 
        {"sofa" : 1,  "begin" : 192,  "end" : 196 }, 
        {"sofa" : 1,  "begin" : 197,  "end" : 199 }, 
        {"sofa" : 1,  "begin" : 200,  "end" : 206 }, 
        {"sofa" : 1,  "begin" : 207,  "end" : 208 }, 
        {"sofa" : 1,  "begin" : 209,  "end" : 214 }, 
        {"sofa" : 1,  "begin" : 215,  "end" : 218 }, 
        {"sofa" : 1,  "begin" : 219,  "end" : 221 }, 
        {"sofa" : 1,  "begin" : 222,  "end" : 224 }, 
        {"sofa" : 1,  "begin" : 225,  "end" : 226 }, 
        {"sofa" : 1,  "begin" : 227,  "end" : 231 }, 
        {"sofa" : 1,  "begin" : 232,  "end" : 236 }, 
        {"sofa" : 1,  "begin" : 237,  "end" : 241 }, 
        {"sofa" : 1,  "begin" : 242,  "end" : 245 }, 
        {"sofa" : 1,  "begin" : 246,  "end" : 248 }, 
        {"sofa" : 1,  "begin" : 249,  "end" : 252 }, 
        {"sofa" : 1,  "begin" : 253,  "end" : 257 }, 
        {"sofa" : 1,  "begin" : 258,  "end" : 263 }, 
        {"sofa" : 1,  "begin" : 264,  "end" : 266 }, 
        {"sofa" : 1,  "begin" : 267,  "end" : 269 }, 
        {"sofa" : 1,  "begin" : 270,  "end" : 273 }, 
        {"sofa" : 1,  "begin" : 274,  "end" : 276 }, 
        {"sofa" : 1,  "begin" : 277,  "end" : 281 }, 
        {"sofa" : 1,  "begin" : 282,  "end" : 284 }, 
        {"sofa" : 1,  "begin" : 285,  "end" : 291 }, 
        {"sofa" : 1,  "begin" : 292,  "end" : 295 }, 
        {"sofa" : 1,  "begin" : 296,  "end" : 303 }, 
        {"sofa" : 1,  "begin" : 304,  "end" : 308 }, 
        {"sofa" : 1,  "begin" : 309,  "end" : 310 }, 
        {"sofa" : 1,  "begin" : 311,  "end" : 314 }, 
        {"sofa" : 1,  "begin" : 315,  "end" : 316 }, 
        {"sofa" : 1,  "begin" : 317,  "end" : 321 }, 
        {"sofa" : 1,  "begin" : 322,  "end" : 327 }, 
        {"sofa" : 1,  "begin" : 328,  "end" : 329 }, 
        {"sofa" : 1,  "begin" : 330,  "end" : 334 }, 
        {"sofa" : 1,  "begin" : 335,  "end" : 336 }, 
        {"sofa" : 1,  "begin" : 337,  "end" : 340 }, 
        {"sofa" : 1,  "begin" : 341,  "end" : 344 }, 
        {"sofa" : 1,  "begin" : 345,  "end" : 349 }, 
        {"sofa" : 1,  "begin" : 350,  "end" : 356 }, 
        {"sofa" : 1,  "begin" : 357,  "end" : 359 }, 
        {"sofa" : 1,  "begin" : 360,  "end" : 366 }, 
        {"sofa" : 1,  "begin" : 367,  "end" : 369 }, 
        {"sofa" : 1,  "begin" : 370,  "end" : 371 }, 
        {"sofa" : 1,  "begin" : 372,  "end" : 375 }, 
        {"sofa" : 1,  "begin" : 376,  "end" : 380 }, 
        {"sofa" : 1,  "begin" : 381,  "end" : 382 }, 
        {"sofa" : 1,  "begin" : 383,  "end" : 387 }, 
        {"sofa" : 1,  "begin" : 388,  "end" : 392 }, 
        {"sofa" : 1,  "begin" : 393,  "end" : 394 }, 
        {"sofa" : 1,  "begin" : 395,  "end" : 396 }, 
        {"sofa" : 1,  "begin" : 397,  "end" : 401 }, 
        {"sofa" : 1,  "begin" : 402,  "end" : 404 }, 
        {"sofa" : 1,  "begin" : 405,  "end" : 407 }, 
        {"sofa" : 1,  "begin" : 408,  "end" : 414 }, 
        {"sofa" : 1,  "begin" : 415,  "end" : 417 }, 
        {"sofa" : 1,  "begin" : 418,  "end" : 424 }, 
        {"sofa" : 1,  "begin" : 425,  "end" : 435 }, 
        {"sofa" : 1,  "begin" : 436,  "end" : 439 }, 
        {"sofa" : 1,  "begin" : 440,  "end" : 447 }, 
        {"sofa" : 1,  "begin" : 448,  "end" : 449 }, 
        {"sofa" : 1,  "begin" : 450,  "end" : 456 }, 
        {"sofa" : 1,  "begin" : 457,  "end" : 458 }, 
        {"sofa" : 1,  "begin" : 459,  "end" : 463 }, 
        {"sofa" : 1,  "begin" : 464,  "end" : 467 }, 
        {"sofa" : 1,  "begin" : 468,  "end" : 472 }, 
        {"sofa" : 1,  "begin" : 473,  "end" : 475 }, 
        {"sofa" : 1,  "begin" : 476,  "end" : 489 }, 
        {"sofa" : 1,  "begin" : 490,  "end" : 493 }, 
        {"sofa" : 1,  "begin" : 494,  "end" : 499 }, 
        {"sofa" : 1,  "begin" : 500,  "end" : 502 }, 
        {"sofa" : 1,  "begin" : 503,  "end" : 514 }, 
        {"sofa" : 1,  "begin" : 515,  "end" : 516 }, 
        {"sofa" : 1,  "begin" : 517,  "end" : 518 }, 
        {"sofa" : 1,  "begin" : 519,  "end" : 525 }, 
        {"sofa" : 1,  "begin" : 526,  "end" : 533 }, 
        {"sofa" : 1,  "begin" : 534,  "end" : 538 }, 
        {"sofa" : 1,  "begin" : 539,  "end" : 546 }, 
        {"sofa" : 1,  "begin" : 547,  "end" : 550 }, 
        {"sofa" : 1,  "begin" : 551,  "end" : 553 }, 
        {"sofa" : 1,  "begin" : 554,  "end" : 557 }, 
        {"sofa" : 1,  "begin" : 558,  "end" : 562 }, 
        {"sofa" : 1,  "begin" : 563,  "end" : 565 }, 
        {"sofa" : 1,  "begin" : 566,  "end" : 572 }, 
        {"sofa" : 1,  "begin" : 573,  "end" : 575 }, 
        {"sofa" : 1,  "begin" : 576,  "end" : 577 }, 
        {"sofa" : 1,  "begin" : 578,  "end" : 584 }, 
        {"sofa" : 1,  "begin" : 585,  "end" : 586 }, 
        {"sofa" : 1,  "begin" : 587,  "end" : 591 }, 
        {"sofa" : 1,  "begin" : 592,  "end" : 593 }, 
        {"sofa" : 1,  "begin" : 594,  "end" : 598 }, 
        {"sofa" : 1,  "begin" : 599,  "end" : 605 }, 
        {"sofa" : 1,  "begin" : 606,  "end" : 610 }, 
        {"sofa" : 1,  "begin" : 611,  "end" : 614 }, 
        {"sofa" : 1,  "begin" : 615,  "end" : 616 }, 
        {"sofa" : 1,  "begin" : 617,  "end" : 618 }, 
        {"sofa" : 1,  "begin" : 619,  "end" : 622 }, 
        {"sofa" : 1,  "begin" : 623,  "end" : 632 }, 
        {"sofa" : 1,  "begin" : 633,  "end" : 638 }, 
        {"sofa" : 1,  "begin" : 639,  "end" : 642 }, 
        {"sofa" : 1,  "begin" : 643,  "end" : 645 }, 
        {"sofa" : 1,  "begin" : 646,  "end" : 649 }, 
        {"sofa" : 1,  "begin" : 650,  "end" : 658 }, 
        {"sofa" : 1,  "begin" : 659,  "end" : 660 }, 
        {"sofa" : 1,  "begin" : 661,  "end" : 666 }, 
        {"sofa" : 1,  "begin" : 667,  "end" : 670 }, 
        {"sofa" : 1,  "begin" : 671,  "end" : 675 }, 
        {"sofa" : 1,  "begin" : 676,  "end" : 679 }, 
        {"sofa" : 1,  "begin" : 680,  "end" : 685 }, 
        {"sofa" : 1,  "begin" : 686,  "end" : 687 }, 
        {"sofa" : 1,  "begin" : 688,  "end" : 693 }, 
        {"sofa" : 1,  "begin" : 694,  "end" : 703 }, 
        {"sofa" : 1,  "begin" : 704,  "end" : 705 }, 
        {"sofa" : 1,  "begin" : 706,  "end" : 712 }, 
        {"sofa" : 1,  "begin" : 713,  "end" : 717 }, 
        {"sofa" : 1,  "begin" : 718,  "end" : 720 }, 
        {"sofa" : 1,  "begin" : 721,  "end" : 725 }, 
        {"sofa" : 1,  "begin" : 726,  "end" : 729 }, 
        {"sofa" : 1,  "begin" : 730,  "end" : 738 }, 
        {"sofa" : 1,  "begin" : 739,  "end" : 742 }, 
        {"sofa" : 1,  "begin" : 743,  "end" : 747 }, 
        {"sofa" : 1,  "begin" : 748,  "end" : 752 }, 
        {"sofa" : 1,  "begin" : 753,  "end" : 755 }, 
        {"sofa" : 1,  "begin" : 756,  "end" : 758 }, 
        {"sofa" : 1,  "begin" : 759,  "end" : 762 }, 
        {"sofa" : 1,  "begin" : 763,  "end" : 768 }, 
        {"sofa" : 1,  "begin" : 769,  "end" : 770 } ], 
      "PartsofCause" : [2263,  2237,  2250,  2306,  2319,  2332 ], 
      "TypesofCause" : [
        {"sofa" : 1,  "begin" : 209,  "end" : 257,  "Dependent" : 2263,  "Governor" : 2237,  "TypesofCause" : "Effect" }, 
        {"sofa" : 1,  "begin" : 264,  "end" : 295,  "Dependent" : 2250,  "Governor" : 2237,  "TypesofCause" : "Cause" }, 
        {"sofa" : 1,  "begin" : 661,  "end" : 675,  "Dependent" : 2306,  "Governor" : 2319,  "TypesofCause" : "Effect" }, 
        {"sofa" : 1,  "begin" : 680,  "end" : 703,  "Dependent" : 2332,  "Governor" : 2319,  "TypesofCause" : "Cause" } ] } }, 
  "_referenced_fss" : {
    "1" : {"_type" : "Sofa",  "sofaNum" : 1,  "sofaID" : "_InitialView",  "mimeType" : "text",  "sofaString" : "I ’m in the same boat as many of you - being offered the choice to return to living on campus , or stay an online student .\nGoing back to campus I ...\n+ Have independence / freedom + Get away from my family - Might end up in a tiny dorm room 80% of the time since we ca n’t do much on campus now Staying home I ...\n+ Save money + Have a car and more places to escape to ( not just a dorm room ) - Have to be around my family constantly for another 3 months - FOMO and lack of socialization Any input is appreciated , I really dislike both options and do n’t know if either is a winner .\nEDIT : This really took off , I was expecting maybe one or two comments .\nThank you guys for being a great community , really nice to read the comments and know none of us are alone ." }, 
    "2263" : {"_type" : "PartsofCause",  "sofa" : 1,  "begin" : 209,  "end" : 257,  "PartsofCause" : "Argument" }, 
    "2237" : {"_type" : "PartsofCause",  "sofa" : 1,  "begin" : 258,  "end" : 263,  "PartsofCause" : "Causing" }, 
    "2250" : {"_type" : "PartsofCause",  "sofa" : 1,  "begin" : 264,  "end" : 295,  "PartsofCause" : "Argument" }, 
    "2306" : {"_type" : "PartsofCause",  "sofa" : 1,  "begin" : 661,  "end" : 675,  "PartsofCause" : "Argument" }, 
    "2319" : {"_type" : "PartsofCause",  "sofa" : 1,  "begin" : 676,  "end" : 679,  "PartsofCause" : "Causing" }, 
    "2332" : {"_type" : "PartsofCause",  "sofa" : 1,  "begin" : 680,  "end" : 703,  "PartsofCause" : "Argument" }, 
    "2371" : {"_type" : "LayerDefinition",  "name" : "webanno.custom.DisjointCausalSpans",  "uiName" : "Disjoint Causal Spans" }, 
    "2382" : {"_type" : "LayerDefinition",  "name" : "webanno.custom.PartsofCause",  "uiName" : "Parts of Cause" }, 
    "2389" : {"_type" : "LayerDefinition",  "name" : "webanno.custom.TypesofCause",  "uiName" : "Types of Cause" } } }