{"_context" : {
    "_types" : {
      "DocumentMetaData" : {
        "_feature_types" : {"sofa" : "_ref" } }, 
      "FeatureDefinition" : {
        "_feature_types" : {"layer" : "_ref" } }, 
      "LayerDefinition" : { }, 
      "PartsofCause" : {
        "_feature_types" : {"sofa" : "_ref" } }, 
      "Sentence" : {
        "_feature_types" : {"sofa" : "_ref" } }, 
      "Sofa" : {
        "_feature_types" : {"sofaArray" : "_ref" } }, 
      "TagsetDescription" : {
        "_feature_types" : {"sofa" : "_ref",  "tags" : "_ref" } }, 
      "Token" : {
        "_feature_types" : {"sofa" : "_ref",  "parent" : "_ref",  "lemma" : "_ref",  "stem" : "_ref",  "pos" : "_ref",  "morph" : "_ref",  "form" : "_ref" } }, 
      "TypesofCause" : {
        "_feature_types" : {"sofa" : "_ref",  "Dependent" : "_ref",  "Governor" : "_ref" } }, 
      "DocumentAnnotation" : {
        "_feature_types" : {"sofa" : "_ref" }, 
        "_subtypes" : ["DocumentMetaData" ] }, 
      "Annotation" : {
        "_feature_types" : {"sofa" : "_ref" }, 
        "_subtypes" : ["DocumentAnnotation",  "PartsofCause",  "Sentence",  "TagsetDescription",  "Token",  "TypesofCause" ] }, 
      "AnnotationBase" : {
        "_feature_types" : {"sofa" : "_ref" }, 
        "_subtypes" : ["Annotation" ] }, 
      "TOP" : {
        "_subtypes" : ["AnnotationBase",  "FeatureDefinition",  "LayerDefinition",  "Sofa" ] } } }, 
  "_views" : {
    "_InitialView" : {
      "FeatureDefinition" : [
        {"layer" : 2086,  "name" : "referenceRelation",  "uiName" : "Reference Relation" }, 
        {"layer" : 2086,  "name" : "referenceType",  "uiName" : "Reference Type" }, 
        {"layer" : 2097,  "name" : "PartsofCause",  "uiName" : "Parts of Cause" }, 
        {"layer" : 2104,  "name" : "TypesofCause",  "uiName" : "Types of Cause" } ], 
      "LayerDefinition" : [2086,  2097,  2104 ], 
      "DocumentMetaData" : [
        {"sofa" : 1,  "end" : 698,  "language" : "x-unspecified",  "documentTitle" : "reddit-040.txt",  "documentId" : "AYC",  "documentUri" : "file:/srv/inception/repository/project/2/document/2442/source/AYC",  "collectionId" : "file:/srv/inception/repository/project/2/document/2442/source/",  "documentBaseUri" : "file:/srv/inception/repository/project/2/document/2442/source/",  "isLastSegment" : false } ], 
      "TagsetDescription" : [
        {"sofa" : 1,  "layer" : "webanno.custom.PartsofCause",  "name" : "Parts of Cause",  "input" : false }, 
        {"sofa" : 1,  "layer" : "webanno.custom.TypesofCause",  "name" : "Causal Relations",  "input" : false } ], 
      "Sentence" : [
        {"sofa" : 1,  "end" : 176 }, 
        {"sofa" : 1,  "begin" : 177,  "end" : 208 }, 
        {"sofa" : 1,  "begin" : 209,  "end" : 316 }, 
        {"sofa" : 1,  "begin" : 317,  "end" : 540 }, 
        {"sofa" : 1,  "begin" : 541,  "end" : 620 }, 
        {"sofa" : 1,  "begin" : 621,  "end" : 636 }, 
        {"sofa" : 1,  "begin" : 637,  "end" : 673 }, 
        {"sofa" : 1,  "begin" : 674,  "end" : 698 } ], 
      "Token" : [
        {"sofa" : 1,  "end" : 4 }, 
        {"sofa" : 1,  "begin" : 5,  "end" : 12 }, 
        {"sofa" : 1,  "begin" : 13,  "end" : 15 }, 
        {"sofa" : 1,  "begin" : 16,  "end" : 18 }, 
        {"sofa" : 1,  "begin" : 19,  "end" : 24 }, 
        {"sofa" : 1,  "begin" : 25,  "end" : 33 }, 
        {"sofa" : 1,  "begin" : 34,  "end" : 36 }, 
        {"sofa" : 1,  "begin" : 37,  "end" : 45 }, 
        {"sofa" : 1,  "begin" : 46,  "end" : 52 }, 
        {"sofa" : 1,  "begin" : 53,  "end" : 55 }, 
        {"sofa" : 1,  "begin" : 56,  "end" : 57 }, 
        {"sofa" : 1,  "begin" : 58,  "end" : 61 }, 
        {"sofa" : 1,  "begin" : 62,  "end" : 67 }, 
        {"sofa" : 1,  "begin" : 68,  "end" : 69 }, 
        {"sofa" : 1,  "begin" : 70,  "end" : 80 }, 
        {"sofa" : 1,  "begin" : 81,  "end" : 83 }, 
        {"sofa" : 1,  "begin" : 84,  "end" : 94 }, 
        {"sofa" : 1,  "begin" : 95,  "end" : 96 }, 
        {"sofa" : 1,  "begin" : 97,  "end" : 100 }, 
        {"sofa" : 1,  "begin" : 101,  "end" : 102 }, 
        {"sofa" : 1,  "begin" : 103,  "end" : 110 }, 
        {"sofa" : 1,  "begin" : 111,  "end" : 114 }, 
        {"sofa" : 1,  "begin" : 115,  "end" : 117 }, 
        {"sofa" : 1,  "begin" : 118,  "end" : 124 }, 
        {"sofa" : 1,  "begin" : 125,  "end" : 128 }, 
        {"sofa" : 1,  "begin" : 129,  "end" : 134 }, 
        {"sofa" : 1,  "begin" : 135,  "end" : 138 }, 
        {"sofa" : 1,  "begin" : 139,  "end" : 140 }, 
        {"sofa" : 1,  "begin" : 141,  "end" : 144 }, 
        {"sofa" : 1,  "begin" : 145,  "end" : 149 }, 
        {"sofa" : 1,  "begin" : 150,  "end" : 156 }, 
        {"sofa" : 1,  "begin" : 157,  "end" : 158 }, 
        {"sofa" : 1,  "begin" : 159,  "end" : 162 }, 
        {"sofa" : 1,  "begin" : 163,  "end" : 164 }, 
        {"sofa" : 1,  "begin" : 165,  "end" : 168 }, 
        {"sofa" : 1,  "begin" : 169,  "end" : 170 }, 
        {"sofa" : 1,  "begin" : 171,  "end" : 173 }, 
        {"sofa" : 1,  "begin" : 174,  "end" : 176 }, 
        {"sofa" : 1,  "begin" : 177,  "end" : 182 }, 
        {"sofa" : 1,  "begin" : 183,  "end" : 185 }, 
        {"sofa" : 1,  "begin" : 186,  "end" : 189 }, 
        {"sofa" : 1,  "begin" : 190,  "end" : 195 }, 
        {"sofa" : 1,  "begin" : 196,  "end" : 203 }, 
        {"sofa" : 1,  "begin" : 204,  "end" : 206 }, 
        {"sofa" : 1,  "begin" : 207,  "end" : 208 }, 
        {"sofa" : 1,  "begin" : 209,  "end" : 210 }, 
        {"sofa" : 1,  "begin" : 211,  "end" : 213 }, 
        {"sofa" : 1,  "begin" : 214,  "end" : 218 }, 
        {"sofa" : 1,  "begin" : 219,  "end" : 221 }, 
        {"sofa" : 1,  "begin" : 222,  "end" : 229 }, 
        {"sofa" : 1,  "begin" : 230,  "end" : 233 }, 
        {"sofa" : 1,  "begin" : 234,  "end" : 238 }, 
        {"sofa" : 1,  "begin" : 239,  "end" : 242 }, 
        {"sofa" : 1,  "begin" : 243,  "end" : 247 }, 
        {"sofa" : 1,  "begin" : 248,  "end" : 250 }, 
        {"sofa" : 1,  "begin" : 251,  "end" : 256 }, 
        {"sofa" : 1,  "begin" : 257,  "end" : 258 }, 
        {"sofa" : 1,  "begin" : 259,  "end" : 266 }, 
        {"sofa" : 1,  "begin" : 267,  "end" : 268 }, 
        {"sofa" : 1,  "begin" : 269,  "end" : 276 }, 
        {"sofa" : 1,  "begin" : 277,  "end" : 280 }, 
        {"sofa" : 1,  "begin" : 281,  "end" : 284 }, 
        {"sofa" : 1,  "begin" : 285,  "end" : 293 }, 
        {"sofa" : 1,  "begin" : 294,  "end" : 303 }, 
        {"sofa" : 1,  "begin" : 304,  "end" : 314 }, 
        {"sofa" : 1,  "begin" : 315,  "end" : 316 }, 
        {"sofa" : 1,  "begin" : 317,  "end" : 318 }, 
        {"sofa" : 1,  "begin" : 319,  "end" : 322 }, 
        {"sofa" : 1,  "begin" : 323,  "end" : 330 }, 
        {"sofa" : 1,  "begin" : 331,  "end" : 335 }, 
        {"sofa" : 1,  "begin" : 336,  "end" : 342 }, 
        {"sofa" : 1,  "begin" : 343,  "end" : 346 }, 
        {"sofa" : 1,  "begin" : 347,  "end" : 354 }, 
        {"sofa" : 1,  "begin" : 355,  "end" : 358 }, 
        {"sofa" : 1,  "begin" : 359,  "end" : 367 }, 
        {"sofa" : 1,  "begin" : 368,  "end" : 376 }, 
        {"sofa" : 1,  "begin" : 377,  "end" : 380 }, 
        {"sofa" : 1,  "begin" : 381,  "end" : 389 }, 
        {"sofa" : 1,  "begin" : 390,  "end" : 393 }, 
        {"sofa" : 1,  "begin" : 394,  "end" : 401 }, 
        {"sofa" : 1,  "begin" : 402,  "end" : 406 }, 
        {"sofa" : 1,  "begin" : 407,  "end" : 412 }, 
        {"sofa" : 1,  "begin" : 413,  "end" : 414 }, 
        {"sofa" : 1,  "begin" : 415,  "end" : 418 }, 
        {"sofa" : 1,  "begin" : 419,  "end" : 422 }, 
        {"sofa" : 1,  "begin" : 423,  "end" : 426 }, 
        {"sofa" : 1,  "begin" : 427,  "end" : 430 }, 
        {"sofa" : 1,  "begin" : 431,  "end" : 434 }, 
        {"sofa" : 1,  "begin" : 435,  "end" : 438 }, 
        {"sofa" : 1,  "begin" : 439,  "end" : 446 }, 
        {"sofa" : 1,  "begin" : 447,  "end" : 448 }, 
        {"sofa" : 1,  "begin" : 449,  "end" : 452 }, 
        {"sofa" : 1,  "begin" : 453,  "end" : 454 }, 
        {"sofa" : 1,  "begin" : 455,  "end" : 462 }, 
        {"sofa" : 1,  "begin" : 463,  "end" : 464 }, 
        {"sofa" : 1,  "begin" : 465,  "end" : 470 }, 
        {"sofa" : 1,  "begin" : 471,  "end" : 476 }, 
        {"sofa" : 1,  "begin" : 477,  "end" : 479 }, 
        {"sofa" : 1,  "begin" : 480,  "end" : 487 }, 
        {"sofa" : 1,  "begin" : 488,  "end" : 494 }, 
        {"sofa" : 1,  "begin" : 495,  "end" : 499 }, 
        {"sofa" : 1,  "begin" : 500,  "end" : 506 }, 
        {"sofa" : 1,  "begin" : 507,  "end" : 509 }, 
        {"sofa" : 1,  "begin" : 510,  "end" : 513 }, 
        {"sofa" : 1,  "begin" : 514,  "end" : 517 }, 
        {"sofa" : 1,  "begin" : 518,  "end" : 524 }, 
        {"sofa" : 1,  "begin" : 525,  "end" : 527 }, 
        {"sofa" : 1,  "begin" : 528,  "end" : 531 }, 
        {"sofa" : 1,  "begin" : 532,  "end" : 533 }, 
        {"sofa" : 1,  "begin" : 534,  "end" : 538 }, 
        {"sofa" : 1,  "begin" : 539,  "end" : 540 }, 
        {"sofa" : 1,  "begin" : 541,  "end" : 543 }, 
        {"sofa" : 1,  "begin" : 544,  "end" : 551 }, 
        {"sofa" : 1,  "begin" : 552,  "end" : 555 }, 
        {"sofa" : 1,  "begin" : 556,  "end" : 558 }, 
        {"sofa" : 1,  "begin" : 559,  "end" : 570 }, 
        {"sofa" : 1,  "begin" : 571,  "end" : 578 }, 
        {"sofa" : 1,  "begin" : 579,  "end" : 581 }, 
        {"sofa" : 1,  "begin" : 582,  "end" : 585 }, 
        {"sofa" : 1,  "begin" : 586,  "end" : 590 }, 
        {"sofa" : 1,  "begin" : 591,  "end" : 598 }, 
        {"sofa" : 1,  "begin" : 599,  "end" : 601 }, 
        {"sofa" : 1,  "begin" : 602,  "end" : 604 }, 
        {"sofa" : 1,  "begin" : 605,  "end" : 609 }, 
        {"sofa" : 1,  "begin" : 610,  "end" : 611 }, 
        {"sofa" : 1,  "begin" : 612,  "end" : 615 }, 
        {"sofa" : 1,  "begin" : 616,  "end" : 618 }, 
        {"sofa" : 1,  "begin" : 619,  "end" : 620 }, 
        {"sofa" : 1,  "begin" : 621,  "end" : 624 }, 
        {"sofa" : 1,  "begin" : 625,  "end" : 628 }, 
        {"sofa" : 1,  "begin" : 629,  "end" : 631 }, 
        {"sofa" : 1,  "begin" : 632,  "end" : 634 }, 
        {"sofa" : 1,  "begin" : 635,  "end" : 636 }, 
        {"sofa" : 1,  "begin" : 637,  "end" : 643 }, 
        {"sofa" : 1,  "begin" : 644,  "end" : 647 }, 
        {"sofa" : 1,  "begin" : 648,  "end" : 653 }, 
        {"sofa" : 1,  "begin" : 654,  "end" : 662 }, 
        {"sofa" : 1,  "begin" : 663,  "end" : 671 }, 
        {"sofa" : 1,  "begin" : 672,  "end" : 673 }, 
        {"sofa" : 1,  "begin" : 674,  "end" : 676 }, 
        {"sofa" : 1,  "begin" : 677,  "end" : 681 }, 
        {"sofa" : 1,  "begin" : 682,  "end" : 683 }, 
        {"sofa" : 1,  "begin" : 684,  "end" : 692 }, 
        {"sofa" : 1,  "begin" : 693,  "end" : 698 } ], 
      "PartsofCause" : [1961,  1935,  1948,  2047,  2004,  2017 ], 
      "TypesofCause" : [
        {"sofa" : 1,  "begin" : 209,  "end" : 256,  "Dependent" : 1961,  "Governor" : 1935,  "TypesofCause" : "Effect" }, 
        {"sofa" : 1,  "begin" : 267,  "end" : 314,  "Dependent" : 1948,  "Governor" : 1935,  "TypesofCause" : "Cause" }, 
        {"sofa" : 1,  "begin" : 463,  "end" : 487,  "Dependent" : 2047,  "Governor" : 2004,  "TypesofCause" : "Effect" }, 
        {"sofa" : 1,  "begin" : 495,  "end" : 531,  "Dependent" : 2017,  "Governor" : 2004,  "TypesofCause" : "Cause" } ] } }, 
  "_referenced_fss" : {
    "1" : {"_type" : "Sofa",  "sofaNum" : 1,  "sofaID" : "_InitialView",  "mimeType" : "text",  "sofaString" : "Just wrapped up my first semester of graduate school in a new field ( psychology to statistics ) and I finally got my grades and found out I not only passed , but I got A ’s !!\nStill ca n’t quite believe it .\nI ’m just so excited and felt the need to share , because I started off the semester seriously struggling .\nI was dealing with really bad anxiety and imposter syndrome all semester and thought that maybe I was n’t cut out for the program , but I decided I would stick it through unless they failed me out and kicked me out , haha .\nTo anybody who is questioning whether or not they deserve to be here , you do .\nYou can do it .\nCheers and happy holidays everyone .\n♥️ Edit : spelling error" }, 
    "1961" : {"_type" : "PartsofCause",  "sofa" : 1,  "begin" : 209,  "end" : 256,  "PartsofCause" : "Argument" }, 
    "1935" : {"_type" : "PartsofCause",  "sofa" : 1,  "begin" : 259,  "end" : 266,  "PartsofCause" : "Causing" }, 
    "1948" : {"_type" : "PartsofCause",  "sofa" : 1,  "begin" : 267,  "end" : 314,  "PartsofCause" : "Argument" }, 
    "2047" : {"_type" : "PartsofCause",  "sofa" : 1,  "begin" : 463,  "end" : 487,  "PartsofCause" : "Argument" }, 
    "2004" : {"_type" : "PartsofCause",  "sofa" : 1,  "begin" : 488,  "end" : 494,  "PartsofCause" : "Preventing" }, 
    "2017" : {"_type" : "PartsofCause",  "sofa" : 1,  "begin" : 495,  "end" : 531,  "PartsofCause" : "Argument" }, 
    "2104" : {"_type" : "LayerDefinition",  "name" : "webanno.custom.TypesofCause",  "uiName" : "Types of Cause" }, 
    "2097" : {"_type" : "LayerDefinition",  "name" : "webanno.custom.PartsofCause",  "uiName" : "Parts of Cause" }, 
    "2086" : {"_type" : "LayerDefinition",  "name" : "webanno.custom.DisjointCausalSpans",  "uiName" : "Disjoint Causal Spans" } } }