{"_context" : {
    "_types" : {
      "DocumentMetaData" : {
        "_feature_types" : {"sofa" : "_ref" } }, 
      "FeatureDefinition" : {
        "_feature_types" : {"layer" : "_ref" } }, 
      "LayerDefinition" : { }, 
      "PartsofCause" : {
        "_feature_types" : {"sofa" : "_ref" } }, 
      "Sentence" : {
        "_feature_types" : {"sofa" : "_ref" } }, 
      "Sofa" : {
        "_feature_types" : {"sofaArray" : "_ref" } }, 
      "TagsetDescription" : {
        "_feature_types" : {"sofa" : "_ref",  "tags" : "_ref" } }, 
      "Token" : {
        "_feature_types" : {"sofa" : "_ref",  "parent" : "_ref",  "lemma" : "_ref",  "stem" : "_ref",  "pos" : "_ref",  "morph" : "_ref",  "form" : "_ref" } }, 
      "TypesofCause" : {
        "_feature_types" : {"sofa" : "_ref",  "Dependent" : "_ref",  "Governor" : "_ref" } }, 
      "DocumentAnnotation" : {
        "_feature_types" : {"sofa" : "_ref" }, 
        "_subtypes" : ["DocumentMetaData" ] }, 
      "Annotation" : {
        "_feature_types" : {"sofa" : "_ref" }, 
        "_subtypes" : ["DocumentAnnotation",  "PartsofCause",  "Sentence",  "TagsetDescription",  "Token",  "TypesofCause" ] }, 
      "AnnotationBase" : {
        "_feature_types" : {"sofa" : "_ref" }, 
        "_subtypes" : ["Annotation" ] }, 
      "TOP" : {
        "_subtypes" : ["AnnotationBase",  "FeatureDefinition",  "LayerDefinition",  "Sofa" ] } } }, 
  "_views" : {
    "_InitialView" : {
      "FeatureDefinition" : [
        {"layer" : 2675,  "name" : "referenceRelation",  "uiName" : "Reference Relation" }, 
        {"layer" : 2675,  "name" : "referenceType",  "uiName" : "Reference Type" }, 
        {"layer" : 2686,  "name" : "PartsofCause",  "uiName" : "Parts of Cause" }, 
        {"layer" : 2693,  "name" : "TypesofCause",  "uiName" : "Types of Cause" } ], 
      "LayerDefinition" : [2675,  2686,  2693 ], 
      "DocumentMetaData" : [
        {"sofa" : 1,  "end" : 1090,  "language" : "x-unspecified",  "documentTitle" : "cnn-43.txt",  "documentId" : "GJW",  "documentUri" : "file:/srv/inception/repository/project/2/document/2395/source/GJW",  "collectionId" : "file:/srv/inception/repository/project/2/document/2395/source/",  "documentBaseUri" : "file:/srv/inception/repository/project/2/document/2395/source/",  "isLastSegment" : false } ], 
      "TagsetDescription" : [
        {"sofa" : 1,  "layer" : "webanno.custom.PartsofCause",  "name" : "Parts of Cause",  "input" : false }, 
        {"sofa" : 1,  "layer" : "webanno.custom.TypesofCause",  "name" : "Causal Relations",  "input" : false } ], 
      "Sentence" : [
        {"sofa" : 1,  "end" : 126 }, 
        {"sofa" : 1,  "begin" : 127,  "end" : 354 }, 
        {"sofa" : 1,  "begin" : 355,  "end" : 481 }, 
        {"sofa" : 1,  "begin" : 482,  "end" : 601 }, 
        {"sofa" : 1,  "begin" : 602,  "end" : 834 }, 
        {"sofa" : 1,  "begin" : 835,  "end" : 1006 }, 
        {"sofa" : 1,  "begin" : 1007,  "end" : 1088 }, 
        {"sofa" : 1,  "begin" : 1089,  "end" : 1090 } ], 
      "Token" : [
        {"sofa" : 1,  "end" : 6 }, 
        {"sofa" : 1,  "begin" : 7,  "end" : 10 }, 
        {"sofa" : 1,  "begin" : 11,  "end" : 18 }, 
        {"sofa" : 1,  "begin" : 19,  "end" : 27 }, 
        {"sofa" : 1,  "begin" : 28,  "end" : 31 }, 
        {"sofa" : 1,  "begin" : 32,  "end" : 40 }, 
        {"sofa" : 1,  "begin" : 41,  "end" : 43 }, 
        {"sofa" : 1,  "begin" : 44,  "end" : 46 }, 
        {"sofa" : 1,  "begin" : 47,  "end" : 55 }, 
        {"sofa" : 1,  "begin" : 56,  "end" : 58 }, 
        {"sofa" : 1,  "begin" : 59,  "end" : 71 }, 
        {"sofa" : 1,  "begin" : 72,  "end" : 74 }, 
        {"sofa" : 1,  "begin" : 75,  "end" : 80 }, 
        {"sofa" : 1,  "begin" : 81,  "end" : 82 }, 
        {"sofa" : 1,  "begin" : 83,  "end" : 86 }, 
        {"sofa" : 1,  "begin" : 87,  "end" : 94 }, 
        {"sofa" : 1,  "begin" : 95,  "end" : 97 }, 
        {"sofa" : 1,  "begin" : 98,  "end" : 105 }, 
        {"sofa" : 1,  "begin" : 106,  "end" : 112 }, 
        {"sofa" : 1,  "begin" : 113,  "end" : 117 }, 
        {"sofa" : 1,  "begin" : 118,  "end" : 124 }, 
        {"sofa" : 1,  "begin" : 125,  "end" : 126 }, 
        {"sofa" : 1,  "begin" : 127,  "end" : 134 }, 
        {"sofa" : 1,  "begin" : 135,  "end" : 140 }, 
        {"sofa" : 1,  "begin" : 141,  "end" : 142 }, 
        {"sofa" : 1,  "begin" : 143,  "end" : 146 }, 
        {"sofa" : 1,  "begin" : 147,  "end" : 152 }, 
        {"sofa" : 1,  "begin" : 153,  "end" : 156 }, 
        {"sofa" : 1,  "begin" : 157,  "end" : 164 }, 
        {"sofa" : 1,  "begin" : 165,  "end" : 171 }, 
        {"sofa" : 1,  "begin" : 172,  "end" : 174 }, 
        {"sofa" : 1,  "begin" : 175,  "end" : 188 }, 
        {"sofa" : 1,  "begin" : 189,  "end" : 190 }, 
        {"sofa" : 1,  "begin" : 191,  "end" : 194 }, 
        {"sofa" : 1,  "begin" : 195,  "end" : 196 }, 
        {"sofa" : 1,  "begin" : 197,  "end" : 198 }, 
        {"sofa" : 1,  "begin" : 199,  "end" : 203 }, 
        {"sofa" : 1,  "begin" : 204,  "end" : 205 }, 
        {"sofa" : 1,  "begin" : 206,  "end" : 213 }, 
        {"sofa" : 1,  "begin" : 214,  "end" : 216 }, 
        {"sofa" : 1,  "begin" : 217,  "end" : 222 }, 
        {"sofa" : 1,  "begin" : 223,  "end" : 234 }, 
        {"sofa" : 1,  "begin" : 235,  "end" : 236 }, 
        {"sofa" : 1,  "begin" : 237,  "end" : 241 }, 
        {"sofa" : 1,  "begin" : 242,  "end" : 247 }, 
        {"sofa" : 1,  "begin" : 248,  "end" : 256 }, 
        {"sofa" : 1,  "begin" : 257,  "end" : 258 }, 
        {"sofa" : 1,  "begin" : 259,  "end" : 260 }, 
        {"sofa" : 1,  "begin" : 261,  "end" : 267 }, 
        {"sofa" : 1,  "begin" : 268,  "end" : 276 }, 
        {"sofa" : 1,  "begin" : 277,  "end" : 278 }, 
        {"sofa" : 1,  "begin" : 279,  "end" : 281 }, 
        {"sofa" : 1,  "begin" : 282,  "end" : 286 }, 
        {"sofa" : 1,  "begin" : 287,  "end" : 289 }, 
        {"sofa" : 1,  "begin" : 290,  "end" : 296 }, 
        {"sofa" : 1,  "begin" : 297,  "end" : 298 }, 
        {"sofa" : 1,  "begin" : 299,  "end" : 305 }, 
        {"sofa" : 1,  "begin" : 306,  "end" : 307 }, 
        {"sofa" : 1,  "begin" : 308,  "end" : 315 }, 
        {"sofa" : 1,  "begin" : 316,  "end" : 322 }, 
        {"sofa" : 1,  "begin" : 323,  "end" : 326 }, 
        {"sofa" : 1,  "begin" : 327,  "end" : 338 }, 
        {"sofa" : 1,  "begin" : 339,  "end" : 341 }, 
        {"sofa" : 1,  "begin" : 342,  "end" : 346 }, 
        {"sofa" : 1,  "begin" : 347,  "end" : 352 }, 
        {"sofa" : 1,  "begin" : 353,  "end" : 354 }, 
        {"sofa" : 1,  "begin" : 355,  "end" : 360 }, 
        {"sofa" : 1,  "begin" : 361,  "end" : 363 }, 
        {"sofa" : 1,  "begin" : 364,  "end" : 368 }, 
        {"sofa" : 1,  "begin" : 369,  "end" : 378 }, 
        {"sofa" : 1,  "begin" : 379,  "end" : 387 }, 
        {"sofa" : 1,  "begin" : 388,  "end" : 393 }, 
        {"sofa" : 1,  "begin" : 394,  "end" : 402 }, 
        {"sofa" : 1,  "begin" : 403,  "end" : 407 }, 
        {"sofa" : 1,  "begin" : 408,  "end" : 410 }, 
        {"sofa" : 1,  "begin" : 411,  "end" : 416 }, 
        {"sofa" : 1,  "begin" : 417,  "end" : 420 }, 
        {"sofa" : 1,  "begin" : 421,  "end" : 428 }, 
        {"sofa" : 1,  "begin" : 429,  "end" : 435 }, 
        {"sofa" : 1,  "begin" : 436,  "end" : 440 }, 
        {"sofa" : 1,  "begin" : 441,  "end" : 449 }, 
        {"sofa" : 1,  "begin" : 450,  "end" : 452 }, 
        {"sofa" : 1,  "begin" : 453,  "end" : 458 }, 
        {"sofa" : 1,  "begin" : 459,  "end" : 470 }, 
        {"sofa" : 1,  "begin" : 471,  "end" : 473 }, 
        {"sofa" : 1,  "begin" : 474,  "end" : 479 }, 
        {"sofa" : 1,  "begin" : 480,  "end" : 481 }, 
        {"sofa" : 1,  "begin" : 482,  "end" : 483 }, 
        {"sofa" : 1,  "begin" : 484,  "end" : 487 }, 
        {"sofa" : 1,  "begin" : 488,  "end" : 494 }, 
        {"sofa" : 1,  "begin" : 495,  "end" : 497 }, 
        {"sofa" : 1,  "begin" : 498,  "end" : 508 }, 
        {"sofa" : 1,  "begin" : 509,  "end" : 516 }, 
        {"sofa" : 1,  "begin" : 517,  "end" : 519 }, 
        {"sofa" : 1,  "begin" : 520,  "end" : 529 }, 
        {"sofa" : 1,  "begin" : 530,  "end" : 532 }, 
        {"sofa" : 1,  "begin" : 533,  "end" : 542 }, 
        {"sofa" : 1,  "begin" : 543,  "end" : 546 }, 
        {"sofa" : 1,  "begin" : 547,  "end" : 549 }, 
        {"sofa" : 1,  "begin" : 550,  "end" : 553 }, 
        {"sofa" : 1,  "begin" : 554,  "end" : 561 }, 
        {"sofa" : 1,  "begin" : 562,  "end" : 565 }, 
        {"sofa" : 1,  "begin" : 566,  "end" : 577 }, 
        {"sofa" : 1,  "begin" : 578,  "end" : 584 }, 
        {"sofa" : 1,  "begin" : 585,  "end" : 587 }, 
        {"sofa" : 1,  "begin" : 588,  "end" : 591 }, 
        {"sofa" : 1,  "begin" : 592,  "end" : 597 }, 
        {"sofa" : 1,  "begin" : 598,  "end" : 599 }, 
        {"sofa" : 1,  "begin" : 600,  "end" : 601 }, 
        {"sofa" : 1,  "begin" : 602,  "end" : 609 }, 
        {"sofa" : 1,  "begin" : 610,  "end" : 611 }, 
        {"sofa" : 1,  "begin" : 612,  "end" : 619 }, 
        {"sofa" : 1,  "begin" : 620,  "end" : 623 }, 
        {"sofa" : 1,  "begin" : 624,  "end" : 631 }, 
        {"sofa" : 1,  "begin" : 632,  "end" : 641 }, 
        {"sofa" : 1,  "begin" : 642,  "end" : 644 }, 
        {"sofa" : 1,  "begin" : 645,  "end" : 648 }, 
        {"sofa" : 1,  "begin" : 649,  "end" : 657 }, 
        {"sofa" : 1,  "begin" : 658,  "end" : 660 }, 
        {"sofa" : 1,  "begin" : 661,  "end" : 666 }, 
        {"sofa" : 1,  "begin" : 667,  "end" : 670 }, 
        {"sofa" : 1,  "begin" : 671,  "end" : 676 }, 
        {"sofa" : 1,  "begin" : 677,  "end" : 688 }, 
        {"sofa" : 1,  "begin" : 689,  "end" : 697 }, 
        {"sofa" : 1,  "begin" : 698,  "end" : 702 }, 
        {"sofa" : 1,  "begin" : 703,  "end" : 708 }, 
        {"sofa" : 1,  "begin" : 709,  "end" : 712 }, 
        {"sofa" : 1,  "begin" : 713,  "end" : 718 }, 
        {"sofa" : 1,  "begin" : 719,  "end" : 724 }, 
        {"sofa" : 1,  "begin" : 725,  "end" : 732 }, 
        {"sofa" : 1,  "begin" : 733,  "end" : 744 }, 
        {"sofa" : 1,  "begin" : 745,  "end" : 747 }, 
        {"sofa" : 1,  "begin" : 748,  "end" : 751 }, 
        {"sofa" : 1,  "begin" : 752,  "end" : 759 }, 
        {"sofa" : 1,  "begin" : 760,  "end" : 761 }, 
        {"sofa" : 1,  "begin" : 762,  "end" : 764 }, 
        {"sofa" : 1,  "begin" : 765,  "end" : 770 }, 
        {"sofa" : 1,  "begin" : 771,  "end" : 773 }, 
        {"sofa" : 1,  "begin" : 774,  "end" : 783 }, 
        {"sofa" : 1,  "begin" : 784,  "end" : 786 }, 
        {"sofa" : 1,  "begin" : 787,  "end" : 794 }, 
        {"sofa" : 1,  "begin" : 795,  "end" : 798 }, 
        {"sofa" : 1,  "begin" : 799,  "end" : 807 }, 
        {"sofa" : 1,  "begin" : 808,  "end" : 809 }, 
        {"sofa" : 1,  "begin" : 810,  "end" : 811 }, 
        {"sofa" : 1,  "begin" : 812,  "end" : 813 }, 
        {"sofa" : 1,  "begin" : 814,  "end" : 817 }, 
        {"sofa" : 1,  "begin" : 818,  "end" : 827 }, 
        {"sofa" : 1,  "begin" : 828,  "end" : 832 }, 
        {"sofa" : 1,  "begin" : 833,  "end" : 834 }, 
        {"sofa" : 1,  "begin" : 835,  "end" : 847 }, 
        {"sofa" : 1,  "begin" : 848,  "end" : 850 }, 
        {"sofa" : 1,  "begin" : 851,  "end" : 858 }, 
        {"sofa" : 1,  "begin" : 859,  "end" : 864 }, 
        {"sofa" : 1,  "begin" : 865,  "end" : 866 }, 
        {"sofa" : 1,  "begin" : 867,  "end" : 879 }, 
        {"sofa" : 1,  "begin" : 880,  "end" : 887 }, 
        {"sofa" : 1,  "begin" : 888,  "end" : 891 }, 
        {"sofa" : 1,  "begin" : 892,  "end" : 899 }, 
        {"sofa" : 1,  "begin" : 900,  "end" : 903 }, 
        {"sofa" : 1,  "begin" : 904,  "end" : 914 }, 
        {"sofa" : 1,  "begin" : 915,  "end" : 918 }, 
        {"sofa" : 1,  "begin" : 919,  "end" : 923 }, 
        {"sofa" : 1,  "begin" : 924,  "end" : 926 }, 
        {"sofa" : 1,  "begin" : 927,  "end" : 930 }, 
        {"sofa" : 1,  "begin" : 931,  "end" : 932 }, 
        {"sofa" : 1,  "begin" : 933,  "end" : 941 }, 
        {"sofa" : 1,  "begin" : 942,  "end" : 948 }, 
        {"sofa" : 1,  "begin" : 949,  "end" : 950 }, 
        {"sofa" : 1,  "begin" : 951,  "end" : 955 }, 
        {"sofa" : 1,  "begin" : 956,  "end" : 960 }, 
        {"sofa" : 1,  "begin" : 961,  "end" : 968 }, 
        {"sofa" : 1,  "begin" : 969,  "end" : 971 }, 
        {"sofa" : 1,  "begin" : 972,  "end" : 978 }, 
        {"sofa" : 1,  "begin" : 979,  "end" : 984 }, 
        {"sofa" : 1,  "begin" : 985,  "end" : 987 }, 
        {"sofa" : 1,  "begin" : 988,  "end" : 993 }, 
        {"sofa" : 1,  "begin" : 994,  "end" : 995 }, 
        {"sofa" : 1,  "begin" : 996,  "end" : 998 }, 
        {"sofa" : 1,  "begin" : 999,  "end" : 1004 }, 
        {"sofa" : 1,  "begin" : 1005,  "end" : 1006 }, 
        {"sofa" : 1,  "begin" : 1007,  "end" : 1018 }, 
        {"sofa" : 1,  "begin" : 1019,  "end" : 1026 }, 
        {"sofa" : 1,  "begin" : 1027,  "end" : 1029 }, 
        {"sofa" : 1,  "begin" : 1030,  "end" : 1037 }, 
        {"sofa" : 1,  "begin" : 1038,  "end" : 1040 }, 
        {"sofa" : 1,  "begin" : 1041,  "end" : 1046 }, 
        {"sofa" : 1,  "begin" : 1047,  "end" : 1058 }, 
        {"sofa" : 1,  "begin" : 1059,  "end" : 1061 }, 
        {"sofa" : 1,  "begin" : 1062,  "end" : 1067 }, 
        {"sofa" : 1,  "begin" : 1068,  "end" : 1070 }, 
        {"sofa" : 1,  "begin" : 1071,  "end" : 1072 }, 
        {"sofa" : 1,  "begin" : 1073,  "end" : 1086 }, 
        {"sofa" : 1,  "begin" : 1087,  "end" : 1088 }, 
        {"sofa" : 1,  "begin" : 1089,  "end" : 1090 } ], 
      "PartsofCause" : [2607,  2598,  2616 ], 
      "TypesofCause" : [
        {"sofa" : 1,  "begin" : 484,  "end" : 542,  "Dependent" : 2607,  "Governor" : 2598,  "TypesofCause" : "Effect" }, 
        {"sofa" : 1,  "begin" : 550,  "end" : 597,  "Dependent" : 2616,  "Governor" : 2598,  "TypesofCause" : "Cause" } ] } }, 
  "_referenced_fss" : {
    "1" : {"_type" : "Sofa",  "sofaNum" : 1,  "sofaID" : "_InitialView",  "mimeType" : "text",  "sofaString" : "Around 1.2 million children are believed to be involved in prostitution in India , the country 's federal police said Monday .\nAshwani Kumar , who heads the Central Bureau of Investigation ( CBI ) , told a seminar on human trafficking , that India occupied a \" unique position \" as what he called a source , transit nation and destination of this trade .\nIndia 's home secretary Madhukar Gupta remarked that at least 100 million people were involved in human trafficking in India .\n\" The number of trafficked persons is difficult to determine due to the secrecy and clandestine nature of the crime . \"\nHowever , studies and surveys sponsored by the ministry of women and child development estimate that there are about three million prostitutes in the country , of which an estimated 40 percent are children , \" a CBI statement said .\nProstitution in pilgrim towns , exploitation through sex tourism and pedophilia are some of the \" alarming trends \" that have emerged in recent years in India , it noted .\nAuthorities believe 90 percent of human trafficking in India is \" intra-country .\n\"" }, 
    "2607" : {"_type" : "PartsofCause",  "sofa" : 1,  "begin" : 484,  "end" : 542,  "PartsofCause" : "Argument" }, 
    "2598" : {"_type" : "PartsofCause",  "sofa" : 1,  "begin" : 543,  "end" : 549,  "PartsofCause" : "Enabling" }, 
    "2616" : {"_type" : "PartsofCause",  "sofa" : 1,  "begin" : 550,  "end" : 597,  "PartsofCause" : "Argument" }, 
    "2675" : {"_type" : "LayerDefinition",  "name" : "webanno.custom.DisjointCausalSpans",  "uiName" : "Disjoint Causal Spans" }, 
    "2686" : {"_type" : "LayerDefinition",  "name" : "webanno.custom.PartsofCause",  "uiName" : "Parts of Cause" }, 
    "2693" : {"_type" : "LayerDefinition",  "name" : "webanno.custom.TypesofCause",  "uiName" : "Types of Cause" } } }