{"_context" : {
    "_types" : {
      "DocumentMetaData" : {
        "_feature_types" : {"sofa" : "_ref" } }, 
      "FeatureDefinition" : {
        "_feature_types" : {"layer" : "_ref" } }, 
      "LayerDefinition" : { }, 
      "PartsofCause" : {
        "_feature_types" : {"sofa" : "_ref" } }, 
      "Sentence" : {
        "_feature_types" : {"sofa" : "_ref" } }, 
      "Sofa" : {
        "_feature_types" : {"sofaArray" : "_ref" } }, 
      "TagsetDescription" : {
        "_feature_types" : {"sofa" : "_ref",  "tags" : "_ref" } }, 
      "Token" : {
        "_feature_types" : {"sofa" : "_ref",  "parent" : "_ref",  "lemma" : "_ref",  "stem" : "_ref",  "pos" : "_ref",  "morph" : "_ref",  "form" : "_ref" } }, 
      "TypesofCause" : {
        "_feature_types" : {"sofa" : "_ref",  "Dependent" : "_ref",  "Governor" : "_ref" } }, 
      "DocumentAnnotation" : {
        "_feature_types" : {"sofa" : "_ref" }, 
        "_subtypes" : ["DocumentMetaData" ] }, 
      "Annotation" : {
        "_feature_types" : {"sofa" : "_ref" }, 
        "_subtypes" : ["DocumentAnnotation",  "PartsofCause",  "Sentence",  "TagsetDescription",  "Token",  "TypesofCause" ] }, 
      "AnnotationBase" : {
        "_feature_types" : {"sofa" : "_ref" }, 
        "_subtypes" : ["Annotation" ] }, 
      "TOP" : {
        "_subtypes" : ["AnnotationBase",  "FeatureDefinition",  "LayerDefinition",  "Sofa" ] } } }, 
  "_views" : {
    "_InitialView" : {
      "FeatureDefinition" : [
        {"layer" : 2129,  "name" : "referenceRelation",  "uiName" : "Reference Relation" }, 
        {"layer" : 2129,  "name" : "referenceType",  "uiName" : "Reference Type" }, 
        {"layer" : 2140,  "name" : "PartsofCause",  "uiName" : "Parts of Cause" }, 
        {"layer" : 2147,  "name" : "TypesofCause",  "uiName" : "Types of Cause" } ], 
      "LayerDefinition" : [2129,  2140,  2147 ], 
      "DocumentMetaData" : [
        {"sofa" : 1,  "end" : 796,  "language" : "x-unspecified",  "documentTitle" : "cnn-42.txt",  "documentId" : "AYC",  "documentUri" : "file:/srv/inception/repository/project/2/document/2394/source/AYC",  "collectionId" : "file:/srv/inception/repository/project/2/document/2394/source/",  "documentBaseUri" : "file:/srv/inception/repository/project/2/document/2394/source/",  "isLastSegment" : false } ], 
      "TagsetDescription" : [
        {"sofa" : 1,  "layer" : "webanno.custom.PartsofCause",  "name" : "Parts of Cause",  "input" : false }, 
        {"sofa" : 1,  "layer" : "webanno.custom.TypesofCause",  "name" : "Causal Relations",  "input" : false } ], 
      "Sentence" : [
        {"sofa" : 1,  "end" : 94 }, 
        {"sofa" : 1,  "begin" : 95,  "end" : 173 }, 
        {"sofa" : 1,  "begin" : 174,  "end" : 254 }, 
        {"sofa" : 1,  "begin" : 255,  "end" : 489 }, 
        {"sofa" : 1,  "begin" : 490,  "end" : 634 }, 
        {"sofa" : 1,  "begin" : 635,  "end" : 671 }, 
        {"sofa" : 1,  "begin" : 672,  "end" : 796 } ], 
      "Token" : [
        {"sofa" : 1,  "end" : 1 }, 
        {"sofa" : 1,  "begin" : 2,  "end" : 8 }, 
        {"sofa" : 1,  "begin" : 9,  "end" : 10 }, 
        {"sofa" : 1,  "begin" : 11,  "end" : 13 }, 
        {"sofa" : 1,  "begin" : 14,  "end" : 17 }, 
        {"sofa" : 1,  "begin" : 18,  "end" : 22 }, 
        {"sofa" : 1,  "begin" : 23,  "end" : 26 }, 
        {"sofa" : 1,  "begin" : 27,  "end" : 30 }, 
        {"sofa" : 1,  "begin" : 31,  "end" : 37 }, 
        {"sofa" : 1,  "begin" : 38,  "end" : 41 }, 
        {"sofa" : 1,  "begin" : 42,  "end" : 47 }, 
        {"sofa" : 1,  "begin" : 48,  "end" : 54 }, 
        {"sofa" : 1,  "begin" : 55,  "end" : 57 }, 
        {"sofa" : 1,  "begin" : 58,  "end" : 59 }, 
        {"sofa" : 1,  "begin" : 60,  "end" : 69 }, 
        {"sofa" : 1,  "begin" : 70,  "end" : 73 }, 
        {"sofa" : 1,  "begin" : 74,  "end" : 78 }, 
        {"sofa" : 1,  "begin" : 79,  "end" : 80 }, 
        {"sofa" : 1,  "begin" : 81,  "end" : 83 }, 
        {"sofa" : 1,  "begin" : 84,  "end" : 89 }, 
        {"sofa" : 1,  "begin" : 90,  "end" : 92 }, 
        {"sofa" : 1,  "begin" : 93,  "end" : 94 }, 
        {"sofa" : 1,  "begin" : 95,  "end" : 105 }, 
        {"sofa" : 1,  "begin" : 106,  "end" : 108 }, 
        {"sofa" : 1,  "begin" : 109,  "end" : 112 }, 
        {"sofa" : 1,  "begin" : 113,  "end" : 118 }, 
        {"sofa" : 1,  "begin" : 119,  "end" : 120 }, 
        {"sofa" : 1,  "begin" : 121,  "end" : 128 }, 
        {"sofa" : 1,  "begin" : 129,  "end" : 135 }, 
        {"sofa" : 1,  "begin" : 136,  "end" : 140 }, 
        {"sofa" : 1,  "begin" : 141,  "end" : 146 }, 
        {"sofa" : 1,  "begin" : 147,  "end" : 153 }, 
        {"sofa" : 1,  "begin" : 154,  "end" : 156 }, 
        {"sofa" : 1,  "begin" : 157,  "end" : 162 }, 
        {"sofa" : 1,  "begin" : 163,  "end" : 171 }, 
        {"sofa" : 1,  "begin" : 172,  "end" : 173 }, 
        {"sofa" : 1,  "begin" : 174,  "end" : 177 }, 
        {"sofa" : 1,  "begin" : 178,  "end" : 184 }, 
        {"sofa" : 1,  "begin" : 185,  "end" : 186 }, 
        {"sofa" : 1,  "begin" : 187,  "end" : 193 }, 
        {"sofa" : 1,  "begin" : 194,  "end" : 200 }, 
        {"sofa" : 1,  "begin" : 201,  "end" : 206 }, 
        {"sofa" : 1,  "begin" : 207,  "end" : 212 }, 
        {"sofa" : 1,  "begin" : 213,  "end" : 219 }, 
        {"sofa" : 1,  "begin" : 220,  "end" : 222 }, 
        {"sofa" : 1,  "begin" : 223,  "end" : 224 }, 
        {"sofa" : 1,  "begin" : 225,  "end" : 231 }, 
        {"sofa" : 1,  "begin" : 232,  "end" : 237 }, 
        {"sofa" : 1,  "begin" : 238,  "end" : 244 }, 
        {"sofa" : 1,  "begin" : 245,  "end" : 252 }, 
        {"sofa" : 1,  "begin" : 253,  "end" : 254 }, 
        {"sofa" : 1,  "begin" : 255,  "end" : 258 }, 
        {"sofa" : 1,  "begin" : 259,  "end" : 264 }, 
        {"sofa" : 1,  "begin" : 265,  "end" : 271 }, 
        {"sofa" : 1,  "begin" : 272,  "end" : 281 }, 
        {"sofa" : 1,  "begin" : 282,  "end" : 284 }, 
        {"sofa" : 1,  "begin" : 285,  "end" : 290 }, 
        {"sofa" : 1,  "begin" : 291,  "end" : 295 }, 
        {"sofa" : 1,  "begin" : 296,  "end" : 299 }, 
        {"sofa" : 1,  "begin" : 300,  "end" : 303 }, 
        {"sofa" : 1,  "begin" : 304,  "end" : 311 }, 
        {"sofa" : 1,  "begin" : 312,  "end" : 314 }, 
        {"sofa" : 1,  "begin" : 315,  "end" : 317 }, 
        {"sofa" : 1,  "begin" : 318,  "end" : 321 }, 
        {"sofa" : 1,  "begin" : 322,  "end" : 326 }, 
        {"sofa" : 1,  "begin" : 327,  "end" : 328 }, 
        {"sofa" : 1,  "begin" : 329,  "end" : 335 }, 
        {"sofa" : 1,  "begin" : 336,  "end" : 339 }, 
        {"sofa" : 1,  "begin" : 340,  "end" : 349 }, 
        {"sofa" : 1,  "begin" : 350,  "end" : 354 }, 
        {"sofa" : 1,  "begin" : 355,  "end" : 360 }, 
        {"sofa" : 1,  "begin" : 361,  "end" : 368 }, 
        {"sofa" : 1,  "begin" : 369,  "end" : 372 }, 
        {"sofa" : 1,  "begin" : 373,  "end" : 382 }, 
        {"sofa" : 1,  "begin" : 383,  "end" : 392 }, 
        {"sofa" : 1,  "begin" : 393,  "end" : 397 }, 
        {"sofa" : 1,  "begin" : 398,  "end" : 402 }, 
        {"sofa" : 1,  "begin" : 403,  "end" : 404 }, 
        {"sofa" : 1,  "begin" : 405,  "end" : 409 }, 
        {"sofa" : 1,  "begin" : 410,  "end" : 417 }, 
        {"sofa" : 1,  "begin" : 418,  "end" : 419 }, 
        {"sofa" : 1,  "begin" : 420,  "end" : 425 }, 
        {"sofa" : 1,  "begin" : 426,  "end" : 432 }, 
        {"sofa" : 1,  "begin" : 433,  "end" : 436 }, 
        {"sofa" : 1,  "begin" : 437,  "end" : 441 }, 
        {"sofa" : 1,  "begin" : 442,  "end" : 447 }, 
        {"sofa" : 1,  "begin" : 448,  "end" : 450 }, 
        {"sofa" : 1,  "begin" : 451,  "end" : 457 }, 
        {"sofa" : 1,  "begin" : 458,  "end" : 462 }, 
        {"sofa" : 1,  "begin" : 463,  "end" : 471 }, 
        {"sofa" : 1,  "begin" : 472,  "end" : 474 }, 
        {"sofa" : 1,  "begin" : 475,  "end" : 478 }, 
        {"sofa" : 1,  "begin" : 479,  "end" : 483 }, 
        {"sofa" : 1,  "begin" : 484,  "end" : 487 }, 
        {"sofa" : 1,  "begin" : 488,  "end" : 489 }, 
        {"sofa" : 1,  "begin" : 490,  "end" : 493 }, 
        {"sofa" : 1,  "begin" : 494,  "end" : 502 }, 
        {"sofa" : 1,  "begin" : 503,  "end" : 509 }, 
        {"sofa" : 1,  "begin" : 510,  "end" : 516 }, 
        {"sofa" : 1,  "begin" : 517,  "end" : 522 }, 
        {"sofa" : 1,  "begin" : 523,  "end" : 525 }, 
        {"sofa" : 1,  "begin" : 526,  "end" : 529 }, 
        {"sofa" : 1,  "begin" : 530,  "end" : 536 }, 
        {"sofa" : 1,  "begin" : 537,  "end" : 544 }, 
        {"sofa" : 1,  "begin" : 545,  "end" : 550 }, 
        {"sofa" : 1,  "begin" : 551,  "end" : 556 }, 
        {"sofa" : 1,  "begin" : 557,  "end" : 560 }, 
        {"sofa" : 1,  "begin" : 561,  "end" : 566 }, 
        {"sofa" : 1,  "begin" : 567,  "end" : 572 }, 
        {"sofa" : 1,  "begin" : 573,  "end" : 579 }, 
        {"sofa" : 1,  "begin" : 580,  "end" : 583 }, 
        {"sofa" : 1,  "begin" : 584,  "end" : 592 }, 
        {"sofa" : 1,  "begin" : 593,  "end" : 598 }, 
        {"sofa" : 1,  "begin" : 599,  "end" : 603 }, 
        {"sofa" : 1,  "begin" : 604,  "end" : 607 }, 
        {"sofa" : 1,  "begin" : 608,  "end" : 614 }, 
        {"sofa" : 1,  "begin" : 615,  "end" : 617 }, 
        {"sofa" : 1,  "begin" : 618,  "end" : 623 }, 
        {"sofa" : 1,  "begin" : 624,  "end" : 632 }, 
        {"sofa" : 1,  "begin" : 633,  "end" : 634 }, 
        {"sofa" : 1,  "begin" : 635,  "end" : 638 }, 
        {"sofa" : 1,  "begin" : 639,  "end" : 642 }, 
        {"sofa" : 1,  "begin" : 643,  "end" : 651 }, 
        {"sofa" : 1,  "begin" : 652,  "end" : 659 }, 
        {"sofa" : 1,  "begin" : 660,  "end" : 662 }, 
        {"sofa" : 1,  "begin" : 663,  "end" : 669 }, 
        {"sofa" : 1,  "begin" : 670,  "end" : 671 }, 
        {"sofa" : 1,  "begin" : 672,  "end" : 677 }, 
        {"sofa" : 1,  "begin" : 678,  "end" : 682 }, 
        {"sofa" : 1,  "begin" : 683,  "end" : 685 }, 
        {"sofa" : 1,  "begin" : 686,  "end" : 689 }, 
        {"sofa" : 1,  "begin" : 690,  "end" : 691 }, 
        {"sofa" : 1,  "begin" : 692,  "end" : 696 }, 
        {"sofa" : 1,  "begin" : 697,  "end" : 701 }, 
        {"sofa" : 1,  "begin" : 702,  "end" : 708 }, 
        {"sofa" : 1,  "begin" : 709,  "end" : 711 }, 
        {"sofa" : 1,  "begin" : 712,  "end" : 725 }, 
        {"sofa" : 1,  "begin" : 726,  "end" : 732 }, 
        {"sofa" : 1,  "begin" : 733,  "end" : 734 }, 
        {"sofa" : 1,  "begin" : 735,  "end" : 739 }, 
        {"sofa" : 1,  "begin" : 740,  "end" : 753 }, 
        {"sofa" : 1,  "begin" : 754,  "end" : 760 }, 
        {"sofa" : 1,  "begin" : 761,  "end" : 764 }, 
        {"sofa" : 1,  "begin" : 765,  "end" : 769 }, 
        {"sofa" : 1,  "begin" : 770,  "end" : 774 }, 
        {"sofa" : 1,  "begin" : 775,  "end" : 778 }, 
        {"sofa" : 1,  "begin" : 779,  "end" : 785 }, 
        {"sofa" : 1,  "begin" : 786,  "end" : 794 }, 
        {"sofa" : 1,  "begin" : 795,  "end" : 796 } ], 
      "PartsofCause" : [2008,  1995,  2021,  2064,  2077,  2090 ], 
      "TypesofCause" : [
        {"sofa" : 1,  "begin" : 336,  "end" : 447,  "Dependent" : 2008,  "Governor" : 1995,  "TypesofCause" : "Cause" }, 
        {"sofa" : 1,  "begin" : 451,  "end" : 487,  "Dependent" : 2021,  "Governor" : 1995,  "TypesofCause" : "Effect" }, 
        {"sofa" : 1,  "begin" : 672,  "end" : 682,  "Dependent" : 2064,  "Governor" : 2077,  "TypesofCause" : "Effect" }, 
        {"sofa" : 1,  "begin" : 686,  "end" : 732,  "Dependent" : 2090,  "Governor" : 2077,  "TypesofCause" : "Cause" } ] } }, 
  "_referenced_fss" : {
    "1" : {"_type" : "Sofa",  "sofaNum" : 1,  "sofaID" : "_InitialView",  "mimeType" : "text",  "sofaString" : "( EW.com ) -- HBO will bow the fourth and final season of \" Eastbound and Down \" on Sept. 29 .\nProduction on the eight - episode season will start Friday in North Carolina .\nThe single - camera comedy stars Kenny Powers as a former major league pitcher .\nThe third season concluded in April 2012 and was thought to be its last , though HBO convinced star Danny McBride and executive producers Jody Hill , Will Ferrell , Chris Henchy and Adam McKay to create more episodes of the cult hit .\nThe upcoming fourth season picks up the action several years later and finds Kenny living the American Dream with his family in North Carolina .\nSee the original article at EW.com .\nCLICK HERE to Try 2 RISK FREE issues of Entertainment Weekly © 2011 Entertainment Weekly and Time Inc. All rights reserved ." }, 
    "2008" : {"_type" : "PartsofCause",  "sofa" : 1,  "begin" : 336,  "end" : 447,  "PartsofCause" : "Argument" }, 
    "1995" : {"_type" : "PartsofCause",  "sofa" : 1,  "begin" : 448,  "end" : 450,  "PartsofCause" : "Causing" }, 
    "2021" : {"_type" : "PartsofCause",  "sofa" : 1,  "begin" : 451,  "end" : 487,  "PartsofCause" : "Argument" }, 
    "2064" : {"_type" : "PartsofCause",  "sofa" : 1,  "begin" : 672,  "end" : 682,  "PartsofCause" : "Argument" }, 
    "2077" : {"_type" : "PartsofCause",  "sofa" : 1,  "begin" : 683,  "end" : 685,  "PartsofCause" : "Causing" }, 
    "2090" : {"_type" : "PartsofCause",  "sofa" : 1,  "begin" : 686,  "end" : 732,  "PartsofCause" : "Argument" }, 
    "2140" : {"_type" : "LayerDefinition",  "name" : "webanno.custom.PartsofCause",  "uiName" : "Parts of Cause" }, 
    "2129" : {"_type" : "LayerDefinition",  "name" : "webanno.custom.DisjointCausalSpans",  "uiName" : "Disjoint Causal Spans" }, 
    "2147" : {"_type" : "LayerDefinition",  "name" : "webanno.custom.TypesofCause",  "uiName" : "Types of Cause" } } }