{"_context" : {
    "_types" : {
      "DocumentMetaData" : {
        "_feature_types" : {"sofa" : "_ref" } }, 
      "FeatureDefinition" : {
        "_feature_types" : {"layer" : "_ref" } }, 
      "LayerDefinition" : { }, 
      "PartsofCause" : {
        "_feature_types" : {"sofa" : "_ref" } }, 
      "Sentence" : {
        "_feature_types" : {"sofa" : "_ref" } }, 
      "Sofa" : {
        "_feature_types" : {"sofaArray" : "_ref" } }, 
      "TagsetDescription" : {
        "_feature_types" : {"sofa" : "_ref",  "tags" : "_ref" } }, 
      "Token" : {
        "_feature_types" : {"sofa" : "_ref",  "parent" : "_ref",  "lemma" : "_ref",  "stem" : "_ref",  "pos" : "_ref",  "morph" : "_ref",  "form" : "_ref" } }, 
      "TypesofCause" : {
        "_feature_types" : {"sofa" : "_ref",  "Dependent" : "_ref",  "Governor" : "_ref" } }, 
      "DocumentAnnotation" : {
        "_feature_types" : {"sofa" : "_ref" }, 
        "_subtypes" : ["DocumentMetaData" ] }, 
      "Annotation" : {
        "_feature_types" : {"sofa" : "_ref" }, 
        "_subtypes" : ["DocumentAnnotation",  "PartsofCause",  "Sentence",  "TagsetDescription",  "Token",  "TypesofCause" ] }, 
      "AnnotationBase" : {
        "_feature_types" : {"sofa" : "_ref" }, 
        "_subtypes" : ["Annotation" ] }, 
      "TOP" : {
        "_subtypes" : ["AnnotationBase",  "FeatureDefinition",  "LayerDefinition",  "Sofa" ] } } }, 
  "_views" : {
    "_InitialView" : {
      "FeatureDefinition" : [
        {"layer" : 1633,  "name" : "referenceRelation",  "uiName" : "Reference Relation" }, 
        {"layer" : 1633,  "name" : "referenceType",  "uiName" : "Reference Type" }, 
        {"layer" : 1644,  "name" : "PartsofCause",  "uiName" : "Parts of Cause" }, 
        {"layer" : 1651,  "name" : "TypesofCause",  "uiName" : "Types of Cause" } ], 
      "LayerDefinition" : [1633,  1644,  1651 ], 
      "DocumentMetaData" : [
        {"sofa" : 1,  "end" : 576,  "language" : "x-unspecified",  "documentTitle" : "cnn-31.txt",  "documentId" : "AYC",  "documentUri" : "file:/srv/inception/repository/project/2/document/2383/source/AYC",  "collectionId" : "file:/srv/inception/repository/project/2/document/2383/source/",  "documentBaseUri" : "file:/srv/inception/repository/project/2/document/2383/source/",  "isLastSegment" : false } ], 
      "TagsetDescription" : [
        {"sofa" : 1,  "layer" : "webanno.custom.PartsofCause",  "name" : "Parts of Cause",  "input" : false }, 
        {"sofa" : 1,  "layer" : "webanno.custom.TypesofCause",  "name" : "Causal Relations",  "input" : false } ], 
      "Sentence" : [
        {"sofa" : 1,  "end" : 86 }, 
        {"sofa" : 1,  "begin" : 87,  "end" : 286 }, 
        {"sofa" : 1,  "begin" : 287,  "end" : 432 }, 
        {"sofa" : 1,  "begin" : 433,  "end" : 576 } ], 
      "Token" : [
        {"sofa" : 1,  "end" : 2 }, 
        {"sofa" : 1,  "begin" : 3,  "end" : 8 }, 
        {"sofa" : 1,  "begin" : 9,  "end" : 10 }, 
        {"sofa" : 1,  "begin" : 11,  "end" : 15 }, 
        {"sofa" : 1,  "begin" : 16,  "end" : 19 }, 
        {"sofa" : 1,  "begin" : 20,  "end" : 24 }, 
        {"sofa" : 1,  "begin" : 25,  "end" : 26 }, 
        {"sofa" : 1,  "begin" : 27,  "end" : 33 }, 
        {"sofa" : 1,  "begin" : 34,  "end" : 38 }, 
        {"sofa" : 1,  "begin" : 39,  "end" : 42 }, 
        {"sofa" : 1,  "begin" : 43,  "end" : 48 }, 
        {"sofa" : 1,  "begin" : 49,  "end" : 55 }, 
        {"sofa" : 1,  "begin" : 56,  "end" : 68 }, 
        {"sofa" : 1,  "begin" : 69,  "end" : 77 }, 
        {"sofa" : 1,  "begin" : 78,  "end" : 84 }, 
        {"sofa" : 1,  "begin" : 85,  "end" : 86 }, 
        {"sofa" : 1,  "begin" : 87,  "end" : 92 }, 
        {"sofa" : 1,  "begin" : 93,  "end" : 94 }, 
        {"sofa" : 1,  "begin" : 95,  "end" : 101 }, 
        {"sofa" : 1,  "begin" : 102,  "end" : 106 }, 
        {"sofa" : 1,  "begin" : 107,  "end" : 114 }, 
        {"sofa" : 1,  "begin" : 115,  "end" : 117 }, 
        {"sofa" : 1,  "begin" : 118,  "end" : 121 }, 
        {"sofa" : 1,  "begin" : 122,  "end" : 130 }, 
        {"sofa" : 1,  "begin" : 131,  "end" : 135 }, 
        {"sofa" : 1,  "begin" : 136,  "end" : 137 }, 
        {"sofa" : 1,  "begin" : 138,  "end" : 146 }, 
        {"sofa" : 1,  "begin" : 147,  "end" : 153 }, 
        {"sofa" : 1,  "begin" : 154,  "end" : 158 }, 
        {"sofa" : 1,  "begin" : 159,  "end" : 165 }, 
        {"sofa" : 1,  "begin" : 166,  "end" : 170 }, 
        {"sofa" : 1,  "begin" : 171,  "end" : 174 }, 
        {"sofa" : 1,  "begin" : 175,  "end" : 180 }, 
        {"sofa" : 1,  "begin" : 181,  "end" : 185 }, 
        {"sofa" : 1,  "begin" : 186,  "end" : 188 }, 
        {"sofa" : 1,  "begin" : 189,  "end" : 193 }, 
        {"sofa" : 1,  "begin" : 194,  "end" : 196 }, 
        {"sofa" : 1,  "begin" : 197,  "end" : 200 }, 
        {"sofa" : 1,  "begin" : 201,  "end" : 210 }, 
        {"sofa" : 1,  "begin" : 211,  "end" : 215 }, 
        {"sofa" : 1,  "begin" : 216,  "end" : 217 }, 
        {"sofa" : 1,  "begin" : 218,  "end" : 222 }, 
        {"sofa" : 1,  "begin" : 223,  "end" : 229 }, 
        {"sofa" : 1,  "begin" : 230,  "end" : 232 }, 
        {"sofa" : 1,  "begin" : 233,  "end" : 235 }, 
        {"sofa" : 1,  "begin" : 236,  "end" : 244 }, 
        {"sofa" : 1,  "begin" : 245,  "end" : 248 }, 
        {"sofa" : 1,  "begin" : 249,  "end" : 254 }, 
        {"sofa" : 1,  "begin" : 255,  "end" : 257 }, 
        {"sofa" : 1,  "begin" : 258,  "end" : 260 }, 
        {"sofa" : 1,  "begin" : 261,  "end" : 269 }, 
        {"sofa" : 1,  "begin" : 270,  "end" : 274 }, 
        {"sofa" : 1,  "begin" : 275,  "end" : 277 }, 
        {"sofa" : 1,  "begin" : 278,  "end" : 284 }, 
        {"sofa" : 1,  "begin" : 285,  "end" : 286 }, 
        {"sofa" : 1,  "begin" : 287,  "end" : 291 }, 
        {"sofa" : 1,  "begin" : 292,  "end" : 293 }, 
        {"sofa" : 1,  "begin" : 294,  "end" : 299 }, 
        {"sofa" : 1,  "begin" : 300,  "end" : 306 }, 
        {"sofa" : 1,  "begin" : 307,  "end" : 310 }, 
        {"sofa" : 1,  "begin" : 311,  "end" : 319 }, 
        {"sofa" : 1,  "begin" : 320,  "end" : 323 }, 
        {"sofa" : 1,  "begin" : 324,  "end" : 333 }, 
        {"sofa" : 1,  "begin" : 334,  "end" : 338 }, 
        {"sofa" : 1,  "begin" : 339,  "end" : 344 }, 
        {"sofa" : 1,  "begin" : 345,  "end" : 346 }, 
        {"sofa" : 1,  "begin" : 347,  "end" : 350 }, 
        {"sofa" : 1,  "begin" : 351,  "end" : 353 }, 
        {"sofa" : 1,  "begin" : 354,  "end" : 357 }, 
        {"sofa" : 1,  "begin" : 358,  "end" : 364 }, 
        {"sofa" : 1,  "begin" : 365,  "end" : 368 }, 
        {"sofa" : 1,  "begin" : 369,  "end" : 373 }, 
        {"sofa" : 1,  "begin" : 374,  "end" : 381 }, 
        {"sofa" : 1,  "begin" : 382,  "end" : 390 }, 
        {"sofa" : 1,  "begin" : 391,  "end" : 393 }, 
        {"sofa" : 1,  "begin" : 394,  "end" : 397 }, 
        {"sofa" : 1,  "begin" : 398,  "end" : 402 }, 
        {"sofa" : 1,  "begin" : 403,  "end" : 413 }, 
        {"sofa" : 1,  "begin" : 414,  "end" : 417 }, 
        {"sofa" : 1,  "begin" : 418,  "end" : 424 }, 
        {"sofa" : 1,  "begin" : 425,  "end" : 430 }, 
        {"sofa" : 1,  "begin" : 431,  "end" : 432 }, 
        {"sofa" : 1,  "begin" : 433,  "end" : 440 }, 
        {"sofa" : 1,  "begin" : 441,  "end" : 445 }, 
        {"sofa" : 1,  "begin" : 446,  "end" : 451 }, 
        {"sofa" : 1,  "begin" : 452,  "end" : 453 }, 
        {"sofa" : 1,  "begin" : 454,  "end" : 461 }, 
        {"sofa" : 1,  "begin" : 462,  "end" : 468 }, 
        {"sofa" : 1,  "begin" : 469,  "end" : 470 }, 
        {"sofa" : 1,  "begin" : 471,  "end" : 474 }, 
        {"sofa" : 1,  "begin" : 475,  "end" : 478 }, 
        {"sofa" : 1,  "begin" : 479,  "end" : 481 }, 
        {"sofa" : 1,  "begin" : 482,  "end" : 487 }, 
        {"sofa" : 1,  "begin" : 488,  "end" : 494 }, 
        {"sofa" : 1,  "begin" : 495,  "end" : 504 }, 
        {"sofa" : 1,  "begin" : 505,  "end" : 506 }, 
        {"sofa" : 1,  "begin" : 507,  "end" : 511 }, 
        {"sofa" : 1,  "begin" : 512,  "end" : 515 }, 
        {"sofa" : 1,  "begin" : 516,  "end" : 524 }, 
        {"sofa" : 1,  "begin" : 525,  "end" : 528 }, 
        {"sofa" : 1,  "begin" : 529,  "end" : 530 }, 
        {"sofa" : 1,  "begin" : 531,  "end" : 535 }, 
        {"sofa" : 1,  "begin" : 536,  "end" : 544 }, 
        {"sofa" : 1,  "begin" : 545,  "end" : 546 }, 
        {"sofa" : 1,  "begin" : 547,  "end" : 550 }, 
        {"sofa" : 1,  "begin" : 551,  "end" : 552 }, 
        {"sofa" : 1,  "begin" : 553,  "end" : 555 }, 
        {"sofa" : 1,  "begin" : 556,  "end" : 559 }, 
        {"sofa" : 1,  "begin" : 560,  "end" : 566 }, 
        {"sofa" : 1,  "begin" : 567,  "end" : 572 }, 
        {"sofa" : 1,  "begin" : 573,  "end" : 574 }, 
        {"sofa" : 1,  "begin" : 575,  "end" : 576 } ], 
      "PartsofCause" : [1499,  1512,  1525,  1594,  1568,  1581 ], 
      "TypesofCause" : [
        {"sofa" : 1,  "begin" : 300,  "end" : 344,  "Dependent" : 1512,  "Governor" : 1499,  "TypesofCause" : "Cause" }, 
        {"sofa" : 1,  "begin" : 347,  "end" : 430,  "Dependent" : 1525,  "Governor" : 1499,  "TypesofCause" : "Effect" }, 
        {"sofa" : 1,  "begin" : 512,  "end" : 524,  "Dependent" : 1594,  "Governor" : 1568,  "TypesofCause" : "Cause" }, 
        {"sofa" : 1,  "begin" : 536,  "end" : 544,  "Dependent" : 1581,  "Governor" : 1568,  "TypesofCause" : "Effect" } ] } }, 
  "_referenced_fss" : {
    "1" : {"_type" : "Sofa",  "sofaNum" : 1,  "sofaID" : "_InitialView",  "mimeType" : "text",  "sofaString" : "No doubt , this has been a trying time for Texas Health Presbyterian Hospital Dallas .\nFirst , health care workers at the facility sent a feverish Thomas Eric Duncan home the first time he came to the emergency room , even though he 'd informed the nurse he 'd recently been in Africa .\nThen , after Duncan was admitted and diagnosed with Ebola , two of the nurses who were closely involved in his care contracted the deadly virus .\nEarlier this month , Barclay Berden , the CEO of Texas Health Resources , said the hospital had \" made mistakes \" and \" we are deeply sorry . \"" }, 
    "1512" : {"_type" : "PartsofCause",  "sofa" : 1,  "begin" : 300,  "end" : 344,  "PartsofCause" : "Argument" }, 
    "1499" : {"_type" : "PartsofCause",  "sofa" : 1,  "begin" : 294,  "end" : 299,  "PartsofCause" : "Causing" }, 
    "1525" : {"_type" : "PartsofCause",  "sofa" : 1,  "begin" : 347,  "end" : 430,  "PartsofCause" : "Argument" }, 
    "1594" : {"_type" : "PartsofCause",  "sofa" : 1,  "begin" : 512,  "end" : 524,  "PartsofCause" : "Argument" }, 
    "1568" : {"_type" : "PartsofCause",  "sofa" : 1,  "begin" : 531,  "end" : 535,  "PartsofCause" : "Causing" }, 
    "1581" : {"_type" : "PartsofCause",  "sofa" : 1,  "begin" : 536,  "end" : 544,  "PartsofCause" : "Argument" }, 
    "1633" : {"_type" : "LayerDefinition",  "name" : "webanno.custom.DisjointCausalSpans",  "uiName" : "Disjoint Causal Spans" }, 
    "1651" : {"_type" : "LayerDefinition",  "name" : "webanno.custom.TypesofCause",  "uiName" : "Types of Cause" }, 
    "1644" : {"_type" : "LayerDefinition",  "name" : "webanno.custom.PartsofCause",  "uiName" : "Parts of Cause" } } }