{"_context" : {
    "_types" : {
      "DocumentMetaData" : {
        "_feature_types" : {"sofa" : "_ref" } }, 
      "FeatureDefinition" : {
        "_feature_types" : {"layer" : "_ref" } }, 
      "LayerDefinition" : { }, 
      "PartsofCause" : {
        "_feature_types" : {"sofa" : "_ref" } }, 
      "Sentence" : {
        "_feature_types" : {"sofa" : "_ref" } }, 
      "Sofa" : {
        "_feature_types" : {"sofaArray" : "_ref" } }, 
      "TagsetDescription" : {
        "_feature_types" : {"sofa" : "_ref",  "tags" : "_ref" } }, 
      "Token" : {
        "_feature_types" : {"sofa" : "_ref",  "parent" : "_ref",  "lemma" : "_ref",  "stem" : "_ref",  "pos" : "_ref",  "morph" : "_ref",  "form" : "_ref" } }, 
      "TypesofCause" : {
        "_feature_types" : {"sofa" : "_ref",  "Dependent" : "_ref",  "Governor" : "_ref" } }, 
      "DocumentAnnotation" : {
        "_feature_types" : {"sofa" : "_ref" }, 
        "_subtypes" : ["DocumentMetaData" ] }, 
      "Annotation" : {
        "_feature_types" : {"sofa" : "_ref" }, 
        "_subtypes" : ["DocumentAnnotation",  "PartsofCause",  "Sentence",  "TagsetDescription",  "Token",  "TypesofCause" ] }, 
      "AnnotationBase" : {
        "_feature_types" : {"sofa" : "_ref" }, 
        "_subtypes" : ["Annotation" ] }, 
      "TOP" : {
        "_subtypes" : ["AnnotationBase",  "FeatureDefinition",  "LayerDefinition",  "Sofa" ] } } }, 
  "_views" : {
    "_InitialView" : {
      "FeatureDefinition" : [
        {"layer" : 2810,  "name" : "referenceRelation",  "uiName" : "Reference Relation" }, 
        {"layer" : 2810,  "name" : "referenceType",  "uiName" : "Reference Type" }, 
        {"layer" : 2821,  "name" : "PartsofCause",  "uiName" : "Parts of Cause" }, 
        {"layer" : 2828,  "name" : "TypesofCause",  "uiName" : "Types of Cause" } ], 
      "LayerDefinition" : [2810,  2821,  2828 ], 
      "DocumentMetaData" : [
        {"sofa" : 1,  "end" : 1050,  "language" : "x-unspecified",  "documentTitle" : "cnn-02.txt",  "documentId" : "AYC",  "documentUri" : "file:/srv/inception/repository/project/2/document/2354/source/AYC",  "collectionId" : "file:/srv/inception/repository/project/2/document/2354/source/",  "documentBaseUri" : "file:/srv/inception/repository/project/2/document/2354/source/",  "isLastSegment" : false } ], 
      "TagsetDescription" : [
        {"sofa" : 1,  "layer" : "webanno.custom.PartsofCause",  "name" : "Parts of Cause",  "input" : false }, 
        {"sofa" : 1,  "layer" : "webanno.custom.TypesofCause",  "name" : "Causal Relations",  "input" : false } ], 
      "Sentence" : [
        {"sofa" : 1,  "end" : 177 }, 
        {"sofa" : 1,  "begin" : 178,  "end" : 320 }, 
        {"sofa" : 1,  "begin" : 321,  "end" : 451 }, 
        {"sofa" : 1,  "begin" : 452,  "end" : 723 }, 
        {"sofa" : 1,  "begin" : 724,  "end" : 800 }, 
        {"sofa" : 1,  "begin" : 801,  "end" : 917 }, 
        {"sofa" : 1,  "begin" : 918,  "end" : 1050 } ], 
      "Token" : [
        {"sofa" : 1,  "end" : 3 }, 
        {"sofa" : 1,  "begin" : 4,  "end" : 5 }, 
        {"sofa" : 1,  "begin" : 6,  "end" : 9 }, 
        {"sofa" : 1,  "begin" : 10,  "end" : 13 }, 
        {"sofa" : 1,  "begin" : 14,  "end" : 17 }, 
        {"sofa" : 1,  "begin" : 18,  "end" : 24 }, 
        {"sofa" : 1,  "begin" : 25,  "end" : 30 }, 
        {"sofa" : 1,  "begin" : 31,  "end" : 36 }, 
        {"sofa" : 1,  "begin" : 37,  "end" : 39 }, 
        {"sofa" : 1,  "begin" : 40,  "end" : 46 }, 
        {"sofa" : 1,  "begin" : 47,  "end" : 53 }, 
        {"sofa" : 1,  "begin" : 54,  "end" : 59 }, 
        {"sofa" : 1,  "begin" : 60,  "end" : 65 }, 
        {"sofa" : 1,  "begin" : 66,  "end" : 68 }, 
        {"sofa" : 1,  "begin" : 69,  "end" : 75 }, 
        {"sofa" : 1,  "begin" : 76,  "end" : 81 }, 
        {"sofa" : 1,  "begin" : 82,  "end" : 92 }, 
        {"sofa" : 1,  "begin" : 93,  "end" : 95 }, 
        {"sofa" : 1,  "begin" : 96,  "end" : 97 }, 
        {"sofa" : 1,  "begin" : 98,  "end" : 104 }, 
        {"sofa" : 1,  "begin" : 105,  "end" : 109 }, 
        {"sofa" : 1,  "begin" : 110,  "end" : 112 }, 
        {"sofa" : 1,  "begin" : 113,  "end" : 123 }, 
        {"sofa" : 1,  "begin" : 124,  "end" : 125 }, 
        {"sofa" : 1,  "begin" : 126,  "end" : 132 }, 
        {"sofa" : 1,  "begin" : 133,  "end" : 140 }, 
        {"sofa" : 1,  "begin" : 141,  "end" : 142 }, 
        {"sofa" : 1,  "begin" : 143,  "end" : 152 }, 
        {"sofa" : 1,  "begin" : 153,  "end" : 155 }, 
        {"sofa" : 1,  "begin" : 156,  "end" : 163 }, 
        {"sofa" : 1,  "begin" : 164,  "end" : 175 }, 
        {"sofa" : 1,  "begin" : 176,  "end" : 177 }, 
        {"sofa" : 1,  "begin" : 178,  "end" : 183 }, 
        {"sofa" : 1,  "begin" : 184,  "end" : 185 }, 
        {"sofa" : 1,  "begin" : 186,  "end" : 191 }, 
        {"sofa" : 1,  "begin" : 192,  "end" : 196 }, 
        {"sofa" : 1,  "begin" : 197,  "end" : 201 }, 
        {"sofa" : 1,  "begin" : 202,  "end" : 204 }, 
        {"sofa" : 1,  "begin" : 205,  "end" : 210 }, 
        {"sofa" : 1,  "begin" : 211,  "end" : 218 }, 
        {"sofa" : 1,  "begin" : 219,  "end" : 220 }, 
        {"sofa" : 1,  "begin" : 221,  "end" : 224 }, 
        {"sofa" : 1,  "begin" : 225,  "end" : 234 }, 
        {"sofa" : 1,  "begin" : 235,  "end" : 241 }, 
        {"sofa" : 1,  "begin" : 242,  "end" : 244 }, 
        {"sofa" : 1,  "begin" : 245,  "end" : 249 }, 
        {"sofa" : 1,  "begin" : 250,  "end" : 258 }, 
        {"sofa" : 1,  "begin" : 259,  "end" : 264 }, 
        {"sofa" : 1,  "begin" : 265,  "end" : 267 }, 
        {"sofa" : 1,  "begin" : 268,  "end" : 271 }, 
        {"sofa" : 1,  "begin" : 272,  "end" : 276 }, 
        {"sofa" : 1,  "begin" : 277,  "end" : 278 }, 
        {"sofa" : 1,  "begin" : 279,  "end" : 284 }, 
        {"sofa" : 1,  "begin" : 285,  "end" : 293 }, 
        {"sofa" : 1,  "begin" : 294,  "end" : 295 }, 
        {"sofa" : 1,  "begin" : 296,  "end" : 298 }, 
        {"sofa" : 1,  "begin" : 299,  "end" : 301 }, 
        {"sofa" : 1,  "begin" : 302,  "end" : 308 }, 
        {"sofa" : 1,  "begin" : 309,  "end" : 311 }, 
        {"sofa" : 1,  "begin" : 312,  "end" : 318 }, 
        {"sofa" : 1,  "begin" : 319,  "end" : 320 }, 
        {"sofa" : 1,  "begin" : 321,  "end" : 324 }, 
        {"sofa" : 1,  "begin" : 325,  "end" : 335 }, 
        {"sofa" : 1,  "begin" : 336,  "end" : 340 }, 
        {"sofa" : 1,  "begin" : 341,  "end" : 350 }, 
        {"sofa" : 1,  "begin" : 351,  "end" : 352 }, 
        {"sofa" : 1,  "begin" : 353,  "end" : 358 }, 
        {"sofa" : 1,  "begin" : 359,  "end" : 365 }, 
        {"sofa" : 1,  "begin" : 366,  "end" : 370 }, 
        {"sofa" : 1,  "begin" : 371,  "end" : 375 }, 
        {"sofa" : 1,  "begin" : 376,  "end" : 379 }, 
        {"sofa" : 1,  "begin" : 380,  "end" : 382 }, 
        {"sofa" : 1,  "begin" : 383,  "end" : 384 }, 
        {"sofa" : 1,  "begin" : 385,  "end" : 389 }, 
        {"sofa" : 1,  "begin" : 390,  "end" : 391 }, 
        {"sofa" : 1,  "begin" : 392,  "end" : 395 }, 
        {"sofa" : 1,  "begin" : 396,  "end" : 405 }, 
        {"sofa" : 1,  "begin" : 406,  "end" : 407 }, 
        {"sofa" : 1,  "begin" : 408,  "end" : 411 }, 
        {"sofa" : 1,  "begin" : 412,  "end" : 417 }, 
        {"sofa" : 1,  "begin" : 418,  "end" : 420 }, 
        {"sofa" : 1,  "begin" : 421,  "end" : 425 }, 
        {"sofa" : 1,  "begin" : 426,  "end" : 432 }, 
        {"sofa" : 1,  "begin" : 433,  "end" : 434 }, 
        {"sofa" : 1,  "begin" : 435,  "end" : 440 }, 
        {"sofa" : 1,  "begin" : 441,  "end" : 449 }, 
        {"sofa" : 1,  "begin" : 450,  "end" : 451 }, 
        {"sofa" : 1,  "begin" : 452,  "end" : 461 }, 
        {"sofa" : 1,  "begin" : 462,  "end" : 464 }, 
        {"sofa" : 1,  "begin" : 465,  "end" : 466 }, 
        {"sofa" : 1,  "begin" : 467,  "end" : 476 }, 
        {"sofa" : 1,  "begin" : 477,  "end" : 481 }, 
        {"sofa" : 1,  "begin" : 482,  "end" : 488 }, 
        {"sofa" : 1,  "begin" : 489,  "end" : 491 }, 
        {"sofa" : 1,  "begin" : 492,  "end" : 498 }, 
        {"sofa" : 1,  "begin" : 499,  "end" : 500 }, 
        {"sofa" : 1,  "begin" : 501,  "end" : 505 }, 
        {"sofa" : 1,  "begin" : 506,  "end" : 514 }, 
        {"sofa" : 1,  "begin" : 515,  "end" : 518 }, 
        {"sofa" : 1,  "begin" : 519,  "end" : 522 }, 
        {"sofa" : 1,  "begin" : 523,  "end" : 530 }, 
        {"sofa" : 1,  "begin" : 531,  "end" : 539 }, 
        {"sofa" : 1,  "begin" : 540,  "end" : 542 }, 
        {"sofa" : 1,  "begin" : 543,  "end" : 548 }, 
        {"sofa" : 1,  "begin" : 549,  "end" : 557 }, 
        {"sofa" : 1,  "begin" : 558,  "end" : 559 }, 
        {"sofa" : 1,  "begin" : 560,  "end" : 565 }, 
        {"sofa" : 1,  "begin" : 566,  "end" : 569 }, 
        {"sofa" : 1,  "begin" : 570,  "end" : 575 }, 
        {"sofa" : 1,  "begin" : 576,  "end" : 583 }, 
        {"sofa" : 1,  "begin" : 584,  "end" : 592 }, 
        {"sofa" : 1,  "begin" : 593,  "end" : 595 }, 
        {"sofa" : 1,  "begin" : 596,  "end" : 603 }, 
        {"sofa" : 1,  "begin" : 604,  "end" : 605 }, 
        {"sofa" : 1,  "begin" : 606,  "end" : 612 }, 
        {"sofa" : 1,  "begin" : 613,  "end" : 626 }, 
        {"sofa" : 1,  "begin" : 627,  "end" : 634 }, 
        {"sofa" : 1,  "begin" : 635,  "end" : 637 }, 
        {"sofa" : 1,  "begin" : 638,  "end" : 647 }, 
        {"sofa" : 1,  "begin" : 648,  "end" : 650 }, 
        {"sofa" : 1,  "begin" : 651,  "end" : 652 }, 
        {"sofa" : 1,  "begin" : 653,  "end" : 657 }, 
        {"sofa" : 1,  "begin" : 658,  "end" : 659 }, 
        {"sofa" : 1,  "begin" : 660,  "end" : 664 }, 
        {"sofa" : 1,  "begin" : 665,  "end" : 666 }, 
        {"sofa" : 1,  "begin" : 667,  "end" : 673 }, 
        {"sofa" : 1,  "begin" : 674,  "end" : 688 }, 
        {"sofa" : 1,  "begin" : 689,  "end" : 690 }, 
        {"sofa" : 1,  "begin" : 691,  "end" : 693 }, 
        {"sofa" : 1,  "begin" : 694,  "end" : 700 }, 
        {"sofa" : 1,  "begin" : 701,  "end" : 704 }, 
        {"sofa" : 1,  "begin" : 705,  "end" : 710 }, 
        {"sofa" : 1,  "begin" : 711,  "end" : 713 }, 
        {"sofa" : 1,  "begin" : 714,  "end" : 717 }, 
        {"sofa" : 1,  "begin" : 718,  "end" : 721 }, 
        {"sofa" : 1,  "begin" : 722,  "end" : 723 }, 
        {"sofa" : 1,  "begin" : 724,  "end" : 729 }, 
        {"sofa" : 1,  "begin" : 730,  "end" : 733 }, 
        {"sofa" : 1,  "begin" : 734,  "end" : 744 }, 
        {"sofa" : 1,  "begin" : 745,  "end" : 747 }, 
        {"sofa" : 1,  "begin" : 748,  "end" : 753 }, 
        {"sofa" : 1,  "begin" : 754,  "end" : 755 }, 
        {"sofa" : 1,  "begin" : 756,  "end" : 762 }, 
        {"sofa" : 1,  "begin" : 763,  "end" : 765 }, 
        {"sofa" : 1,  "begin" : 766,  "end" : 769 }, 
        {"sofa" : 1,  "begin" : 770,  "end" : 777 }, 
        {"sofa" : 1,  "begin" : 778,  "end" : 779 }, 
        {"sofa" : 1,  "begin" : 780,  "end" : 783 }, 
        {"sofa" : 1,  "begin" : 784,  "end" : 793 }, 
        {"sofa" : 1,  "begin" : 794,  "end" : 798 }, 
        {"sofa" : 1,  "begin" : 799,  "end" : 800 }, 
        {"sofa" : 1,  "begin" : 801,  "end" : 808 }, 
        {"sofa" : 1,  "begin" : 809,  "end" : 820 }, 
        {"sofa" : 1,  "begin" : 821,  "end" : 831 }, 
        {"sofa" : 1,  "begin" : 832,  "end" : 836 }, 
        {"sofa" : 1,  "begin" : 837,  "end" : 840 }, 
        {"sofa" : 1,  "begin" : 841,  "end" : 847 }, 
        {"sofa" : 1,  "begin" : 848,  "end" : 851 }, 
        {"sofa" : 1,  "begin" : 852,  "end" : 856 }, 
        {"sofa" : 1,  "begin" : 857,  "end" : 863 }, 
        {"sofa" : 1,  "begin" : 864,  "end" : 870 }, 
        {"sofa" : 1,  "begin" : 871,  "end" : 872 }, 
        {"sofa" : 1,  "begin" : 873,  "end" : 884 }, 
        {"sofa" : 1,  "begin" : 885,  "end" : 893 }, 
        {"sofa" : 1,  "begin" : 894,  "end" : 896 }, 
        {"sofa" : 1,  "begin" : 897,  "end" : 907 }, 
        {"sofa" : 1,  "begin" : 908,  "end" : 910 }, 
        {"sofa" : 1,  "begin" : 911,  "end" : 915 }, 
        {"sofa" : 1,  "begin" : 916,  "end" : 917 }, 
        {"sofa" : 1,  "begin" : 918,  "end" : 923 }, 
        {"sofa" : 1,  "begin" : 924,  "end" : 925 }, 
        {"sofa" : 1,  "begin" : 926,  "end" : 929 }, 
        {"sofa" : 1,  "begin" : 930,  "end" : 932 }, 
        {"sofa" : 1,  "begin" : 933,  "end" : 937 }, 
        {"sofa" : 1,  "begin" : 938,  "end" : 943 }, 
        {"sofa" : 1,  "begin" : 944,  "end" : 947 }, 
        {"sofa" : 1,  "begin" : 948,  "end" : 951 }, 
        {"sofa" : 1,  "begin" : 952,  "end" : 957 }, 
        {"sofa" : 1,  "begin" : 958,  "end" : 959 }, 
        {"sofa" : 1,  "begin" : 960,  "end" : 965 }, 
        {"sofa" : 1,  "begin" : 966,  "end" : 968 }, 
        {"sofa" : 1,  "begin" : 969,  "end" : 970 }, 
        {"sofa" : 1,  "begin" : 971,  "end" : 974 }, 
        {"sofa" : 1,  "begin" : 975,  "end" : 976 }, 
        {"sofa" : 1,  "begin" : 977,  "end" : 982 }, 
        {"sofa" : 1,  "begin" : 983,  "end" : 984 }, 
        {"sofa" : 1,  "begin" : 985,  "end" : 991 }, 
        {"sofa" : 1,  "begin" : 992,  "end" : 993 }, 
        {"sofa" : 1,  "begin" : 994,  "end" : 996 }, 
        {"sofa" : 1,  "begin" : 997,  "end" : 1006 }, 
        {"sofa" : 1,  "begin" : 1007,  "end" : 1009 }, 
        {"sofa" : 1,  "begin" : 1010,  "end" : 1015 }, 
        {"sofa" : 1,  "begin" : 1016,  "end" : 1023 }, 
        {"sofa" : 1,  "begin" : 1024,  "end" : 1027 }, 
        {"sofa" : 1,  "begin" : 1028,  "end" : 1036 }, 
        {"sofa" : 1,  "begin" : 1037,  "end" : 1039 }, 
        {"sofa" : 1,  "begin" : 1040,  "end" : 1048 }, 
        {"sofa" : 1,  "begin" : 1049,  "end" : 1050 } ], 
      "PartsofCause" : [2658,  2632,  2645,  2701,  2714,  2786 ], 
      "TypesofCause" : [
        {"sofa" : 1,  "end" : 75,  "Dependent" : 2658,  "Governor" : 2632,  "TypesofCause" : "Effect" }, 
        {"sofa" : 1,  "begin" : 82,  "end" : 140,  "Dependent" : 2645,  "Governor" : 2632,  "TypesofCause" : "Cause" }, 
        {"sofa" : 1,  "begin" : 321,  "end" : 340,  "Dependent" : 2701,  "Governor" : 2714,  "TypesofCause" : "Effect" }, 
        {"sofa" : 1,  "begin" : 351,  "end" : 405,  "Dependent" : 2786,  "Governor" : 2714,  "TypesofCause" : "Cause" } ] } }, 
  "_referenced_fss" : {
    "1" : {"_type" : "Sofa",  "sofaNum" : 1,  "sofaID" : "_InitialView",  "mimeType" : "text",  "sofaString" : "Hip - hop and rap artist Petey Pablo is facing nearly three years in prison after sentencing on a guilty plea of possessing a stolen firearm , according to federal prosecutors .\nPablo , whose real name is Moses Barrett , was sentenced Monday in U.S. District Court in New Bern , North Carolina , to 35 months in prison .\nThe sentencing came following a March guilty plea from the 38 - year - old performer , who lives in Wake Forest , North Carolina .\nAccording to a statement from Thomas G. Walker , U.S. attorney for the Eastern District of North Carolina , Pablo was going through security at Raleigh - Durham International Airport on September 11 , 2010 , when a loaded semi-automatic 9 mm pistol was found in his bag .\nPablo was attempting to board a flight to Los Angeles , the statement said .\nFederal authorities determined that the pistol had been stolen during a residential burglary in California in 2005 .\nPablo , who is best known for his songs \" Raise Up \" and \" Freek - a-Leek \" is scheduled to begin serving his sentence in December ." }, 
    "2658" : {"_type" : "PartsofCause",  "sofa" : 1,  "end" : 75,  "PartsofCause" : "Argument" }, 
    "2632" : {"_type" : "PartsofCause",  "sofa" : 1,  "begin" : 76,  "end" : 81,  "PartsofCause" : "Causing" }, 
    "2645" : {"_type" : "PartsofCause",  "sofa" : 1,  "begin" : 82,  "end" : 140,  "PartsofCause" : "Argument" }, 
    "2701" : {"_type" : "PartsofCause",  "sofa" : 1,  "begin" : 321,  "end" : 340,  "PartsofCause" : "Argument" }, 
    "2714" : {"_type" : "PartsofCause",  "sofa" : 1,  "begin" : 341,  "end" : 350,  "PartsofCause" : "Causing" }, 
    "2786" : {"_type" : "PartsofCause",  "sofa" : 1,  "begin" : 351,  "end" : 405,  "PartsofCause" : "Argument" }, 
    "2821" : {"_type" : "LayerDefinition",  "name" : "webanno.custom.PartsofCause",  "uiName" : "Parts of Cause" }, 
    "2810" : {"_type" : "LayerDefinition",  "name" : "webanno.custom.DisjointCausalSpans",  "uiName" : "Disjoint Causal Spans" }, 
    "2828" : {"_type" : "LayerDefinition",  "name" : "webanno.custom.TypesofCause",  "uiName" : "Types of Cause" } } }