{"_context" : {
    "_types" : {
      "DocumentMetaData" : {
        "_feature_types" : {"sofa" : "_ref" } }, 
      "FeatureDefinition" : {
        "_feature_types" : {"layer" : "_ref" } }, 
      "LayerDefinition" : { }, 
      "Sentence" : {
        "_feature_types" : {"sofa" : "_ref" } }, 
      "Sofa" : {
        "_feature_types" : {"sofaArray" : "_ref" } }, 
      "TagsetDescription" : {
        "_feature_types" : {"sofa" : "_ref",  "tags" : "_ref" } }, 
      "Token" : {
        "_feature_types" : {"sofa" : "_ref",  "parent" : "_ref",  "lemma" : "_ref",  "stem" : "_ref",  "pos" : "_ref",  "morph" : "_ref",  "form" : "_ref" } }, 
      "DocumentAnnotation" : {
        "_feature_types" : {"sofa" : "_ref" }, 
        "_subtypes" : ["DocumentMetaData" ] }, 
      "Annotation" : {
        "_feature_types" : {"sofa" : "_ref" }, 
        "_subtypes" : ["DocumentAnnotation",  "Sentence",  "TagsetDescription",  "Token" ] }, 
      "AnnotationBase" : {
        "_feature_types" : {"sofa" : "_ref" }, 
        "_subtypes" : ["Annotation" ] }, 
      "TOP" : {
        "_subtypes" : ["AnnotationBase",  "FeatureDefinition",  "LayerDefinition",  "Sofa" ] } } }, 
  "_views" : {
    "_InitialView" : {
      "FeatureDefinition" : [
        {"layer" : 1588,  "name" : "referenceRelation",  "uiName" : "Reference Relation" }, 
        {"layer" : 1588,  "name" : "referenceType",  "uiName" : "Reference Type" }, 
        {"layer" : 1599,  "name" : "PartsofCause",  "uiName" : "Parts of Cause" }, 
        {"layer" : 1606,  "name" : "TypesofCause",  "uiName" : "Types of Cause" } ], 
      "LayerDefinition" : [1588,  1599,  1606 ], 
      "DocumentMetaData" : [
        {"sofa" : 1,  "end" : 524,  "language" : "x-unspecified",  "documentTitle" : "fable-22.txt",  "documentId" : "AYC",  "documentUri" : "file:/srv/inception/repository/project/2/document/2324/source/AYC",  "collectionId" : "file:/srv/inception/repository/project/2/document/2324/source/",  "documentBaseUri" : "file:/srv/inception/repository/project/2/document/2324/source/",  "isLastSegment" : false } ], 
      "TagsetDescription" : [
        {"sofa" : 1,  "layer" : "webanno.custom.PartsofCause",  "name" : "Parts of Cause",  "input" : false }, 
        {"sofa" : 1,  "layer" : "webanno.custom.TypesofCause",  "name" : "Causal Relations",  "input" : false } ], 
      "Sentence" : [
        {"sofa" : 1,  "end" : 106 }, 
        {"sofa" : 1,  "begin" : 107,  "end" : 206 }, 
        {"sofa" : 1,  "begin" : 207,  "end" : 322 }, 
        {"sofa" : 1,  "begin" : 323,  "end" : 331 }, 
        {"sofa" : 1,  "begin" : 332,  "end" : 397 }, 
        {"sofa" : 1,  "begin" : 398,  "end" : 477 }, 
        {"sofa" : 1,  "begin" : 478,  "end" : 524 } ], 
      "Token" : [
        {"sofa" : 1,  "end" : 3 }, 
        {"sofa" : 1,  "begin" : 4,  "end" : 10 }, 
        {"sofa" : 1,  "begin" : 11,  "end" : 14 }, 
        {"sofa" : 1,  "begin" : 15,  "end" : 16 }, 
        {"sofa" : 1,  "begin" : 17,  "end" : 23 }, 
        {"sofa" : 1,  "begin" : 24,  "end" : 29 }, 
        {"sofa" : 1,  "begin" : 30,  "end" : 31 }, 
        {"sofa" : 1,  "begin" : 32,  "end" : 37 }, 
        {"sofa" : 1,  "begin" : 38,  "end" : 43 }, 
        {"sofa" : 1,  "begin" : 44,  "end" : 46 }, 
        {"sofa" : 1,  "begin" : 47,  "end" : 50 }, 
        {"sofa" : 1,  "begin" : 51,  "end" : 57 }, 
        {"sofa" : 1,  "begin" : 58,  "end" : 64 }, 
        {"sofa" : 1,  "begin" : 65,  "end" : 66 }, 
        {"sofa" : 1,  "begin" : 67,  "end" : 72 }, 
        {"sofa" : 1,  "begin" : 73,  "end" : 78 }, 
        {"sofa" : 1,  "begin" : 79,  "end" : 82 }, 
        {"sofa" : 1,  "begin" : 83,  "end" : 89 }, 
        {"sofa" : 1,  "begin" : 90,  "end" : 94 }, 
        {"sofa" : 1,  "begin" : 95,  "end" : 99 }, 
        {"sofa" : 1,  "begin" : 100,  "end" : 104 }, 
        {"sofa" : 1,  "begin" : 105,  "end" : 106 }, 
        {"sofa" : 1,  "begin" : 107,  "end" : 109 }, 
        {"sofa" : 1,  "begin" : 110,  "end" : 111 }, 
        {"sofa" : 1,  "begin" : 112,  "end" : 115 }, 
        {"sofa" : 1,  "begin" : 116,  "end" : 118 }, 
        {"sofa" : 1,  "begin" : 119,  "end" : 129 }, 
        {"sofa" : 1,  "begin" : 130,  "end" : 133 }, 
        {"sofa" : 1,  "begin" : 134,  "end" : 140 }, 
        {"sofa" : 1,  "begin" : 141,  "end" : 148 }, 
        {"sofa" : 1,  "begin" : 149,  "end" : 152 }, 
        {"sofa" : 1,  "begin" : 153,  "end" : 162 }, 
        {"sofa" : 1,  "begin" : 163,  "end" : 165 }, 
        {"sofa" : 1,  "begin" : 166,  "end" : 169 }, 
        {"sofa" : 1,  "begin" : 170,  "end" : 175 }, 
        {"sofa" : 1,  "begin" : 176,  "end" : 177 }, 
        {"sofa" : 1,  "begin" : 178,  "end" : 181 }, 
        {"sofa" : 1,  "begin" : 182,  "end" : 186 }, 
        {"sofa" : 1,  "begin" : 187,  "end" : 190 }, 
        {"sofa" : 1,  "begin" : 191,  "end" : 195 }, 
        {"sofa" : 1,  "begin" : 196,  "end" : 199 }, 
        {"sofa" : 1,  "begin" : 200,  "end" : 204 }, 
        {"sofa" : 1,  "begin" : 205,  "end" : 206 }, 
        {"sofa" : 1,  "begin" : 207,  "end" : 210 }, 
        {"sofa" : 1,  "begin" : 211,  "end" : 213 }, 
        {"sofa" : 1,  "begin" : 214,  "end" : 218 }, 
        {"sofa" : 1,  "begin" : 219,  "end" : 221 }, 
        {"sofa" : 1,  "begin" : 222,  "end" : 225 }, 
        {"sofa" : 1,  "begin" : 226,  "end" : 231 }, 
        {"sofa" : 1,  "begin" : 232,  "end" : 237 }, 
        {"sofa" : 1,  "begin" : 238,  "end" : 240 }, 
        {"sofa" : 1,  "begin" : 241,  "end" : 245 }, 
        {"sofa" : 1,  "begin" : 246,  "end" : 249 }, 
        {"sofa" : 1,  "begin" : 250,  "end" : 258 }, 
        {"sofa" : 1,  "begin" : 259,  "end" : 265 }, 
        {"sofa" : 1,  "begin" : 266,  "end" : 267 }, 
        {"sofa" : 1,  "begin" : 268,  "end" : 270 }, 
        {"sofa" : 1,  "begin" : 271,  "end" : 277 }, 
        {"sofa" : 1,  "begin" : 278,  "end" : 281 }, 
        {"sofa" : 1,  "begin" : 282,  "end" : 286 }, 
        {"sofa" : 1,  "begin" : 287,  "end" : 290 }, 
        {"sofa" : 1,  "begin" : 291,  "end" : 296 }, 
        {"sofa" : 1,  "begin" : 297,  "end" : 299 }, 
        {"sofa" : 1,  "begin" : 300,  "end" : 304 }, 
        {"sofa" : 1,  "begin" : 305,  "end" : 308 }, 
        {"sofa" : 1,  "begin" : 309,  "end" : 313 }, 
        {"sofa" : 1,  "begin" : 314,  "end" : 320 }, 
        {"sofa" : 1,  "begin" : 321,  "end" : 322 }, 
        {"sofa" : 1,  "begin" : 323,  "end" : 324 }, 
        {"sofa" : 1,  "begin" : 325,  "end" : 327 }, 
        {"sofa" : 1,  "begin" : 328,  "end" : 329 }, 
        {"sofa" : 1,  "begin" : 330,  "end" : 331 }, 
        {"sofa" : 1,  "begin" : 332,  "end" : 336 }, 
        {"sofa" : 1,  "begin" : 337,  "end" : 340 }, 
        {"sofa" : 1,  "begin" : 341,  "end" : 347 }, 
        {"sofa" : 1,  "begin" : 348,  "end" : 349 }, 
        {"sofa" : 1,  "begin" : 350,  "end" : 351 }, 
        {"sofa" : 1,  "begin" : 352,  "end" : 354 }, 
        {"sofa" : 1,  "begin" : 355,  "end" : 359 }, 
        {"sofa" : 1,  "begin" : 360,  "end" : 363 }, 
        {"sofa" : 1,  "begin" : 364,  "end" : 367 }, 
        {"sofa" : 1,  "begin" : 368,  "end" : 371 }, 
        {"sofa" : 1,  "begin" : 372,  "end" : 377 }, 
        {"sofa" : 1,  "begin" : 378,  "end" : 380 }, 
        {"sofa" : 1,  "begin" : 381,  "end" : 384 }, 
        {"sofa" : 1,  "begin" : 385,  "end" : 387 }, 
        {"sofa" : 1,  "begin" : 388,  "end" : 395 }, 
        {"sofa" : 1,  "begin" : 396,  "end" : 397 }, 
        {"sofa" : 1,  "begin" : 398,  "end" : 401 }, 
        {"sofa" : 1,  "begin" : 402,  "end" : 405 }, 
        {"sofa" : 1,  "begin" : 406,  "end" : 407 }, 
        {"sofa" : 1,  "begin" : 408,  "end" : 416 }, 
        {"sofa" : 1,  "begin" : 417,  "end" : 425 }, 
        {"sofa" : 1,  "begin" : 426,  "end" : 427 }, 
        {"sofa" : 1,  "begin" : 428,  "end" : 429 }, 
        {"sofa" : 1,  "begin" : 430,  "end" : 432 }, 
        {"sofa" : 1,  "begin" : 433,  "end" : 437 }, 
        {"sofa" : 1,  "begin" : 438,  "end" : 439 }, 
        {"sofa" : 1,  "begin" : 440,  "end" : 443 }, 
        {"sofa" : 1,  "begin" : 444,  "end" : 447 }, 
        {"sofa" : 1,  "begin" : 448,  "end" : 454 }, 
        {"sofa" : 1,  "begin" : 455,  "end" : 458 }, 
        {"sofa" : 1,  "begin" : 459,  "end" : 462 }, 
        {"sofa" : 1,  "begin" : 463,  "end" : 466 }, 
        {"sofa" : 1,  "begin" : 467,  "end" : 473 }, 
        {"sofa" : 1,  "begin" : 474,  "end" : 475 }, 
        {"sofa" : 1,  "begin" : 476,  "end" : 477 }, 
        {"sofa" : 1,  "begin" : 478,  "end" : 481 }, 
        {"sofa" : 1,  "begin" : 482,  "end" : 484 }, 
        {"sofa" : 1,  "begin" : 485,  "end" : 491 }, 
        {"sofa" : 1,  "begin" : 492,  "end" : 495 }, 
        {"sofa" : 1,  "begin" : 496,  "end" : 500 }, 
        {"sofa" : 1,  "begin" : 501,  "end" : 504 }, 
        {"sofa" : 1,  "begin" : 505,  "end" : 509 }, 
        {"sofa" : 1,  "begin" : 510,  "end" : 512 }, 
        {"sofa" : 1,  "begin" : 513,  "end" : 516 }, 
        {"sofa" : 1,  "begin" : 517,  "end" : 522 }, 
        {"sofa" : 1,  "begin" : 523,  "end" : 524 } ] } }, 
  "_referenced_fss" : {
    "1" : {"_type" : "Sofa",  "sofaNum" : 1,  "sofaID" : "_InitialView",  "mimeType" : "text",  "sofaString" : "ONE wintry day a Farmer found a Snake lying on the frozen ground , quite stiff and nearly dead with cold .\nIn a fit of compassion the Farmer brought him carefully to his house , and laid him near the fire .\nBut as soon as the Snake began to feel the pleasant warmth , he raised his head and tried to bite his kind friend .\n“ Oh ! ”\nsaid the Farmer , “ is that the way you repay me for my trouble ?\nYou are a venomous creature , I am sure , and the sooner you die the better . ”\nAnd he killed him with one blow of his stick ." }, 
    "1606" : {"_type" : "LayerDefinition",  "name" : "webanno.custom.TypesofCause",  "uiName" : "Types of Cause" }, 
    "1588" : {"_type" : "LayerDefinition",  "name" : "webanno.custom.DisjointCausalSpans",  "uiName" : "Disjoint Causal Spans" }, 
    "1599" : {"_type" : "LayerDefinition",  "name" : "webanno.custom.PartsofCause",  "uiName" : "Parts of Cause" } } }