{"_context" : {
    "_types" : {
      "DocumentMetaData" : {
        "_feature_types" : {"sofa" : "_ref" } }, 
      "FeatureDefinition" : {
        "_feature_types" : {"layer" : "_ref" } }, 
      "LayerDefinition" : { }, 
      "PartsofCause" : {
        "_feature_types" : {"sofa" : "_ref" } }, 
      "Sentence" : {
        "_feature_types" : {"sofa" : "_ref" } }, 
      "Sofa" : {
        "_feature_types" : {"sofaArray" : "_ref" } }, 
      "TagsetDescription" : {
        "_feature_types" : {"sofa" : "_ref",  "tags" : "_ref" } }, 
      "Token" : {
        "_feature_types" : {"sofa" : "_ref",  "parent" : "_ref",  "lemma" : "_ref",  "stem" : "_ref",  "pos" : "_ref",  "morph" : "_ref",  "form" : "_ref" } }, 
      "TypesofCause" : {
        "_feature_types" : {"sofa" : "_ref",  "Dependent" : "_ref",  "Governor" : "_ref" } }, 
      "DocumentAnnotation" : {
        "_feature_types" : {"sofa" : "_ref" }, 
        "_subtypes" : ["DocumentMetaData" ] }, 
      "Annotation" : {
        "_feature_types" : {"sofa" : "_ref" }, 
        "_subtypes" : ["DocumentAnnotation",  "PartsofCause",  "Sentence",  "TagsetDescription",  "Token",  "TypesofCause" ] }, 
      "AnnotationBase" : {
        "_feature_types" : {"sofa" : "_ref" }, 
        "_subtypes" : ["Annotation" ] }, 
      "TOP" : {
        "_subtypes" : ["AnnotationBase",  "FeatureDefinition",  "LayerDefinition",  "Sofa" ] } } }, 
  "_views" : {
    "_InitialView" : {
      "FeatureDefinition" : [
        {"layer" : 1620,  "name" : "referenceRelation",  "uiName" : "Reference Relation" }, 
        {"layer" : 1620,  "name" : "referenceType",  "uiName" : "Reference Type" }, 
        {"layer" : 1631,  "name" : "PartsofCause",  "uiName" : "Parts of Cause" }, 
        {"layer" : 1638,  "name" : "TypesofCause",  "uiName" : "Types of Cause" } ], 
      "LayerDefinition" : [1620,  1631,  1638 ], 
      "DocumentMetaData" : [
        {"sofa" : 1,  "end" : 510,  "language" : "x-unspecified",  "documentTitle" : "fable-38.txt",  "documentId" : "AYC",  "documentUri" : "file:/srv/inception/repository/project/2/document/2340/source/AYC",  "collectionId" : "file:/srv/inception/repository/project/2/document/2340/source/",  "documentBaseUri" : "file:/srv/inception/repository/project/2/document/2340/source/",  "isLastSegment" : false } ], 
      "TagsetDescription" : [
        {"sofa" : 1,  "layer" : "webanno.custom.PartsofCause",  "name" : "Parts of Cause",  "input" : false }, 
        {"sofa" : 1,  "layer" : "webanno.custom.TypesofCause",  "name" : "Causal Relations",  "input" : false } ], 
      "Sentence" : [
        {"sofa" : 1,  "end" : 57 }, 
        {"sofa" : 1,  "begin" : 58,  "end" : 143 }, 
        {"sofa" : 1,  "begin" : 144,  "end" : 276 }, 
        {"sofa" : 1,  "begin" : 277,  "end" : 435 }, 
        {"sofa" : 1,  "begin" : 436,  "end" : 510 } ], 
      "Token" : [
        {"sofa" : 1,  "end" : 1 }, 
        {"sofa" : 1,  "begin" : 2,  "end" : 10 }, 
        {"sofa" : 1,  "begin" : 11,  "end" : 17 }, 
        {"sofa" : 1,  "begin" : 18,  "end" : 25 }, 
        {"sofa" : 1,  "begin" : 26,  "end" : 28 }, 
        {"sofa" : 1,  "begin" : 29,  "end" : 32 }, 
        {"sofa" : 1,  "begin" : 33,  "end" : 38 }, 
        {"sofa" : 1,  "begin" : 39,  "end" : 41 }, 
        {"sofa" : 1,  "begin" : 42,  "end" : 45 }, 
        {"sofa" : 1,  "begin" : 46,  "end" : 49 }, 
        {"sofa" : 1,  "begin" : 50,  "end" : 55 }, 
        {"sofa" : 1,  "begin" : 56,  "end" : 57 }, 
        {"sofa" : 1,  "begin" : 58,  "end" : 61 }, 
        {"sofa" : 1,  "begin" : 62,  "end" : 65 }, 
        {"sofa" : 1,  "begin" : 66,  "end" : 68 }, 
        {"sofa" : 1,  "begin" : 69,  "end" : 72 }, 
        {"sofa" : 1,  "begin" : 73,  "end" : 74 }, 
        {"sofa" : 1,  "begin" : 75,  "end" : 81 }, 
        {"sofa" : 1,  "begin" : 82,  "end" : 85 }, 
        {"sofa" : 1,  "begin" : 86,  "end" : 89 }, 
        {"sofa" : 1,  "begin" : 90,  "end" : 91 }, 
        {"sofa" : 1,  "begin" : 92,  "end" : 98 }, 
        {"sofa" : 1,  "begin" : 99,  "end" : 100 }, 
        {"sofa" : 1,  "begin" : 101,  "end" : 104 }, 
        {"sofa" : 1,  "begin" : 105,  "end" : 111 }, 
        {"sofa" : 1,  "begin" : 112,  "end" : 115 }, 
        {"sofa" : 1,  "begin" : 116,  "end" : 118 }, 
        {"sofa" : 1,  "begin" : 119,  "end" : 123 }, 
        {"sofa" : 1,  "begin" : 124,  "end" : 127 }, 
        {"sofa" : 1,  "begin" : 128,  "end" : 132 }, 
        {"sofa" : 1,  "begin" : 133,  "end" : 137 }, 
        {"sofa" : 1,  "begin" : 138,  "end" : 141 }, 
        {"sofa" : 1,  "begin" : 142,  "end" : 143 }, 
        {"sofa" : 1,  "begin" : 144,  "end" : 145 }, 
        {"sofa" : 1,  "begin" : 146,  "end" : 148 }, 
        {"sofa" : 1,  "begin" : 149,  "end" : 154 }, 
        {"sofa" : 1,  "begin" : 155,  "end" : 157 }, 
        {"sofa" : 1,  "begin" : 158,  "end" : 161 }, 
        {"sofa" : 1,  "begin" : 162,  "end" : 168 }, 
        {"sofa" : 1,  "begin" : 169,  "end" : 176 }, 
        {"sofa" : 1,  "begin" : 177,  "end" : 179 }, 
        {"sofa" : 1,  "begin" : 180,  "end" : 182 }, 
        {"sofa" : 1,  "begin" : 183,  "end" : 187 }, 
        {"sofa" : 1,  "begin" : 188,  "end" : 196 }, 
        {"sofa" : 1,  "begin" : 197,  "end" : 198 }, 
        {"sofa" : 1,  "begin" : 199,  "end" : 200 }, 
        {"sofa" : 1,  "begin" : 201,  "end" : 203 }, 
        {"sofa" : 1,  "begin" : 204,  "end" : 208 }, 
        {"sofa" : 1,  "begin" : 209,  "end" : 210 }, 
        {"sofa" : 1,  "begin" : 211,  "end" : 212 }, 
        {"sofa" : 1,  "begin" : 213,  "end" : 216 }, 
        {"sofa" : 1,  "begin" : 217,  "end" : 221 }, 
        {"sofa" : 1,  "begin" : 222,  "end" : 225 }, 
        {"sofa" : 1,  "begin" : 226,  "end" : 238 }, 
        {"sofa" : 1,  "begin" : 239,  "end" : 247 }, 
        {"sofa" : 1,  "begin" : 248,  "end" : 252 }, 
        {"sofa" : 1,  "begin" : 253,  "end" : 255 }, 
        {"sofa" : 1,  "begin" : 256,  "end" : 263 }, 
        {"sofa" : 1,  "begin" : 264,  "end" : 272 }, 
        {"sofa" : 1,  "begin" : 273,  "end" : 274 }, 
        {"sofa" : 1,  "begin" : 275,  "end" : 276 }, 
        {"sofa" : 1,  "begin" : 277,  "end" : 280 }, 
        {"sofa" : 1,  "begin" : 281,  "end" : 287 }, 
        {"sofa" : 1,  "begin" : 288,  "end" : 295 }, 
        {"sofa" : 1,  "begin" : 296,  "end" : 297 }, 
        {"sofa" : 1,  "begin" : 298,  "end" : 299 }, 
        {"sofa" : 1,  "begin" : 300,  "end" : 303 }, 
        {"sofa" : 1,  "begin" : 304,  "end" : 315 }, 
        {"sofa" : 1,  "begin" : 316,  "end" : 321 }, 
        {"sofa" : 1,  "begin" : 322,  "end" : 325 }, 
        {"sofa" : 1,  "begin" : 326,  "end" : 330 }, 
        {"sofa" : 1,  "begin" : 331,  "end" : 333 }, 
        {"sofa" : 1,  "begin" : 334,  "end" : 336 }, 
        {"sofa" : 1,  "begin" : 337,  "end" : 340 }, 
        {"sofa" : 1,  "begin" : 341,  "end" : 346 }, 
        {"sofa" : 1,  "begin" : 347,  "end" : 348 }, 
        {"sofa" : 1,  "begin" : 349,  "end" : 352 }, 
        {"sofa" : 1,  "begin" : 353,  "end" : 361 }, 
        {"sofa" : 1,  "begin" : 362,  "end" : 363 }, 
        {"sofa" : 1,  "begin" : 364,  "end" : 370 }, 
        {"sofa" : 1,  "begin" : 371,  "end" : 375 }, 
        {"sofa" : 1,  "begin" : 376,  "end" : 381 }, 
        {"sofa" : 1,  "begin" : 382,  "end" : 384 }, 
        {"sofa" : 1,  "begin" : 385,  "end" : 391 }, 
        {"sofa" : 1,  "begin" : 392,  "end" : 393 }, 
        {"sofa" : 1,  "begin" : 394,  "end" : 398 }, 
        {"sofa" : 1,  "begin" : 399,  "end" : 407 }, 
        {"sofa" : 1,  "begin" : 408,  "end" : 413 }, 
        {"sofa" : 1,  "begin" : 414,  "end" : 425 }, 
        {"sofa" : 1,  "begin" : 426,  "end" : 433 }, 
        {"sofa" : 1,  "begin" : 434,  "end" : 435 }, 
        {"sofa" : 1,  "begin" : 436,  "end" : 437 }, 
        {"sofa" : 1,  "begin" : 438,  "end" : 440 }, 
        {"sofa" : 1,  "begin" : 441,  "end" : 447 }, 
        {"sofa" : 1,  "begin" : 448,  "end" : 450 }, 
        {"sofa" : 1,  "begin" : 451,  "end" : 457 }, 
        {"sofa" : 1,  "begin" : 458,  "end" : 461 }, 
        {"sofa" : 1,  "begin" : 462,  "end" : 466 }, 
        {"sofa" : 1,  "begin" : 467,  "end" : 473 }, 
        {"sofa" : 1,  "begin" : 474,  "end" : 481 }, 
        {"sofa" : 1,  "begin" : 482,  "end" : 487 }, 
        {"sofa" : 1,  "begin" : 488,  "end" : 492 }, 
        {"sofa" : 1,  "begin" : 493,  "end" : 506 }, 
        {"sofa" : 1,  "begin" : 507,  "end" : 508 }, 
        {"sofa" : 1,  "begin" : 509,  "end" : 510 } ], 
      "PartsofCause" : [1413,  1426,  1439,  1508,  1482,  1495,  1551,  1564,  1577 ], 
      "TypesofCause" : [
        {"sofa" : 1,  "begin" : 146,  "end" : 176,  "Dependent" : 1413,  "Governor" : 1426,  "TypesofCause" : "Effect" }, 
        {"sofa" : 1,  "begin" : 180,  "end" : 196,  "Dependent" : 1439,  "Governor" : 1426,  "TypesofCause" : "Cause" }, 
        {"sofa" : 1,  "begin" : 180,  "end" : 196,  "Dependent" : 1508,  "Governor" : 1482,  "TypesofCause" : "Cause" }, 
        {"sofa" : 1,  "begin" : 222,  "end" : 272,  "Dependent" : 1495,  "Governor" : 1482,  "TypesofCause" : "Effect" }, 
        {"sofa" : 1,  "begin" : 300,  "end" : 346,  "Dependent" : 1551,  "Governor" : 1564,  "TypesofCause" : "Effect" }, 
        {"sofa" : 1,  "begin" : 353,  "end" : 433,  "Dependent" : 1577,  "Governor" : 1564,  "TypesofCause" : "Cause" } ] } }, 
  "_referenced_fss" : {
    "1" : {"_type" : "Sofa",  "sofaNum" : 1,  "sofaID" : "_InitialView",  "mimeType" : "text",  "sofaString" : "A CHARCOAL Burner carried on his trade at his own house .\nOne day he met a friend who was a Fuller , and begged him to come and live with him .\n“ We shall be far better friends if we live together , ” he said , “ and then our housekeeping expenses will be greatly lessened . ”\nThe Fuller replied : “ The arrangement would not suit me in the least , for whatever I should take pains to whiten , your charcoal would immediately blacken .\nI am afraid we should not grow better friends under such circumstances . ”" }, 
    "1413" : {"_type" : "PartsofCause",  "sofa" : 1,  "begin" : 146,  "end" : 176,  "PartsofCause" : "Argument" }, 
    "1426" : {"_type" : "PartsofCause",  "sofa" : 1,  "begin" : 177,  "end" : 179,  "PartsofCause" : "Enabling" }, 
    "1439" : {"_type" : "PartsofCause",  "sofa" : 1,  "begin" : 180,  "end" : 196,  "PartsofCause" : "Argument" }, 
    "1508" : {"_type" : "PartsofCause",  "sofa" : 1,  "begin" : 180,  "end" : 196,  "PartsofCause" : "Argument" }, 
    "1482" : {"_type" : "PartsofCause",  "sofa" : 1,  "begin" : 217,  "end" : 221,  "PartsofCause" : "Causing" }, 
    "1495" : {"_type" : "PartsofCause",  "sofa" : 1,  "begin" : 222,  "end" : 272,  "PartsofCause" : "Argument" }, 
    "1551" : {"_type" : "PartsofCause",  "sofa" : 1,  "begin" : 300,  "end" : 346,  "PartsofCause" : "Argument" }, 
    "1564" : {"_type" : "PartsofCause",  "sofa" : 1,  "begin" : 349,  "end" : 352,  "PartsofCause" : "Causing" }, 
    "1577" : {"_type" : "PartsofCause",  "sofa" : 1,  "begin" : 353,  "end" : 433,  "PartsofCause" : "Argument" }, 
    "1620" : {"_type" : "LayerDefinition",  "name" : "webanno.custom.DisjointCausalSpans",  "uiName" : "Disjoint Causal Spans" }, 
    "1638" : {"_type" : "LayerDefinition",  "name" : "webanno.custom.TypesofCause",  "uiName" : "Types of Cause" }, 
    "1631" : {"_type" : "LayerDefinition",  "name" : "webanno.custom.PartsofCause",  "uiName" : "Parts of Cause" } } }