{"_context" : {
    "_types" : {
      "DocumentMetaData" : {
        "_feature_types" : {"sofa" : "_ref" } }, 
      "FeatureDefinition" : {
        "_feature_types" : {"layer" : "_ref" } }, 
      "LayerDefinition" : { }, 
      "PartsofCause" : {
        "_feature_types" : {"sofa" : "_ref" } }, 
      "Sentence" : {
        "_feature_types" : {"sofa" : "_ref" } }, 
      "Sofa" : {
        "_feature_types" : {"sofaArray" : "_ref" } }, 
      "TagsetDescription" : {
        "_feature_types" : {"sofa" : "_ref",  "tags" : "_ref" } }, 
      "Token" : {
        "_feature_types" : {"sofa" : "_ref",  "parent" : "_ref",  "lemma" : "_ref",  "stem" : "_ref",  "pos" : "_ref",  "morph" : "_ref",  "form" : "_ref" } }, 
      "TypesofCause" : {
        "_feature_types" : {"sofa" : "_ref",  "Dependent" : "_ref",  "Governor" : "_ref" } }, 
      "DocumentAnnotation" : {
        "_feature_types" : {"sofa" : "_ref" }, 
        "_subtypes" : ["DocumentMetaData" ] }, 
      "Annotation" : {
        "_feature_types" : {"sofa" : "_ref" }, 
        "_subtypes" : ["DocumentAnnotation",  "PartsofCause",  "Sentence",  "TagsetDescription",  "Token",  "TypesofCause" ] }, 
      "AnnotationBase" : {
        "_feature_types" : {"sofa" : "_ref" }, 
        "_subtypes" : ["Annotation" ] }, 
      "TOP" : {
        "_subtypes" : ["AnnotationBase",  "FeatureDefinition",  "LayerDefinition",  "Sofa" ] } } }, 
  "_views" : {
    "_InitialView" : {
      "FeatureDefinition" : [
        {"layer" : 1768,  "name" : "referenceRelation",  "uiName" : "Reference Relation" }, 
        {"layer" : 1768,  "name" : "referenceType",  "uiName" : "Reference Type" }, 
        {"layer" : 1779,  "name" : "PartsofCause",  "uiName" : "Parts of Cause" }, 
        {"layer" : 1786,  "name" : "TypesofCause",  "uiName" : "Types of Cause" } ], 
      "LayerDefinition" : [1768,  1779,  1786 ], 
      "DocumentMetaData" : [
        {"sofa" : 1,  "end" : 562,  "language" : "x-unspecified",  "documentTitle" : "reddit-018.txt",  "documentId" : "AYC",  "documentUri" : "file:/srv/inception/repository/project/2/document/2420/source/AYC",  "collectionId" : "file:/srv/inception/repository/project/2/document/2420/source/",  "documentBaseUri" : "file:/srv/inception/repository/project/2/document/2420/source/",  "isLastSegment" : false } ], 
      "TagsetDescription" : [
        {"sofa" : 1,  "layer" : "webanno.custom.PartsofCause",  "name" : "Parts of Cause",  "input" : false }, 
        {"sofa" : 1,  "layer" : "webanno.custom.TypesofCause",  "name" : "Causal Relations",  "input" : false } ], 
      "Sentence" : [
        {"sofa" : 1,  "end" : 76 }, 
        {"sofa" : 1,  "begin" : 77,  "end" : 210 }, 
        {"sofa" : 1,  "begin" : 211,  "end" : 307 }, 
        {"sofa" : 1,  "begin" : 308,  "end" : 471 }, 
        {"sofa" : 1,  "begin" : 472,  "end" : 562 } ], 
      "Token" : [
        {"sofa" : 1,  "end" : 1 }, 
        {"sofa" : 1,  "begin" : 2,  "end" : 6 }, 
        {"sofa" : 1,  "begin" : 7,  "end" : 8 }, 
        {"sofa" : 1,  "begin" : 9,  "end" : 10 }, 
        {"sofa" : 1,  "begin" : 11,  "end" : 17 }, 
        {"sofa" : 1,  "begin" : 18,  "end" : 20 }, 
        {"sofa" : 1,  "begin" : 21,  "end" : 23 }, 
        {"sofa" : 1,  "begin" : 24,  "end" : 27 }, 
        {"sofa" : 1,  "begin" : 28,  "end" : 30 }, 
        {"sofa" : 1,  "begin" : 31,  "end" : 37 }, 
        {"sofa" : 1,  "begin" : 38,  "end" : 45 }, 
        {"sofa" : 1,  "begin" : 46,  "end" : 47 }, 
        {"sofa" : 1,  "begin" : 48,  "end" : 52 }, 
        {"sofa" : 1,  "begin" : 53,  "end" : 58 }, 
        {"sofa" : 1,  "begin" : 59,  "end" : 66 }, 
        {"sofa" : 1,  "begin" : 67,  "end" : 74 }, 
        {"sofa" : 1,  "begin" : 75,  "end" : 76 }, 
        {"sofa" : 1,  "begin" : 77,  "end" : 78 }, 
        {"sofa" : 1,  "begin" : 79,  "end" : 85 }, 
        {"sofa" : 1,  "begin" : 86,  "end" : 88 }, 
        {"sofa" : 1,  "begin" : 89,  "end" : 92 }, 
        {"sofa" : 1,  "begin" : 93,  "end" : 97 }, 
        {"sofa" : 1,  "begin" : 98,  "end" : 99 }, 
        {"sofa" : 1,  "begin" : 100,  "end" : 103 }, 
        {"sofa" : 1,  "begin" : 104,  "end" : 107 }, 
        {"sofa" : 1,  "begin" : 108,  "end" : 112 }, 
        {"sofa" : 1,  "begin" : 113,  "end" : 114 }, 
        {"sofa" : 1,  "begin" : 115,  "end" : 121 }, 
        {"sofa" : 1,  "begin" : 122,  "end" : 126 }, 
        {"sofa" : 1,  "begin" : 127,  "end" : 136 }, 
        {"sofa" : 1,  "begin" : 137,  "end" : 145 }, 
        {"sofa" : 1,  "begin" : 146,  "end" : 149 }, 
        {"sofa" : 1,  "begin" : 150,  "end" : 151 }, 
        {"sofa" : 1,  "begin" : 152,  "end" : 154 }, 
        {"sofa" : 1,  "begin" : 155,  "end" : 160 }, 
        {"sofa" : 1,  "begin" : 161,  "end" : 162 }, 
        {"sofa" : 1,  "begin" : 163,  "end" : 166 }, 
        {"sofa" : 1,  "begin" : 167,  "end" : 169 }, 
        {"sofa" : 1,  "begin" : 170,  "end" : 173 }, 
        {"sofa" : 1,  "begin" : 174,  "end" : 176 }, 
        {"sofa" : 1,  "begin" : 177,  "end" : 180 }, 
        {"sofa" : 1,  "begin" : 181,  "end" : 185 }, 
        {"sofa" : 1,  "begin" : 186,  "end" : 192 }, 
        {"sofa" : 1,  "begin" : 193,  "end" : 195 }, 
        {"sofa" : 1,  "begin" : 196,  "end" : 208 }, 
        {"sofa" : 1,  "begin" : 209,  "end" : 210 }, 
        {"sofa" : 1,  "begin" : 211,  "end" : 212 }, 
        {"sofa" : 1,  "begin" : 213,  "end" : 217 }, 
        {"sofa" : 1,  "begin" : 218,  "end" : 225 }, 
        {"sofa" : 1,  "begin" : 226,  "end" : 228 }, 
        {"sofa" : 1,  "begin" : 229,  "end" : 236 }, 
        {"sofa" : 1,  "begin" : 237,  "end" : 245 }, 
        {"sofa" : 1,  "begin" : 246,  "end" : 250 }, 
        {"sofa" : 1,  "begin" : 251,  "end" : 253 }, 
        {"sofa" : 1,  "begin" : 254,  "end" : 261 }, 
        {"sofa" : 1,  "begin" : 262,  "end" : 263 }, 
        {"sofa" : 1,  "begin" : 264,  "end" : 267 }, 
        {"sofa" : 1,  "begin" : 268,  "end" : 270 }, 
        {"sofa" : 1,  "begin" : 271,  "end" : 279 }, 
        {"sofa" : 1,  "begin" : 280,  "end" : 283 }, 
        {"sofa" : 1,  "begin" : 284,  "end" : 289 }, 
        {"sofa" : 1,  "begin" : 290,  "end" : 292 }, 
        {"sofa" : 1,  "begin" : 293,  "end" : 298 }, 
        {"sofa" : 1,  "begin" : 299,  "end" : 301 }, 
        {"sofa" : 1,  "begin" : 302,  "end" : 305 }, 
        {"sofa" : 1,  "begin" : 306,  "end" : 307 }, 
        {"sofa" : 1,  "begin" : 308,  "end" : 310 }, 
        {"sofa" : 1,  "begin" : 311,  "end" : 314 }, 
        {"sofa" : 1,  "begin" : 315,  "end" : 322 }, 
        {"sofa" : 1,  "begin" : 323,  "end" : 324 }, 
        {"sofa" : 1,  "begin" : 325,  "end" : 335 }, 
        {"sofa" : 1,  "begin" : 336,  "end" : 337 }, 
        {"sofa" : 1,  "begin" : 338,  "end" : 343 }, 
        {"sofa" : 1,  "begin" : 344,  "end" : 346 }, 
        {"sofa" : 1,  "begin" : 347,  "end" : 351 }, 
        {"sofa" : 1,  "begin" : 352,  "end" : 357 }, 
        {"sofa" : 1,  "begin" : 358,  "end" : 365 }, 
        {"sofa" : 1,  "begin" : 366,  "end" : 369 }, 
        {"sofa" : 1,  "begin" : 370,  "end" : 373 }, 
        {"sofa" : 1,  "begin" : 374,  "end" : 380 }, 
        {"sofa" : 1,  "begin" : 381,  "end" : 382 }, 
        {"sofa" : 1,  "begin" : 383,  "end" : 388 }, 
        {"sofa" : 1,  "begin" : 389,  "end" : 390 }, 
        {"sofa" : 1,  "begin" : 391,  "end" : 394 }, 
        {"sofa" : 1,  "begin" : 395,  "end" : 399 }, 
        {"sofa" : 1,  "begin" : 400,  "end" : 403 }, 
        {"sofa" : 1,  "begin" : 404,  "end" : 405 }, 
        {"sofa" : 1,  "begin" : 406,  "end" : 409 }, 
        {"sofa" : 1,  "begin" : 410,  "end" : 415 }, 
        {"sofa" : 1,  "begin" : 416,  "end" : 417 }, 
        {"sofa" : 1,  "begin" : 418,  "end" : 423 }, 
        {"sofa" : 1,  "begin" : 424,  "end" : 428 }, 
        {"sofa" : 1,  "begin" : 429,  "end" : 435 }, 
        {"sofa" : 1,  "begin" : 436,  "end" : 442 }, 
        {"sofa" : 1,  "begin" : 443,  "end" : 446 }, 
        {"sofa" : 1,  "begin" : 447,  "end" : 448 }, 
        {"sofa" : 1,  "begin" : 449,  "end" : 452 }, 
        {"sofa" : 1,  "begin" : 453,  "end" : 456 }, 
        {"sofa" : 1,  "begin" : 457,  "end" : 460 }, 
        {"sofa" : 1,  "begin" : 461,  "end" : 464 }, 
        {"sofa" : 1,  "begin" : 465,  "end" : 469 }, 
        {"sofa" : 1,  "begin" : 470,  "end" : 471 }, 
        {"sofa" : 1,  "begin" : 472,  "end" : 475 }, 
        {"sofa" : 1,  "begin" : 476,  "end" : 480 }, 
        {"sofa" : 1,  "begin" : 481,  "end" : 487 }, 
        {"sofa" : 1,  "begin" : 488,  "end" : 495 }, 
        {"sofa" : 1,  "begin" : 496,  "end" : 500 }, 
        {"sofa" : 1,  "begin" : 501,  "end" : 509 }, 
        {"sofa" : 1,  "begin" : 510,  "end" : 514 }, 
        {"sofa" : 1,  "begin" : 515,  "end" : 518 }, 
        {"sofa" : 1,  "begin" : 519,  "end" : 520 }, 
        {"sofa" : 1,  "begin" : 521,  "end" : 522 }, 
        {"sofa" : 1,  "begin" : 523,  "end" : 528 }, 
        {"sofa" : 1,  "begin" : 529,  "end" : 536 }, 
        {"sofa" : 1,  "begin" : 537,  "end" : 539 }, 
        {"sofa" : 1,  "begin" : 540,  "end" : 543 }, 
        {"sofa" : 1,  "begin" : 544,  "end" : 548 }, 
        {"sofa" : 1,  "begin" : 549,  "end" : 552 }, 
        {"sofa" : 1,  "begin" : 553,  "end" : 557 }, 
        {"sofa" : 1,  "begin" : 558,  "end" : 560 }, 
        {"sofa" : 1,  "begin" : 561,  "end" : 562 } ], 
      "PartsofCause" : [1634,  1660,  1647,  1716,  1703,  1729 ], 
      "TypesofCause" : [
        {"sofa" : 1,  "begin" : 268,  "end" : 289,  "Dependent" : 1634,  "Governor" : 1660,  "TypesofCause" : "Effect" }, 
        {"sofa" : 1,  "begin" : 293,  "end" : 305,  "Dependent" : 1647,  "Governor" : 1660,  "TypesofCause" : "Cause" }, 
        {"sofa" : 1,  "begin" : 352,  "end" : 369,  "Dependent" : 1716,  "Governor" : 1703,  "TypesofCause" : "Effect" }, 
        {"sofa" : 1,  "begin" : 374,  "end" : 388,  "Dependent" : 1729,  "Governor" : 1703,  "TypesofCause" : "Cause" } ] } }, 
  "_referenced_fss" : {
    "1" : {"_type" : "Sofa",  "sofaNum" : 1,  "sofaID" : "_InitialView",  "mimeType" : "text",  "sofaString" : "I mean , I really do nt get it paying 12000$+ a year while earning nothing .\n( except if you have a job but that s really hard alongside studying imo ) Is there a way to get it for free except of scholarships ?\nI just started my physics bachelor here in germany , and we actualle GET MONEY by going to UNI .\nWe get monthly „ Kindergeld “ which is like money parents get for having a child , its like 240 $ per month , while only paying around 500 $ for the UNI per year .\nAnd this yearly payment also uncludes full Bus / - Train tickets in the city you live in ." }, 
    "1634" : {"_type" : "PartsofCause",  "sofa" : 1,  "begin" : 268,  "end" : 289,  "PartsofCause" : "Argument" }, 
    "1660" : {"_type" : "PartsofCause",  "sofa" : 1,  "begin" : 290,  "end" : 292,  "PartsofCause" : "Causing" }, 
    "1647" : {"_type" : "PartsofCause",  "sofa" : 1,  "begin" : 293,  "end" : 305,  "PartsofCause" : "Argument" }, 
    "1716" : {"_type" : "PartsofCause",  "sofa" : 1,  "begin" : 352,  "end" : 369,  "PartsofCause" : "Argument" }, 
    "1703" : {"_type" : "PartsofCause",  "sofa" : 1,  "begin" : 370,  "end" : 373,  "PartsofCause" : "Causing" }, 
    "1729" : {"_type" : "PartsofCause",  "sofa" : 1,  "begin" : 374,  "end" : 388,  "PartsofCause" : "Argument" }, 
    "1779" : {"_type" : "LayerDefinition",  "name" : "webanno.custom.PartsofCause",  "uiName" : "Parts of Cause" }, 
    "1768" : {"_type" : "LayerDefinition",  "name" : "webanno.custom.DisjointCausalSpans",  "uiName" : "Disjoint Causal Spans" }, 
    "1786" : {"_type" : "LayerDefinition",  "name" : "webanno.custom.TypesofCause",  "uiName" : "Types of Cause" } } }