{"_context" : {
    "_types" : {
      "DocumentMetaData" : {
        "_feature_types" : {"sofa" : "_ref" } }, 
      "FeatureDefinition" : {
        "_feature_types" : {"layer" : "_ref" } }, 
      "LayerDefinition" : { }, 
      "PartsofCause" : {
        "_feature_types" : {"sofa" : "_ref" } }, 
      "Sentence" : {
        "_feature_types" : {"sofa" : "_ref" } }, 
      "Sofa" : {
        "_feature_types" : {"sofaArray" : "_ref" } }, 
      "TagsetDescription" : {
        "_feature_types" : {"sofa" : "_ref",  "tags" : "_ref" } }, 
      "Token" : {
        "_feature_types" : {"sofa" : "_ref",  "parent" : "_ref",  "lemma" : "_ref",  "stem" : "_ref",  "pos" : "_ref",  "morph" : "_ref",  "form" : "_ref" } }, 
      "TypesofCause" : {
        "_feature_types" : {"sofa" : "_ref",  "Dependent" : "_ref",  "Governor" : "_ref" } }, 
      "DocumentAnnotation" : {
        "_feature_types" : {"sofa" : "_ref" }, 
        "_subtypes" : ["DocumentMetaData" ] }, 
      "Annotation" : {
        "_feature_types" : {"sofa" : "_ref" }, 
        "_subtypes" : ["DocumentAnnotation",  "PartsofCause",  "Sentence",  "TagsetDescription",  "Token",  "TypesofCause" ] }, 
      "AnnotationBase" : {
        "_feature_types" : {"sofa" : "_ref" }, 
        "_subtypes" : ["Annotation" ] }, 
      "TOP" : {
        "_subtypes" : ["AnnotationBase",  "FeatureDefinition",  "LayerDefinition",  "Sofa" ] } } }, 
  "_views" : {
    "_InitialView" : {
      "FeatureDefinition" : [
        {"layer" : 2247,  "name" : "referenceRelation",  "uiName" : "Reference Relation" }, 
        {"layer" : 2247,  "name" : "referenceType",  "uiName" : "Reference Type" }, 
        {"layer" : 2258,  "name" : "PartsofCause",  "uiName" : "Parts of Cause" }, 
        {"layer" : 2265,  "name" : "TypesofCause",  "uiName" : "Types of Cause" } ], 
      "LayerDefinition" : [2247,  2258,  2265 ], 
      "DocumentMetaData" : [
        {"sofa" : 1,  "end" : 952,  "language" : "x-unspecified",  "documentTitle" : "cnn-37.txt",  "documentId" : "AYC",  "documentUri" : "file:/srv/inception/repository/project/2/document/2389/source/AYC",  "collectionId" : "file:/srv/inception/repository/project/2/document/2389/source/",  "documentBaseUri" : "file:/srv/inception/repository/project/2/document/2389/source/",  "isLastSegment" : false } ], 
      "TagsetDescription" : [
        {"sofa" : 1,  "layer" : "webanno.custom.PartsofCause",  "name" : "Parts of Cause",  "input" : false }, 
        {"sofa" : 1,  "layer" : "webanno.custom.TypesofCause",  "name" : "Causal Relations",  "input" : false } ], 
      "Sentence" : [
        {"sofa" : 1,  "end" : 203 }, 
        {"sofa" : 1,  "begin" : 204,  "end" : 271 }, 
        {"sofa" : 1,  "begin" : 272,  "end" : 408 }, 
        {"sofa" : 1,  "begin" : 409,  "end" : 478 }, 
        {"sofa" : 1,  "begin" : 479,  "end" : 536 }, 
        {"sofa" : 1,  "begin" : 537,  "end" : 676 }, 
        {"sofa" : 1,  "begin" : 677,  "end" : 813 }, 
        {"sofa" : 1,  "begin" : 814,  "end" : 952 } ], 
      "Token" : [
        {"sofa" : 1,  "end" : 9 }, 
        {"sofa" : 1,  "begin" : 10,  "end" : 12 }, 
        {"sofa" : 1,  "begin" : 13,  "end" : 20 }, 
        {"sofa" : 1,  "begin" : 21,  "end" : 27 }, 
        {"sofa" : 1,  "begin" : 28,  "end" : 30 }, 
        {"sofa" : 1,  "begin" : 31,  "end" : 34 }, 
        {"sofa" : 1,  "begin" : 35,  "end" : 42 }, 
        {"sofa" : 1,  "begin" : 43,  "end" : 45 }, 
        {"sofa" : 1,  "begin" : 46,  "end" : 49 }, 
        {"sofa" : 1,  "begin" : 50,  "end" : 56 }, 
        {"sofa" : 1,  "begin" : 57,  "end" : 64 }, 
        {"sofa" : 1,  "begin" : 65,  "end" : 67 }, 
        {"sofa" : 1,  "begin" : 68,  "end" : 72 }, 
        {"sofa" : 1,  "begin" : 73,  "end" : 74 }, 
        {"sofa" : 1,  "begin" : 75,  "end" : 78 }, 
        {"sofa" : 1,  "begin" : 79,  "end" : 87 }, 
        {"sofa" : 1,  "begin" : 88,  "end" : 90 }, 
        {"sofa" : 1,  "begin" : 91,  "end" : 96 }, 
        {"sofa" : 1,  "begin" : 97,  "end" : 100 }, 
        {"sofa" : 1,  "begin" : 101,  "end" : 109 }, 
        {"sofa" : 1,  "begin" : 110,  "end" : 114 }, 
        {"sofa" : 1,  "begin" : 115,  "end" : 123 }, 
        {"sofa" : 1,  "begin" : 124,  "end" : 125 }, 
        {"sofa" : 1,  "begin" : 126,  "end" : 128 }, 
        {"sofa" : 1,  "begin" : 129,  "end" : 131 }, 
        {"sofa" : 1,  "begin" : 132,  "end" : 140 }, 
        {"sofa" : 1,  "begin" : 141,  "end" : 144 }, 
        {"sofa" : 1,  "begin" : 145,  "end" : 152 }, 
        {"sofa" : 1,  "begin" : 153,  "end" : 158 }, 
        {"sofa" : 1,  "begin" : 159,  "end" : 167 }, 
        {"sofa" : 1,  "begin" : 168,  "end" : 175 }, 
        {"sofa" : 1,  "begin" : 176,  "end" : 177 }, 
        {"sofa" : 1,  "begin" : 178,  "end" : 181 }, 
        {"sofa" : 1,  "begin" : 182,  "end" : 183 }, 
        {"sofa" : 1,  "begin" : 184,  "end" : 191 }, 
        {"sofa" : 1,  "begin" : 192,  "end" : 196 }, 
        {"sofa" : 1,  "begin" : 197,  "end" : 201 }, 
        {"sofa" : 1,  "begin" : 202,  "end" : 203 }, 
        {"sofa" : 1,  "begin" : 204,  "end" : 209 }, 
        {"sofa" : 1,  "begin" : 210,  "end" : 213 }, 
        {"sofa" : 1,  "begin" : 214,  "end" : 219 }, 
        {"sofa" : 1,  "begin" : 220,  "end" : 221 }, 
        {"sofa" : 1,  "begin" : 222,  "end" : 228 }, 
        {"sofa" : 1,  "begin" : 229,  "end" : 233 }, 
        {"sofa" : 1,  "begin" : 234,  "end" : 237 }, 
        {"sofa" : 1,  "begin" : 238,  "end" : 247 }, 
        {"sofa" : 1,  "begin" : 248,  "end" : 256 }, 
        {"sofa" : 1,  "begin" : 257,  "end" : 259 }, 
        {"sofa" : 1,  "begin" : 260,  "end" : 269 }, 
        {"sofa" : 1,  "begin" : 270,  "end" : 271 }, 
        {"sofa" : 1,  "begin" : 272,  "end" : 280 }, 
        {"sofa" : 1,  "begin" : 281,  "end" : 283 }, 
        {"sofa" : 1,  "begin" : 284,  "end" : 285 }, 
        {"sofa" : 1,  "begin" : 286,  "end" : 292 }, 
        {"sofa" : 1,  "begin" : 293,  "end" : 299 }, 
        {"sofa" : 1,  "begin" : 300,  "end" : 302 }, 
        {"sofa" : 1,  "begin" : 303,  "end" : 306 }, 
        {"sofa" : 1,  "begin" : 307,  "end" : 314 }, 
        {"sofa" : 1,  "begin" : 315,  "end" : 316 }, 
        {"sofa" : 1,  "begin" : 317,  "end" : 321 }, 
        {"sofa" : 1,  "begin" : 322,  "end" : 329 }, 
        {"sofa" : 1,  "begin" : 330,  "end" : 331 }, 
        {"sofa" : 1,  "begin" : 332,  "end" : 335 }, 
        {"sofa" : 1,  "begin" : 336,  "end" : 343 }, 
        {"sofa" : 1,  "begin" : 344,  "end" : 348 }, 
        {"sofa" : 1,  "begin" : 349,  "end" : 351 }, 
        {"sofa" : 1,  "begin" : 352,  "end" : 355 }, 
        {"sofa" : 1,  "begin" : 356,  "end" : 363 }, 
        {"sofa" : 1,  "begin" : 364,  "end" : 367 }, 
        {"sofa" : 1,  "begin" : 368,  "end" : 371 }, 
        {"sofa" : 1,  "begin" : 372,  "end" : 377 }, 
        {"sofa" : 1,  "begin" : 378,  "end" : 380 }, 
        {"sofa" : 1,  "begin" : 381,  "end" : 385 }, 
        {"sofa" : 1,  "begin" : 386,  "end" : 387 }, 
        {"sofa" : 1,  "begin" : 388,  "end" : 391 }, 
        {"sofa" : 1,  "begin" : 392,  "end" : 400 }, 
        {"sofa" : 1,  "begin" : 401,  "end" : 406 }, 
        {"sofa" : 1,  "begin" : 407,  "end" : 408 }, 
        {"sofa" : 1,  "begin" : 409,  "end" : 411 }, 
        {"sofa" : 1,  "begin" : 412,  "end" : 418 }, 
        {"sofa" : 1,  "begin" : 419,  "end" : 424 }, 
        {"sofa" : 1,  "begin" : 425,  "end" : 433 }, 
        {"sofa" : 1,  "begin" : 434,  "end" : 441 }, 
        {"sofa" : 1,  "begin" : 442,  "end" : 448 }, 
        {"sofa" : 1,  "begin" : 449,  "end" : 458 }, 
        {"sofa" : 1,  "begin" : 459,  "end" : 462 }, 
        {"sofa" : 1,  "begin" : 463,  "end" : 467 }, 
        {"sofa" : 1,  "begin" : 468,  "end" : 469 }, 
        {"sofa" : 1,  "begin" : 470,  "end" : 474 }, 
        {"sofa" : 1,  "begin" : 475,  "end" : 478 }, 
        {"sofa" : 1,  "begin" : 479,  "end" : 481 }, 
        {"sofa" : 1,  "begin" : 482,  "end" : 489 }, 
        {"sofa" : 1,  "begin" : 490,  "end" : 492 }, 
        {"sofa" : 1,  "begin" : 493,  "end" : 496 }, 
        {"sofa" : 1,  "begin" : 497,  "end" : 508 }, 
        {"sofa" : 1,  "begin" : 509,  "end" : 515 }, 
        {"sofa" : 1,  "begin" : 516,  "end" : 524 }, 
        {"sofa" : 1,  "begin" : 525,  "end" : 532 }, 
        {"sofa" : 1,  "begin" : 533,  "end" : 534 }, 
        {"sofa" : 1,  "begin" : 535,  "end" : 536 }, 
        {"sofa" : 1,  "begin" : 537,  "end" : 540 }, 
        {"sofa" : 1,  "begin" : 541,  "end" : 546 }, 
        {"sofa" : 1,  "begin" : 547,  "end" : 554 }, 
        {"sofa" : 1,  "begin" : 555,  "end" : 556 }, 
        {"sofa" : 1,  "begin" : 557,  "end" : 563 }, 
        {"sofa" : 1,  "begin" : 564,  "end" : 567 }, 
        {"sofa" : 1,  "begin" : 568,  "end" : 580 }, 
        {"sofa" : 1,  "begin" : 581,  "end" : 582 }, 
        {"sofa" : 1,  "begin" : 583,  "end" : 591 }, 
        {"sofa" : 1,  "begin" : 592,  "end" : 600 }, 
        {"sofa" : 1,  "begin" : 601,  "end" : 604 }, 
        {"sofa" : 1,  "begin" : 605,  "end" : 616 }, 
        {"sofa" : 1,  "begin" : 617,  "end" : 620 }, 
        {"sofa" : 1,  "begin" : 621,  "end" : 635 }, 
        {"sofa" : 1,  "begin" : 636,  "end" : 637 }, 
        {"sofa" : 1,  "begin" : 638,  "end" : 641 }, 
        {"sofa" : 1,  "begin" : 642,  "end" : 654 }, 
        {"sofa" : 1,  "begin" : 655,  "end" : 656 }, 
        {"sofa" : 1,  "begin" : 657,  "end" : 660 }, 
        {"sofa" : 1,  "begin" : 661,  "end" : 669 }, 
        {"sofa" : 1,  "begin" : 670,  "end" : 674 }, 
        {"sofa" : 1,  "begin" : 675,  "end" : 676 }, 
        {"sofa" : 1,  "begin" : 677,  "end" : 680 }, 
        {"sofa" : 1,  "begin" : 681,  "end" : 689 }, 
        {"sofa" : 1,  "begin" : 690,  "end" : 695 }, 
        {"sofa" : 1,  "begin" : 696,  "end" : 697 }, 
        {"sofa" : 1,  "begin" : 698,  "end" : 705 }, 
        {"sofa" : 1,  "begin" : 706,  "end" : 708 }, 
        {"sofa" : 1,  "begin" : 709,  "end" : 716 }, 
        {"sofa" : 1,  "begin" : 717,  "end" : 723 }, 
        {"sofa" : 1,  "begin" : 724,  "end" : 735 }, 
        {"sofa" : 1,  "begin" : 736,  "end" : 739 }, 
        {"sofa" : 1,  "begin" : 740,  "end" : 747 }, 
        {"sofa" : 1,  "begin" : 748,  "end" : 759 }, 
        {"sofa" : 1,  "begin" : 760,  "end" : 771 }, 
        {"sofa" : 1,  "begin" : 772,  "end" : 775 }, 
        {"sofa" : 1,  "begin" : 776,  "end" : 784 }, 
        {"sofa" : 1,  "begin" : 785,  "end" : 789 }, 
        {"sofa" : 1,  "begin" : 790,  "end" : 795 }, 
        {"sofa" : 1,  "begin" : 796,  "end" : 804 }, 
        {"sofa" : 1,  "begin" : 805,  "end" : 811 }, 
        {"sofa" : 1,  "begin" : 812,  "end" : 813 }, 
        {"sofa" : 1,  "begin" : 814,  "end" : 822 }, 
        {"sofa" : 1,  "begin" : 823,  "end" : 825 }, 
        {"sofa" : 1,  "begin" : 826,  "end" : 832 }, 
        {"sofa" : 1,  "begin" : 833,  "end" : 839 }, 
        {"sofa" : 1,  "begin" : 840,  "end" : 843 }, 
        {"sofa" : 1,  "begin" : 844,  "end" : 855 }, 
        {"sofa" : 1,  "begin" : 856,  "end" : 864 }, 
        {"sofa" : 1,  "begin" : 865,  "end" : 866 }, 
        {"sofa" : 1,  "begin" : 867,  "end" : 882 }, 
        {"sofa" : 1,  "begin" : 883,  "end" : 886 }, 
        {"sofa" : 1,  "begin" : 887,  "end" : 896 }, 
        {"sofa" : 1,  "begin" : 897,  "end" : 901 }, 
        {"sofa" : 1,  "begin" : 902,  "end" : 906 }, 
        {"sofa" : 1,  "begin" : 907,  "end" : 913 }, 
        {"sofa" : 1,  "begin" : 914,  "end" : 916 }, 
        {"sofa" : 1,  "begin" : 917,  "end" : 922 }, 
        {"sofa" : 1,  "begin" : 923,  "end" : 925 }, 
        {"sofa" : 1,  "begin" : 926,  "end" : 929 }, 
        {"sofa" : 1,  "begin" : 930,  "end" : 943 }, 
        {"sofa" : 1,  "begin" : 944,  "end" : 950 }, 
        {"sofa" : 1,  "begin" : 951,  "end" : 952 } ], 
      "PartsofCause" : [2208,  2182,  2195 ], 
      "TypesofCause" : [
        {"sofa" : 1,  "begin" : 696,  "end" : 771,  "Dependent" : 2208,  "Governor" : 2182,  "TypesofCause" : "Cause" }, 
        {"sofa" : 1,  "begin" : 776,  "end" : 811,  "Dependent" : 2195,  "Governor" : 2182,  "TypesofCause" : "Effect" } ] } }, 
  "_referenced_fss" : {
    "1" : {"_type" : "Sofa",  "sofaNum" : 1,  "sofaID" : "_InitialView",  "mimeType" : "text",  "sofaString" : "Singapore 's economy shrank by 4.2 percent in the fourth quarter of 2008 , the Ministry of Trade and Industry said Thursday , as it forecast the economy would contract between 2 and 5 percent this year .\nBoats ply under a bridge near the financial district of Singapore .\nCompared to a robust growth of 7.8 percent a year earlier , the economy grew by 1.1 percent for the whole of 2008 , the ministry added .\nIt called Gross Domestic Product growth prospects for 2009 \" weak ...\non account of the pessimistic global economic outlook . \"\nAll major sectors , except for construction , business services and information and communications , saw contractions , the ministry said .\nThe ministry cited a decline in private sector investments and private consumption expenditure for dragging down total domestic demand .\nDeclines in global demand for electronics products , pharmaceuticals and chemicals were also likely to weigh on the manufacturing sector ." }, 
    "2208" : {"_type" : "PartsofCause",  "sofa" : 1,  "begin" : 696,  "end" : 771,  "PartsofCause" : "Argument" }, 
    "2182" : {"_type" : "PartsofCause",  "sofa" : 1,  "begin" : 772,  "end" : 775,  "PartsofCause" : "Causing" }, 
    "2195" : {"_type" : "PartsofCause",  "sofa" : 1,  "begin" : 776,  "end" : 811,  "PartsofCause" : "Argument" }, 
    "2258" : {"_type" : "LayerDefinition",  "name" : "webanno.custom.PartsofCause",  "uiName" : "Parts of Cause" }, 
    "2247" : {"_type" : "LayerDefinition",  "name" : "webanno.custom.DisjointCausalSpans",  "uiName" : "Disjoint Causal Spans" }, 
    "2265" : {"_type" : "LayerDefinition",  "name" : "webanno.custom.TypesofCause",  "uiName" : "Types of Cause" } } }