{"_context" : {
    "_types" : {
      "DocumentMetaData" : {
        "_feature_types" : {"sofa" : "_ref" } }, 
      "FeatureDefinition" : {
        "_feature_types" : {"layer" : "_ref" } }, 
      "LayerDefinition" : { }, 
      "PartsofCause" : {
        "_feature_types" : {"sofa" : "_ref" } }, 
      "Sentence" : {
        "_feature_types" : {"sofa" : "_ref" } }, 
      "Sofa" : {
        "_feature_types" : {"sofaArray" : "_ref" } }, 
      "TagsetDescription" : {
        "_feature_types" : {"sofa" : "_ref",  "tags" : "_ref" } }, 
      "Token" : {
        "_feature_types" : {"sofa" : "_ref",  "parent" : "_ref",  "lemma" : "_ref",  "stem" : "_ref",  "pos" : "_ref",  "morph" : "_ref",  "form" : "_ref" } }, 
      "TypesofCause" : {
        "_feature_types" : {"sofa" : "_ref",  "Dependent" : "_ref",  "Governor" : "_ref" } }, 
      "DocumentAnnotation" : {
        "_feature_types" : {"sofa" : "_ref" }, 
        "_subtypes" : ["DocumentMetaData" ] }, 
      "Annotation" : {
        "_feature_types" : {"sofa" : "_ref" }, 
        "_subtypes" : ["DocumentAnnotation",  "PartsofCause",  "Sentence",  "TagsetDescription",  "Token",  "TypesofCause" ] }, 
      "AnnotationBase" : {
        "_feature_types" : {"sofa" : "_ref" }, 
        "_subtypes" : ["Annotation" ] }, 
      "TOP" : {
        "_subtypes" : ["AnnotationBase",  "FeatureDefinition",  "LayerDefinition",  "Sofa" ] } } }, 
  "_views" : {
    "_InitialView" : {
      "FeatureDefinition" : [
        {"layer" : 1782,  "name" : "referenceRelation",  "uiName" : "Reference Relation" }, 
        {"layer" : 1782,  "name" : "referenceType",  "uiName" : "Reference Type" }, 
        {"layer" : 1793,  "name" : "PartsofCause",  "uiName" : "Parts of Cause" }, 
        {"layer" : 1800,  "name" : "TypesofCause",  "uiName" : "Types of Cause" } ], 
      "LayerDefinition" : [1782,  1793,  1800 ], 
      "DocumentMetaData" : [
        {"sofa" : 1,  "end" : 653,  "language" : "x-unspecified",  "documentTitle" : "cnn-03.txt",  "documentId" : "GJW",  "documentUri" : "file:/srv/inception/repository/project/2/document/2355/source/GJW",  "collectionId" : "file:/srv/inception/repository/project/2/document/2355/source/",  "documentBaseUri" : "file:/srv/inception/repository/project/2/document/2355/source/",  "isLastSegment" : false } ], 
      "TagsetDescription" : [
        {"sofa" : 1,  "layer" : "webanno.custom.PartsofCause",  "name" : "Parts of Cause",  "input" : false }, 
        {"sofa" : 1,  "layer" : "webanno.custom.TypesofCause",  "name" : "Causal Relations",  "input" : false } ], 
      "Sentence" : [
        {"sofa" : 1,  "end" : 150 }, 
        {"sofa" : 1,  "begin" : 151,  "end" : 365 }, 
        {"sofa" : 1,  "begin" : 366,  "end" : 429 }, 
        {"sofa" : 1,  "begin" : 430,  "end" : 510 }, 
        {"sofa" : 1,  "begin" : 511,  "end" : 601 }, 
        {"sofa" : 1,  "begin" : 602,  "end" : 653 } ], 
      "Token" : [
        {"sofa" : 1,  "end" : 5 }, 
        {"sofa" : 1,  "begin" : 6,  "end" : 15 }, 
        {"sofa" : 1,  "begin" : 16,  "end" : 18 }, 
        {"sofa" : 1,  "begin" : 19,  "end" : 28 }, 
        {"sofa" : 1,  "begin" : 29,  "end" : 37 }, 
        {"sofa" : 1,  "begin" : 38,  "end" : 45 }, 
        {"sofa" : 1,  "begin" : 46,  "end" : 49 }, 
        {"sofa" : 1,  "begin" : 50,  "end" : 53 }, 
        {"sofa" : 1,  "begin" : 54,  "end" : 61 }, 
        {"sofa" : 1,  "begin" : 62,  "end" : 70 }, 
        {"sofa" : 1,  "begin" : 71,  "end" : 75 }, 
        {"sofa" : 1,  "begin" : 76,  "end" : 79 }, 
        {"sofa" : 1,  "begin" : 80,  "end" : 84 }, 
        {"sofa" : 1,  "begin" : 85,  "end" : 88 }, 
        {"sofa" : 1,  "begin" : 89,  "end" : 93 }, 
        {"sofa" : 1,  "begin" : 94,  "end" : 100 }, 
        {"sofa" : 1,  "begin" : 101,  "end" : 103 }, 
        {"sofa" : 1,  "begin" : 104,  "end" : 115 }, 
        {"sofa" : 1,  "begin" : 116,  "end" : 117 }, 
        {"sofa" : 1,  "begin" : 118,  "end" : 119 }, 
        {"sofa" : 1,  "begin" : 120,  "end" : 130 }, 
        {"sofa" : 1,  "begin" : 131,  "end" : 139 }, 
        {"sofa" : 1,  "begin" : 140,  "end" : 144 }, 
        {"sofa" : 1,  "begin" : 145,  "end" : 148 }, 
        {"sofa" : 1,  "begin" : 149,  "end" : 150 }, 
        {"sofa" : 1,  "begin" : 151,  "end" : 155 }, 
        {"sofa" : 1,  "begin" : 156,  "end" : 164 }, 
        {"sofa" : 1,  "begin" : 165,  "end" : 166 }, 
        {"sofa" : 1,  "begin" : 167,  "end" : 168 }, 
        {"sofa" : 1,  "begin" : 169,  "end" : 175 }, 
        {"sofa" : 1,  "begin" : 176,  "end" : 186 }, 
        {"sofa" : 1,  "begin" : 187,  "end" : 195 }, 
        {"sofa" : 1,  "begin" : 196,  "end" : 198 }, 
        {"sofa" : 1,  "begin" : 199,  "end" : 210 }, 
        {"sofa" : 1,  "begin" : 211,  "end" : 219 }, 
        {"sofa" : 1,  "begin" : 220,  "end" : 221 }, 
        {"sofa" : 1,  "begin" : 222,  "end" : 226 }, 
        {"sofa" : 1,  "begin" : 227,  "end" : 231 }, 
        {"sofa" : 1,  "begin" : 232,  "end" : 238 }, 
        {"sofa" : 1,  "begin" : 239,  "end" : 245 }, 
        {"sofa" : 1,  "begin" : 246,  "end" : 248 }, 
        {"sofa" : 1,  "begin" : 249,  "end" : 260 }, 
        {"sofa" : 1,  "begin" : 261,  "end" : 267 }, 
        {"sofa" : 1,  "begin" : 268,  "end" : 272 }, 
        {"sofa" : 1,  "begin" : 273,  "end" : 275 }, 
        {"sofa" : 1,  "begin" : 276,  "end" : 277 }, 
        {"sofa" : 1,  "begin" : 278,  "end" : 284 }, 
        {"sofa" : 1,  "begin" : 285,  "end" : 287 }, 
        {"sofa" : 1,  "begin" : 288,  "end" : 292 }, 
        {"sofa" : 1,  "begin" : 293,  "end" : 296 }, 
        {"sofa" : 1,  "begin" : 297,  "end" : 304 }, 
        {"sofa" : 1,  "begin" : 305,  "end" : 307 }, 
        {"sofa" : 1,  "begin" : 308,  "end" : 311 }, 
        {"sofa" : 1,  "begin" : 312,  "end" : 316 }, 
        {"sofa" : 1,  "begin" : 317,  "end" : 319 }, 
        {"sofa" : 1,  "begin" : 320,  "end" : 326 }, 
        {"sofa" : 1,  "begin" : 327,  "end" : 328 }, 
        {"sofa" : 1,  "begin" : 329,  "end" : 330 }, 
        {"sofa" : 1,  "begin" : 331,  "end" : 338 }, 
        {"sofa" : 1,  "begin" : 339,  "end" : 341 }, 
        {"sofa" : 1,  "begin" : 342,  "end" : 345 }, 
        {"sofa" : 1,  "begin" : 346,  "end" : 354 }, 
        {"sofa" : 1,  "begin" : 355,  "end" : 357 }, 
        {"sofa" : 1,  "begin" : 358,  "end" : 363 }, 
        {"sofa" : 1,  "begin" : 364,  "end" : 365 }, 
        {"sofa" : 1,  "begin" : 366,  "end" : 374 }, 
        {"sofa" : 1,  "begin" : 375,  "end" : 379 }, 
        {"sofa" : 1,  "begin" : 380,  "end" : 383 }, 
        {"sofa" : 1,  "begin" : 384,  "end" : 387 }, 
        {"sofa" : 1,  "begin" : 388,  "end" : 395 }, 
        {"sofa" : 1,  "begin" : 396,  "end" : 400 }, 
        {"sofa" : 1,  "begin" : 401,  "end" : 408 }, 
        {"sofa" : 1,  "begin" : 409,  "end" : 415 }, 
        {"sofa" : 1,  "begin" : 416,  "end" : 427 }, 
        {"sofa" : 1,  "begin" : 428,  "end" : 429 }, 
        {"sofa" : 1,  "begin" : 430,  "end" : 432 }, 
        {"sofa" : 1,  "begin" : 433,  "end" : 436 }, 
        {"sofa" : 1,  "begin" : 437,  "end" : 440 }, 
        {"sofa" : 1,  "begin" : 441,  "end" : 448 }, 
        {"sofa" : 1,  "begin" : 449,  "end" : 450 }, 
        {"sofa" : 1,  "begin" : 451,  "end" : 454 }, 
        {"sofa" : 1,  "begin" : 455,  "end" : 458 }, 
        {"sofa" : 1,  "begin" : 459,  "end" : 461 }, 
        {"sofa" : 1,  "begin" : 462,  "end" : 465 }, 
        {"sofa" : 1,  "begin" : 466,  "end" : 469 }, 
        {"sofa" : 1,  "begin" : 470,  "end" : 477 }, 
        {"sofa" : 1,  "begin" : 478,  "end" : 482 }, 
        {"sofa" : 1,  "begin" : 483,  "end" : 492 }, 
        {"sofa" : 1,  "begin" : 493,  "end" : 494 }, 
        {"sofa" : 1,  "begin" : 495,  "end" : 503 }, 
        {"sofa" : 1,  "begin" : 504,  "end" : 508 }, 
        {"sofa" : 1,  "begin" : 509,  "end" : 510 }, 
        {"sofa" : 1,  "begin" : 511,  "end" : 512 }, 
        {"sofa" : 1,  "begin" : 513,  "end" : 514 }, 
        {"sofa" : 1,  "begin" : 515,  "end" : 520 }, 
        {"sofa" : 1,  "begin" : 521,  "end" : 524 }, 
        {"sofa" : 1,  "begin" : 525,  "end" : 532 }, 
        {"sofa" : 1,  "begin" : 533,  "end" : 539 }, 
        {"sofa" : 1,  "begin" : 540,  "end" : 542 }, 
        {"sofa" : 1,  "begin" : 543,  "end" : 547 }, 
        {"sofa" : 1,  "begin" : 548,  "end" : 552 }, 
        {"sofa" : 1,  "begin" : 553,  "end" : 558 }, 
        {"sofa" : 1,  "begin" : 559,  "end" : 564 }, 
        {"sofa" : 1,  "begin" : 565,  "end" : 570 }, 
        {"sofa" : 1,  "begin" : 571,  "end" : 574 }, 
        {"sofa" : 1,  "begin" : 575,  "end" : 581 }, 
        {"sofa" : 1,  "begin" : 582,  "end" : 583 }, 
        {"sofa" : 1,  "begin" : 584,  "end" : 585 }, 
        {"sofa" : 1,  "begin" : 586,  "end" : 594 }, 
        {"sofa" : 1,  "begin" : 595,  "end" : 599 }, 
        {"sofa" : 1,  "begin" : 600,  "end" : 601 }, 
        {"sofa" : 1,  "begin" : 602,  "end" : 612 }, 
        {"sofa" : 1,  "begin" : 613,  "end" : 618 }, 
        {"sofa" : 1,  "begin" : 619,  "end" : 624 }, 
        {"sofa" : 1,  "begin" : 625,  "end" : 636 }, 
        {"sofa" : 1,  "begin" : 637,  "end" : 639 }, 
        {"sofa" : 1,  "begin" : 640,  "end" : 644 }, 
        {"sofa" : 1,  "begin" : 645,  "end" : 651 }, 
        {"sofa" : 1,  "begin" : 652,  "end" : 653 } ], 
      "PartsofCause" : [1673,  1620,  1637,  1735,  1713,  1722 ], 
      "TypesofCause" : [
        {"sofa" : 1,  "end" : 75,  "Dependent" : 1673,  "Governor" : 1620,  "TypesofCause" : "Effect" }, 
        {"sofa" : 1,  "begin" : 80,  "end" : 115,  "Dependent" : 1637,  "Governor" : 1620,  "TypesofCause" : "Cause" }, 
        {"sofa" : 1,  "begin" : 602,  "end" : 624,  "Dependent" : 1735,  "Governor" : 1713,  "TypesofCause" : "Cause" }, 
        {"sofa" : 1,  "begin" : 640,  "end" : 651,  "Dependent" : 1722,  "Governor" : 1713,  "TypesofCause" : "Effect" } ] } }, 
  "_referenced_fss" : {
    "1" : {"_type" : "Sofa",  "sofaNum" : 1,  "sofaID" : "_InitialView",  "mimeType" : "text",  "sofaString" : "Armed militants in southwest Pakistan torched two oil tankers carrying fuel for U.S. and NATO forces in Afghanistan , a government official told CNN .\nAzam Shahwani , a senior government official in Baluchistan province , said four gunmen riding on motorcycles opened fire on a convey of five oil tankers in the area of Mithri , a village in the district of Bolan .\nShahwani said the oil tankers were heading toward Afghanistan .\nNo one was injured , but two of the oil tankers were destroyed , Shahwani said .\n\" I could see roaring flames of fire even three hours after the attack , \" Shahwani said .\nJournalist Nasir Habib contributed to this report ." }, 
    "1673" : {"_type" : "PartsofCause",  "sofa" : 1,  "end" : 75,  "PartsofCause" : "Argument" }, 
    "1620" : {"_type" : "PartsofCause",  "sofa" : 1,  "begin" : 76,  "end" : 79,  "PartsofCause" : "Causing" }, 
    "1637" : {"_type" : "PartsofCause",  "sofa" : 1,  "begin" : 80,  "end" : 115,  "PartsofCause" : "Argument" }, 
    "1735" : {"_type" : "PartsofCause",  "sofa" : 1,  "begin" : 602,  "end" : 624,  "PartsofCause" : "Argument" }, 
    "1713" : {"_type" : "PartsofCause",  "sofa" : 1,  "begin" : 625,  "end" : 639,  "PartsofCause" : "Enabling" }, 
    "1722" : {"_type" : "PartsofCause",  "sofa" : 1,  "begin" : 640,  "end" : 651,  "PartsofCause" : "Argument" }, 
    "1782" : {"_type" : "LayerDefinition",  "name" : "webanno.custom.DisjointCausalSpans",  "uiName" : "Disjoint Causal Spans" }, 
    "1793" : {"_type" : "LayerDefinition",  "name" : "webanno.custom.PartsofCause",  "uiName" : "Parts of Cause" }, 
    "1800" : {"_type" : "LayerDefinition",  "name" : "webanno.custom.TypesofCause",  "uiName" : "Types of Cause" } } }