{"_context" : {
    "_types" : {
      "DocumentMetaData" : {
        "_feature_types" : {"sofa" : "_ref" } }, 
      "FeatureDefinition" : {
        "_feature_types" : {"layer" : "_ref" } }, 
      "LayerDefinition" : { }, 
      "PartsofCause" : {
        "_feature_types" : {"sofa" : "_ref" } }, 
      "Sentence" : {
        "_feature_types" : {"sofa" : "_ref" } }, 
      "Sofa" : {
        "_feature_types" : {"sofaArray" : "_ref" } }, 
      "TagsetDescription" : {
        "_feature_types" : {"sofa" : "_ref",  "tags" : "_ref" } }, 
      "Token" : {
        "_feature_types" : {"sofa" : "_ref",  "parent" : "_ref",  "lemma" : "_ref",  "stem" : "_ref",  "pos" : "_ref",  "morph" : "_ref",  "form" : "_ref" } }, 
      "TypesofCause" : {
        "_feature_types" : {"sofa" : "_ref",  "Dependent" : "_ref",  "Governor" : "_ref" } }, 
      "DocumentAnnotation" : {
        "_feature_types" : {"sofa" : "_ref" }, 
        "_subtypes" : ["DocumentMetaData" ] }, 
      "Annotation" : {
        "_feature_types" : {"sofa" : "_ref" }, 
        "_subtypes" : ["DocumentAnnotation",  "PartsofCause",  "Sentence",  "TagsetDescription",  "Token",  "TypesofCause" ] }, 
      "AnnotationBase" : {
        "_feature_types" : {"sofa" : "_ref" }, 
        "_subtypes" : ["Annotation" ] }, 
      "TOP" : {
        "_subtypes" : ["AnnotationBase",  "FeatureDefinition",  "LayerDefinition",  "Sofa" ] } } }, 
  "_views" : {
    "_InitialView" : {
      "FeatureDefinition" : [
        {"layer" : 1834,  "name" : "referenceRelation",  "uiName" : "Reference Relation" }, 
        {"layer" : 1834,  "name" : "referenceType",  "uiName" : "Reference Type" }, 
        {"layer" : 1845,  "name" : "PartsofCause",  "uiName" : "Parts of Cause" }, 
        {"layer" : 1852,  "name" : "TypesofCause",  "uiName" : "Types of Cause" } ], 
      "LayerDefinition" : [1834,  1845,  1852 ], 
      "DocumentMetaData" : [
        {"sofa" : 1,  "end" : 528,  "language" : "x-unspecified",  "documentTitle" : "reddit-022.txt",  "documentId" : "GJW",  "documentUri" : "file:/srv/inception/repository/project/2/document/2424/source/GJW",  "collectionId" : "file:/srv/inception/repository/project/2/document/2424/source/",  "documentBaseUri" : "file:/srv/inception/repository/project/2/document/2424/source/",  "isLastSegment" : false } ], 
      "TagsetDescription" : [
        {"sofa" : 1,  "layer" : "webanno.custom.PartsofCause",  "name" : "Parts of Cause",  "input" : false }, 
        {"sofa" : 1,  "layer" : "webanno.custom.TypesofCause",  "name" : "Causal Relations",  "input" : false } ], 
      "Sentence" : [
        {"sofa" : 1,  "end" : 93 }, 
        {"sofa" : 1,  "begin" : 94,  "end" : 199 }, 
        {"sofa" : 1,  "begin" : 200,  "end" : 370 }, 
        {"sofa" : 1,  "begin" : 371,  "end" : 430 }, 
        {"sofa" : 1,  "begin" : 431,  "end" : 528 } ], 
      "Token" : [
        {"sofa" : 1,  "end" : 1 }, 
        {"sofa" : 1,  "begin" : 2,  "end" : 4 }, 
        {"sofa" : 1,  "begin" : 5,  "end" : 7 }, 
        {"sofa" : 1,  "begin" : 8,  "end" : 10 }, 
        {"sofa" : 1,  "begin" : 11,  "end" : 20 }, 
        {"sofa" : 1,  "begin" : 21,  "end" : 25 }, 
        {"sofa" : 1,  "begin" : 26,  "end" : 29 }, 
        {"sofa" : 1,  "begin" : 30,  "end" : 31 }, 
        {"sofa" : 1,  "begin" : 32,  "end" : 34 }, 
        {"sofa" : 1,  "begin" : 35,  "end" : 41 }, 
        {"sofa" : 1,  "begin" : 42,  "end" : 46 }, 
        {"sofa" : 1,  "begin" : 47,  "end" : 55 }, 
        {"sofa" : 1,  "begin" : 56,  "end" : 59 }, 
        {"sofa" : 1,  "begin" : 60,  "end" : 62 }, 
        {"sofa" : 1,  "begin" : 63,  "end" : 68 }, 
        {"sofa" : 1,  "begin" : 69,  "end" : 74 }, 
        {"sofa" : 1,  "begin" : 75,  "end" : 79 }, 
        {"sofa" : 1,  "begin" : 80,  "end" : 82 }, 
        {"sofa" : 1,  "begin" : 83,  "end" : 88 }, 
        {"sofa" : 1,  "begin" : 89,  "end" : 91 }, 
        {"sofa" : 1,  "begin" : 92,  "end" : 93 }, 
        {"sofa" : 1,  "begin" : 94,  "end" : 95 }, 
        {"sofa" : 1,  "begin" : 96,  "end" : 100 }, 
        {"sofa" : 1,  "begin" : 101,  "end" : 102 }, 
        {"sofa" : 1,  "begin" : 103,  "end" : 109 }, 
        {"sofa" : 1,  "begin" : 110,  "end" : 114 }, 
        {"sofa" : 1,  "begin" : 115,  "end" : 121 }, 
        {"sofa" : 1,  "begin" : 122,  "end" : 125 }, 
        {"sofa" : 1,  "begin" : 126,  "end" : 133 }, 
        {"sofa" : 1,  "begin" : 134,  "end" : 135 }, 
        {"sofa" : 1,  "begin" : 136,  "end" : 138 }, 
        {"sofa" : 1,  "begin" : 139,  "end" : 142 }, 
        {"sofa" : 1,  "begin" : 143,  "end" : 147 }, 
        {"sofa" : 1,  "begin" : 148,  "end" : 150 }, 
        {"sofa" : 1,  "begin" : 151,  "end" : 154 }, 
        {"sofa" : 1,  "begin" : 155,  "end" : 156 }, 
        {"sofa" : 1,  "begin" : 157,  "end" : 164 }, 
        {"sofa" : 1,  "begin" : 165,  "end" : 169 }, 
        {"sofa" : 1,  "begin" : 170,  "end" : 173 }, 
        {"sofa" : 1,  "begin" : 174,  "end" : 177 }, 
        {"sofa" : 1,  "begin" : 178,  "end" : 181 }, 
        {"sofa" : 1,  "begin" : 182,  "end" : 186 }, 
        {"sofa" : 1,  "begin" : 187,  "end" : 189 }, 
        {"sofa" : 1,  "begin" : 190,  "end" : 192 }, 
        {"sofa" : 1,  "begin" : 193,  "end" : 197 }, 
        {"sofa" : 1,  "begin" : 198,  "end" : 199 }, 
        {"sofa" : 1,  "begin" : 200,  "end" : 204 }, 
        {"sofa" : 1,  "begin" : 205,  "end" : 215 }, 
        {"sofa" : 1,  "begin" : 216,  "end" : 218 }, 
        {"sofa" : 1,  "begin" : 219,  "end" : 223 }, 
        {"sofa" : 1,  "begin" : 224,  "end" : 225 }, 
        {"sofa" : 1,  "begin" : 226,  "end" : 229 }, 
        {"sofa" : 1,  "begin" : 230,  "end" : 231 }, 
        {"sofa" : 1,  "begin" : 232,  "end" : 238 }, 
        {"sofa" : 1,  "begin" : 239,  "end" : 243 }, 
        {"sofa" : 1,  "begin" : 244,  "end" : 245 }, 
        {"sofa" : 1,  "begin" : 246,  "end" : 253 }, 
        {"sofa" : 1,  "begin" : 254,  "end" : 255 }, 
        {"sofa" : 1,  "begin" : 256,  "end" : 262 }, 
        {"sofa" : 1,  "begin" : 263,  "end" : 271 }, 
        {"sofa" : 1,  "begin" : 272,  "end" : 279 }, 
        {"sofa" : 1,  "begin" : 280,  "end" : 284 }, 
        {"sofa" : 1,  "begin" : 285,  "end" : 292 }, 
        {"sofa" : 1,  "begin" : 293,  "end" : 299 }, 
        {"sofa" : 1,  "begin" : 300,  "end" : 302 }, 
        {"sofa" : 1,  "begin" : 303,  "end" : 311 }, 
        {"sofa" : 1,  "begin" : 312,  "end" : 313 }, 
        {"sofa" : 1,  "begin" : 314,  "end" : 317 }, 
        {"sofa" : 1,  "begin" : 318,  "end" : 319 }, 
        {"sofa" : 1,  "begin" : 320,  "end" : 321 }, 
        {"sofa" : 1,  "begin" : 322,  "end" : 329 }, 
        {"sofa" : 1,  "begin" : 330,  "end" : 336 }, 
        {"sofa" : 1,  "begin" : 337,  "end" : 338 }, 
        {"sofa" : 1,  "begin" : 339,  "end" : 345 }, 
        {"sofa" : 1,  "begin" : 346,  "end" : 347 }, 
        {"sofa" : 1,  "begin" : 348,  "end" : 361 }, 
        {"sofa" : 1,  "begin" : 362,  "end" : 368 }, 
        {"sofa" : 1,  "begin" : 369,  "end" : 370 }, 
        {"sofa" : 1,  "begin" : 371,  "end" : 373 }, 
        {"sofa" : 1,  "begin" : 374,  "end" : 377 }, 
        {"sofa" : 1,  "begin" : 378,  "end" : 381 }, 
        {"sofa" : 1,  "begin" : 382,  "end" : 385 }, 
        {"sofa" : 1,  "begin" : 386,  "end" : 390 }, 
        {"sofa" : 1,  "begin" : 391,  "end" : 400 }, 
        {"sofa" : 1,  "begin" : 401,  "end" : 403 }, 
        {"sofa" : 1,  "begin" : 404,  "end" : 407 }, 
        {"sofa" : 1,  "begin" : 408,  "end" : 416 }, 
        {"sofa" : 1,  "begin" : 417,  "end" : 420 }, 
        {"sofa" : 1,  "begin" : 421,  "end" : 423 }, 
        {"sofa" : 1,  "begin" : 424,  "end" : 428 }, 
        {"sofa" : 1,  "begin" : 429,  "end" : 430 }, 
        {"sofa" : 1,  "begin" : 431,  "end" : 432 }, 
        {"sofa" : 1,  "begin" : 433,  "end" : 435 }, 
        {"sofa" : 1,  "begin" : 436,  "end" : 443 }, 
        {"sofa" : 1,  "begin" : 444,  "end" : 445 }, 
        {"sofa" : 1,  "begin" : 446,  "end" : 451 }, 
        {"sofa" : 1,  "begin" : 452,  "end" : 455 }, 
        {"sofa" : 1,  "begin" : 456,  "end" : 459 }, 
        {"sofa" : 1,  "begin" : 460,  "end" : 464 }, 
        {"sofa" : 1,  "begin" : 465,  "end" : 467 }, 
        {"sofa" : 1,  "begin" : 468,  "end" : 472 }, 
        {"sofa" : 1,  "begin" : 473,  "end" : 477 }, 
        {"sofa" : 1,  "begin" : 478,  "end" : 480 }, 
        {"sofa" : 1,  "begin" : 481,  "end" : 482 }, 
        {"sofa" : 1,  "begin" : 483,  "end" : 489 }, 
        {"sofa" : 1,  "begin" : 490,  "end" : 495 }, 
        {"sofa" : 1,  "begin" : 496,  "end" : 498 }, 
        {"sofa" : 1,  "begin" : 499,  "end" : 502 }, 
        {"sofa" : 1,  "begin" : 503,  "end" : 507 }, 
        {"sofa" : 1,  "begin" : 508,  "end" : 510 }, 
        {"sofa" : 1,  "begin" : 511,  "end" : 515 }, 
        {"sofa" : 1,  "begin" : 516,  "end" : 520 }, 
        {"sofa" : 1,  "begin" : 521,  "end" : 526 }, 
        {"sofa" : 1,  "begin" : 527,  "end" : 528 } ], 
      "PartsofCause" : [1530,  1564,  1539,  1637,  1607,  1620,  1680,  1689,  1698,  1769,  1782,  1795 ], 
      "TypesofCause" : [
        {"sofa" : 1,  "begin" : 30,  "end" : 59,  "Dependent" : 1530,  "Governor" : 1564,  "TypesofCause" : "Effect" }, 
        {"sofa" : 1,  "begin" : 63,  "end" : 91,  "Dependent" : 1539,  "Governor" : 1564,  "TypesofCause" : "Cause" }, 
        {"sofa" : 1,  "begin" : 94,  "end" : 125,  "Dependent" : 1637,  "Governor" : 1607,  "TypesofCause" : "Effect" }, 
        {"sofa" : 1,  "begin" : 134,  "end" : 197,  "Dependent" : 1620,  "Governor" : 1607,  "TypesofCause" : "Cause" }, 
        {"sofa" : 1,  "begin" : 481,  "end" : 495,  "Dependent" : 1680,  "Governor" : 1689,  "TypesofCause" : "Cause" }, 
        {"sofa" : 1,  "begin" : 499,  "end" : 526,  "Dependent" : 1698,  "Governor" : 1689,  "TypesofCause" : "Effect" }, 
        {"sofa" : 1,  "begin" : 499,  "end" : 507,  "Dependent" : 1769,  "Governor" : 1782,  "TypesofCause" : "Effect" }, 
        {"sofa" : 1,  "begin" : 511,  "end" : 526,  "Dependent" : 1795,  "Governor" : 1782,  "TypesofCause" : "Cause" } ] } }, 
  "_referenced_fss" : {
    "1" : {"_type" : "Sofa",  "sofaNum" : 1,  "sofaID" : "_InitialView",  "mimeType" : "text",  "sofaString" : "I ’m in my sophomore year and I ’m taking next semester off to think about what to major in .\nI need a really good paying job because I do not want to get a MINIMUM wage job for the rest of my life !\nWhat interestes me most : art , social work , nursing ( having problems getting into program though so unlikely I can ) , graphic design , health , environmental health .\nAs you can see ALOT interests me but choosing ONE is hard .\nI ’m getting a minor too but have no idea what ’s a better field to get into to make good money ." }, 
    "1530" : {"_type" : "PartsofCause",  "sofa" : 1,  "begin" : 30,  "end" : 59,  "PartsofCause" : "Argument" }, 
    "1564" : {"_type" : "PartsofCause",  "sofa" : 1,  "begin" : 60,  "end" : 62,  "PartsofCause" : "Causing" }, 
    "1539" : {"_type" : "PartsofCause",  "sofa" : 1,  "begin" : 63,  "end" : 91,  "PartsofCause" : "Argument" }, 
    "1637" : {"_type" : "PartsofCause",  "sofa" : 1,  "begin" : 94,  "end" : 125,  "PartsofCause" : "Argument" }, 
    "1607" : {"_type" : "PartsofCause",  "sofa" : 1,  "begin" : 126,  "end" : 133,  "PartsofCause" : "Causing" }, 
    "1620" : {"_type" : "PartsofCause",  "sofa" : 1,  "begin" : 134,  "end" : 197,  "PartsofCause" : "Argument" }, 
    "1680" : {"_type" : "PartsofCause",  "sofa" : 1,  "begin" : 481,  "end" : 495,  "PartsofCause" : "Argument" }, 
    "1689" : {"_type" : "PartsofCause",  "sofa" : 1,  "begin" : 496,  "end" : 498,  "PartsofCause" : "Enabling" }, 
    "1698" : {"_type" : "PartsofCause",  "sofa" : 1,  "begin" : 499,  "end" : 526 }, 
    "1769" : {"_type" : "PartsofCause",  "sofa" : 1,  "begin" : 499,  "end" : 507,  "PartsofCause" : "Argument" }, 
    "1782" : {"_type" : "PartsofCause",  "sofa" : 1,  "begin" : 508,  "end" : 510,  "PartsofCause" : "Causing" }, 
    "1795" : {"_type" : "PartsofCause",  "sofa" : 1,  "begin" : 511,  "end" : 526,  "PartsofCause" : "Argument" }, 
    "1845" : {"_type" : "LayerDefinition",  "name" : "webanno.custom.PartsofCause",  "uiName" : "Parts of Cause" }, 
    "1834" : {"_type" : "LayerDefinition",  "name" : "webanno.custom.DisjointCausalSpans",  "uiName" : "Disjoint Causal Spans" }, 
    "1852" : {"_type" : "LayerDefinition",  "name" : "webanno.custom.TypesofCause",  "uiName" : "Types of Cause" } } }