{"_context" : {
    "_types" : {
      "DocumentMetaData" : {
        "_feature_types" : {"sofa" : "_ref" } }, 
      "FeatureDefinition" : {
        "_feature_types" : {"layer" : "_ref" } }, 
      "LayerDefinition" : { }, 
      "PartsofCause" : {
        "_feature_types" : {"sofa" : "_ref" } }, 
      "Sentence" : {
        "_feature_types" : {"sofa" : "_ref" } }, 
      "Sofa" : {
        "_feature_types" : {"sofaArray" : "_ref" } }, 
      "TagsetDescription" : {
        "_feature_types" : {"sofa" : "_ref",  "tags" : "_ref" } }, 
      "Token" : {
        "_feature_types" : {"sofa" : "_ref",  "parent" : "_ref",  "lemma" : "_ref",  "stem" : "_ref",  "pos" : "_ref",  "morph" : "_ref",  "form" : "_ref" } }, 
      "TypesofCause" : {
        "_feature_types" : {"sofa" : "_ref",  "Dependent" : "_ref",  "Governor" : "_ref" } }, 
      "DocumentAnnotation" : {
        "_feature_types" : {"sofa" : "_ref" }, 
        "_subtypes" : ["DocumentMetaData" ] }, 
      "Annotation" : {
        "_feature_types" : {"sofa" : "_ref" }, 
        "_subtypes" : ["DocumentAnnotation",  "PartsofCause",  "Sentence",  "TagsetDescription",  "Token",  "TypesofCause" ] }, 
      "AnnotationBase" : {
        "_feature_types" : {"sofa" : "_ref" }, 
        "_subtypes" : ["Annotation" ] }, 
      "TOP" : {
        "_subtypes" : ["AnnotationBase",  "FeatureDefinition",  "LayerDefinition",  "Sofa" ] } } }, 
  "_views" : {
    "_InitialView" : {
      "FeatureDefinition" : [
        {"layer" : 2935,  "name" : "referenceRelation",  "uiName" : "Reference Relation" }, 
        {"layer" : 2935,  "name" : "referenceType",  "uiName" : "Reference Type" }, 
        {"layer" : 2946,  "name" : "PartsofCause",  "uiName" : "Parts of Cause" }, 
        {"layer" : 2953,  "name" : "TypesofCause",  "uiName" : "Types of Cause" } ], 
      "LayerDefinition" : [2935,  2946,  2953 ], 
      "DocumentMetaData" : [
        {"sofa" : 1,  "end" : 1091,  "language" : "x-unspecified",  "documentTitle" : "cnn-01.txt",  "documentId" : "GJW",  "documentUri" : "file:/srv/inception/repository/project/2/document/2353/source/GJW",  "collectionId" : "file:/srv/inception/repository/project/2/document/2353/source/",  "documentBaseUri" : "file:/srv/inception/repository/project/2/document/2353/source/",  "isLastSegment" : false } ], 
      "TagsetDescription" : [
        {"sofa" : 1,  "layer" : "webanno.custom.PartsofCause",  "name" : "Parts of Cause",  "input" : false }, 
        {"sofa" : 1,  "layer" : "webanno.custom.TypesofCause",  "name" : "Causal Relations",  "input" : false } ], 
      "Sentence" : [
        {"sofa" : 1,  "end" : 75 }, 
        {"sofa" : 1,  "begin" : 76,  "end" : 183 }, 
        {"sofa" : 1,  "begin" : 184,  "end" : 309 }, 
        {"sofa" : 1,  "begin" : 310,  "end" : 402 }, 
        {"sofa" : 1,  "begin" : 403,  "end" : 489 }, 
        {"sofa" : 1,  "begin" : 490,  "end" : 656 }, 
        {"sofa" : 1,  "begin" : 657,  "end" : 784 }, 
        {"sofa" : 1,  "begin" : 785,  "end" : 917 }, 
        {"sofa" : 1,  "begin" : 918,  "end" : 1025 }, 
        {"sofa" : 1,  "begin" : 1026,  "end" : 1091 } ], 
      "Token" : [
        {"sofa" : 1,  "end" : 3 }, 
        {"sofa" : 1,  "begin" : 4,  "end" : 9 }, 
        {"sofa" : 1,  "begin" : 10,  "end" : 12 }, 
        {"sofa" : 1,  "begin" : 13,  "end" : 16 }, 
        {"sofa" : 1,  "begin" : 17,  "end" : 24 }, 
        {"sofa" : 1,  "begin" : 25,  "end" : 32 }, 
        {"sofa" : 1,  "begin" : 33,  "end" : 37 }, 
        {"sofa" : 1,  "begin" : 38,  "end" : 40 }, 
        {"sofa" : 1,  "begin" : 41,  "end" : 50 }, 
        {"sofa" : 1,  "begin" : 51,  "end" : 59 }, 
        {"sofa" : 1,  "begin" : 60,  "end" : 63 }, 
        {"sofa" : 1,  "begin" : 64,  "end" : 68 }, 
        {"sofa" : 1,  "begin" : 69,  "end" : 73 }, 
        {"sofa" : 1,  "begin" : 74,  "end" : 75 }, 
        {"sofa" : 1,  "begin" : 76,  "end" : 80 }, 
        {"sofa" : 1,  "begin" : 81,  "end" : 88 }, 
        {"sofa" : 1,  "begin" : 89,  "end" : 98 }, 
        {"sofa" : 1,  "begin" : 99,  "end" : 101 }, 
        {"sofa" : 1,  "begin" : 102,  "end" : 108 }, 
        {"sofa" : 1,  "begin" : 109,  "end" : 116 }, 
        {"sofa" : 1,  "begin" : 117,  "end" : 120 }, 
        {"sofa" : 1,  "begin" : 121,  "end" : 127 }, 
        {"sofa" : 1,  "begin" : 128,  "end" : 129 }, 
        {"sofa" : 1,  "begin" : 130,  "end" : 134 }, 
        {"sofa" : 1,  "begin" : 135,  "end" : 140 }, 
        {"sofa" : 1,  "begin" : 141,  "end" : 145 }, 
        {"sofa" : 1,  "begin" : 146,  "end" : 153 }, 
        {"sofa" : 1,  "begin" : 154,  "end" : 157 }, 
        {"sofa" : 1,  "begin" : 158,  "end" : 161 }, 
        {"sofa" : 1,  "begin" : 162,  "end" : 170 }, 
        {"sofa" : 1,  "begin" : 171,  "end" : 181 }, 
        {"sofa" : 1,  "begin" : 182,  "end" : 183 }, 
        {"sofa" : 1,  "begin" : 184,  "end" : 187 }, 
        {"sofa" : 1,  "begin" : 188,  "end" : 192 }, 
        {"sofa" : 1,  "begin" : 193,  "end" : 200 }, 
        {"sofa" : 1,  "begin" : 201,  "end" : 210 }, 
        {"sofa" : 1,  "begin" : 211,  "end" : 213 }, 
        {"sofa" : 1,  "begin" : 214,  "end" : 220 }, 
        {"sofa" : 1,  "begin" : 221,  "end" : 226 }, 
        {"sofa" : 1,  "begin" : 227,  "end" : 234 }, 
        {"sofa" : 1,  "begin" : 235,  "end" : 238 }, 
        {"sofa" : 1,  "begin" : 239,  "end" : 245 }, 
        {"sofa" : 1,  "begin" : 246,  "end" : 247 }, 
        {"sofa" : 1,  "begin" : 248,  "end" : 252 }, 
        {"sofa" : 1,  "begin" : 253,  "end" : 258 }, 
        {"sofa" : 1,  "begin" : 259,  "end" : 266 }, 
        {"sofa" : 1,  "begin" : 267,  "end" : 271 }, 
        {"sofa" : 1,  "begin" : 272,  "end" : 279 }, 
        {"sofa" : 1,  "begin" : 280,  "end" : 283 }, 
        {"sofa" : 1,  "begin" : 284,  "end" : 287 }, 
        {"sofa" : 1,  "begin" : 288,  "end" : 296 }, 
        {"sofa" : 1,  "begin" : 297,  "end" : 307 }, 
        {"sofa" : 1,  "begin" : 308,  "end" : 309 }, 
        {"sofa" : 1,  "begin" : 310,  "end" : 312 }, 
        {"sofa" : 1,  "begin" : 313,  "end" : 320 }, 
        {"sofa" : 1,  "begin" : 321,  "end" : 322 }, 
        {"sofa" : 1,  "begin" : 323,  "end" : 334 }, 
        {"sofa" : 1,  "begin" : 335,  "end" : 341 }, 
        {"sofa" : 1,  "begin" : 342,  "end" : 345 }, 
        {"sofa" : 1,  "begin" : 346,  "end" : 351 }, 
        {"sofa" : 1,  "begin" : 352,  "end" : 354 }, 
        {"sofa" : 1,  "begin" : 355,  "end" : 361 }, 
        {"sofa" : 1,  "begin" : 362,  "end" : 364 }, 
        {"sofa" : 1,  "begin" : 365,  "end" : 370 }, 
        {"sofa" : 1,  "begin" : 371,  "end" : 374 }, 
        {"sofa" : 1,  "begin" : 375,  "end" : 381 }, 
        {"sofa" : 1,  "begin" : 382,  "end" : 385 }, 
        {"sofa" : 1,  "begin" : 386,  "end" : 390 }, 
        {"sofa" : 1,  "begin" : 391,  "end" : 400 }, 
        {"sofa" : 1,  "begin" : 401,  "end" : 402 }, 
        {"sofa" : 1,  "begin" : 403,  "end" : 412 }, 
        {"sofa" : 1,  "begin" : 413,  "end" : 419 }, 
        {"sofa" : 1,  "begin" : 420,  "end" : 428 }, 
        {"sofa" : 1,  "begin" : 429,  "end" : 432 }, 
        {"sofa" : 1,  "begin" : 433,  "end" : 439 }, 
        {"sofa" : 1,  "begin" : 440,  "end" : 442 }, 
        {"sofa" : 1,  "begin" : 443,  "end" : 447 }, 
        {"sofa" : 1,  "begin" : 448,  "end" : 455 }, 
        {"sofa" : 1,  "begin" : 456,  "end" : 461 }, 
        {"sofa" : 1,  "begin" : 462,  "end" : 463 }, 
        {"sofa" : 1,  "begin" : 464,  "end" : 467 }, 
        {"sofa" : 1,  "begin" : 468,  "end" : 475 }, 
        {"sofa" : 1,  "begin" : 476,  "end" : 482 }, 
        {"sofa" : 1,  "begin" : 483,  "end" : 487 }, 
        {"sofa" : 1,  "begin" : 488,  "end" : 489 }, 
        {"sofa" : 1,  "begin" : 490,  "end" : 499 }, 
        {"sofa" : 1,  "begin" : 500,  "end" : 504 }, 
        {"sofa" : 1,  "begin" : 505,  "end" : 512 }, 
        {"sofa" : 1,  "begin" : 513,  "end" : 520 }, 
        {"sofa" : 1,  "begin" : 521,  "end" : 522 }, 
        {"sofa" : 1,  "begin" : 523,  "end" : 529 }, 
        {"sofa" : 1,  "begin" : 530,  "end" : 532 }, 
        {"sofa" : 1,  "begin" : 533,  "end" : 540 }, 
        {"sofa" : 1,  "begin" : 541,  "end" : 543 }, 
        {"sofa" : 1,  "begin" : 544,  "end" : 553 }, 
        {"sofa" : 1,  "begin" : 554,  "end" : 557 }, 
        {"sofa" : 1,  "begin" : 558,  "end" : 561 }, 
        {"sofa" : 1,  "begin" : 562,  "end" : 567 }, 
        {"sofa" : 1,  "begin" : 568,  "end" : 569 }, 
        {"sofa" : 1,  "begin" : 570,  "end" : 572 }, 
        {"sofa" : 1,  "begin" : 573,  "end" : 574 }, 
        {"sofa" : 1,  "begin" : 575,  "end" : 579 }, 
        {"sofa" : 1,  "begin" : 580,  "end" : 586 }, 
        {"sofa" : 1,  "begin" : 587,  "end" : 595 }, 
        {"sofa" : 1,  "begin" : 596,  "end" : 599 }, 
        {"sofa" : 1,  "begin" : 600,  "end" : 601 }, 
        {"sofa" : 1,  "begin" : 602,  "end" : 606 }, 
        {"sofa" : 1,  "begin" : 607,  "end" : 609 }, 
        {"sofa" : 1,  "begin" : 610,  "end" : 617 }, 
        {"sofa" : 1,  "begin" : 618,  "end" : 628 }, 
        {"sofa" : 1,  "begin" : 629,  "end" : 636 }, 
        {"sofa" : 1,  "begin" : 637,  "end" : 638 }, 
        {"sofa" : 1,  "begin" : 639,  "end" : 640 }, 
        {"sofa" : 1,  "begin" : 641,  "end" : 647 }, 
        {"sofa" : 1,  "begin" : 648,  "end" : 652 }, 
        {"sofa" : 1,  "begin" : 653,  "end" : 654 }, 
        {"sofa" : 1,  "begin" : 655,  "end" : 656 }, 
        {"sofa" : 1,  "begin" : 657,  "end" : 660 }, 
        {"sofa" : 1,  "begin" : 661,  "end" : 667 }, 
        {"sofa" : 1,  "begin" : 668,  "end" : 671 }, 
        {"sofa" : 1,  "begin" : 672,  "end" : 676 }, 
        {"sofa" : 1,  "begin" : 677,  "end" : 681 }, 
        {"sofa" : 1,  "begin" : 682,  "end" : 685 }, 
        {"sofa" : 1,  "begin" : 686,  "end" : 692 }, 
        {"sofa" : 1,  "begin" : 693,  "end" : 699 }, 
        {"sofa" : 1,  "begin" : 700,  "end" : 704 }, 
        {"sofa" : 1,  "begin" : 705,  "end" : 709 }, 
        {"sofa" : 1,  "begin" : 710,  "end" : 711 }, 
        {"sofa" : 1,  "begin" : 712,  "end" : 715 }, 
        {"sofa" : 1,  "begin" : 716,  "end" : 725 }, 
        {"sofa" : 1,  "begin" : 726,  "end" : 731 }, 
        {"sofa" : 1,  "begin" : 732,  "end" : 735 }, 
        {"sofa" : 1,  "begin" : 736,  "end" : 739 }, 
        {"sofa" : 1,  "begin" : 740,  "end" : 752 }, 
        {"sofa" : 1,  "begin" : 753,  "end" : 758 }, 
        {"sofa" : 1,  "begin" : 759,  "end" : 761 }, 
        {"sofa" : 1,  "begin" : 762,  "end" : 765 }, 
        {"sofa" : 1,  "begin" : 766,  "end" : 770 }, 
        {"sofa" : 1,  "begin" : 771,  "end" : 777 }, 
        {"sofa" : 1,  "begin" : 778,  "end" : 782 }, 
        {"sofa" : 1,  "begin" : 783,  "end" : 784 }, 
        {"sofa" : 1,  "begin" : 785,  "end" : 788 }, 
        {"sofa" : 1,  "begin" : 789,  "end" : 795 }, 
        {"sofa" : 1,  "begin" : 796,  "end" : 800 }, 
        {"sofa" : 1,  "begin" : 801,  "end" : 808 }, 
        {"sofa" : 1,  "begin" : 809,  "end" : 815 }, 
        {"sofa" : 1,  "begin" : 816,  "end" : 821 }, 
        {"sofa" : 1,  "begin" : 822,  "end" : 828 }, 
        {"sofa" : 1,  "begin" : 829,  "end" : 833 }, 
        {"sofa" : 1,  "begin" : 834,  "end" : 837 }, 
        {"sofa" : 1,  "begin" : 838,  "end" : 841 }, 
        {"sofa" : 1,  "begin" : 842,  "end" : 849 }, 
        {"sofa" : 1,  "begin" : 850,  "end" : 854 }, 
        {"sofa" : 1,  "begin" : 855,  "end" : 861 }, 
        {"sofa" : 1,  "begin" : 862,  "end" : 864 }, 
        {"sofa" : 1,  "begin" : 865,  "end" : 870 }, 
        {"sofa" : 1,  "begin" : 871,  "end" : 878 }, 
        {"sofa" : 1,  "begin" : 879,  "end" : 889 }, 
        {"sofa" : 1,  "begin" : 890,  "end" : 891 }, 
        {"sofa" : 1,  "begin" : 892,  "end" : 895 }, 
        {"sofa" : 1,  "begin" : 896,  "end" : 903 }, 
        {"sofa" : 1,  "begin" : 904,  "end" : 910 }, 
        {"sofa" : 1,  "begin" : 911,  "end" : 915 }, 
        {"sofa" : 1,  "begin" : 916,  "end" : 917 }, 
        {"sofa" : 1,  "begin" : 918,  "end" : 921 }, 
        {"sofa" : 1,  "begin" : 922,  "end" : 931 }, 
        {"sofa" : 1,  "begin" : 932,  "end" : 936 }, 
        {"sofa" : 1,  "begin" : 937,  "end" : 942 }, 
        {"sofa" : 1,  "begin" : 943,  "end" : 949 }, 
        {"sofa" : 1,  "begin" : 950,  "end" : 957 }, 
        {"sofa" : 1,  "begin" : 958,  "end" : 962 }, 
        {"sofa" : 1,  "begin" : 963,  "end" : 968 }, 
        {"sofa" : 1,  "begin" : 969,  "end" : 970 }, 
        {"sofa" : 1,  "begin" : 971,  "end" : 981 }, 
        {"sofa" : 1,  "begin" : 982,  "end" : 986 }, 
        {"sofa" : 1,  "begin" : 987,  "end" : 988 }, 
        {"sofa" : 1,  "begin" : 989,  "end" : 992 }, 
        {"sofa" : 1,  "begin" : 993,  "end" : 999 }, 
        {"sofa" : 1,  "begin" : 1000,  "end" : 1004 }, 
        {"sofa" : 1,  "begin" : 1005,  "end" : 1007 }, 
        {"sofa" : 1,  "begin" : 1008,  "end" : 1009 }, 
        {"sofa" : 1,  "begin" : 1010,  "end" : 1015 }, 
        {"sofa" : 1,  "begin" : 1016,  "end" : 1023 }, 
        {"sofa" : 1,  "begin" : 1024,  "end" : 1025 }, 
        {"sofa" : 1,  "begin" : 1026,  "end" : 1028 }, 
        {"sofa" : 1,  "begin" : 1029,  "end" : 1035 }, 
        {"sofa" : 1,  "begin" : 1036,  "end" : 1039 }, 
        {"sofa" : 1,  "begin" : 1040,  "end" : 1045 }, 
        {"sofa" : 1,  "begin" : 1046,  "end" : 1053 }, 
        {"sofa" : 1,  "begin" : 1054,  "end" : 1055 }, 
        {"sofa" : 1,  "begin" : 1056,  "end" : 1057 }, 
        {"sofa" : 1,  "begin" : 1058,  "end" : 1065 }, 
        {"sofa" : 1,  "begin" : 1066,  "end" : 1069 }, 
        {"sofa" : 1,  "begin" : 1070,  "end" : 1076 }, 
        {"sofa" : 1,  "begin" : 1077,  "end" : 1079 }, 
        {"sofa" : 1,  "begin" : 1080,  "end" : 1081 }, 
        {"sofa" : 1,  "begin" : 1082,  "end" : 1087 }, 
        {"sofa" : 1,  "begin" : 1088,  "end" : 1089 }, 
        {"sofa" : 1,  "begin" : 1090,  "end" : 1091 } ], 
      "PartsofCause" : [2660,  2669,  2682,  2741,  2754,  2767,  2831,  2822,  2848 ], 
      "TypesofCause" : [
        {"sofa" : 1,  "begin" : 81,  "end" : 127,  "Dependent" : 2669,  "Governor" : 2660,  "TypesofCause" : "Cause" }, 
        {"sofa" : 1,  "begin" : 130,  "end" : 181,  "Dependent" : 2682,  "Governor" : 2660,  "TypesofCause" : "Effect" }, 
        {"sofa" : 1,  "begin" : 193,  "end" : 245,  "Dependent" : 2754,  "Governor" : 2741,  "TypesofCause" : "Cause" }, 
        {"sofa" : 1,  "begin" : 248,  "end" : 307,  "Dependent" : 2767,  "Governor" : 2741,  "TypesofCause" : "Effect" }, 
        {"sofa" : 1,  "begin" : 918,  "end" : 949,  "Dependent" : 2831,  "Governor" : 2822,  "TypesofCause" : "Effect" }, 
        {"sofa" : 1,  "begin" : 958,  "end" : 986,  "Dependent" : 2848,  "Governor" : 2822,  "TypesofCause" : "Cause" } ] } }, 
  "_referenced_fss" : {
    "1" : {"_type" : "Sofa",  "sofaNum" : 1,  "sofaID" : "_InitialView",  "mimeType" : "text",  "sofaString" : "The label on the package claimed that it contained T-shirts and baby toys .\nWhen customs officials in Sydney scanned the parcel , they found five pythons and two venomous tarantulas .\nBut when customs officials in Sydney X-ray scanned the parcel , they found instead five pythons and two venomous tarantulas .\nOn Tuesday , authorities raided the house in Sydney to which the parcel had been addressed .\nOfficials seized evidence but expect to file charges later , the customs agency said .\nImporting live animals without a permit is illegal in Australia and can yield a 10 - year prison sentence and a fine of 110,000 Australian dollars ( $ 92,000 U.S. ) .\nThe parcel was sent from the United States last week , but officials would not say specifically where it had been mailed from .\nThe snakes were wrapped within white calico bags and the spiders were packed in clear plastic containers , the customs agency said .\nThe creatures were later killed because they posed a quarantine risk , the agency said in a press release .\nIt titled the press release : \" Spiders and snakes on a plane . \"" }, 
    "2669" : {"_type" : "PartsofCause",  "sofa" : 1,  "begin" : 81,  "end" : 127,  "PartsofCause" : "Argument" }, 
    "2660" : {"_type" : "PartsofCause",  "sofa" : 1,  "begin" : 76,  "end" : 80,  "PartsofCause" : "Enabling" }, 
    "2682" : {"_type" : "PartsofCause",  "sofa" : 1,  "begin" : 130,  "end" : 181,  "PartsofCause" : "Argument" }, 
    "2754" : {"_type" : "PartsofCause",  "sofa" : 1,  "begin" : 193,  "end" : 245,  "PartsofCause" : "Argument" }, 
    "2741" : {"_type" : "PartsofCause",  "sofa" : 1,  "begin" : 188,  "end" : 192,  "PartsofCause" : "Enabling" }, 
    "2767" : {"_type" : "PartsofCause",  "sofa" : 1,  "begin" : 248,  "end" : 307,  "PartsofCause" : "Argument" }, 
    "2831" : {"_type" : "PartsofCause",  "sofa" : 1,  "begin" : 918,  "end" : 949,  "PartsofCause" : "Argument" }, 
    "2822" : {"_type" : "PartsofCause",  "sofa" : 1,  "begin" : 950,  "end" : 957,  "PartsofCause" : "Causing" }, 
    "2848" : {"_type" : "PartsofCause",  "sofa" : 1,  "begin" : 958,  "end" : 986,  "PartsofCause" : "Argument" }, 
    "2935" : {"_type" : "LayerDefinition",  "name" : "webanno.custom.DisjointCausalSpans",  "uiName" : "Disjoint Causal Spans" }, 
    "2953" : {"_type" : "LayerDefinition",  "name" : "webanno.custom.TypesofCause",  "uiName" : "Types of Cause" }, 
    "2946" : {"_type" : "LayerDefinition",  "name" : "webanno.custom.PartsofCause",  "uiName" : "Parts of Cause" } } }