{"_context" : {
    "_types" : {
      "DocumentMetaData" : {
        "_feature_types" : {"sofa" : "_ref" } }, 
      "FeatureDefinition" : {
        "_feature_types" : {"layer" : "_ref" } }, 
      "LayerDefinition" : { }, 
      "PartsofCause" : {
        "_feature_types" : {"sofa" : "_ref" } }, 
      "Sentence" : {
        "_feature_types" : {"sofa" : "_ref" } }, 
      "Sofa" : {
        "_feature_types" : {"sofaArray" : "_ref" } }, 
      "TagsetDescription" : {
        "_feature_types" : {"sofa" : "_ref",  "tags" : "_ref" } }, 
      "Token" : {
        "_feature_types" : {"sofa" : "_ref",  "parent" : "_ref",  "lemma" : "_ref",  "stem" : "_ref",  "pos" : "_ref",  "morph" : "_ref",  "form" : "_ref" } }, 
      "TypesofCause" : {
        "_feature_types" : {"sofa" : "_ref",  "Dependent" : "_ref",  "Governor" : "_ref" } }, 
      "DocumentAnnotation" : {
        "_feature_types" : {"sofa" : "_ref" }, 
        "_subtypes" : ["DocumentMetaData" ] }, 
      "Annotation" : {
        "_feature_types" : {"sofa" : "_ref" }, 
        "_subtypes" : ["DocumentAnnotation",  "PartsofCause",  "Sentence",  "TagsetDescription",  "Token",  "TypesofCause" ] }, 
      "AnnotationBase" : {
        "_feature_types" : {"sofa" : "_ref" }, 
        "_subtypes" : ["Annotation" ] }, 
      "TOP" : {
        "_subtypes" : ["AnnotationBase",  "FeatureDefinition",  "LayerDefinition",  "Sofa" ] } } }, 
  "_views" : {
    "_InitialView" : {
      "FeatureDefinition" : [
        {"layer" : 1511,  "name" : "referenceRelation",  "uiName" : "Reference Relation" }, 
        {"layer" : 1511,  "name" : "referenceType",  "uiName" : "Reference Type" }, 
        {"layer" : 1522,  "name" : "PartsofCause",  "uiName" : "Parts of Cause" }, 
        {"layer" : 1529,  "name" : "TypesofCause",  "uiName" : "Types of Cause" } ], 
      "LayerDefinition" : [1511,  1522,  1529 ], 
      "DocumentMetaData" : [
        {"sofa" : 1,  "end" : 559,  "language" : "x-unspecified",  "documentTitle" : "cnn-24.txt",  "documentId" : "AYC",  "documentUri" : "file:/srv/inception/repository/project/2/document/2376/source/AYC",  "collectionId" : "file:/srv/inception/repository/project/2/document/2376/source/",  "documentBaseUri" : "file:/srv/inception/repository/project/2/document/2376/source/",  "isLastSegment" : false } ], 
      "TagsetDescription" : [
        {"sofa" : 1,  "layer" : "webanno.custom.PartsofCause",  "name" : "Parts of Cause",  "input" : false }, 
        {"sofa" : 1,  "layer" : "webanno.custom.TypesofCause",  "name" : "Causal Relations",  "input" : false } ], 
      "Sentence" : [
        {"sofa" : 1,  "end" : 136 }, 
        {"sofa" : 1,  "begin" : 137,  "end" : 314 }, 
        {"sofa" : 1,  "begin" : 315,  "end" : 393 }, 
        {"sofa" : 1,  "begin" : 394,  "end" : 482 }, 
        {"sofa" : 1,  "begin" : 483,  "end" : 559 } ], 
      "Token" : [
        {"sofa" : 1,  "end" : 8 }, 
        {"sofa" : 1,  "begin" : 9,  "end" : 15 }, 
        {"sofa" : 1,  "begin" : 16,  "end" : 24 }, 
        {"sofa" : 1,  "begin" : 25,  "end" : 30 }, 
        {"sofa" : 1,  "begin" : 31,  "end" : 38 }, 
        {"sofa" : 1,  "begin" : 39,  "end" : 41 }, 
        {"sofa" : 1,  "begin" : 42,  "end" : 43 }, 
        {"sofa" : 1,  "begin" : 44,  "end" : 49 }, 
        {"sofa" : 1,  "begin" : 50,  "end" : 56 }, 
        {"sofa" : 1,  "begin" : 57,  "end" : 59 }, 
        {"sofa" : 1,  "begin" : 60,  "end" : 62 }, 
        {"sofa" : 1,  "begin" : 63,  "end" : 68 }, 
        {"sofa" : 1,  "begin" : 69,  "end" : 71 }, 
        {"sofa" : 1,  "begin" : 72,  "end" : 78 }, 
        {"sofa" : 1,  "begin" : 79,  "end" : 81 }, 
        {"sofa" : 1,  "begin" : 82,  "end" : 83 }, 
        {"sofa" : 1,  "begin" : 84,  "end" : 91 }, 
        {"sofa" : 1,  "begin" : 92,  "end" : 99 }, 
        {"sofa" : 1,  "begin" : 100,  "end" : 102 }, 
        {"sofa" : 1,  "begin" : 103,  "end" : 108 }, 
        {"sofa" : 1,  "begin" : 109,  "end" : 115 }, 
        {"sofa" : 1,  "begin" : 116,  "end" : 117 }, 
        {"sofa" : 1,  "begin" : 118,  "end" : 129 }, 
        {"sofa" : 1,  "begin" : 130,  "end" : 134 }, 
        {"sofa" : 1,  "begin" : 135,  "end" : 136 }, 
        {"sofa" : 1,  "begin" : 137,  "end" : 138 }, 
        {"sofa" : 1,  "begin" : 139,  "end" : 141 }, 
        {"sofa" : 1,  "begin" : 142,  "end" : 146 }, 
        {"sofa" : 1,  "begin" : 147,  "end" : 153 }, 
        {"sofa" : 1,  "begin" : 154,  "end" : 156 }, 
        {"sofa" : 1,  "begin" : 157,  "end" : 158 }, 
        {"sofa" : 1,  "begin" : 159,  "end" : 166 }, 
        {"sofa" : 1,  "begin" : 167,  "end" : 178 }, 
        {"sofa" : 1,  "begin" : 179,  "end" : 182 }, 
        {"sofa" : 1,  "begin" : 183,  "end" : 190 }, 
        {"sofa" : 1,  "begin" : 191,  "end" : 201 }, 
        {"sofa" : 1,  "begin" : 202,  "end" : 204 }, 
        {"sofa" : 1,  "begin" : 205,  "end" : 207 }, 
        {"sofa" : 1,  "begin" : 208,  "end" : 213 }, 
        {"sofa" : 1,  "begin" : 214,  "end" : 215 }, 
        {"sofa" : 1,  "begin" : 216,  "end" : 222 }, 
        {"sofa" : 1,  "begin" : 223,  "end" : 232 }, 
        {"sofa" : 1,  "begin" : 233,  "end" : 239 }, 
        {"sofa" : 1,  "begin" : 240,  "end" : 249 }, 
        {"sofa" : 1,  "begin" : 250,  "end" : 252 }, 
        {"sofa" : 1,  "begin" : 253,  "end" : 258 }, 
        {"sofa" : 1,  "begin" : 259,  "end" : 260 }, 
        {"sofa" : 1,  "begin" : 261,  "end" : 262 }, 
        {"sofa" : 1,  "begin" : 263,  "end" : 266 }, 
        {"sofa" : 1,  "begin" : 267,  "end" : 274 }, 
        {"sofa" : 1,  "begin" : 275,  "end" : 283 }, 
        {"sofa" : 1,  "begin" : 284,  "end" : 292 }, 
        {"sofa" : 1,  "begin" : 293,  "end" : 297 }, 
        {"sofa" : 1,  "begin" : 298,  "end" : 300 }, 
        {"sofa" : 1,  "begin" : 301,  "end" : 302 }, 
        {"sofa" : 1,  "begin" : 303,  "end" : 312 }, 
        {"sofa" : 1,  "begin" : 313,  "end" : 314 }, 
        {"sofa" : 1,  "begin" : 315,  "end" : 318 }, 
        {"sofa" : 1,  "begin" : 319,  "end" : 327 }, 
        {"sofa" : 1,  "begin" : 328,  "end" : 332 }, 
        {"sofa" : 1,  "begin" : 333,  "end" : 341 }, 
        {"sofa" : 1,  "begin" : 342,  "end" : 344 }, 
        {"sofa" : 1,  "begin" : 345,  "end" : 350 }, 
        {"sofa" : 1,  "begin" : 351,  "end" : 352 }, 
        {"sofa" : 1,  "begin" : 353,  "end" : 354 }, 
        {"sofa" : 1,  "begin" : 355,  "end" : 362 }, 
        {"sofa" : 1,  "begin" : 363,  "end" : 370 }, 
        {"sofa" : 1,  "begin" : 371,  "end" : 375 }, 
        {"sofa" : 1,  "begin" : 376,  "end" : 383 }, 
        {"sofa" : 1,  "begin" : 384,  "end" : 391 }, 
        {"sofa" : 1,  "begin" : 392,  "end" : 393 }, 
        {"sofa" : 1,  "begin" : 394,  "end" : 405 }, 
        {"sofa" : 1,  "begin" : 406,  "end" : 410 }, 
        {"sofa" : 1,  "begin" : 411,  "end" : 414 }, 
        {"sofa" : 1,  "begin" : 415,  "end" : 422 }, 
        {"sofa" : 1,  "begin" : 423,  "end" : 426 }, 
        {"sofa" : 1,  "begin" : 427,  "end" : 432 }, 
        {"sofa" : 1,  "begin" : 433,  "end" : 435 }, 
        {"sofa" : 1,  "begin" : 436,  "end" : 441 }, 
        {"sofa" : 1,  "begin" : 442,  "end" : 445 }, 
        {"sofa" : 1,  "begin" : 446,  "end" : 449 }, 
        {"sofa" : 1,  "begin" : 450,  "end" : 456 }, 
        {"sofa" : 1,  "begin" : 457,  "end" : 465 }, 
        {"sofa" : 1,  "begin" : 466,  "end" : 470 }, 
        {"sofa" : 1,  "begin" : 471,  "end" : 473 }, 
        {"sofa" : 1,  "begin" : 474,  "end" : 480 }, 
        {"sofa" : 1,  "begin" : 481,  "end" : 482 }, 
        {"sofa" : 1,  "begin" : 483,  "end" : 485 }, 
        {"sofa" : 1,  "begin" : 486,  "end" : 495 }, 
        {"sofa" : 1,  "begin" : 496,  "end" : 497 }, 
        {"sofa" : 1,  "begin" : 498,  "end" : 505 }, 
        {"sofa" : 1,  "begin" : 506,  "end" : 509 }, 
        {"sofa" : 1,  "begin" : 510,  "end" : 514 }, 
        {"sofa" : 1,  "begin" : 515,  "end" : 518 }, 
        {"sofa" : 1,  "begin" : 519,  "end" : 529 }, 
        {"sofa" : 1,  "begin" : 530,  "end" : 532 }, 
        {"sofa" : 1,  "begin" : 533,  "end" : 538 }, 
        {"sofa" : 1,  "begin" : 539,  "end" : 541 }, 
        {"sofa" : 1,  "begin" : 542,  "end" : 547 }, 
        {"sofa" : 1,  "begin" : 548,  "end" : 557 }, 
        {"sofa" : 1,  "begin" : 558,  "end" : 559 } ], 
      "PartsofCause" : [1374,  1361,  1395,  1464,  1438,  1451 ], 
      "TypesofCause" : [
        {"sofa" : 1,  "begin" : 157,  "end" : 166,  "Dependent" : 1374,  "Governor" : 1361,  "TypesofCause" : "Cause" }, 
        {"sofa" : 1,  "begin" : 183,  "end" : 258,  "Dependent" : 1395,  "Governor" : 1361,  "TypesofCause" : "Effect" }, 
        {"sofa" : 1,  "begin" : 483,  "end" : 514,  "Dependent" : 1464,  "Governor" : 1438,  "TypesofCause" : "Effect" }, 
        {"sofa" : 1,  "begin" : 519,  "end" : 557,  "Dependent" : 1451,  "Governor" : 1438,  "TypesofCause" : "Cause" } ] } }, 
  "_referenced_fss" : {
    "1" : {"_type" : "Sofa",  "sofaNum" : 1,  "sofaID" : "_InitialView",  "mimeType" : "text",  "sofaString" : "Security forces arrested eight members of a group linked to al Qaeda on Friday in a Spanish enclave in North Africa , authorities said .\n\" We have broken up a network responsible for sending combatants to al Qaeda - linked terrorist groups operating in Syria , \" the Spanish Interior Ministry said in a statement .\nThe suspects were captured in Ceuta , a Spanish enclave that borders Morocco .\nAuthorities said the network was based in Ceuta and the nearby Moroccan city of Fnideq .\nIt recruited , trained and paid for terrorists to fight in other countries ." }, 
    "1374" : {"_type" : "PartsofCause",  "sofa" : 1,  "begin" : 157,  "end" : 166,  "PartsofCause" : "Argument" }, 
    "1361" : {"_type" : "PartsofCause",  "sofa" : 1,  "begin" : 167,  "end" : 182,  "PartsofCause" : "Causing" }, 
    "1395" : {"_type" : "PartsofCause",  "sofa" : 1,  "begin" : 183,  "end" : 258,  "PartsofCause" : "Argument" }, 
    "1464" : {"_type" : "PartsofCause",  "sofa" : 1,  "begin" : 483,  "end" : 514,  "PartsofCause" : "Argument" }, 
    "1438" : {"_type" : "PartsofCause",  "sofa" : 1,  "begin" : 515,  "end" : 518,  "PartsofCause" : "Causing" }, 
    "1451" : {"_type" : "PartsofCause",  "sofa" : 1,  "begin" : 519,  "end" : 557,  "PartsofCause" : "Argument" }, 
    "1529" : {"_type" : "LayerDefinition",  "name" : "webanno.custom.TypesofCause",  "uiName" : "Types of Cause" }, 
    "1511" : {"_type" : "LayerDefinition",  "name" : "webanno.custom.DisjointCausalSpans",  "uiName" : "Disjoint Causal Spans" }, 
    "1522" : {"_type" : "LayerDefinition",  "name" : "webanno.custom.PartsofCause",  "uiName" : "Parts of Cause" } } }