{"_context" : {
    "_types" : {
      "DocumentMetaData" : {
        "_feature_types" : {"sofa" : "_ref" } }, 
      "FeatureDefinition" : {
        "_feature_types" : {"layer" : "_ref" } }, 
      "LayerDefinition" : { }, 
      "PartsofCause" : {
        "_feature_types" : {"sofa" : "_ref" } }, 
      "Sentence" : {
        "_feature_types" : {"sofa" : "_ref" } }, 
      "Sofa" : {
        "_feature_types" : {"sofaArray" : "_ref" } }, 
      "TagsetDescription" : {
        "_feature_types" : {"sofa" : "_ref",  "tags" : "_ref" } }, 
      "Token" : {
        "_feature_types" : {"sofa" : "_ref",  "parent" : "_ref",  "lemma" : "_ref",  "stem" : "_ref",  "pos" : "_ref",  "morph" : "_ref",  "form" : "_ref" } }, 
      "TypesofCause" : {
        "_feature_types" : {"sofa" : "_ref",  "Dependent" : "_ref",  "Governor" : "_ref" } }, 
      "DocumentAnnotation" : {
        "_feature_types" : {"sofa" : "_ref" }, 
        "_subtypes" : ["DocumentMetaData" ] }, 
      "Annotation" : {
        "_feature_types" : {"sofa" : "_ref" }, 
        "_subtypes" : ["DocumentAnnotation",  "PartsofCause",  "Sentence",  "TagsetDescription",  "Token",  "TypesofCause" ] }, 
      "AnnotationBase" : {
        "_feature_types" : {"sofa" : "_ref" }, 
        "_subtypes" : ["Annotation" ] }, 
      "TOP" : {
        "_subtypes" : ["AnnotationBase",  "FeatureDefinition",  "LayerDefinition",  "Sofa" ] } } }, 
  "_views" : {
    "_InitialView" : {
      "FeatureDefinition" : [
        {"layer" : 2318,  "name" : "referenceRelation",  "uiName" : "Reference Relation" }, 
        {"layer" : 2318,  "name" : "referenceType",  "uiName" : "Reference Type" }, 
        {"layer" : 2329,  "name" : "PartsofCause",  "uiName" : "Parts of Cause" }, 
        {"layer" : 2336,  "name" : "TypesofCause",  "uiName" : "Types of Cause" } ], 
      "LayerDefinition" : [2318,  2329,  2336 ], 
      "DocumentMetaData" : [
        {"sofa" : 1,  "end" : 924,  "language" : "x-unspecified",  "documentTitle" : "cnn-26.txt",  "documentId" : "GJW",  "documentUri" : "file:/srv/inception/repository/project/2/document/2378/source/GJW",  "collectionId" : "file:/srv/inception/repository/project/2/document/2378/source/",  "documentBaseUri" : "file:/srv/inception/repository/project/2/document/2378/source/",  "isLastSegment" : false } ], 
      "TagsetDescription" : [
        {"sofa" : 1,  "layer" : "webanno.custom.PartsofCause",  "name" : "Parts of Cause",  "input" : false }, 
        {"sofa" : 1,  "layer" : "webanno.custom.TypesofCause",  "name" : "Causal Relations",  "input" : false } ], 
      "Sentence" : [
        {"sofa" : 1,  "end" : 128 }, 
        {"sofa" : 1,  "begin" : 129,  "end" : 295 }, 
        {"sofa" : 1,  "begin" : 296,  "end" : 326 }, 
        {"sofa" : 1,  "begin" : 327,  "end" : 402 }, 
        {"sofa" : 1,  "begin" : 403,  "end" : 628 }, 
        {"sofa" : 1,  "begin" : 629,  "end" : 801 }, 
        {"sofa" : 1,  "begin" : 802,  "end" : 848 }, 
        {"sofa" : 1,  "begin" : 849,  "end" : 924 } ], 
      "Token" : [
        {"sofa" : 1,  "end" : 5 }, 
        {"sofa" : 1,  "begin" : 6,  "end" : 8 }, 
        {"sofa" : 1,  "begin" : 9,  "end" : 17 }, 
        {"sofa" : 1,  "begin" : 18,  "end" : 28 }, 
        {"sofa" : 1,  "begin" : 29,  "end" : 38 }, 
        {"sofa" : 1,  "begin" : 39,  "end" : 41 }, 
        {"sofa" : 1,  "begin" : 42,  "end" : 45 }, 
        {"sofa" : 1,  "begin" : 46,  "end" : 49 }, 
        {"sofa" : 1,  "begin" : 50,  "end" : 55 }, 
        {"sofa" : 1,  "begin" : 56,  "end" : 60 }, 
        {"sofa" : 1,  "begin" : 61,  "end" : 63 }, 
        {"sofa" : 1,  "begin" : 64,  "end" : 65 }, 
        {"sofa" : 1,  "begin" : 66,  "end" : 70 }, 
        {"sofa" : 1,  "begin" : 71,  "end" : 72 }, 
        {"sofa" : 1,  "begin" : 73,  "end" : 79 }, 
        {"sofa" : 1,  "begin" : 80,  "end" : 88 }, 
        {"sofa" : 1,  "begin" : 89,  "end" : 91 }, 
        {"sofa" : 1,  "begin" : 92,  "end" : 97 }, 
        {"sofa" : 1,  "begin" : 98,  "end" : 105 }, 
        {"sofa" : 1,  "begin" : 106,  "end" : 112 }, 
        {"sofa" : 1,  "begin" : 113,  "end" : 118 }, 
        {"sofa" : 1,  "begin" : 119,  "end" : 126 }, 
        {"sofa" : 1,  "begin" : 127,  "end" : 128 }, 
        {"sofa" : 1,  "begin" : 129,  "end" : 134 }, 
        {"sofa" : 1,  "begin" : 135,  "end" : 137 }, 
        {"sofa" : 1,  "begin" : 138,  "end" : 141 }, 
        {"sofa" : 1,  "begin" : 142,  "end" : 147 }, 
        {"sofa" : 1,  "begin" : 148,  "end" : 152 }, 
        {"sofa" : 1,  "begin" : 153,  "end" : 154 }, 
        {"sofa" : 1,  "begin" : 155,  "end" : 158 }, 
        {"sofa" : 1,  "begin" : 159,  "end" : 164 }, 
        {"sofa" : 1,  "begin" : 165,  "end" : 168 }, 
        {"sofa" : 1,  "begin" : 169,  "end" : 176 }, 
        {"sofa" : 1,  "begin" : 177,  "end" : 184 }, 
        {"sofa" : 1,  "begin" : 185,  "end" : 189 }, 
        {"sofa" : 1,  "begin" : 190,  "end" : 195 }, 
        {"sofa" : 1,  "begin" : 196,  "end" : 201 }, 
        {"sofa" : 1,  "begin" : 202,  "end" : 207 }, 
        {"sofa" : 1,  "begin" : 208,  "end" : 215 }, 
        {"sofa" : 1,  "begin" : 216,  "end" : 219 }, 
        {"sofa" : 1,  "begin" : 220,  "end" : 225 }, 
        {"sofa" : 1,  "begin" : 226,  "end" : 232 }, 
        {"sofa" : 1,  "begin" : 233,  "end" : 242 }, 
        {"sofa" : 1,  "begin" : 243,  "end" : 244 }, 
        {"sofa" : 1,  "begin" : 245,  "end" : 249 }, 
        {"sofa" : 1,  "begin" : 250,  "end" : 256 }, 
        {"sofa" : 1,  "begin" : 257,  "end" : 264 }, 
        {"sofa" : 1,  "begin" : 265,  "end" : 274 }, 
        {"sofa" : 1,  "begin" : 275,  "end" : 281 }, 
        {"sofa" : 1,  "begin" : 282,  "end" : 288 }, 
        {"sofa" : 1,  "begin" : 289,  "end" : 293 }, 
        {"sofa" : 1,  "begin" : 294,  "end" : 295 }, 
        {"sofa" : 1,  "begin" : 296,  "end" : 299 }, 
        {"sofa" : 1,  "begin" : 300,  "end" : 306 }, 
        {"sofa" : 1,  "begin" : 307,  "end" : 311 }, 
        {"sofa" : 1,  "begin" : 312,  "end" : 314 }, 
        {"sofa" : 1,  "begin" : 315,  "end" : 324 }, 
        {"sofa" : 1,  "begin" : 325,  "end" : 326 }, 
        {"sofa" : 1,  "begin" : 327,  "end" : 330 }, 
        {"sofa" : 1,  "begin" : 331,  "end" : 337 }, 
        {"sofa" : 1,  "begin" : 338,  "end" : 345 }, 
        {"sofa" : 1,  "begin" : 346,  "end" : 353 }, 
        {"sofa" : 1,  "begin" : 354,  "end" : 356 }, 
        {"sofa" : 1,  "begin" : 357,  "end" : 361 }, 
        {"sofa" : 1,  "begin" : 362,  "end" : 365 }, 
        {"sofa" : 1,  "begin" : 366,  "end" : 375 }, 
        {"sofa" : 1,  "begin" : 376,  "end" : 378 }, 
        {"sofa" : 1,  "begin" : 379,  "end" : 384 }, 
        {"sofa" : 1,  "begin" : 385,  "end" : 392 }, 
        {"sofa" : 1,  "begin" : 393,  "end" : 400 }, 
        {"sofa" : 1,  "begin" : 401,  "end" : 402 }, 
        {"sofa" : 1,  "begin" : 403,  "end" : 406 }, 
        {"sofa" : 1,  "begin" : 407,  "end" : 412 }, 
        {"sofa" : 1,  "begin" : 413,  "end" : 420 }, 
        {"sofa" : 1,  "begin" : 421,  "end" : 428 }, 
        {"sofa" : 1,  "begin" : 429,  "end" : 431 }, 
        {"sofa" : 1,  "begin" : 432,  "end" : 442 }, 
        {"sofa" : 1,  "begin" : 443,  "end" : 452 }, 
        {"sofa" : 1,  "begin" : 453,  "end" : 455 }, 
        {"sofa" : 1,  "begin" : 456,  "end" : 458 }, 
        {"sofa" : 1,  "begin" : 459,  "end" : 464 }, 
        {"sofa" : 1,  "begin" : 465,  "end" : 471 }, 
        {"sofa" : 1,  "begin" : 472,  "end" : 476 }, 
        {"sofa" : 1,  "begin" : 477,  "end" : 480 }, 
        {"sofa" : 1,  "begin" : 481,  "end" : 488 }, 
        {"sofa" : 1,  "begin" : 489,  "end" : 494 }, 
        {"sofa" : 1,  "begin" : 495,  "end" : 499 }, 
        {"sofa" : 1,  "begin" : 500,  "end" : 510 }, 
        {"sofa" : 1,  "begin" : 511,  "end" : 513 }, 
        {"sofa" : 1,  "begin" : 514,  "end" : 517 }, 
        {"sofa" : 1,  "begin" : 518,  "end" : 521 }, 
        {"sofa" : 1,  "begin" : 522,  "end" : 524 }, 
        {"sofa" : 1,  "begin" : 525,  "end" : 528 }, 
        {"sofa" : 1,  "begin" : 529,  "end" : 533 }, 
        {"sofa" : 1,  "begin" : 534,  "end" : 542 }, 
        {"sofa" : 1,  "begin" : 543,  "end" : 546 }, 
        {"sofa" : 1,  "begin" : 547,  "end" : 554 }, 
        {"sofa" : 1,  "begin" : 555,  "end" : 557 }, 
        {"sofa" : 1,  "begin" : 558,  "end" : 561 }, 
        {"sofa" : 1,  "begin" : 562,  "end" : 570 }, 
        {"sofa" : 1,  "begin" : 571,  "end" : 579 }, 
        {"sofa" : 1,  "begin" : 580,  "end" : 581 }, 
        {"sofa" : 1,  "begin" : 582,  "end" : 588 }, 
        {"sofa" : 1,  "begin" : 589,  "end" : 600 }, 
        {"sofa" : 1,  "begin" : 601,  "end" : 608 }, 
        {"sofa" : 1,  "begin" : 609,  "end" : 614 }, 
        {"sofa" : 1,  "begin" : 615,  "end" : 621 }, 
        {"sofa" : 1,  "begin" : 622,  "end" : 626 }, 
        {"sofa" : 1,  "begin" : 627,  "end" : 628 }, 
        {"sofa" : 1,  "begin" : 629,  "end" : 637 }, 
        {"sofa" : 1,  "begin" : 638,  "end" : 641 }, 
        {"sofa" : 1,  "begin" : 642,  "end" : 646 }, 
        {"sofa" : 1,  "begin" : 647,  "end" : 653 }, 
        {"sofa" : 1,  "begin" : 654,  "end" : 659 }, 
        {"sofa" : 1,  "begin" : 660,  "end" : 666 }, 
        {"sofa" : 1,  "begin" : 667,  "end" : 669 }, 
        {"sofa" : 1,  "begin" : 670,  "end" : 671 }, 
        {"sofa" : 1,  "begin" : 672,  "end" : 678 }, 
        {"sofa" : 1,  "begin" : 679,  "end" : 686 }, 
        {"sofa" : 1,  "begin" : 687,  "end" : 688 }, 
        {"sofa" : 1,  "begin" : 689,  "end" : 691 }, 
        {"sofa" : 1,  "begin" : 692,  "end" : 699 }, 
        {"sofa" : 1,  "begin" : 700,  "end" : 705 }, 
        {"sofa" : 1,  "begin" : 706,  "end" : 712 }, 
        {"sofa" : 1,  "begin" : 713,  "end" : 717 }, 
        {"sofa" : 1,  "begin" : 718,  "end" : 721 }, 
        {"sofa" : 1,  "begin" : 722,  "end" : 728 }, 
        {"sofa" : 1,  "begin" : 729,  "end" : 737 }, 
        {"sofa" : 1,  "begin" : 738,  "end" : 744 }, 
        {"sofa" : 1,  "begin" : 745,  "end" : 746 }, 
        {"sofa" : 1,  "begin" : 747,  "end" : 751 }, 
        {"sofa" : 1,  "begin" : 752,  "end" : 756 }, 
        {"sofa" : 1,  "begin" : 757,  "end" : 762 }, 
        {"sofa" : 1,  "begin" : 763,  "end" : 766 }, 
        {"sofa" : 1,  "begin" : 767,  "end" : 777 }, 
        {"sofa" : 1,  "begin" : 778,  "end" : 779 }, 
        {"sofa" : 1,  "begin" : 780,  "end" : 789 }, 
        {"sofa" : 1,  "begin" : 790,  "end" : 792 }, 
        {"sofa" : 1,  "begin" : 793,  "end" : 799 }, 
        {"sofa" : 1,  "begin" : 800,  "end" : 801 }, 
        {"sofa" : 1,  "begin" : 802,  "end" : 804 }, 
        {"sofa" : 1,  "begin" : 805,  "end" : 813 }, 
        {"sofa" : 1,  "begin" : 814,  "end" : 816 }, 
        {"sofa" : 1,  "begin" : 817,  "end" : 827 }, 
        {"sofa" : 1,  "begin" : 828,  "end" : 832 }, 
        {"sofa" : 1,  "begin" : 833,  "end" : 837 }, 
        {"sofa" : 1,  "begin" : 838,  "end" : 846 }, 
        {"sofa" : 1,  "begin" : 847,  "end" : 848 }, 
        {"sofa" : 1,  "begin" : 849,  "end" : 854 }, 
        {"sofa" : 1,  "begin" : 855,  "end" : 862 }, 
        {"sofa" : 1,  "begin" : 863,  "end" : 865 }, 
        {"sofa" : 1,  "begin" : 866,  "end" : 873 }, 
        {"sofa" : 1,  "begin" : 874,  "end" : 879 }, 
        {"sofa" : 1,  "begin" : 880,  "end" : 882 }, 
        {"sofa" : 1,  "begin" : 883,  "end" : 888 }, 
        {"sofa" : 1,  "begin" : 889,  "end" : 898 }, 
        {"sofa" : 1,  "begin" : 899,  "end" : 901 }, 
        {"sofa" : 1,  "begin" : 902,  "end" : 910 }, 
        {"sofa" : 1,  "begin" : 911,  "end" : 914 }, 
        {"sofa" : 1,  "begin" : 915,  "end" : 922 }, 
        {"sofa" : 1,  "begin" : 923,  "end" : 924 } ], 
      "PartsofCause" : [2156,  2165,  2174,  2254,  2245,  2263 ], 
      "TypesofCause" : [
        {"sofa" : 1,  "begin" : 155,  "end" : 201,  "Dependent" : 2156,  "Governor" : 2165,  "TypesofCause" : "Effect" }, 
        {"sofa" : 1,  "begin" : 208,  "end" : 242,  "Dependent" : 2174,  "Governor" : 2165,  "TypesofCause" : "Cause" }, 
        {"sofa" : 1,  "begin" : 638,  "end" : 646,  "Dependent" : 2254,  "Governor" : 2245,  "TypesofCause" : "Cause" }, 
        {"sofa" : 1,  "begin" : 654,  "end" : 686,  "Dependent" : 2263,  "Governor" : 2245,  "TypesofCause" : "Effect" } ] } }, 
  "_referenced_fss" : {
    "1" : {"_type" : "Sofa",  "sofaNum" : 1,  "sofaID" : "_InitialView",  "mimeType" : "text",  "sofaString" : "Crews in Southern California struggled to get the upper hand on a fast - moving wildfire in Santa Barbara County early Tuesday .\nKnown as the White Fire , the blaze had already charred some 1,000 acres after getting its start Monday afternoon , U.S. Forest Service spokesman Andrew Madsen said .\nThe flames were 5% contained .\nThe Forest Service expects to have 700 personnel in place Tuesday morning .\nThe Santa Barbara Sheriff 's Department evacuated up to 6,000 people from the popular White Rock Campground at the end of the busy Memorial Day weekend as the wildfire advanced , public information officer Kelly Hoover said .\nAlthough the fire caused minor damage to a ranger station , it quickly moved deeper into Los Padres National Forest , away from homes and structures , according to Madsen .\nNo injuries or fatalities have been reported .\nSanta Barbara is located about 85 miles northwest of downtown Los Angeles ." }, 
    "2156" : {"_type" : "PartsofCause",  "sofa" : 1,  "begin" : 155,  "end" : 201,  "PartsofCause" : "Argument" }, 
    "2165" : {"_type" : "PartsofCause",  "sofa" : 1,  "begin" : 202,  "end" : 207,  "PartsofCause" : "Enabling" }, 
    "2174" : {"_type" : "PartsofCause",  "sofa" : 1,  "begin" : 208,  "end" : 242,  "PartsofCause" : "Argument" }, 
    "2254" : {"_type" : "PartsofCause",  "sofa" : 1,  "begin" : 638,  "end" : 646,  "PartsofCause" : "Argument" }, 
    "2245" : {"_type" : "PartsofCause",  "sofa" : 1,  "begin" : 647,  "end" : 653,  "PartsofCause" : "Causing" }, 
    "2263" : {"_type" : "PartsofCause",  "sofa" : 1,  "begin" : 654,  "end" : 686,  "PartsofCause" : "Argument" }, 
    "2329" : {"_type" : "LayerDefinition",  "name" : "webanno.custom.PartsofCause",  "uiName" : "Parts of Cause" }, 
    "2318" : {"_type" : "LayerDefinition",  "name" : "webanno.custom.DisjointCausalSpans",  "uiName" : "Disjoint Causal Spans" }, 
    "2336" : {"_type" : "LayerDefinition",  "name" : "webanno.custom.TypesofCause",  "uiName" : "Types of Cause" } } }