{"_context" : {
    "_types" : {
      "DocumentMetaData" : {
        "_feature_types" : {"sofa" : "_ref" } }, 
      "FeatureDefinition" : {
        "_feature_types" : {"layer" : "_ref" } }, 
      "LayerDefinition" : { }, 
      "PartsofCause" : {
        "_feature_types" : {"sofa" : "_ref" } }, 
      "Sentence" : {
        "_feature_types" : {"sofa" : "_ref" } }, 
      "Sofa" : {
        "_feature_types" : {"sofaArray" : "_ref" } }, 
      "TagsetDescription" : {
        "_feature_types" : {"sofa" : "_ref",  "tags" : "_ref" } }, 
      "Token" : {
        "_feature_types" : {"sofa" : "_ref",  "parent" : "_ref",  "lemma" : "_ref",  "stem" : "_ref",  "pos" : "_ref",  "morph" : "_ref",  "form" : "_ref" } }, 
      "TypesofCause" : {
        "_feature_types" : {"sofa" : "_ref",  "Dependent" : "_ref",  "Governor" : "_ref" } }, 
      "DocumentAnnotation" : {
        "_feature_types" : {"sofa" : "_ref" }, 
        "_subtypes" : ["DocumentMetaData" ] }, 
      "Annotation" : {
        "_feature_types" : {"sofa" : "_ref" }, 
        "_subtypes" : ["DocumentAnnotation",  "PartsofCause",  "Sentence",  "TagsetDescription",  "Token",  "TypesofCause" ] }, 
      "AnnotationBase" : {
        "_feature_types" : {"sofa" : "_ref" }, 
        "_subtypes" : ["Annotation" ] }, 
      "TOP" : {
        "_subtypes" : ["AnnotationBase",  "FeatureDefinition",  "LayerDefinition",  "Sofa" ] } } }, 
  "_views" : {
    "_InitialView" : {
      "FeatureDefinition" : [
        {"layer" : 2685,  "name" : "referenceRelation",  "uiName" : "Reference Relation" }, 
        {"layer" : 2685,  "name" : "referenceType",  "uiName" : "Reference Type" }, 
        {"layer" : 2696,  "name" : "PartsofCause",  "uiName" : "Parts of Cause" }, 
        {"layer" : 2703,  "name" : "TypesofCause",  "uiName" : "Types of Cause" } ], 
      "LayerDefinition" : [2685,  2696,  2703 ], 
      "DocumentMetaData" : [
        {"sofa" : 1,  "end" : 944,  "language" : "x-unspecified",  "documentTitle" : "reddit-015.txt",  "documentId" : "AYC",  "documentUri" : "file:/srv/inception/repository/project/2/document/2417/source/AYC",  "collectionId" : "file:/srv/inception/repository/project/2/document/2417/source/",  "documentBaseUri" : "file:/srv/inception/repository/project/2/document/2417/source/",  "isLastSegment" : false } ], 
      "TagsetDescription" : [
        {"sofa" : 1,  "layer" : "webanno.custom.PartsofCause",  "name" : "Parts of Cause",  "input" : false }, 
        {"sofa" : 1,  "layer" : "webanno.custom.TypesofCause",  "name" : "Causal Relations",  "input" : false } ], 
      "Sentence" : [
        {"sofa" : 1,  "end" : 58 }, 
        {"sofa" : 1,  "begin" : 59,  "end" : 139 }, 
        {"sofa" : 1,  "begin" : 140,  "end" : 239 }, 
        {"sofa" : 1,  "begin" : 240,  "end" : 281 }, 
        {"sofa" : 1,  "begin" : 282,  "end" : 550 }, 
        {"sofa" : 1,  "begin" : 551,  "end" : 726 }, 
        {"sofa" : 1,  "begin" : 727,  "end" : 799 }, 
        {"sofa" : 1,  "begin" : 800,  "end" : 886 }, 
        {"sofa" : 1,  "begin" : 887,  "end" : 944 } ], 
      "Token" : [
        {"sofa" : 1,  "end" : 6 }, 
        {"sofa" : 1,  "begin" : 7,  "end" : 8 }, 
        {"sofa" : 1,  "begin" : 9,  "end" : 14 }, 
        {"sofa" : 1,  "begin" : 15,  "end" : 17 }, 
        {"sofa" : 1,  "begin" : 18,  "end" : 21 }, 
        {"sofa" : 1,  "begin" : 22,  "end" : 32 }, 
        {"sofa" : 1,  "begin" : 33,  "end" : 35 }, 
        {"sofa" : 1,  "begin" : 36,  "end" : 44 }, 
        {"sofa" : 1,  "begin" : 45,  "end" : 48 }, 
        {"sofa" : 1,  "begin" : 49,  "end" : 52 }, 
        {"sofa" : 1,  "begin" : 53,  "end" : 56 }, 
        {"sofa" : 1,  "begin" : 57,  "end" : 58 }, 
        {"sofa" : 1,  "begin" : 59,  "end" : 60 }, 
        {"sofa" : 1,  "begin" : 61,  "end" : 64 }, 
        {"sofa" : 1,  "begin" : 65,  "end" : 73 }, 
        {"sofa" : 1,  "begin" : 74,  "end" : 78 }, 
        {"sofa" : 1,  "begin" : 79,  "end" : 81 }, 
        {"sofa" : 1,  "begin" : 82,  "end" : 87 }, 
        {"sofa" : 1,  "begin" : 88,  "end" : 94 }, 
        {"sofa" : 1,  "begin" : 95,  "end" : 96 }, 
        {"sofa" : 1,  "begin" : 97,  "end" : 103 }, 
        {"sofa" : 1,  "begin" : 104,  "end" : 111 }, 
        {"sofa" : 1,  "begin" : 112,  "end" : 113 }, 
        {"sofa" : 1,  "begin" : 114,  "end" : 117 }, 
        {"sofa" : 1,  "begin" : 118,  "end" : 119 }, 
        {"sofa" : 1,  "begin" : 120,  "end" : 124 }, 
        {"sofa" : 1,  "begin" : 125,  "end" : 129 }, 
        {"sofa" : 1,  "begin" : 130,  "end" : 132 }, 
        {"sofa" : 1,  "begin" : 133,  "end" : 137 }, 
        {"sofa" : 1,  "begin" : 138,  "end" : 139 }, 
        {"sofa" : 1,  "begin" : 140,  "end" : 141 }, 
        {"sofa" : 1,  "begin" : 142,  "end" : 149 }, 
        {"sofa" : 1,  "begin" : 150,  "end" : 152 }, 
        {"sofa" : 1,  "begin" : 153,  "end" : 156 }, 
        {"sofa" : 1,  "begin" : 157,  "end" : 158 }, 
        {"sofa" : 1,  "begin" : 159,  "end" : 163 }, 
        {"sofa" : 1,  "begin" : 164,  "end" : 166 }, 
        {"sofa" : 1,  "begin" : 167,  "end" : 169 }, 
        {"sofa" : 1,  "begin" : 170,  "end" : 175 }, 
        {"sofa" : 1,  "begin" : 176,  "end" : 185 }, 
        {"sofa" : 1,  "begin" : 186,  "end" : 187 }, 
        {"sofa" : 1,  "begin" : 188,  "end" : 194 }, 
        {"sofa" : 1,  "begin" : 195,  "end" : 205 }, 
        {"sofa" : 1,  "begin" : 206,  "end" : 207 }, 
        {"sofa" : 1,  "begin" : 208,  "end" : 212 }, 
        {"sofa" : 1,  "begin" : 213,  "end" : 218 }, 
        {"sofa" : 1,  "begin" : 219,  "end" : 228 }, 
        {"sofa" : 1,  "begin" : 229,  "end" : 232 }, 
        {"sofa" : 1,  "begin" : 233,  "end" : 235 }, 
        {"sofa" : 1,  "begin" : 236,  "end" : 237 }, 
        {"sofa" : 1,  "begin" : 238,  "end" : 239 }, 
        {"sofa" : 1,  "begin" : 240,  "end" : 242 }, 
        {"sofa" : 1,  "begin" : 243,  "end" : 247 }, 
        {"sofa" : 1,  "begin" : 248,  "end" : 253 }, 
        {"sofa" : 1,  "begin" : 254,  "end" : 260 }, 
        {"sofa" : 1,  "begin" : 261,  "end" : 265 }, 
        {"sofa" : 1,  "begin" : 266,  "end" : 268 }, 
        {"sofa" : 1,  "begin" : 269,  "end" : 279 }, 
        {"sofa" : 1,  "begin" : 280,  "end" : 281 }, 
        {"sofa" : 1,  "begin" : 282,  "end" : 283 }, 
        {"sofa" : 1,  "begin" : 284,  "end" : 286 }, 
        {"sofa" : 1,  "begin" : 287,  "end" : 291 }, 
        {"sofa" : 1,  "begin" : 292,  "end" : 293 }, 
        {"sofa" : 1,  "begin" : 294,  "end" : 297 }, 
        {"sofa" : 1,  "begin" : 298,  "end" : 300 }, 
        {"sofa" : 1,  "begin" : 301,  "end" : 310 }, 
        {"sofa" : 1,  "begin" : 311,  "end" : 315 }, 
        {"sofa" : 1,  "begin" : 316,  "end" : 320 }, 
        {"sofa" : 1,  "begin" : 321,  "end" : 325 }, 
        {"sofa" : 1,  "begin" : 326,  "end" : 328 }, 
        {"sofa" : 1,  "begin" : 329,  "end" : 336 }, 
        {"sofa" : 1,  "begin" : 337,  "end" : 340 }, 
        {"sofa" : 1,  "begin" : 341,  "end" : 348 }, 
        {"sofa" : 1,  "begin" : 349,  "end" : 352 }, 
        {"sofa" : 1,  "begin" : 353,  "end" : 357 }, 
        {"sofa" : 1,  "begin" : 358,  "end" : 360 }, 
        {"sofa" : 1,  "begin" : 361,  "end" : 366 }, 
        {"sofa" : 1,  "begin" : 367,  "end" : 372 }, 
        {"sofa" : 1,  "begin" : 373,  "end" : 377 }, 
        {"sofa" : 1,  "begin" : 378,  "end" : 379 }, 
        {"sofa" : 1,  "begin" : 380,  "end" : 390 }, 
        {"sofa" : 1,  "begin" : 391,  "end" : 394 }, 
        {"sofa" : 1,  "begin" : 395,  "end" : 399 }, 
        {"sofa" : 1,  "begin" : 400,  "end" : 401 }, 
        {"sofa" : 1,  "begin" : 402,  "end" : 408 }, 
        {"sofa" : 1,  "begin" : 409,  "end" : 411 }, 
        {"sofa" : 1,  "begin" : 412,  "end" : 417 }, 
        {"sofa" : 1,  "begin" : 418,  "end" : 422 }, 
        {"sofa" : 1,  "begin" : 423,  "end" : 429 }, 
        {"sofa" : 1,  "begin" : 430,  "end" : 432 }, 
        {"sofa" : 1,  "begin" : 433,  "end" : 434 }, 
        {"sofa" : 1,  "begin" : 435,  "end" : 437 }, 
        {"sofa" : 1,  "begin" : 438,  "end" : 441 }, 
        {"sofa" : 1,  "begin" : 442,  "end" : 447 }, 
        {"sofa" : 1,  "begin" : 448,  "end" : 450 }, 
        {"sofa" : 1,  "begin" : 451,  "end" : 453 }, 
        {"sofa" : 1,  "begin" : 454,  "end" : 461 }, 
        {"sofa" : 1,  "begin" : 462,  "end" : 463 }, 
        {"sofa" : 1,  "begin" : 464,  "end" : 468 }, 
        {"sofa" : 1,  "begin" : 469,  "end" : 473 }, 
        {"sofa" : 1,  "begin" : 474,  "end" : 488 }, 
        {"sofa" : 1,  "begin" : 489,  "end" : 493 }, 
        {"sofa" : 1,  "begin" : 494,  "end" : 497 }, 
        {"sofa" : 1,  "begin" : 498,  "end" : 504 }, 
        {"sofa" : 1,  "begin" : 505,  "end" : 507 }, 
        {"sofa" : 1,  "begin" : 508,  "end" : 512 }, 
        {"sofa" : 1,  "begin" : 513,  "end" : 515 }, 
        {"sofa" : 1,  "begin" : 516,  "end" : 526 }, 
        {"sofa" : 1,  "begin" : 527,  "end" : 529 }, 
        {"sofa" : 1,  "begin" : 530,  "end" : 533 }, 
        {"sofa" : 1,  "begin" : 534,  "end" : 542 }, 
        {"sofa" : 1,  "begin" : 543,  "end" : 547 }, 
        {"sofa" : 1,  "begin" : 548,  "end" : 550 }, 
        {"sofa" : 1,  "begin" : 551,  "end" : 553 }, 
        {"sofa" : 1,  "begin" : 554,  "end" : 556 }, 
        {"sofa" : 1,  "begin" : 557,  "end" : 563 }, 
        {"sofa" : 1,  "begin" : 564,  "end" : 570 }, 
        {"sofa" : 1,  "begin" : 571,  "end" : 572 }, 
        {"sofa" : 1,  "begin" : 573,  "end" : 575 }, 
        {"sofa" : 1,  "begin" : 576,  "end" : 580 }, 
        {"sofa" : 1,  "begin" : 581,  "end" : 585 }, 
        {"sofa" : 1,  "begin" : 586,  "end" : 591 }, 
        {"sofa" : 1,  "begin" : 592,  "end" : 596 }, 
        {"sofa" : 1,  "begin" : 597,  "end" : 603 }, 
        {"sofa" : 1,  "begin" : 604,  "end" : 609 }, 
        {"sofa" : 1,  "begin" : 610,  "end" : 619 }, 
        {"sofa" : 1,  "begin" : 620,  "end" : 629 }, 
        {"sofa" : 1,  "begin" : 630,  "end" : 635 }, 
        {"sofa" : 1,  "begin" : 636,  "end" : 640 }, 
        {"sofa" : 1,  "begin" : 641,  "end" : 646 }, 
        {"sofa" : 1,  "begin" : 647,  "end" : 649 }, 
        {"sofa" : 1,  "begin" : 650,  "end" : 656 }, 
        {"sofa" : 1,  "begin" : 657,  "end" : 659 }, 
        {"sofa" : 1,  "begin" : 660,  "end" : 662 }, 
        {"sofa" : 1,  "begin" : 663,  "end" : 667 }, 
        {"sofa" : 1,  "begin" : 668,  "end" : 671 }, 
        {"sofa" : 1,  "begin" : 672,  "end" : 675 }, 
        {"sofa" : 1,  "begin" : 676,  "end" : 678 }, 
        {"sofa" : 1,  "begin" : 679,  "end" : 682 }, 
        {"sofa" : 1,  "begin" : 683,  "end" : 689 }, 
        {"sofa" : 1,  "begin" : 690,  "end" : 697 }, 
        {"sofa" : 1,  "begin" : 698,  "end" : 702 }, 
        {"sofa" : 1,  "begin" : 703,  "end" : 708 }, 
        {"sofa" : 1,  "begin" : 709,  "end" : 711 }, 
        {"sofa" : 1,  "begin" : 712,  "end" : 714 }, 
        {"sofa" : 1,  "begin" : 715,  "end" : 716 }, 
        {"sofa" : 1,  "begin" : 717,  "end" : 724 }, 
        {"sofa" : 1,  "begin" : 725,  "end" : 726 }, 
        {"sofa" : 1,  "begin" : 727,  "end" : 729 }, 
        {"sofa" : 1,  "begin" : 730,  "end" : 734 }, 
        {"sofa" : 1,  "begin" : 735,  "end" : 738 }, 
        {"sofa" : 1,  "begin" : 739,  "end" : 743 }, 
        {"sofa" : 1,  "begin" : 744,  "end" : 745 }, 
        {"sofa" : 1,  "begin" : 746,  "end" : 748 }, 
        {"sofa" : 1,  "begin" : 749,  "end" : 759 }, 
        {"sofa" : 1,  "begin" : 760,  "end" : 764 }, 
        {"sofa" : 1,  "begin" : 765,  "end" : 769 }, 
        {"sofa" : 1,  "begin" : 770,  "end" : 771 }, 
        {"sofa" : 1,  "begin" : 772,  "end" : 774 }, 
        {"sofa" : 1,  "begin" : 775,  "end" : 777 }, 
        {"sofa" : 1,  "begin" : 778,  "end" : 784 }, 
        {"sofa" : 1,  "begin" : 785,  "end" : 788 }, 
        {"sofa" : 1,  "begin" : 789,  "end" : 797 }, 
        {"sofa" : 1,  "begin" : 798,  "end" : 799 }, 
        {"sofa" : 1,  "begin" : 800,  "end" : 801 }, 
        {"sofa" : 1,  "begin" : 802,  "end" : 806 }, 
        {"sofa" : 1,  "begin" : 807,  "end" : 819 }, 
        {"sofa" : 1,  "begin" : 820,  "end" : 830 }, 
        {"sofa" : 1,  "begin" : 831,  "end" : 838 }, 
        {"sofa" : 1,  "begin" : 839,  "end" : 840 }, 
        {"sofa" : 1,  "begin" : 841,  "end" : 844 }, 
        {"sofa" : 1,  "begin" : 845,  "end" : 849 }, 
        {"sofa" : 1,  "begin" : 850,  "end" : 857 }, 
        {"sofa" : 1,  "begin" : 858,  "end" : 861 }, 
        {"sofa" : 1,  "begin" : 862,  "end" : 869 }, 
        {"sofa" : 1,  "begin" : 870,  "end" : 873 }, 
        {"sofa" : 1,  "begin" : 874,  "end" : 877 }, 
        {"sofa" : 1,  "begin" : 878,  "end" : 879 }, 
        {"sofa" : 1,  "begin" : 880,  "end" : 884 }, 
        {"sofa" : 1,  "begin" : 885,  "end" : 886 }, 
        {"sofa" : 1,  "begin" : 887,  "end" : 896 }, 
        {"sofa" : 1,  "begin" : 897,  "end" : 901 }, 
        {"sofa" : 1,  "begin" : 902,  "end" : 907 }, 
        {"sofa" : 1,  "begin" : 908,  "end" : 911 }, 
        {"sofa" : 1,  "begin" : 912,  "end" : 916 }, 
        {"sofa" : 1,  "begin" : 917,  "end" : 921 }, 
        {"sofa" : 1,  "begin" : 922,  "end" : 927 }, 
        {"sofa" : 1,  "begin" : 928,  "end" : 936 }, 
        {"sofa" : 1,  "begin" : 937,  "end" : 942 }, 
        {"sofa" : 1,  "begin" : 943,  "end" : 944 } ], 
      "PartsofCause" : [2607,  2620,  2646,  2564,  2538,  2551 ], 
      "TypesofCause" : [
        {"sofa" : 1,  "begin" : 301,  "end" : 310,  "Dependent" : 2607,  "Governor" : 2620,  "TypesofCause" : "Cause" }, 
        {"sofa" : 1,  "begin" : 326,  "end" : 348,  "Dependent" : 2646,  "Governor" : 2620,  "TypesofCause" : "Effect" }, 
        {"sofa" : 1,  "begin" : 800,  "end" : 830,  "Dependent" : 2564,  "Governor" : 2538,  "TypesofCause" : "Effect" }, 
        {"sofa" : 1,  "begin" : 839,  "end" : 884,  "Dependent" : 2551,  "Governor" : 2538,  "TypesofCause" : "Cause" } ] } }, 
  "_referenced_fss" : {
    "1" : {"_type" : "Sofa",  "sofaNum" : 1,  "sofaID" : "_InitialView",  "mimeType" : "text",  "sofaString" : "Update : going to the university of Delaware :)) Hey all .\nI got rejected from my dream school ( Boston College ) and I feel kind of lost .\nI applied ED and I know it 's crazy selective ( 35,000 applicants , only 2,000 something got in ) .\nIt just kinda messed with my confidence .\nI 'm sure I 'll go somewhere that will make me happier and whatnot but this is kinda worse than a heartbreak lol edit : wanted to clear some things up , in the midst of my sorrows I said some misinformation that has become an area of contention in the comments lmao ..\nin my denial letter , it said that there were around 2,000 something available seats that would be filled by ED kids and 35K is the amount overall that apply to BC I believe .\nBC does not have a 6% acceptance rate haha , it 's around 27% normally .\nI just misconstrued everything because I was just venting and letting out how I felt .\napologies once again and hope this helps confused folks !" }, 
    "2607" : {"_type" : "PartsofCause",  "sofa" : 1,  "begin" : 301,  "end" : 310,  "PartsofCause" : "Argument" }, 
    "2620" : {"_type" : "PartsofCause",  "sofa" : 1,  "begin" : 321,  "end" : 325,  "PartsofCause" : "Causing" }, 
    "2646" : {"_type" : "PartsofCause",  "sofa" : 1,  "begin" : 326,  "end" : 348,  "PartsofCause" : "Argument" }, 
    "2564" : {"_type" : "PartsofCause",  "sofa" : 1,  "begin" : 800,  "end" : 830,  "PartsofCause" : "Argument" }, 
    "2538" : {"_type" : "PartsofCause",  "sofa" : 1,  "begin" : 831,  "end" : 838,  "PartsofCause" : "Causing" }, 
    "2551" : {"_type" : "PartsofCause",  "sofa" : 1,  "begin" : 839,  "end" : 884,  "PartsofCause" : "Argument" }, 
    "2696" : {"_type" : "LayerDefinition",  "name" : "webanno.custom.PartsofCause",  "uiName" : "Parts of Cause" }, 
    "2685" : {"_type" : "LayerDefinition",  "name" : "webanno.custom.DisjointCausalSpans",  "uiName" : "Disjoint Causal Spans" }, 
    "2703" : {"_type" : "LayerDefinition",  "name" : "webanno.custom.TypesofCause",  "uiName" : "Types of Cause" } } }