{"_context" : {
    "_types" : {
      "DocumentMetaData" : {
        "_feature_types" : {"sofa" : "_ref" } }, 
      "FeatureDefinition" : {
        "_feature_types" : {"layer" : "_ref" } }, 
      "LayerDefinition" : { }, 
      "PartsofCause" : {
        "_feature_types" : {"sofa" : "_ref" } }, 
      "Sentence" : {
        "_feature_types" : {"sofa" : "_ref" } }, 
      "Sofa" : {
        "_feature_types" : {"sofaArray" : "_ref" } }, 
      "TagsetDescription" : {
        "_feature_types" : {"sofa" : "_ref",  "tags" : "_ref" } }, 
      "Token" : {
        "_feature_types" : {"sofa" : "_ref",  "parent" : "_ref",  "lemma" : "_ref",  "stem" : "_ref",  "pos" : "_ref",  "morph" : "_ref",  "form" : "_ref" } }, 
      "TypesofCause" : {
        "_feature_types" : {"sofa" : "_ref",  "Dependent" : "_ref",  "Governor" : "_ref" } }, 
      "DocumentAnnotation" : {
        "_feature_types" : {"sofa" : "_ref" }, 
        "_subtypes" : ["DocumentMetaData" ] }, 
      "Annotation" : {
        "_feature_types" : {"sofa" : "_ref" }, 
        "_subtypes" : ["DocumentAnnotation",  "PartsofCause",  "Sentence",  "TagsetDescription",  "Token",  "TypesofCause" ] }, 
      "AnnotationBase" : {
        "_feature_types" : {"sofa" : "_ref" }, 
        "_subtypes" : ["Annotation" ] }, 
      "TOP" : {
        "_subtypes" : ["AnnotationBase",  "FeatureDefinition",  "LayerDefinition",  "Sofa" ] } } }, 
  "_views" : {
    "_InitialView" : {
      "FeatureDefinition" : [
        {"layer" : 2710,  "name" : "referenceRelation",  "uiName" : "Reference Relation" }, 
        {"layer" : 2710,  "name" : "referenceType",  "uiName" : "Reference Type" }, 
        {"layer" : 2721,  "name" : "PartsofCause",  "uiName" : "Parts of Cause" }, 
        {"layer" : 2728,  "name" : "TypesofCause",  "uiName" : "Types of Cause" } ], 
      "LayerDefinition" : [2710,  2721,  2728 ], 
      "DocumentMetaData" : [
        {"sofa" : 1,  "end" : 722,  "language" : "x-unspecified",  "documentTitle" : "fable-46.txt",  "documentId" : "GJW",  "documentUri" : "file:/srv/inception/repository/project/2/document/2348/source/GJW",  "collectionId" : "file:/srv/inception/repository/project/2/document/2348/source/",  "documentBaseUri" : "file:/srv/inception/repository/project/2/document/2348/source/",  "isLastSegment" : false } ], 
      "TagsetDescription" : [
        {"sofa" : 1,  "layer" : "webanno.custom.PartsofCause",  "name" : "Parts of Cause",  "input" : false }, 
        {"sofa" : 1,  "layer" : "webanno.custom.TypesofCause",  "name" : "Causal Relations",  "input" : false } ], 
      "Sentence" : [
        {"sofa" : 1,  "end" : 105 }, 
        {"sofa" : 1,  "begin" : 106,  "end" : 173 }, 
        {"sofa" : 1,  "begin" : 174,  "end" : 238 }, 
        {"sofa" : 1,  "begin" : 239,  "end" : 297 }, 
        {"sofa" : 1,  "begin" : 298,  "end" : 342 }, 
        {"sofa" : 1,  "begin" : 343,  "end" : 357 }, 
        {"sofa" : 1,  "begin" : 358,  "end" : 474 }, 
        {"sofa" : 1,  "begin" : 475,  "end" : 526 }, 
        {"sofa" : 1,  "begin" : 527,  "end" : 589 }, 
        {"sofa" : 1,  "begin" : 590,  "end" : 722 } ], 
      "Token" : [
        {"sofa" : 1,  "end" : 2 }, 
        {"sofa" : 1,  "begin" : 3,  "end" : 6 }, 
        {"sofa" : 1,  "begin" : 7,  "end" : 10 }, 
        {"sofa" : 1,  "begin" : 11,  "end" : 15 }, 
        {"sofa" : 1,  "begin" : 16,  "end" : 25 }, 
        {"sofa" : 1,  "begin" : 26,  "end" : 33 }, 
        {"sofa" : 1,  "begin" : 34,  "end" : 35 }, 
        {"sofa" : 1,  "begin" : 36,  "end" : 40 }, 
        {"sofa" : 1,  "begin" : 41,  "end" : 42 }, 
        {"sofa" : 1,  "begin" : 43,  "end" : 46 }, 
        {"sofa" : 1,  "begin" : 47,  "end" : 49 }, 
        {"sofa" : 1,  "begin" : 50,  "end" : 54 }, 
        {"sofa" : 1,  "begin" : 55,  "end" : 59 }, 
        {"sofa" : 1,  "begin" : 60,  "end" : 62 }, 
        {"sofa" : 1,  "begin" : 63,  "end" : 65 }, 
        {"sofa" : 1,  "begin" : 66,  "end" : 68 }, 
        {"sofa" : 1,  "begin" : 69,  "end" : 74 }, 
        {"sofa" : 1,  "begin" : 75,  "end" : 77 }, 
        {"sofa" : 1,  "begin" : 78,  "end" : 81 }, 
        {"sofa" : 1,  "begin" : 82,  "end" : 87 }, 
        {"sofa" : 1,  "begin" : 88,  "end" : 92 }, 
        {"sofa" : 1,  "begin" : 93,  "end" : 96 }, 
        {"sofa" : 1,  "begin" : 97,  "end" : 103 }, 
        {"sofa" : 1,  "begin" : 104,  "end" : 105 }, 
        {"sofa" : 1,  "begin" : 106,  "end" : 107 }, 
        {"sofa" : 1,  "begin" : 108,  "end" : 112 }, 
        {"sofa" : 1,  "begin" : 113,  "end" : 117 }, 
        {"sofa" : 1,  "begin" : 118,  "end" : 119 }, 
        {"sofa" : 1,  "begin" : 120,  "end" : 121 }, 
        {"sofa" : 1,  "begin" : 122,  "end" : 126 }, 
        {"sofa" : 1,  "begin" : 127,  "end" : 129 }, 
        {"sofa" : 1,  "begin" : 130,  "end" : 132 }, 
        {"sofa" : 1,  "begin" : 133,  "end" : 136 }, 
        {"sofa" : 1,  "begin" : 137,  "end" : 146 }, 
        {"sofa" : 1,  "begin" : 147,  "end" : 148 }, 
        {"sofa" : 1,  "begin" : 149,  "end" : 150 }, 
        {"sofa" : 1,  "begin" : 151,  "end" : 152 }, 
        {"sofa" : 1,  "begin" : 153,  "end" : 157 }, 
        {"sofa" : 1,  "begin" : 158,  "end" : 163 }, 
        {"sofa" : 1,  "begin" : 164,  "end" : 166 }, 
        {"sofa" : 1,  "begin" : 167,  "end" : 169 }, 
        {"sofa" : 1,  "begin" : 170,  "end" : 171 }, 
        {"sofa" : 1,  "begin" : 172,  "end" : 173 }, 
        {"sofa" : 1,  "begin" : 174,  "end" : 175 }, 
        {"sofa" : 1,  "begin" : 176,  "end" : 178 }, 
        {"sofa" : 1,  "begin" : 179,  "end" : 182 }, 
        {"sofa" : 1,  "begin" : 183,  "end" : 186 }, 
        {"sofa" : 1,  "begin" : 187,  "end" : 190 }, 
        {"sofa" : 1,  "begin" : 191,  "end" : 195 }, 
        {"sofa" : 1,  "begin" : 196,  "end" : 201 }, 
        {"sofa" : 1,  "begin" : 202,  "end" : 204 }, 
        {"sofa" : 1,  "begin" : 205,  "end" : 206 }, 
        {"sofa" : 1,  "begin" : 207,  "end" : 208 }, 
        {"sofa" : 1,  "begin" : 209,  "end" : 213 }, 
        {"sofa" : 1,  "begin" : 214,  "end" : 217 }, 
        {"sofa" : 1,  "begin" : 218,  "end" : 223 }, 
        {"sofa" : 1,  "begin" : 224,  "end" : 225 }, 
        {"sofa" : 1,  "begin" : 226,  "end" : 227 }, 
        {"sofa" : 1,  "begin" : 228,  "end" : 231 }, 
        {"sofa" : 1,  "begin" : 232,  "end" : 236 }, 
        {"sofa" : 1,  "begin" : 237,  "end" : 238 }, 
        {"sofa" : 1,  "begin" : 239,  "end" : 241 }, 
        {"sofa" : 1,  "begin" : 242,  "end" : 244 }, 
        {"sofa" : 1,  "begin" : 245,  "end" : 248 }, 
        {"sofa" : 1,  "begin" : 249,  "end" : 259 }, 
        {"sofa" : 1,  "begin" : 260,  "end" : 261 }, 
        {"sofa" : 1,  "begin" : 262,  "end" : 264 }, 
        {"sofa" : 1,  "begin" : 265,  "end" : 270 }, 
        {"sofa" : 1,  "begin" : 271,  "end" : 273 }, 
        {"sofa" : 1,  "begin" : 274,  "end" : 279 }, 
        {"sofa" : 1,  "begin" : 280,  "end" : 282 }, 
        {"sofa" : 1,  "begin" : 283,  "end" : 290 }, 
        {"sofa" : 1,  "begin" : 291,  "end" : 293 }, 
        {"sofa" : 1,  "begin" : 294,  "end" : 295 }, 
        {"sofa" : 1,  "begin" : 296,  "end" : 297 }, 
        {"sofa" : 1,  "begin" : 298,  "end" : 299 }, 
        {"sofa" : 1,  "begin" : 300,  "end" : 302 }, 
        {"sofa" : 1,  "begin" : 303,  "end" : 304 }, 
        {"sofa" : 1,  "begin" : 305,  "end" : 306 }, 
        {"sofa" : 1,  "begin" : 307,  "end" : 311 }, 
        {"sofa" : 1,  "begin" : 312,  "end" : 315 }, 
        {"sofa" : 1,  "begin" : 316,  "end" : 321 }, 
        {"sofa" : 1,  "begin" : 322,  "end" : 323 }, 
        {"sofa" : 1,  "begin" : 324,  "end" : 325 }, 
        {"sofa" : 1,  "begin" : 326,  "end" : 327 }, 
        {"sofa" : 1,  "begin" : 328,  "end" : 333 }, 
        {"sofa" : 1,  "begin" : 334,  "end" : 337 }, 
        {"sofa" : 1,  "begin" : 338,  "end" : 340 }, 
        {"sofa" : 1,  "begin" : 341,  "end" : 342 }, 
        {"sofa" : 1,  "begin" : 343,  "end" : 345 }, 
        {"sofa" : 1,  "begin" : 346,  "end" : 348 }, 
        {"sofa" : 1,  "begin" : 349,  "end" : 353 }, 
        {"sofa" : 1,  "begin" : 354,  "end" : 355 }, 
        {"sofa" : 1,  "begin" : 356,  "end" : 357 }, 
        {"sofa" : 1,  "begin" : 358,  "end" : 362 }, 
        {"sofa" : 1,  "begin" : 363,  "end" : 366 }, 
        {"sofa" : 1,  "begin" : 367,  "end" : 370 }, 
        {"sofa" : 1,  "begin" : 371,  "end" : 375 }, 
        {"sofa" : 1,  "begin" : 376,  "end" : 379 }, 
        {"sofa" : 1,  "begin" : 380,  "end" : 384 }, 
        {"sofa" : 1,  "begin" : 385,  "end" : 389 }, 
        {"sofa" : 1,  "begin" : 390,  "end" : 395 }, 
        {"sofa" : 1,  "begin" : 396,  "end" : 399 }, 
        {"sofa" : 1,  "begin" : 400,  "end" : 405 }, 
        {"sofa" : 1,  "begin" : 406,  "end" : 408 }, 
        {"sofa" : 1,  "begin" : 409,  "end" : 412 }, 
        {"sofa" : 1,  "begin" : 413,  "end" : 415 }, 
        {"sofa" : 1,  "begin" : 416,  "end" : 424 }, 
        {"sofa" : 1,  "begin" : 425,  "end" : 429 }, 
        {"sofa" : 1,  "begin" : 430,  "end" : 431 }, 
        {"sofa" : 1,  "begin" : 432,  "end" : 435 }, 
        {"sofa" : 1,  "begin" : 436,  "end" : 443 }, 
        {"sofa" : 1,  "begin" : 444,  "end" : 447 }, 
        {"sofa" : 1,  "begin" : 448,  "end" : 450 }, 
        {"sofa" : 1,  "begin" : 451,  "end" : 455 }, 
        {"sofa" : 1,  "begin" : 456,  "end" : 458 }, 
        {"sofa" : 1,  "begin" : 459,  "end" : 464 }, 
        {"sofa" : 1,  "begin" : 465,  "end" : 472 }, 
        {"sofa" : 1,  "begin" : 473,  "end" : 474 }, 
        {"sofa" : 1,  "begin" : 475,  "end" : 476 }, 
        {"sofa" : 1,  "begin" : 477,  "end" : 479 }, 
        {"sofa" : 1,  "begin" : 480,  "end" : 483 }, 
        {"sofa" : 1,  "begin" : 484,  "end" : 486 }, 
        {"sofa" : 1,  "begin" : 487,  "end" : 490 }, 
        {"sofa" : 1,  "begin" : 491,  "end" : 493 }, 
        {"sofa" : 1,  "begin" : 494,  "end" : 497 }, 
        {"sofa" : 1,  "begin" : 498,  "end" : 499 }, 
        {"sofa" : 1,  "begin" : 500,  "end" : 501 }, 
        {"sofa" : 1,  "begin" : 502,  "end" : 506 }, 
        {"sofa" : 1,  "begin" : 507,  "end" : 509 }, 
        {"sofa" : 1,  "begin" : 510,  "end" : 513 }, 
        {"sofa" : 1,  "begin" : 514,  "end" : 517 }, 
        {"sofa" : 1,  "begin" : 518,  "end" : 521 }, 
        {"sofa" : 1,  "begin" : 522,  "end" : 524 }, 
        {"sofa" : 1,  "begin" : 525,  "end" : 526 }, 
        {"sofa" : 1,  "begin" : 527,  "end" : 528 }, 
        {"sofa" : 1,  "begin" : 529,  "end" : 532 }, 
        {"sofa" : 1,  "begin" : 533,  "end" : 534 }, 
        {"sofa" : 1,  "begin" : 535,  "end" : 536 }, 
        {"sofa" : 1,  "begin" : 537,  "end" : 541 }, 
        {"sofa" : 1,  "begin" : 542,  "end" : 545 }, 
        {"sofa" : 1,  "begin" : 546,  "end" : 551 }, 
        {"sofa" : 1,  "begin" : 552,  "end" : 553 }, 
        {"sofa" : 1,  "begin" : 554,  "end" : 555 }, 
        {"sofa" : 1,  "begin" : 556,  "end" : 559 }, 
        {"sofa" : 1,  "begin" : 560,  "end" : 563 }, 
        {"sofa" : 1,  "begin" : 564,  "end" : 566 }, 
        {"sofa" : 1,  "begin" : 567,  "end" : 569 }, 
        {"sofa" : 1,  "begin" : 570,  "end" : 573 }, 
        {"sofa" : 1,  "begin" : 574,  "end" : 576 }, 
        {"sofa" : 1,  "begin" : 577,  "end" : 578 }, 
        {"sofa" : 1,  "begin" : 579,  "end" : 582 }, 
        {"sofa" : 1,  "begin" : 583,  "end" : 587 }, 
        {"sofa" : 1,  "begin" : 588,  "end" : 589 }, 
        {"sofa" : 1,  "begin" : 590,  "end" : 594 }, 
        {"sofa" : 1,  "begin" : 595,  "end" : 598 }, 
        {"sofa" : 1,  "begin" : 599,  "end" : 606 }, 
        {"sofa" : 1,  "begin" : 607,  "end" : 610 }, 
        {"sofa" : 1,  "begin" : 611,  "end" : 614 }, 
        {"sofa" : 1,  "begin" : 615,  "end" : 616 }, 
        {"sofa" : 1,  "begin" : 617,  "end" : 622 }, 
        {"sofa" : 1,  "begin" : 623,  "end" : 624 }, 
        {"sofa" : 1,  "begin" : 625,  "end" : 628 }, 
        {"sofa" : 1,  "begin" : 629,  "end" : 634 }, 
        {"sofa" : 1,  "begin" : 635,  "end" : 638 }, 
        {"sofa" : 1,  "begin" : 639,  "end" : 642 }, 
        {"sofa" : 1,  "begin" : 643,  "end" : 645 }, 
        {"sofa" : 1,  "begin" : 646,  "end" : 651 }, 
        {"sofa" : 1,  "begin" : 652,  "end" : 654 }, 
        {"sofa" : 1,  "begin" : 655,  "end" : 659 }, 
        {"sofa" : 1,  "begin" : 660,  "end" : 663 }, 
        {"sofa" : 1,  "begin" : 664,  "end" : 665 }, 
        {"sofa" : 1,  "begin" : 666,  "end" : 669 }, 
        {"sofa" : 1,  "begin" : 670,  "end" : 673 }, 
        {"sofa" : 1,  "begin" : 674,  "end" : 677 }, 
        {"sofa" : 1,  "begin" : 678,  "end" : 681 }, 
        {"sofa" : 1,  "begin" : 682,  "end" : 685 }, 
        {"sofa" : 1,  "begin" : 686,  "end" : 692 }, 
        {"sofa" : 1,  "begin" : 693,  "end" : 695 }, 
        {"sofa" : 1,  "begin" : 696,  "end" : 698 }, 
        {"sofa" : 1,  "begin" : 699,  "end" : 704 }, 
        {"sofa" : 1,  "begin" : 705,  "end" : 707 }, 
        {"sofa" : 1,  "begin" : 708,  "end" : 711 }, 
        {"sofa" : 1,  "begin" : 712,  "end" : 718 }, 
        {"sofa" : 1,  "begin" : 719,  "end" : 720 }, 
        {"sofa" : 1,  "begin" : 721,  "end" : 722 } ], 
      "PartsofCause" : [2491,  2500,  2513,  2564,  2573,  2586,  2637,  2646,  2659 ], 
      "TypesofCause" : [
        {"sofa" : 1,  "begin" : 3,  "end" : 40,  "Dependent" : 2500,  "Governor" : 2491,  "TypesofCause" : "Cause" }, 
        {"sofa" : 1,  "begin" : 43,  "end" : 103,  "Dependent" : 2513,  "Governor" : 2491,  "TypesofCause" : "Effect" }, 
        {"sofa" : 1,  "begin" : 242,  "end" : 259,  "Dependent" : 2573,  "Governor" : 2564,  "TypesofCause" : "Cause" }, 
        {"sofa" : 1,  "begin" : 262,  "end" : 293,  "Dependent" : 2586,  "Governor" : 2564,  "TypesofCause" : "Effect" }, 
        {"sofa" : 1,  "begin" : 595,  "end" : 622,  "Dependent" : 2646,  "Governor" : 2637,  "TypesofCause" : "Cause" }, 
        {"sofa" : 1,  "begin" : 625,  "end" : 663,  "Dependent" : 2659,  "Governor" : 2637,  "TypesofCause" : "Effect" } ] } }, 
  "_referenced_fss" : {
    "1" : {"_type" : "Sofa",  "sofaNum" : 1,  "sofaID" : "_InitialView",  "mimeType" : "text",  "sofaString" : "AS TWO men were traveling through a wood , one of them took up an ax which he saw lying upon the ground .\n“ Look here , ” said he to his companion ; “ I have found an ax . ”\n“ Do n’t say _I_ have found it , ” said the other , “ but _we_ .\nAs we are companions , we ought to share it between us . ”\n“ No , ” said the first , “ I found the ax .\nIt is mine . ”\nThey had not gone far when they heard the owner of the ax pursuing them , and calling out to them in great passion .\n“ We are in for it now , ” said he who had the ax .\n“ Nay , ” said the other ; “ say _I_ am in for it , not _we_ .\nWhen you thought you had a prize , you would not let me share it with you , and now you can not expect me to share in the danger . ”" }, 
    "2500" : {"_type" : "PartsofCause",  "sofa" : 1,  "begin" : 3,  "end" : 40,  "PartsofCause" : "Argument" }, 
    "2491" : {"_type" : "PartsofCause",  "sofa" : 1,  "end" : 2,  "PartsofCause" : "Enabling" }, 
    "2513" : {"_type" : "PartsofCause",  "sofa" : 1,  "begin" : 43,  "end" : 103,  "PartsofCause" : "Argument" }, 
    "2573" : {"_type" : "PartsofCause",  "sofa" : 1,  "begin" : 242,  "end" : 259,  "PartsofCause" : "Argument" }, 
    "2564" : {"_type" : "PartsofCause",  "sofa" : 1,  "begin" : 239,  "end" : 241,  "PartsofCause" : "Enabling" }, 
    "2586" : {"_type" : "PartsofCause",  "sofa" : 1,  "begin" : 262,  "end" : 293,  "PartsofCause" : "Argument" }, 
    "2646" : {"_type" : "PartsofCause",  "sofa" : 1,  "begin" : 595,  "end" : 622,  "PartsofCause" : "Argument" }, 
    "2637" : {"_type" : "PartsofCause",  "sofa" : 1,  "begin" : 590,  "end" : 594,  "PartsofCause" : "Enabling" }, 
    "2659" : {"_type" : "PartsofCause",  "sofa" : 1,  "begin" : 625,  "end" : 663,  "PartsofCause" : "Argument" }, 
    "2710" : {"_type" : "LayerDefinition",  "name" : "webanno.custom.DisjointCausalSpans",  "uiName" : "Disjoint Causal Spans" }, 
    "2728" : {"_type" : "LayerDefinition",  "name" : "webanno.custom.TypesofCause",  "uiName" : "Types of Cause" }, 
    "2721" : {"_type" : "LayerDefinition",  "name" : "webanno.custom.PartsofCause",  "uiName" : "Parts of Cause" } } }