{"_context" : {
    "_types" : {
      "DocumentMetaData" : {
        "_feature_types" : {"sofa" : "_ref" } }, 
      "FeatureDefinition" : {
        "_feature_types" : {"layer" : "_ref" } }, 
      "LayerDefinition" : { }, 
      "PartsofCause" : {
        "_feature_types" : {"sofa" : "_ref" } }, 
      "Sentence" : {
        "_feature_types" : {"sofa" : "_ref" } }, 
      "Sofa" : {
        "_feature_types" : {"sofaArray" : "_ref" } }, 
      "TagsetDescription" : {
        "_feature_types" : {"sofa" : "_ref",  "tags" : "_ref" } }, 
      "Token" : {
        "_feature_types" : {"sofa" : "_ref",  "parent" : "_ref",  "lemma" : "_ref",  "stem" : "_ref",  "pos" : "_ref",  "morph" : "_ref",  "form" : "_ref" } }, 
      "TypesofCause" : {
        "_feature_types" : {"sofa" : "_ref",  "Dependent" : "_ref",  "Governor" : "_ref" } }, 
      "DocumentAnnotation" : {
        "_feature_types" : {"sofa" : "_ref" }, 
        "_subtypes" : ["DocumentMetaData" ] }, 
      "Annotation" : {
        "_feature_types" : {"sofa" : "_ref" }, 
        "_subtypes" : ["DocumentAnnotation",  "PartsofCause",  "Sentence",  "TagsetDescription",  "Token",  "TypesofCause" ] }, 
      "AnnotationBase" : {
        "_feature_types" : {"sofa" : "_ref" }, 
        "_subtypes" : ["Annotation" ] }, 
      "TOP" : {
        "_subtypes" : ["AnnotationBase",  "FeatureDefinition",  "LayerDefinition",  "Sofa" ] } } }, 
  "_views" : {
    "_InitialView" : {
      "FeatureDefinition" : [
        {"layer" : 2086,  "name" : "referenceRelation",  "uiName" : "Reference Relation" }, 
        {"layer" : 2086,  "name" : "referenceType",  "uiName" : "Reference Type" }, 
        {"layer" : 2097,  "name" : "PartsofCause",  "uiName" : "Parts of Cause" }, 
        {"layer" : 2104,  "name" : "TypesofCause",  "uiName" : "Types of Cause" } ], 
      "LayerDefinition" : [2086,  2097,  2104 ], 
      "DocumentMetaData" : [
        {"sofa" : 1,  "end" : 816,  "language" : "x-unspecified",  "documentTitle" : "cnn-07.txt",  "documentId" : "AYC",  "documentUri" : "file:/srv/inception/repository/project/2/document/2359/source/AYC",  "collectionId" : "file:/srv/inception/repository/project/2/document/2359/source/",  "documentBaseUri" : "file:/srv/inception/repository/project/2/document/2359/source/",  "isLastSegment" : false } ], 
      "TagsetDescription" : [
        {"sofa" : 1,  "layer" : "webanno.custom.PartsofCause",  "name" : "Parts of Cause",  "input" : false }, 
        {"sofa" : 1,  "layer" : "webanno.custom.TypesofCause",  "name" : "Causal Relations",  "input" : false } ], 
      "Sentence" : [
        {"sofa" : 1,  "end" : 153 }, 
        {"sofa" : 1,  "begin" : 154,  "end" : 308 }, 
        {"sofa" : 1,  "begin" : 309,  "end" : 434 }, 
        {"sofa" : 1,  "begin" : 435,  "end" : 556 }, 
        {"sofa" : 1,  "begin" : 557,  "end" : 615 }, 
        {"sofa" : 1,  "begin" : 616,  "end" : 764 }, 
        {"sofa" : 1,  "begin" : 765,  "end" : 816 } ], 
      "Token" : [
        {"sofa" : 1,  "end" : 1 }, 
        {"sofa" : 1,  "begin" : 2,  "end" : 5 }, 
        {"sofa" : 1,  "begin" : 6,  "end" : 14 }, 
        {"sofa" : 1,  "begin" : 15,  "end" : 16 }, 
        {"sofa" : 1,  "begin" : 17,  "end" : 24 }, 
        {"sofa" : 1,  "begin" : 25,  "end" : 29 }, 
        {"sofa" : 1,  "begin" : 30,  "end" : 41 }, 
        {"sofa" : 1,  "begin" : 42,  "end" : 51 }, 
        {"sofa" : 1,  "begin" : 52,  "end" : 54 }, 
        {"sofa" : 1,  "begin" : 55,  "end" : 60 }, 
        {"sofa" : 1,  "begin" : 61,  "end" : 66 }, 
        {"sofa" : 1,  "begin" : 67,  "end" : 72 }, 
        {"sofa" : 1,  "begin" : 73,  "end" : 81 }, 
        {"sofa" : 1,  "begin" : 82,  "end" : 83 }, 
        {"sofa" : 1,  "begin" : 84,  "end" : 92 }, 
        {"sofa" : 1,  "begin" : 93,  "end" : 98 }, 
        {"sofa" : 1,  "begin" : 99,  "end" : 103 }, 
        {"sofa" : 1,  "begin" : 104,  "end" : 108 }, 
        {"sofa" : 1,  "begin" : 109,  "end" : 115 }, 
        {"sofa" : 1,  "begin" : 116,  "end" : 125 }, 
        {"sofa" : 1,  "begin" : 126,  "end" : 128 }, 
        {"sofa" : 1,  "begin" : 129,  "end" : 132 }, 
        {"sofa" : 1,  "begin" : 133,  "end" : 141 }, 
        {"sofa" : 1,  "begin" : 142,  "end" : 145 }, 
        {"sofa" : 1,  "begin" : 146,  "end" : 151 }, 
        {"sofa" : 1,  "begin" : 152,  "end" : 153 }, 
        {"sofa" : 1,  "begin" : 154,  "end" : 159 }, 
        {"sofa" : 1,  "begin" : 160,  "end" : 162 }, 
        {"sofa" : 1,  "begin" : 163,  "end" : 166 }, 
        {"sofa" : 1,  "begin" : 167,  "end" : 172 }, 
        {"sofa" : 1,  "begin" : 173,  "end" : 175 }, 
        {"sofa" : 1,  "begin" : 176,  "end" : 180 }, 
        {"sofa" : 1,  "begin" : 181,  "end" : 182 }, 
        {"sofa" : 1,  "begin" : 183,  "end" : 189 }, 
        {"sofa" : 1,  "begin" : 190,  "end" : 191 }, 
        {"sofa" : 1,  "begin" : 192,  "end" : 197 }, 
        {"sofa" : 1,  "begin" : 198,  "end" : 199 }, 
        {"sofa" : 1,  "begin" : 200,  "end" : 205 }, 
        {"sofa" : 1,  "begin" : 206,  "end" : 209 }, 
        {"sofa" : 1,  "begin" : 210,  "end" : 214 }, 
        {"sofa" : 1,  "begin" : 215,  "end" : 216 }, 
        {"sofa" : 1,  "begin" : 217,  "end" : 223 }, 
        {"sofa" : 1,  "begin" : 224,  "end" : 230 }, 
        {"sofa" : 1,  "begin" : 231,  "end" : 234 }, 
        {"sofa" : 1,  "begin" : 235,  "end" : 239 }, 
        {"sofa" : 1,  "begin" : 240,  "end" : 247 }, 
        {"sofa" : 1,  "begin" : 248,  "end" : 249 }, 
        {"sofa" : 1,  "begin" : 250,  "end" : 257 }, 
        {"sofa" : 1,  "begin" : 258,  "end" : 262 }, 
        {"sofa" : 1,  "begin" : 263,  "end" : 265 }, 
        {"sofa" : 1,  "begin" : 266,  "end" : 269 }, 
        {"sofa" : 1,  "begin" : 270,  "end" : 275 }, 
        {"sofa" : 1,  "begin" : 276,  "end" : 280 }, 
        {"sofa" : 1,  "begin" : 281,  "end" : 282 }, 
        {"sofa" : 1,  "begin" : 283,  "end" : 286 }, 
        {"sofa" : 1,  "begin" : 287,  "end" : 291 }, 
        {"sofa" : 1,  "begin" : 292,  "end" : 296 }, 
        {"sofa" : 1,  "begin" : 297,  "end" : 306 }, 
        {"sofa" : 1,  "begin" : 307,  "end" : 308 }, 
        {"sofa" : 1,  "begin" : 309,  "end" : 311 }, 
        {"sofa" : 1,  "begin" : 312,  "end" : 315 }, 
        {"sofa" : 1,  "begin" : 316,  "end" : 318 }, 
        {"sofa" : 1,  "begin" : 319,  "end" : 323 }, 
        {"sofa" : 1,  "begin" : 324,  "end" : 331 }, 
        {"sofa" : 1,  "begin" : 332,  "end" : 338 }, 
        {"sofa" : 1,  "begin" : 339,  "end" : 342 }, 
        {"sofa" : 1,  "begin" : 343,  "end" : 345 }, 
        {"sofa" : 1,  "begin" : 346,  "end" : 347 }, 
        {"sofa" : 1,  "begin" : 348,  "end" : 352 }, 
        {"sofa" : 1,  "begin" : 353,  "end" : 354 }, 
        {"sofa" : 1,  "begin" : 355,  "end" : 358 }, 
        {"sofa" : 1,  "begin" : 359,  "end" : 364 }, 
        {"sofa" : 1,  "begin" : 365,  "end" : 373 }, 
        {"sofa" : 1,  "begin" : 374,  "end" : 377 }, 
        {"sofa" : 1,  "begin" : 378,  "end" : 383 }, 
        {"sofa" : 1,  "begin" : 384,  "end" : 392 }, 
        {"sofa" : 1,  "begin" : 393,  "end" : 394 }, 
        {"sofa" : 1,  "begin" : 395,  "end" : 401 }, 
        {"sofa" : 1,  "begin" : 402,  "end" : 408 }, 
        {"sofa" : 1,  "begin" : 409,  "end" : 410 }, 
        {"sofa" : 1,  "begin" : 411,  "end" : 414 }, 
        {"sofa" : 1,  "begin" : 415,  "end" : 425 }, 
        {"sofa" : 1,  "begin" : 426,  "end" : 432 }, 
        {"sofa" : 1,  "begin" : 433,  "end" : 434 }, 
        {"sofa" : 1,  "begin" : 435,  "end" : 439 }, 
        {"sofa" : 1,  "begin" : 440,  "end" : 446 }, 
        {"sofa" : 1,  "begin" : 447,  "end" : 451 }, 
        {"sofa" : 1,  "begin" : 452,  "end" : 455 }, 
        {"sofa" : 1,  "begin" : 456,  "end" : 463 }, 
        {"sofa" : 1,  "begin" : 464,  "end" : 471 }, 
        {"sofa" : 1,  "begin" : 472,  "end" : 475 }, 
        {"sofa" : 1,  "begin" : 476,  "end" : 479 }, 
        {"sofa" : 1,  "begin" : 480,  "end" : 481 }, 
        {"sofa" : 1,  "begin" : 482,  "end" : 487 }, 
        {"sofa" : 1,  "begin" : 488,  "end" : 490 }, 
        {"sofa" : 1,  "begin" : 491,  "end" : 494 }, 
        {"sofa" : 1,  "begin" : 495,  "end" : 503 }, 
        {"sofa" : 1,  "begin" : 504,  "end" : 507 }, 
        {"sofa" : 1,  "begin" : 508,  "end" : 511 }, 
        {"sofa" : 1,  "begin" : 512,  "end" : 519 }, 
        {"sofa" : 1,  "begin" : 520,  "end" : 522 }, 
        {"sofa" : 1,  "begin" : 523,  "end" : 525 }, 
        {"sofa" : 1,  "begin" : 526,  "end" : 533 }, 
        {"sofa" : 1,  "begin" : 534,  "end" : 542 }, 
        {"sofa" : 1,  "begin" : 543,  "end" : 554 }, 
        {"sofa" : 1,  "begin" : 555,  "end" : 556 }, 
        {"sofa" : 1,  "begin" : 557,  "end" : 559 }, 
        {"sofa" : 1,  "begin" : 560,  "end" : 563 }, 
        {"sofa" : 1,  "begin" : 564,  "end" : 567 }, 
        {"sofa" : 1,  "begin" : 568,  "end" : 576 }, 
        {"sofa" : 1,  "begin" : 577,  "end" : 578 }, 
        {"sofa" : 1,  "begin" : 579,  "end" : 585 }, 
        {"sofa" : 1,  "begin" : 586,  "end" : 587 }, 
        {"sofa" : 1,  "begin" : 588,  "end" : 591 }, 
        {"sofa" : 1,  "begin" : 592,  "end" : 598 }, 
        {"sofa" : 1,  "begin" : 599,  "end" : 608 }, 
        {"sofa" : 1,  "begin" : 609,  "end" : 613 }, 
        {"sofa" : 1,  "begin" : 614,  "end" : 615 }, 
        {"sofa" : 1,  "begin" : 616,  "end" : 622 }, 
        {"sofa" : 1,  "begin" : 623,  "end" : 625 }, 
        {"sofa" : 1,  "begin" : 626,  "end" : 633 }, 
        {"sofa" : 1,  "begin" : 634,  "end" : 642 }, 
        {"sofa" : 1,  "begin" : 643,  "end" : 652 }, 
        {"sofa" : 1,  "begin" : 653,  "end" : 655 }, 
        {"sofa" : 1,  "begin" : 656,  "end" : 657 }, 
        {"sofa" : 1,  "begin" : 658,  "end" : 667 }, 
        {"sofa" : 1,  "begin" : 668,  "end" : 672 }, 
        {"sofa" : 1,  "begin" : 673,  "end" : 682 }, 
        {"sofa" : 1,  "begin" : 683,  "end" : 689 }, 
        {"sofa" : 1,  "begin" : 690,  "end" : 693 }, 
        {"sofa" : 1,  "begin" : 694,  "end" : 702 }, 
        {"sofa" : 1,  "begin" : 703,  "end" : 704 }, 
        {"sofa" : 1,  "begin" : 705,  "end" : 712 }, 
        {"sofa" : 1,  "begin" : 713,  "end" : 720 }, 
        {"sofa" : 1,  "begin" : 721,  "end" : 726 }, 
        {"sofa" : 1,  "begin" : 727,  "end" : 729 }, 
        {"sofa" : 1,  "begin" : 730,  "end" : 742 }, 
        {"sofa" : 1,  "begin" : 743,  "end" : 749 }, 
        {"sofa" : 1,  "begin" : 750,  "end" : 753 }, 
        {"sofa" : 1,  "begin" : 754,  "end" : 762 }, 
        {"sofa" : 1,  "begin" : 763,  "end" : 764 }, 
        {"sofa" : 1,  "begin" : 765,  "end" : 767 }, 
        {"sofa" : 1,  "begin" : 768,  "end" : 775 }, 
        {"sofa" : 1,  "begin" : 776,  "end" : 778 }, 
        {"sofa" : 1,  "begin" : 779,  "end" : 786 }, 
        {"sofa" : 1,  "begin" : 787,  "end" : 788 }, 
        {"sofa" : 1,  "begin" : 789,  "end" : 792 }, 
        {"sofa" : 1,  "begin" : 793,  "end" : 800 }, 
        {"sofa" : 1,  "begin" : 801,  "end" : 809 }, 
        {"sofa" : 1,  "begin" : 810,  "end" : 814 }, 
        {"sofa" : 1,  "begin" : 815,  "end" : 816 } ], 
      "PartsofCause" : [2021,  2034,  2047 ], 
      "TypesofCause" : [
        {"sofa" : 1,  "begin" : 673,  "end" : 720,  "Dependent" : 2021,  "Governor" : 2034,  "TypesofCause" : "Effect" }, 
        {"sofa" : 1,  "begin" : 727,  "end" : 762,  "Dependent" : 2047,  "Governor" : 2034,  "TypesofCause" : "Cause" } ] } }, 
  "_referenced_fss" : {
    "1" : {"_type" : "Sofa",  "sofaNum" : 1,  "sofaID" : "_InitialView",  "mimeType" : "text",  "sofaString" : "A man carrying a Mexican flag interrupted Wednesday 's Nobel Peace Prize ceremony , standing steps away from Malala Yousafzai as she received her award .\nVideo of the event in Oslo , Norway , shows a young man with a camera around his neck holding a Mexican flag on the stage just a few feet from Yousafzai .\nHe can be seen turning toward the 17 - year - old Nobel Laureate and heard shouting \" Please Malala \" and mentioning Mexico .\nOslo police said the Mexican citizen was not a guest at the ceremony and had managed to go through security checkpoints .\nHe was not carrying a weapon , the police spokesman said .\nMexico 's Foreign Ministry confirmed in a statement that Norwegian police had detained a Mexican citizen after an interruption during the ceremony .\nHe remains in custody , the foreign ministry said ." }, 
    "2021" : {"_type" : "PartsofCause",  "sofa" : 1,  "begin" : 673,  "end" : 720,  "PartsofCause" : "Argument" }, 
    "2034" : {"_type" : "PartsofCause",  "sofa" : 1,  "begin" : 721,  "end" : 726,  "PartsofCause" : "Causing" }, 
    "2047" : {"_type" : "PartsofCause",  "sofa" : 1,  "begin" : 727,  "end" : 762,  "PartsofCause" : "Argument" }, 
    "2104" : {"_type" : "LayerDefinition",  "name" : "webanno.custom.TypesofCause",  "uiName" : "Types of Cause" }, 
    "2097" : {"_type" : "LayerDefinition",  "name" : "webanno.custom.PartsofCause",  "uiName" : "Parts of Cause" }, 
    "2086" : {"_type" : "LayerDefinition",  "name" : "webanno.custom.DisjointCausalSpans",  "uiName" : "Disjoint Causal Spans" } } }