{"_context" : {
    "_types" : {
      "DocumentMetaData" : {
        "_feature_types" : {"sofa" : "_ref" } }, 
      "FeatureDefinition" : {
        "_feature_types" : {"layer" : "_ref" } }, 
      "LayerDefinition" : { }, 
      "PartsofCause" : {
        "_feature_types" : {"sofa" : "_ref" } }, 
      "Sentence" : {
        "_feature_types" : {"sofa" : "_ref" } }, 
      "Sofa" : {
        "_feature_types" : {"sofaArray" : "_ref" } }, 
      "TagsetDescription" : {
        "_feature_types" : {"sofa" : "_ref",  "tags" : "_ref" } }, 
      "Token" : {
        "_feature_types" : {"sofa" : "_ref",  "parent" : "_ref",  "lemma" : "_ref",  "stem" : "_ref",  "pos" : "_ref",  "morph" : "_ref",  "form" : "_ref" } }, 
      "TypesofCause" : {
        "_feature_types" : {"sofa" : "_ref",  "Dependent" : "_ref",  "Governor" : "_ref" } }, 
      "DocumentAnnotation" : {
        "_feature_types" : {"sofa" : "_ref" }, 
        "_subtypes" : ["DocumentMetaData" ] }, 
      "Annotation" : {
        "_feature_types" : {"sofa" : "_ref" }, 
        "_subtypes" : ["DocumentAnnotation",  "PartsofCause",  "Sentence",  "TagsetDescription",  "Token",  "TypesofCause" ] }, 
      "AnnotationBase" : {
        "_feature_types" : {"sofa" : "_ref" }, 
        "_subtypes" : ["Annotation" ] }, 
      "TOP" : {
        "_subtypes" : ["AnnotationBase",  "FeatureDefinition",  "LayerDefinition",  "Sofa" ] } } }, 
  "_views" : {
    "_InitialView" : {
      "FeatureDefinition" : [
        {"layer" : 2046,  "name" : "referenceRelation",  "uiName" : "Reference Relation" }, 
        {"layer" : 2046,  "name" : "referenceType",  "uiName" : "Reference Type" }, 
        {"layer" : 2057,  "name" : "PartsofCause",  "uiName" : "Parts of Cause" }, 
        {"layer" : 2064,  "name" : "TypesofCause",  "uiName" : "Types of Cause" } ], 
      "LayerDefinition" : [2046,  2057,  2064 ], 
      "DocumentMetaData" : [
        {"sofa" : 1,  "end" : 651,  "language" : "x-unspecified",  "documentTitle" : "reddit-048.txt",  "documentId" : "AYC",  "documentUri" : "file:/srv/inception/repository/project/2/document/2450/source/AYC",  "collectionId" : "file:/srv/inception/repository/project/2/document/2450/source/",  "documentBaseUri" : "file:/srv/inception/repository/project/2/document/2450/source/",  "isLastSegment" : false } ], 
      "TagsetDescription" : [
        {"sofa" : 1,  "layer" : "webanno.custom.PartsofCause",  "name" : "Parts of Cause",  "input" : false }, 
        {"sofa" : 1,  "layer" : "webanno.custom.TypesofCause",  "name" : "Causal Relations",  "input" : false } ], 
      "Sentence" : [
        {"sofa" : 1,  "end" : 216 }, 
        {"sofa" : 1,  "begin" : 217,  "end" : 538 }, 
        {"sofa" : 1,  "begin" : 539,  "end" : 651 } ], 
      "Token" : [
        {"sofa" : 1,  "end" : 4 }, 
        {"sofa" : 1,  "begin" : 5,  "end" : 7 }, 
        {"sofa" : 1,  "begin" : 8,  "end" : 11 }, 
        {"sofa" : 1,  "begin" : 12,  "end" : 16 }, 
        {"sofa" : 1,  "begin" : 17,  "end" : 20 }, 
        {"sofa" : 1,  "begin" : 21,  "end" : 25 }, 
        {"sofa" : 1,  "begin" : 26,  "end" : 30 }, 
        {"sofa" : 1,  "begin" : 31,  "end" : 40 }, 
        {"sofa" : 1,  "begin" : 41,  "end" : 43 }, 
        {"sofa" : 1,  "begin" : 44,  "end" : 50 }, 
        {"sofa" : 1,  "begin" : 51,  "end" : 54 }, 
        {"sofa" : 1,  "begin" : 55,  "end" : 65 }, 
        {"sofa" : 1,  "begin" : 66,  "end" : 67 }, 
        {"sofa" : 1,  "begin" : 68,  "end" : 78 }, 
        {"sofa" : 1,  "begin" : 79,  "end" : 81 }, 
        {"sofa" : 1,  "begin" : 82,  "end" : 85 }, 
        {"sofa" : 1,  "begin" : 86,  "end" : 90 }, 
        {"sofa" : 1,  "begin" : 91,  "end" : 98 }, 
        {"sofa" : 1,  "begin" : 99,  "end" : 105 }, 
        {"sofa" : 1,  "begin" : 106,  "end" : 108 }, 
        {"sofa" : 1,  "begin" : 109,  "end" : 111 }, 
        {"sofa" : 1,  "begin" : 112,  "end" : 114 }, 
        {"sofa" : 1,  "begin" : 115,  "end" : 122 }, 
        {"sofa" : 1,  "begin" : 123,  "end" : 129 }, 
        {"sofa" : 1,  "begin" : 130,  "end" : 133 }, 
        {"sofa" : 1,  "begin" : 134,  "end" : 139 }, 
        {"sofa" : 1,  "begin" : 140,  "end" : 142 }, 
        {"sofa" : 1,  "begin" : 143,  "end" : 145 }, 
        {"sofa" : 1,  "begin" : 146,  "end" : 148 }, 
        {"sofa" : 1,  "begin" : 149,  "end" : 155 }, 
        {"sofa" : 1,  "begin" : 156,  "end" : 160 }, 
        {"sofa" : 1,  "begin" : 161,  "end" : 164 }, 
        {"sofa" : 1,  "begin" : 165,  "end" : 168 }, 
        {"sofa" : 1,  "begin" : 169,  "end" : 170 }, 
        {"sofa" : 1,  "begin" : 171,  "end" : 178 }, 
        {"sofa" : 1,  "begin" : 179,  "end" : 184 }, 
        {"sofa" : 1,  "begin" : 185,  "end" : 189 }, 
        {"sofa" : 1,  "begin" : 190,  "end" : 192 }, 
        {"sofa" : 1,  "begin" : 193,  "end" : 202 }, 
        {"sofa" : 1,  "begin" : 203,  "end" : 208 }, 
        {"sofa" : 1,  "begin" : 209,  "end" : 214 }, 
        {"sofa" : 1,  "begin" : 215,  "end" : 216 }, 
        {"sofa" : 1,  "begin" : 217,  "end" : 218 }, 
        {"sofa" : 1,  "begin" : 219,  "end" : 222 }, 
        {"sofa" : 1,  "begin" : 223,  "end" : 224 }, 
        {"sofa" : 1,  "begin" : 225,  "end" : 233 }, 
        {"sofa" : 1,  "begin" : 234,  "end" : 236 }, 
        {"sofa" : 1,  "begin" : 237,  "end" : 241 }, 
        {"sofa" : 1,  "begin" : 242,  "end" : 246 }, 
        {"sofa" : 1,  "begin" : 247,  "end" : 250 }, 
        {"sofa" : 1,  "begin" : 251,  "end" : 252 }, 
        {"sofa" : 1,  "begin" : 253,  "end" : 261 }, 
        {"sofa" : 1,  "begin" : 262,  "end" : 264 }, 
        {"sofa" : 1,  "begin" : 265,  "end" : 270 }, 
        {"sofa" : 1,  "begin" : 271,  "end" : 274 }, 
        {"sofa" : 1,  "begin" : 275,  "end" : 284 }, 
        {"sofa" : 1,  "begin" : 285,  "end" : 289 }, 
        {"sofa" : 1,  "begin" : 290,  "end" : 291 }, 
        {"sofa" : 1,  "begin" : 292,  "end" : 295 }, 
        {"sofa" : 1,  "begin" : 296,  "end" : 297 }, 
        {"sofa" : 1,  "begin" : 298,  "end" : 300 }, 
        {"sofa" : 1,  "begin" : 301,  "end" : 304 }, 
        {"sofa" : 1,  "begin" : 305,  "end" : 306 }, 
        {"sofa" : 1,  "begin" : 307,  "end" : 316 }, 
        {"sofa" : 1,  "begin" : 317,  "end" : 319 }, 
        {"sofa" : 1,  "begin" : 320,  "end" : 324 }, 
        {"sofa" : 1,  "begin" : 325,  "end" : 329 }, 
        {"sofa" : 1,  "begin" : 330,  "end" : 335 }, 
        {"sofa" : 1,  "begin" : 336,  "end" : 343 }, 
        {"sofa" : 1,  "begin" : 344,  "end" : 350 }, 
        {"sofa" : 1,  "begin" : 351,  "end" : 353 }, 
        {"sofa" : 1,  "begin" : 354,  "end" : 358 }, 
        {"sofa" : 1,  "begin" : 359,  "end" : 362 }, 
        {"sofa" : 1,  "begin" : 363,  "end" : 368 }, 
        {"sofa" : 1,  "begin" : 369,  "end" : 370 }, 
        {"sofa" : 1,  "begin" : 371,  "end" : 372 }, 
        {"sofa" : 1,  "begin" : 373,  "end" : 375 }, 
        {"sofa" : 1,  "begin" : 376,  "end" : 384 }, 
        {"sofa" : 1,  "begin" : 385,  "end" : 387 }, 
        {"sofa" : 1,  "begin" : 388,  "end" : 392 }, 
        {"sofa" : 1,  "begin" : 393,  "end" : 399 }, 
        {"sofa" : 1,  "begin" : 400,  "end" : 404 }, 
        {"sofa" : 1,  "begin" : 405,  "end" : 407 }, 
        {"sofa" : 1,  "begin" : 408,  "end" : 417 }, 
        {"sofa" : 1,  "begin" : 418,  "end" : 423 }, 
        {"sofa" : 1,  "begin" : 424,  "end" : 431 }, 
        {"sofa" : 1,  "begin" : 432,  "end" : 437 }, 
        {"sofa" : 1,  "begin" : 438,  "end" : 441 }, 
        {"sofa" : 1,  "begin" : 442,  "end" : 447 }, 
        {"sofa" : 1,  "begin" : 448,  "end" : 455 }, 
        {"sofa" : 1,  "begin" : 456,  "end" : 458 }, 
        {"sofa" : 1,  "begin" : 459,  "end" : 465 }, 
        {"sofa" : 1,  "begin" : 466,  "end" : 467 }, 
        {"sofa" : 1,  "begin" : 468,  "end" : 471 }, 
        {"sofa" : 1,  "begin" : 472,  "end" : 479 }, 
        {"sofa" : 1,  "begin" : 480,  "end" : 486 }, 
        {"sofa" : 1,  "begin" : 487,  "end" : 494 }, 
        {"sofa" : 1,  "begin" : 495,  "end" : 501 }, 
        {"sofa" : 1,  "begin" : 502,  "end" : 503 }, 
        {"sofa" : 1,  "begin" : 504,  "end" : 507 }, 
        {"sofa" : 1,  "begin" : 508,  "end" : 513 }, 
        {"sofa" : 1,  "begin" : 514,  "end" : 516 }, 
        {"sofa" : 1,  "begin" : 517,  "end" : 521 }, 
        {"sofa" : 1,  "begin" : 522,  "end" : 524 }, 
        {"sofa" : 1,  "begin" : 525,  "end" : 526 }, 
        {"sofa" : 1,  "begin" : 527,  "end" : 531 }, 
        {"sofa" : 1,  "begin" : 532,  "end" : 536 }, 
        {"sofa" : 1,  "begin" : 537,  "end" : 538 }, 
        {"sofa" : 1,  "begin" : 539,  "end" : 545 }, 
        {"sofa" : 1,  "begin" : 546,  "end" : 552 }, 
        {"sofa" : 1,  "begin" : 553,  "end" : 554 }, 
        {"sofa" : 1,  "begin" : 555,  "end" : 559 }, 
        {"sofa" : 1,  "begin" : 560,  "end" : 569 }, 
        {"sofa" : 1,  "begin" : 570,  "end" : 578 }, 
        {"sofa" : 1,  "begin" : 579,  "end" : 581 }, 
        {"sofa" : 1,  "begin" : 582,  "end" : 588 }, 
        {"sofa" : 1,  "begin" : 589,  "end" : 590 }, 
        {"sofa" : 1,  "begin" : 591,  "end" : 597 }, 
        {"sofa" : 1,  "begin" : 598,  "end" : 605 }, 
        {"sofa" : 1,  "begin" : 606,  "end" : 609 }, 
        {"sofa" : 1,  "begin" : 610,  "end" : 615 }, 
        {"sofa" : 1,  "begin" : 616,  "end" : 619 }, 
        {"sofa" : 1,  "begin" : 620,  "end" : 630 }, 
        {"sofa" : 1,  "begin" : 631,  "end" : 634 }, 
        {"sofa" : 1,  "begin" : 635,  "end" : 644 }, 
        {"sofa" : 1,  "begin" : 645,  "end" : 646 }, 
        {"sofa" : 1,  "begin" : 647,  "end" : 651 } ], 
      "PartsofCause" : [1715,  1689,  1702,  1969,  1982,  1995,  1784,  1758,  1771,  1827,  1840,  1853,  1896,  1909,  1922 ], 
      "TypesofCause" : [
        {"sofa" : 1,  "begin" : 17,  "end" : 65,  "Dependent" : 1715,  "Governor" : 1689,  "TypesofCause" : "Effect" }, 
        {"sofa" : 1,  "begin" : 82,  "end" : 160,  "Dependent" : 1702,  "Governor" : 1689,  "TypesofCause" : "Cause" }, 
        {"sofa" : 1,  "begin" : 82,  "end" : 105,  "Dependent" : 1969,  "Governor" : 1982,  "TypesofCause" : "Cause" }, 
        {"sofa" : 1,  "begin" : 109,  "end" : 160,  "Dependent" : 1995,  "Governor" : 1982,  "TypesofCause" : "Effect" }, 
        {"sofa" : 1,  "begin" : 480,  "end" : 513,  "Dependent" : 1784,  "Governor" : 1758,  "TypesofCause" : "Effect" }, 
        {"sofa" : 1,  "begin" : 517,  "end" : 536,  "Dependent" : 1771,  "Governor" : 1758,  "TypesofCause" : "Cause" }, 
        {"sofa" : 1,  "begin" : 555,  "end" : 578,  "Dependent" : 1827,  "Governor" : 1840,  "TypesofCause" : "Effect" }, 
        {"sofa" : 1,  "begin" : 582,  "end" : 588,  "Dependent" : 1853,  "Governor" : 1840,  "TypesofCause" : "Cause" }, 
        {"sofa" : 1,  "begin" : 591,  "end" : 605,  "Dependent" : 1896,  "Governor" : 1909,  "TypesofCause" : "Effect" }, 
        {"sofa" : 1,  "begin" : 610,  "end" : 644,  "Dependent" : 1922,  "Governor" : 1909,  "TypesofCause" : "Cause" } ] } }, 
  "_referenced_fss" : {
    "1" : {"_type" : "Sofa",  "sofaNum" : 1,  "sofaID" : "_InitialView",  "mimeType" : "text",  "sofaString" : "Like we all know the jump from in-person to remote was horrendous , especially if you were unlucky enough to be in college during the brunt of it in Spring 2020 But idk , somehow going back to in-person seems worse .\nI was a freshman in Fall 2020 and I finished my first two semesters with a 3.9 I 'm now a sophomore in Fall 2021 after already having to drop one class , I 'm fighting to just barely pass my remaining three classes There are other factors of course , but somehow online classes seemed a bit nicer if that 's a good word ?\nBetter taught , more materials provided to review , better modules for going for coursework and reviewing , etc." }, 
    "1715" : {"_type" : "PartsofCause",  "sofa" : 1,  "begin" : 17,  "end" : 65,  "PartsofCause" : "Argument" }, 
    "1689" : {"_type" : "PartsofCause",  "sofa" : 1,  "begin" : 79,  "end" : 81,  "PartsofCause" : "Causing" }, 
    "1702" : {"_type" : "PartsofCause",  "sofa" : 1,  "begin" : 82,  "end" : 160,  "PartsofCause" : "Argument" }, 
    "1969" : {"_type" : "PartsofCause",  "sofa" : 1,  "begin" : 82,  "end" : 105,  "PartsofCause" : "Argument" }, 
    "1982" : {"_type" : "PartsofCause",  "sofa" : 1,  "begin" : 106,  "end" : 108,  "PartsofCause" : "Causing" }, 
    "1995" : {"_type" : "PartsofCause",  "sofa" : 1,  "begin" : 109,  "end" : 160,  "PartsofCause" : "Argument" }, 
    "1784" : {"_type" : "PartsofCause",  "sofa" : 1,  "begin" : 480,  "end" : 513,  "PartsofCause" : "Argument" }, 
    "1758" : {"_type" : "PartsofCause",  "sofa" : 1,  "begin" : 514,  "end" : 516,  "PartsofCause" : "Causing" }, 
    "1771" : {"_type" : "PartsofCause",  "sofa" : 1,  "begin" : 517,  "end" : 536,  "PartsofCause" : "Argument" }, 
    "1827" : {"_type" : "PartsofCause",  "sofa" : 1,  "begin" : 555,  "end" : 578,  "PartsofCause" : "Argument" }, 
    "1840" : {"_type" : "PartsofCause",  "sofa" : 1,  "begin" : 579,  "end" : 581,  "PartsofCause" : "Causing" }, 
    "1853" : {"_type" : "PartsofCause",  "sofa" : 1,  "begin" : 582,  "end" : 588,  "PartsofCause" : "Argument" }, 
    "1896" : {"_type" : "PartsofCause",  "sofa" : 1,  "begin" : 591,  "end" : 605,  "PartsofCause" : "Argument" }, 
    "1909" : {"_type" : "PartsofCause",  "sofa" : 1,  "begin" : 606,  "end" : 609,  "PartsofCause" : "Causing" }, 
    "1922" : {"_type" : "PartsofCause",  "sofa" : 1,  "begin" : 610,  "end" : 644,  "PartsofCause" : "Argument" }, 
    "2064" : {"_type" : "LayerDefinition",  "name" : "webanno.custom.TypesofCause",  "uiName" : "Types of Cause" }, 
    "2046" : {"_type" : "LayerDefinition",  "name" : "webanno.custom.DisjointCausalSpans",  "uiName" : "Disjoint Causal Spans" }, 
    "2057" : {"_type" : "LayerDefinition",  "name" : "webanno.custom.PartsofCause",  "uiName" : "Parts of Cause" } } }