{"_context" : {
    "_types" : {
      "DocumentMetaData" : {
        "_feature_types" : {"sofa" : "_ref" } }, 
      "FeatureDefinition" : {
        "_feature_types" : {"layer" : "_ref" } }, 
      "LayerDefinition" : { }, 
      "PartsofCause" : {
        "_feature_types" : {"sofa" : "_ref" } }, 
      "Sentence" : {
        "_feature_types" : {"sofa" : "_ref" } }, 
      "Sofa" : {
        "_feature_types" : {"sofaArray" : "_ref" } }, 
      "TagsetDescription" : {
        "_feature_types" : {"sofa" : "_ref",  "tags" : "_ref" } }, 
      "Token" : {
        "_feature_types" : {"sofa" : "_ref",  "parent" : "_ref",  "lemma" : "_ref",  "stem" : "_ref",  "pos" : "_ref",  "morph" : "_ref",  "form" : "_ref" } }, 
      "TypesofCause" : {
        "_feature_types" : {"sofa" : "_ref",  "Dependent" : "_ref",  "Governor" : "_ref" } }, 
      "DocumentAnnotation" : {
        "_feature_types" : {"sofa" : "_ref" }, 
        "_subtypes" : ["DocumentMetaData" ] }, 
      "Annotation" : {
        "_feature_types" : {"sofa" : "_ref" }, 
        "_subtypes" : ["DocumentAnnotation",  "PartsofCause",  "Sentence",  "TagsetDescription",  "Token",  "TypesofCause" ] }, 
      "AnnotationBase" : {
        "_feature_types" : {"sofa" : "_ref" }, 
        "_subtypes" : ["Annotation" ] }, 
      "TOP" : {
        "_subtypes" : ["AnnotationBase",  "FeatureDefinition",  "LayerDefinition",  "Sofa" ] } } }, 
  "_views" : {
    "_InitialView" : {
      "FeatureDefinition" : [
        {"layer" : 2001,  "name" : "referenceRelation",  "uiName" : "Reference Relation" }, 
        {"layer" : 2001,  "name" : "referenceType",  "uiName" : "Reference Type" }, 
        {"layer" : 2012,  "name" : "PartsofCause",  "uiName" : "Parts of Cause" }, 
        {"layer" : 2019,  "name" : "TypesofCause",  "uiName" : "Types of Cause" } ], 
      "LayerDefinition" : [2001,  2012,  2019 ], 
      "DocumentMetaData" : [
        {"sofa" : 1,  "end" : 559,  "language" : "x-unspecified",  "documentTitle" : "fable-07.txt",  "documentId" : "GJW",  "documentUri" : "file:/srv/inception/repository/project/2/document/2309/source/GJW",  "collectionId" : "file:/srv/inception/repository/project/2/document/2309/source/",  "documentBaseUri" : "file:/srv/inception/repository/project/2/document/2309/source/",  "isLastSegment" : false } ], 
      "TagsetDescription" : [
        {"sofa" : 1,  "layer" : "webanno.custom.PartsofCause",  "name" : "Parts of Cause",  "input" : false }, 
        {"sofa" : 1,  "layer" : "webanno.custom.TypesofCause",  "name" : "Causal Relations",  "input" : false } ], 
      "Sentence" : [
        {"sofa" : 1,  "end" : 61 }, 
        {"sofa" : 1,  "begin" : 62,  "end" : 123 }, 
        {"sofa" : 1,  "begin" : 124,  "end" : 137 }, 
        {"sofa" : 1,  "begin" : 138,  "end" : 155 }, 
        {"sofa" : 1,  "begin" : 156,  "end" : 372 }, 
        {"sofa" : 1,  "begin" : 373,  "end" : 470 }, 
        {"sofa" : 1,  "begin" : 471,  "end" : 488 }, 
        {"sofa" : 1,  "begin" : 489,  "end" : 509 }, 
        {"sofa" : 1,  "begin" : 510,  "end" : 540 }, 
        {"sofa" : 1,  "begin" : 541,  "end" : 559 } ], 
      "Token" : [
        {"sofa" : 1,  "end" : 1 }, 
        {"sofa" : 1,  "begin" : 2,  "end" : 8 }, 
        {"sofa" : 1,  "begin" : 9,  "end" : 15 }, 
        {"sofa" : 1,  "begin" : 16,  "end" : 17 }, 
        {"sofa" : 1,  "begin" : 18,  "end" : 27 }, 
        {"sofa" : 1,  "begin" : 28,  "end" : 29 }, 
        {"sofa" : 1,  "begin" : 30,  "end" : 33 }, 
        {"sofa" : 1,  "begin" : 34,  "end" : 37 }, 
        {"sofa" : 1,  "begin" : 38,  "end" : 42 }, 
        {"sofa" : 1,  "begin" : 43,  "end" : 48 }, 
        {"sofa" : 1,  "begin" : 49,  "end" : 51 }, 
        {"sofa" : 1,  "begin" : 52,  "end" : 56 }, 
        {"sofa" : 1,  "begin" : 57,  "end" : 59 }, 
        {"sofa" : 1,  "begin" : 60,  "end" : 61 }, 
        {"sofa" : 1,  "begin" : 62,  "end" : 63 }, 
        {"sofa" : 1,  "begin" : 64,  "end" : 68 }, 
        {"sofa" : 1,  "begin" : 69,  "end" : 70 }, 
        {"sofa" : 1,  "begin" : 71,  "end" : 77 }, 
        {"sofa" : 1,  "begin" : 78,  "end" : 79 }, 
        {"sofa" : 1,  "begin" : 80,  "end" : 81 }, 
        {"sofa" : 1,  "begin" : 82,  "end" : 86 }, 
        {"sofa" : 1,  "begin" : 87,  "end" : 90 }, 
        {"sofa" : 1,  "begin" : 91,  "end" : 100 }, 
        {"sofa" : 1,  "begin" : 101,  "end" : 102 }, 
        {"sofa" : 1,  "begin" : 103,  "end" : 104 }, 
        {"sofa" : 1,  "begin" : 105,  "end" : 107 }, 
        {"sofa" : 1,  "begin" : 108,  "end" : 111 }, 
        {"sofa" : 1,  "begin" : 112,  "end" : 116 }, 
        {"sofa" : 1,  "begin" : 117,  "end" : 119 }, 
        {"sofa" : 1,  "begin" : 120,  "end" : 121 }, 
        {"sofa" : 1,  "begin" : 122,  "end" : 123 }, 
        {"sofa" : 1,  "begin" : 124,  "end" : 125 }, 
        {"sofa" : 1,  "begin" : 126,  "end" : 129 }, 
        {"sofa" : 1,  "begin" : 130,  "end" : 133 }, 
        {"sofa" : 1,  "begin" : 134,  "end" : 135 }, 
        {"sofa" : 1,  "begin" : 136,  "end" : 137 }, 
        {"sofa" : 1,  "begin" : 138,  "end" : 142 }, 
        {"sofa" : 1,  "begin" : 143,  "end" : 146 }, 
        {"sofa" : 1,  "begin" : 147,  "end" : 153 }, 
        {"sofa" : 1,  "begin" : 154,  "end" : 155 }, 
        {"sofa" : 1,  "begin" : 156,  "end" : 157 }, 
        {"sofa" : 1,  "begin" : 158,  "end" : 165 }, 
        {"sofa" : 1,  "begin" : 166,  "end" : 167 }, 
        {"sofa" : 1,  "begin" : 168,  "end" : 172 }, 
        {"sofa" : 1,  "begin" : 173,  "end" : 175 }, 
        {"sofa" : 1,  "begin" : 176,  "end" : 180 }, 
        {"sofa" : 1,  "begin" : 181,  "end" : 182 }, 
        {"sofa" : 1,  "begin" : 183,  "end" : 184 }, 
        {"sofa" : 1,  "begin" : 185,  "end" : 189 }, 
        {"sofa" : 1,  "begin" : 190,  "end" : 193 }, 
        {"sofa" : 1,  "begin" : 194,  "end" : 203 }, 
        {"sofa" : 1,  "begin" : 204,  "end" : 205 }, 
        {"sofa" : 1,  "begin" : 206,  "end" : 207 }, 
        {"sofa" : 1,  "begin" : 208,  "end" : 211 }, 
        {"sofa" : 1,  "begin" : 212,  "end" : 213 }, 
        {"sofa" : 1,  "begin" : 214,  "end" : 221 }, 
        {"sofa" : 1,  "begin" : 222,  "end" : 223 }, 
        {"sofa" : 1,  "begin" : 224,  "end" : 226 }, 
        {"sofa" : 1,  "begin" : 227,  "end" : 230 }, 
        {"sofa" : 1,  "begin" : 231,  "end" : 234 }, 
        {"sofa" : 1,  "begin" : 235,  "end" : 237 }, 
        {"sofa" : 1,  "begin" : 238,  "end" : 240 }, 
        {"sofa" : 1,  "begin" : 241,  "end" : 242 }, 
        {"sofa" : 1,  "begin" : 243,  "end" : 244 }, 
        {"sofa" : 1,  "begin" : 245,  "end" : 249 }, 
        {"sofa" : 1,  "begin" : 250,  "end" : 255 }, 
        {"sofa" : 1,  "begin" : 256,  "end" : 260 }, 
        {"sofa" : 1,  "begin" : 261,  "end" : 263 }, 
        {"sofa" : 1,  "begin" : 264,  "end" : 266 }, 
        {"sofa" : 1,  "begin" : 267,  "end" : 274 }, 
        {"sofa" : 1,  "begin" : 275,  "end" : 278 }, 
        {"sofa" : 1,  "begin" : 279,  "end" : 288 }, 
        {"sofa" : 1,  "begin" : 289,  "end" : 293 }, 
        {"sofa" : 1,  "begin" : 294,  "end" : 295 }, 
        {"sofa" : 1,  "begin" : 296,  "end" : 299 }, 
        {"sofa" : 1,  "begin" : 300,  "end" : 303 }, 
        {"sofa" : 1,  "begin" : 304,  "end" : 307 }, 
        {"sofa" : 1,  "begin" : 308,  "end" : 313 }, 
        {"sofa" : 1,  "begin" : 314,  "end" : 318 }, 
        {"sofa" : 1,  "begin" : 319,  "end" : 320 }, 
        {"sofa" : 1,  "begin" : 321,  "end" : 324 }, 
        {"sofa" : 1,  "begin" : 325,  "end" : 329 }, 
        {"sofa" : 1,  "begin" : 330,  "end" : 334 }, 
        {"sofa" : 1,  "begin" : 335,  "end" : 337 }, 
        {"sofa" : 1,  "begin" : 338,  "end" : 344 }, 
        {"sofa" : 1,  "begin" : 345,  "end" : 349 }, 
        {"sofa" : 1,  "begin" : 350,  "end" : 354 }, 
        {"sofa" : 1,  "begin" : 355,  "end" : 358 }, 
        {"sofa" : 1,  "begin" : 359,  "end" : 363 }, 
        {"sofa" : 1,  "begin" : 364,  "end" : 368 }, 
        {"sofa" : 1,  "begin" : 369,  "end" : 370 }, 
        {"sofa" : 1,  "begin" : 371,  "end" : 372 }, 
        {"sofa" : 1,  "begin" : 373,  "end" : 374 }, 
        {"sofa" : 1,  "begin" : 375,  "end" : 378 }, 
        {"sofa" : 1,  "begin" : 379,  "end" : 382 }, 
        {"sofa" : 1,  "begin" : 383,  "end" : 390 }, 
        {"sofa" : 1,  "begin" : 391,  "end" : 392 }, 
        {"sofa" : 1,  "begin" : 393,  "end" : 397 }, 
        {"sofa" : 1,  "begin" : 398,  "end" : 399 }, 
        {"sofa" : 1,  "begin" : 400,  "end" : 404 }, 
        {"sofa" : 1,  "begin" : 405,  "end" : 409 }, 
        {"sofa" : 1,  "begin" : 410,  "end" : 417 }, 
        {"sofa" : 1,  "begin" : 418,  "end" : 421 }, 
        {"sofa" : 1,  "begin" : 422,  "end" : 431 }, 
        {"sofa" : 1,  "begin" : 432,  "end" : 438 }, 
        {"sofa" : 1,  "begin" : 439,  "end" : 442 }, 
        {"sofa" : 1,  "begin" : 443,  "end" : 444 }, 
        {"sofa" : 1,  "begin" : 445,  "end" : 447 }, 
        {"sofa" : 1,  "begin" : 448,  "end" : 452 }, 
        {"sofa" : 1,  "begin" : 453,  "end" : 457 }, 
        {"sofa" : 1,  "begin" : 458,  "end" : 461 }, 
        {"sofa" : 1,  "begin" : 462,  "end" : 466 }, 
        {"sofa" : 1,  "begin" : 467,  "end" : 468 }, 
        {"sofa" : 1,  "begin" : 469,  "end" : 470 }, 
        {"sofa" : 1,  "begin" : 471,  "end" : 475 }, 
        {"sofa" : 1,  "begin" : 476,  "end" : 479 }, 
        {"sofa" : 1,  "begin" : 480,  "end" : 486 }, 
        {"sofa" : 1,  "begin" : 487,  "end" : 488 }, 
        {"sofa" : 1,  "begin" : 489,  "end" : 490 }, 
        {"sofa" : 1,  "begin" : 491,  "end" : 497 }, 
        {"sofa" : 1,  "begin" : 498,  "end" : 507 }, 
        {"sofa" : 1,  "begin" : 508,  "end" : 509 }, 
        {"sofa" : 1,  "begin" : 510,  "end" : 513 }, 
        {"sofa" : 1,  "begin" : 514,  "end" : 518 }, 
        {"sofa" : 1,  "begin" : 519,  "end" : 524 }, 
        {"sofa" : 1,  "begin" : 525,  "end" : 529 }, 
        {"sofa" : 1,  "begin" : 530,  "end" : 536 }, 
        {"sofa" : 1,  "begin" : 537,  "end" : 538 }, 
        {"sofa" : 1,  "begin" : 539,  "end" : 540 }, 
        {"sofa" : 1,  "begin" : 541,  "end" : 544 }, 
        {"sofa" : 1,  "begin" : 545,  "end" : 547 }, 
        {"sofa" : 1,  "begin" : 548,  "end" : 554 }, 
        {"sofa" : 1,  "begin" : 555,  "end" : 557 }, 
        {"sofa" : 1,  "begin" : 558,  "end" : 559 } ], 
      "PartsofCause" : [1876,  1823,  1844,  1916,  1933,  1946 ], 
      "TypesofCause" : [
        {"sofa" : 1,  "begin" : 105,  "end" : 119,  "Dependent" : 1876,  "Governor" : 1823,  "TypesofCause" : "Effect" }, 
        {"sofa" : 1,  "begin" : 166,  "end" : 180,  "Dependent" : 1844,  "Governor" : 1823,  "TypesofCause" : "Cause" }, 
        {"sofa" : 1,  "begin" : 227,  "end" : 240,  "Dependent" : 1933,  "Governor" : 1916,  "TypesofCause" : "Cause" }, 
        {"sofa" : 1,  "begin" : 243,  "end" : 293,  "Dependent" : 1946,  "Governor" : 1916,  "TypesofCause" : "Effect" } ] } }, 
  "_referenced_fss" : {
    "1" : {"_type" : "Sofa",  "sofaNum" : 1,  "sofaID" : "_InitialView",  "mimeType" : "text",  "sofaString" : "A FOWLER caught a Partridge , and was just going to kill it .\n“ Wait a moment , ” said the Partridge ; “ do n’t kill me . ”\n“ Why not ? ”\nsaid the Fowler .\n“ Because I like to live , ” said the Partridge ; “ and , besides , if you let me go , I will bring some of my friends and neighbors here , and you can catch them , and that will be better than only one poor bird . ”\n“ You are willing , then , that your friends and neighbors should die , to save your own life ? ”\nsaid the Fowler .\n“ Wicked Partridge !\nyou have lived long enough . ”\nAnd he killed it ." }, 
    "1876" : {"_type" : "PartsofCause",  "sofa" : 1,  "begin" : 105,  "end" : 119,  "PartsofCause" : "Argument" }, 
    "1823" : {"_type" : "PartsofCause",  "sofa" : 1,  "begin" : 158,  "end" : 165,  "PartsofCause" : "Causing" }, 
    "1844" : {"_type" : "PartsofCause",  "sofa" : 1,  "begin" : 166,  "end" : 180,  "PartsofCause" : "Argument" }, 
    "1933" : {"_type" : "PartsofCause",  "sofa" : 1,  "begin" : 227,  "end" : 240,  "PartsofCause" : "Argument" }, 
    "1916" : {"_type" : "PartsofCause",  "sofa" : 1,  "begin" : 224,  "end" : 226,  "PartsofCause" : "Causing" }, 
    "1946" : {"_type" : "PartsofCause",  "sofa" : 1,  "begin" : 243,  "end" : 293,  "PartsofCause" : "Argument" }, 
    "2001" : {"_type" : "LayerDefinition",  "name" : "webanno.custom.DisjointCausalSpans",  "uiName" : "Disjoint Causal Spans" }, 
    "2012" : {"_type" : "LayerDefinition",  "name" : "webanno.custom.PartsofCause",  "uiName" : "Parts of Cause" }, 
    "2019" : {"_type" : "LayerDefinition",  "name" : "webanno.custom.TypesofCause",  "uiName" : "Types of Cause" } } }