{"_context" : {
    "_types" : {
      "DocumentMetaData" : {
        "_feature_types" : {"sofa" : "_ref" } }, 
      "FeatureDefinition" : {
        "_feature_types" : {"layer" : "_ref" } }, 
      "LayerDefinition" : { }, 
      "PartsofCause" : {
        "_feature_types" : {"sofa" : "_ref" } }, 
      "Sentence" : {
        "_feature_types" : {"sofa" : "_ref" } }, 
      "Sofa" : {
        "_feature_types" : {"sofaArray" : "_ref" } }, 
      "TagsetDescription" : {
        "_feature_types" : {"sofa" : "_ref",  "tags" : "_ref" } }, 
      "Token" : {
        "_feature_types" : {"sofa" : "_ref",  "parent" : "_ref",  "lemma" : "_ref",  "stem" : "_ref",  "pos" : "_ref",  "morph" : "_ref",  "form" : "_ref" } }, 
      "TypesofCause" : {
        "_feature_types" : {"sofa" : "_ref",  "Dependent" : "_ref",  "Governor" : "_ref" } }, 
      "DocumentAnnotation" : {
        "_feature_types" : {"sofa" : "_ref" }, 
        "_subtypes" : ["DocumentMetaData" ] }, 
      "Annotation" : {
        "_feature_types" : {"sofa" : "_ref" }, 
        "_subtypes" : ["DocumentAnnotation",  "PartsofCause",  "Sentence",  "TagsetDescription",  "Token",  "TypesofCause" ] }, 
      "AnnotationBase" : {
        "_feature_types" : {"sofa" : "_ref" }, 
        "_subtypes" : ["Annotation" ] }, 
      "TOP" : {
        "_subtypes" : ["AnnotationBase",  "FeatureDefinition",  "LayerDefinition",  "Sofa" ] } } }, 
  "_views" : {
    "_InitialView" : {
      "FeatureDefinition" : [
        {"layer" : 2642,  "name" : "referenceRelation",  "uiName" : "Reference Relation" }, 
        {"layer" : 2642,  "name" : "referenceType",  "uiName" : "Reference Type" }, 
        {"layer" : 2653,  "name" : "PartsofCause",  "uiName" : "Parts of Cause" }, 
        {"layer" : 2660,  "name" : "TypesofCause",  "uiName" : "Types of Cause" } ], 
      "LayerDefinition" : [2642,  2653,  2660 ], 
      "DocumentMetaData" : [
        {"sofa" : 1,  "end" : 963,  "language" : "x-unspecified",  "documentTitle" : "cnn-15.txt",  "documentId" : "AYC",  "documentUri" : "file:/srv/inception/repository/project/2/document/2367/source/AYC",  "collectionId" : "file:/srv/inception/repository/project/2/document/2367/source/",  "documentBaseUri" : "file:/srv/inception/repository/project/2/document/2367/source/",  "isLastSegment" : false } ], 
      "TagsetDescription" : [
        {"sofa" : 1,  "layer" : "webanno.custom.PartsofCause",  "name" : "Parts of Cause",  "input" : false }, 
        {"sofa" : 1,  "layer" : "webanno.custom.TypesofCause",  "name" : "Causal Relations",  "input" : false } ], 
      "Sentence" : [
        {"sofa" : 1,  "end" : 107 }, 
        {"sofa" : 1,  "begin" : 108,  "end" : 240 }, 
        {"sofa" : 1,  "begin" : 241,  "end" : 300 }, 
        {"sofa" : 1,  "begin" : 301,  "end" : 393 }, 
        {"sofa" : 1,  "begin" : 394,  "end" : 443 }, 
        {"sofa" : 1,  "begin" : 444,  "end" : 638 }, 
        {"sofa" : 1,  "begin" : 639,  "end" : 719 }, 
        {"sofa" : 1,  "begin" : 720,  "end" : 839 }, 
        {"sofa" : 1,  "begin" : 840,  "end" : 909 }, 
        {"sofa" : 1,  "begin" : 910,  "end" : 963 } ], 
      "Token" : [
        {"sofa" : 1,  "end" : 3 }, 
        {"sofa" : 1,  "begin" : 4,  "end" : 8 }, 
        {"sofa" : 1,  "begin" : 9,  "end" : 15 }, 
        {"sofa" : 1,  "begin" : 16,  "end" : 22 }, 
        {"sofa" : 1,  "begin" : 23,  "end" : 27 }, 
        {"sofa" : 1,  "begin" : 28,  "end" : 33 }, 
        {"sofa" : 1,  "begin" : 34,  "end" : 39 }, 
        {"sofa" : 1,  "begin" : 40,  "end" : 43 }, 
        {"sofa" : 1,  "begin" : 44,  "end" : 50 }, 
        {"sofa" : 1,  "begin" : 51,  "end" : 52 }, 
        {"sofa" : 1,  "begin" : 53,  "end" : 59 }, 
        {"sofa" : 1,  "begin" : 60,  "end" : 62 }, 
        {"sofa" : 1,  "begin" : 63,  "end" : 66 }, 
        {"sofa" : 1,  "begin" : 67,  "end" : 78 }, 
        {"sofa" : 1,  "begin" : 79,  "end" : 84 }, 
        {"sofa" : 1,  "begin" : 85,  "end" : 90 }, 
        {"sofa" : 1,  "begin" : 91,  "end" : 97 }, 
        {"sofa" : 1,  "begin" : 98,  "end" : 105 }, 
        {"sofa" : 1,  "begin" : 106,  "end" : 107 }, 
        {"sofa" : 1,  "begin" : 108,  "end" : 111 }, 
        {"sofa" : 1,  "begin" : 112,  "end" : 117 }, 
        {"sofa" : 1,  "begin" : 118,  "end" : 123 }, 
        {"sofa" : 1,  "begin" : 124,  "end" : 128 }, 
        {"sofa" : 1,  "begin" : 129,  "end" : 131 }, 
        {"sofa" : 1,  "begin" : 132,  "end" : 135 }, 
        {"sofa" : 1,  "begin" : 136,  "end" : 142 }, 
        {"sofa" : 1,  "begin" : 143,  "end" : 145 }, 
        {"sofa" : 1,  "begin" : 146,  "end" : 155 }, 
        {"sofa" : 1,  "begin" : 156,  "end" : 159 }, 
        {"sofa" : 1,  "begin" : 160,  "end" : 164 }, 
        {"sofa" : 1,  "begin" : 165,  "end" : 172 }, 
        {"sofa" : 1,  "begin" : 173,  "end" : 176 }, 
        {"sofa" : 1,  "begin" : 177,  "end" : 181 }, 
        {"sofa" : 1,  "begin" : 182,  "end" : 186 }, 
        {"sofa" : 1,  "begin" : 187,  "end" : 194 }, 
        {"sofa" : 1,  "begin" : 195,  "end" : 199 }, 
        {"sofa" : 1,  "begin" : 200,  "end" : 203 }, 
        {"sofa" : 1,  "begin" : 204,  "end" : 209 }, 
        {"sofa" : 1,  "begin" : 210,  "end" : 214 }, 
        {"sofa" : 1,  "begin" : 215,  "end" : 224 }, 
        {"sofa" : 1,  "begin" : 225,  "end" : 226 }, 
        {"sofa" : 1,  "begin" : 227,  "end" : 238 }, 
        {"sofa" : 1,  "begin" : 239,  "end" : 240 }, 
        {"sofa" : 1,  "begin" : 241,  "end" : 244 }, 
        {"sofa" : 1,  "begin" : 245,  "end" : 249 }, 
        {"sofa" : 1,  "begin" : 250,  "end" : 254 }, 
        {"sofa" : 1,  "begin" : 255,  "end" : 258 }, 
        {"sofa" : 1,  "begin" : 259,  "end" : 266 }, 
        {"sofa" : 1,  "begin" : 267,  "end" : 276 }, 
        {"sofa" : 1,  "begin" : 277,  "end" : 283 }, 
        {"sofa" : 1,  "begin" : 284,  "end" : 291 }, 
        {"sofa" : 1,  "begin" : 292,  "end" : 294 }, 
        {"sofa" : 1,  "begin" : 295,  "end" : 298 }, 
        {"sofa" : 1,  "begin" : 299,  "end" : 300 }, 
        {"sofa" : 1,  "begin" : 301,  "end" : 302 }, 
        {"sofa" : 1,  "begin" : 303,  "end" : 308 }, 
        {"sofa" : 1,  "begin" : 309,  "end" : 314 }, 
        {"sofa" : 1,  "begin" : 315,  "end" : 319 }, 
        {"sofa" : 1,  "begin" : 320,  "end" : 323 }, 
        {"sofa" : 1,  "begin" : 324,  "end" : 331 }, 
        {"sofa" : 1,  "begin" : 332,  "end" : 335 }, 
        {"sofa" : 1,  "begin" : 336,  "end" : 342 }, 
        {"sofa" : 1,  "begin" : 343,  "end" : 345 }, 
        {"sofa" : 1,  "begin" : 346,  "end" : 349 }, 
        {"sofa" : 1,  "begin" : 350,  "end" : 355 }, 
        {"sofa" : 1,  "begin" : 356,  "end" : 357 }, 
        {"sofa" : 1,  "begin" : 358,  "end" : 361 }, 
        {"sofa" : 1,  "begin" : 362,  "end" : 368 }, 
        {"sofa" : 1,  "begin" : 369,  "end" : 373 }, 
        {"sofa" : 1,  "begin" : 374,  "end" : 376 }, 
        {"sofa" : 1,  "begin" : 377,  "end" : 378 }, 
        {"sofa" : 1,  "begin" : 379,  "end" : 383 }, 
        {"sofa" : 1,  "begin" : 384,  "end" : 391 }, 
        {"sofa" : 1,  "begin" : 392,  "end" : 393 }, 
        {"sofa" : 1,  "begin" : 394,  "end" : 397 }, 
        {"sofa" : 1,  "begin" : 398,  "end" : 403 }, 
        {"sofa" : 1,  "begin" : 404,  "end" : 406 }, 
        {"sofa" : 1,  "begin" : 407,  "end" : 413 }, 
        {"sofa" : 1,  "begin" : 414,  "end" : 418 }, 
        {"sofa" : 1,  "begin" : 419,  "end" : 423 }, 
        {"sofa" : 1,  "begin" : 424,  "end" : 430 }, 
        {"sofa" : 1,  "begin" : 431,  "end" : 434 }, 
        {"sofa" : 1,  "begin" : 435,  "end" : 437 }, 
        {"sofa" : 1,  "begin" : 438,  "end" : 441 }, 
        {"sofa" : 1,  "begin" : 442,  "end" : 443 }, 
        {"sofa" : 1,  "begin" : 444,  "end" : 446 }, 
        {"sofa" : 1,  "begin" : 447,  "end" : 450 }, 
        {"sofa" : 1,  "begin" : 451,  "end" : 454 }, 
        {"sofa" : 1,  "begin" : 455,  "end" : 462 }, 
        {"sofa" : 1,  "begin" : 463,  "end" : 465 }, 
        {"sofa" : 1,  "begin" : 466,  "end" : 469 }, 
        {"sofa" : 1,  "begin" : 470,  "end" : 478 }, 
        {"sofa" : 1,  "begin" : 479,  "end" : 480 }, 
        {"sofa" : 1,  "begin" : 481,  "end" : 486 }, 
        {"sofa" : 1,  "begin" : 487,  "end" : 495 }, 
        {"sofa" : 1,  "begin" : 496,  "end" : 498 }, 
        {"sofa" : 1,  "begin" : 499,  "end" : 503 }, 
        {"sofa" : 1,  "begin" : 504,  "end" : 508 }, 
        {"sofa" : 1,  "begin" : 509,  "end" : 512 }, 
        {"sofa" : 1,  "begin" : 513,  "end" : 524 }, 
        {"sofa" : 1,  "begin" : 525,  "end" : 530 }, 
        {"sofa" : 1,  "begin" : 531,  "end" : 533 }, 
        {"sofa" : 1,  "begin" : 534,  "end" : 543 }, 
        {"sofa" : 1,  "begin" : 544,  "end" : 549 }, 
        {"sofa" : 1,  "begin" : 550,  "end" : 555 }, 
        {"sofa" : 1,  "begin" : 556,  "end" : 563 }, 
        {"sofa" : 1,  "begin" : 564,  "end" : 569 }, 
        {"sofa" : 1,  "begin" : 570,  "end" : 574 }, 
        {"sofa" : 1,  "begin" : 575,  "end" : 577 }, 
        {"sofa" : 1,  "begin" : 578,  "end" : 583 }, 
        {"sofa" : 1,  "begin" : 584,  "end" : 587 }, 
        {"sofa" : 1,  "begin" : 588,  "end" : 594 }, 
        {"sofa" : 1,  "begin" : 595,  "end" : 596 }, 
        {"sofa" : 1,  "begin" : 597,  "end" : 606 }, 
        {"sofa" : 1,  "begin" : 607,  "end" : 609 }, 
        {"sofa" : 1,  "begin" : 610,  "end" : 613 }, 
        {"sofa" : 1,  "begin" : 614,  "end" : 618 }, 
        {"sofa" : 1,  "begin" : 619,  "end" : 629 }, 
        {"sofa" : 1,  "begin" : 630,  "end" : 636 }, 
        {"sofa" : 1,  "begin" : 637,  "end" : 638 }, 
        {"sofa" : 1,  "begin" : 639,  "end" : 641 }, 
        {"sofa" : 1,  "begin" : 642,  "end" : 645 }, 
        {"sofa" : 1,  "begin" : 646,  "end" : 652 }, 
        {"sofa" : 1,  "begin" : 653,  "end" : 657 }, 
        {"sofa" : 1,  "begin" : 658,  "end" : 660 }, 
        {"sofa" : 1,  "begin" : 661,  "end" : 665 }, 
        {"sofa" : 1,  "begin" : 666,  "end" : 669 }, 
        {"sofa" : 1,  "begin" : 670,  "end" : 673 }, 
        {"sofa" : 1,  "begin" : 674,  "end" : 677 }, 
        {"sofa" : 1,  "begin" : 678,  "end" : 679 }, 
        {"sofa" : 1,  "begin" : 680,  "end" : 684 }, 
        {"sofa" : 1,  "begin" : 685,  "end" : 690 }, 
        {"sofa" : 1,  "begin" : 691,  "end" : 693 }, 
        {"sofa" : 1,  "begin" : 694,  "end" : 699 }, 
        {"sofa" : 1,  "begin" : 700,  "end" : 706 }, 
        {"sofa" : 1,  "begin" : 707,  "end" : 712 }, 
        {"sofa" : 1,  "begin" : 713,  "end" : 717 }, 
        {"sofa" : 1,  "begin" : 718,  "end" : 719 }, 
        {"sofa" : 1,  "begin" : 720,  "end" : 722 }, 
        {"sofa" : 1,  "begin" : 723,  "end" : 731 }, 
        {"sofa" : 1,  "begin" : 732,  "end" : 736 }, 
        {"sofa" : 1,  "begin" : 737,  "end" : 738 }, 
        {"sofa" : 1,  "begin" : 739,  "end" : 745 }, 
        {"sofa" : 1,  "begin" : 746,  "end" : 751 }, 
        {"sofa" : 1,  "begin" : 752,  "end" : 759 }, 
        {"sofa" : 1,  "begin" : 760,  "end" : 766 }, 
        {"sofa" : 1,  "begin" : 767,  "end" : 774 }, 
        {"sofa" : 1,  "begin" : 775,  "end" : 777 }, 
        {"sofa" : 1,  "begin" : 778,  "end" : 781 }, 
        {"sofa" : 1,  "begin" : 782,  "end" : 786 }, 
        {"sofa" : 1,  "begin" : 787,  "end" : 790 }, 
        {"sofa" : 1,  "begin" : 791,  "end" : 802 }, 
        {"sofa" : 1,  "begin" : 803,  "end" : 808 }, 
        {"sofa" : 1,  "begin" : 809,  "end" : 810 }, 
        {"sofa" : 1,  "begin" : 811,  "end" : 820 }, 
        {"sofa" : 1,  "begin" : 821,  "end" : 825 }, 
        {"sofa" : 1,  "begin" : 826,  "end" : 829 }, 
        {"sofa" : 1,  "begin" : 830,  "end" : 837 }, 
        {"sofa" : 1,  "begin" : 838,  "end" : 839 }, 
        {"sofa" : 1,  "begin" : 840,  "end" : 843 }, 
        {"sofa" : 1,  "begin" : 844,  "end" : 849 }, 
        {"sofa" : 1,  "begin" : 850,  "end" : 855 }, 
        {"sofa" : 1,  "begin" : 856,  "end" : 863 }, 
        {"sofa" : 1,  "begin" : 864,  "end" : 867 }, 
        {"sofa" : 1,  "begin" : 868,  "end" : 873 }, 
        {"sofa" : 1,  "begin" : 874,  "end" : 877 }, 
        {"sofa" : 1,  "begin" : 878,  "end" : 883 }, 
        {"sofa" : 1,  "begin" : 884,  "end" : 886 }, 
        {"sofa" : 1,  "begin" : 887,  "end" : 889 }, 
        {"sofa" : 1,  "begin" : 890,  "end" : 891 }, 
        {"sofa" : 1,  "begin" : 892,  "end" : 898 }, 
        {"sofa" : 1,  "begin" : 899,  "end" : 907 }, 
        {"sofa" : 1,  "begin" : 908,  "end" : 909 }, 
        {"sofa" : 1,  "begin" : 910,  "end" : 913 }, 
        {"sofa" : 1,  "begin" : 914,  "end" : 916 }, 
        {"sofa" : 1,  "begin" : 917,  "end" : 925 }, 
        {"sofa" : 1,  "begin" : 926,  "end" : 934 }, 
        {"sofa" : 1,  "begin" : 935,  "end" : 946 }, 
        {"sofa" : 1,  "begin" : 947,  "end" : 949 }, 
        {"sofa" : 1,  "begin" : 950,  "end" : 954 }, 
        {"sofa" : 1,  "begin" : 955,  "end" : 961 }, 
        {"sofa" : 1,  "begin" : 962,  "end" : 963 } ], 
      "PartsofCause" : [2465,  2439,  2452,  2577,  2590,  2603,  2534,  2508,  2521 ], 
      "TypesofCause" : [
        {"sofa" : 1,  "begin" : 301,  "end" : 319,  "Dependent" : 2465,  "Governor" : 2439,  "TypesofCause" : "Cause" }, 
        {"sofa" : 1,  "begin" : 332,  "end" : 355,  "Dependent" : 2452,  "Governor" : 2439,  "TypesofCause" : "Effect" }, 
        {"sofa" : 1,  "begin" : 642,  "end" : 677,  "Dependent" : 2590,  "Governor" : 2577,  "TypesofCause" : "Cause" }, 
        {"sofa" : 1,  "begin" : 680,  "end" : 717,  "Dependent" : 2603,  "Governor" : 2577,  "TypesofCause" : "Effect" }, 
        {"sofa" : 1,  "begin" : 737,  "end" : 802,  "Dependent" : 2534,  "Governor" : 2508,  "TypesofCause" : "Effect" }, 
        {"sofa" : 1,  "begin" : 809,  "end" : 837,  "Dependent" : 2521,  "Governor" : 2508,  "TypesofCause" : "Cause" } ] } }, 
  "_referenced_fss" : {
    "1" : {"_type" : "Sofa",  "sofaNum" : 1,  "sofaID" : "_InitialView",  "mimeType" : "text",  "sofaString" : "Two tank barges loaded with light crude oil struck a bridge in the Mississippi River early Sunday morning .\nThe Coast Guard said it was trying to determine how many gallons may have been spilled into the river near Vicksburg , Mississippi .\nThe tank that was leaking contained 80,000 gallons of oil .\nA Coast Guard team has stopped the source of the spill , the agency said in a news release .\nThe river is closed from mile marker 425 to 441 .\nNo one was injured in the accident , which happened at 1:30 a.m. The Mississippi River at Vicksburg moves about 890,000 cubic feet of water per second , according to the U.S. Geological Survey .\nIf the vessel were to lose all its oil , that would be about 11,000 cubic feet .\nIn February 2012 a tanker barge spilled 10,000 gallons of oil into the Mississippi after a collision near New Orleans .\nThe Coast Guard drained the barge and towed it to a repair facility .\nCNN 's Chandler Friedman contributed to this report ." }, 
    "2465" : {"_type" : "PartsofCause",  "sofa" : 1,  "begin" : 301,  "end" : 319,  "PartsofCause" : "Argument" }, 
    "2439" : {"_type" : "PartsofCause",  "sofa" : 1,  "begin" : 324,  "end" : 331,  "PartsofCause" : "Preventing" }, 
    "2452" : {"_type" : "PartsofCause",  "sofa" : 1,  "begin" : 332,  "end" : 355,  "PartsofCause" : "Argument" }, 
    "2590" : {"_type" : "PartsofCause",  "sofa" : 1,  "begin" : 642,  "end" : 677,  "PartsofCause" : "Argument" }, 
    "2577" : {"_type" : "PartsofCause",  "sofa" : 1,  "begin" : 639,  "end" : 641,  "PartsofCause" : "Causing" }, 
    "2603" : {"_type" : "PartsofCause",  "sofa" : 1,  "begin" : 680,  "end" : 717,  "PartsofCause" : "Argument" }, 
    "2534" : {"_type" : "PartsofCause",  "sofa" : 1,  "begin" : 737,  "end" : 802,  "PartsofCause" : "Argument" }, 
    "2508" : {"_type" : "PartsofCause",  "sofa" : 1,  "begin" : 803,  "end" : 808,  "PartsofCause" : "Causing" }, 
    "2521" : {"_type" : "PartsofCause",  "sofa" : 1,  "begin" : 809,  "end" : 837,  "PartsofCause" : "Argument" }, 
    "2642" : {"_type" : "LayerDefinition",  "name" : "webanno.custom.DisjointCausalSpans",  "uiName" : "Disjoint Causal Spans" }, 
    "2653" : {"_type" : "LayerDefinition",  "name" : "webanno.custom.PartsofCause",  "uiName" : "Parts of Cause" }, 
    "2660" : {"_type" : "LayerDefinition",  "name" : "webanno.custom.TypesofCause",  "uiName" : "Types of Cause" } } }