{"_context" : {
    "_types" : {
      "DocumentMetaData" : {
        "_feature_types" : {"sofa" : "_ref" } }, 
      "FeatureDefinition" : {
        "_feature_types" : {"layer" : "_ref" } }, 
      "LayerDefinition" : { }, 
      "PartsofCause" : {
        "_feature_types" : {"sofa" : "_ref" } }, 
      "Sentence" : {
        "_feature_types" : {"sofa" : "_ref" } }, 
      "Sofa" : {
        "_feature_types" : {"sofaArray" : "_ref" } }, 
      "TagsetDescription" : {
        "_feature_types" : {"sofa" : "_ref",  "tags" : "_ref" } }, 
      "Token" : {
        "_feature_types" : {"sofa" : "_ref",  "parent" : "_ref",  "lemma" : "_ref",  "stem" : "_ref",  "pos" : "_ref",  "morph" : "_ref",  "form" : "_ref" } }, 
      "TypesofCause" : {
        "_feature_types" : {"sofa" : "_ref",  "Dependent" : "_ref",  "Governor" : "_ref" } }, 
      "DocumentAnnotation" : {
        "_feature_types" : {"sofa" : "_ref" }, 
        "_subtypes" : ["DocumentMetaData" ] }, 
      "Annotation" : {
        "_feature_types" : {"sofa" : "_ref" }, 
        "_subtypes" : ["DocumentAnnotation",  "PartsofCause",  "Sentence",  "TagsetDescription",  "Token",  "TypesofCause" ] }, 
      "AnnotationBase" : {
        "_feature_types" : {"sofa" : "_ref" }, 
        "_subtypes" : ["Annotation" ] }, 
      "TOP" : {
        "_subtypes" : ["AnnotationBase",  "FeatureDefinition",  "LayerDefinition",  "Sofa" ] } } }, 
  "_views" : {
    "_InitialView" : {
      "FeatureDefinition" : [
        {"layer" : 2626,  "name" : "referenceRelation",  "uiName" : "Reference Relation" }, 
        {"layer" : 2626,  "name" : "referenceType",  "uiName" : "Reference Type" }, 
        {"layer" : 2637,  "name" : "PartsofCause",  "uiName" : "Parts of Cause" }, 
        {"layer" : 2644,  "name" : "TypesofCause",  "uiName" : "Types of Cause" } ], 
      "LayerDefinition" : [2626,  2637,  2644 ], 
      "DocumentMetaData" : [
        {"sofa" : 1,  "end" : 743,  "language" : "x-unspecified",  "documentTitle" : "reddit-046.txt",  "documentId" : "GJW",  "documentUri" : "file:/srv/inception/repository/project/2/document/2448/source/GJW",  "collectionId" : "file:/srv/inception/repository/project/2/document/2448/source/",  "documentBaseUri" : "file:/srv/inception/repository/project/2/document/2448/source/",  "isLastSegment" : false } ], 
      "TagsetDescription" : [
        {"sofa" : 1,  "layer" : "webanno.custom.PartsofCause",  "name" : "Parts of Cause",  "input" : false }, 
        {"sofa" : 1,  "layer" : "webanno.custom.TypesofCause",  "name" : "Causal Relations",  "input" : false } ], 
      "Sentence" : [
        {"sofa" : 1,  "end" : 41 }, 
        {"sofa" : 1,  "begin" : 42,  "end" : 83 }, 
        {"sofa" : 1,  "begin" : 84,  "end" : 283 }, 
        {"sofa" : 1,  "begin" : 284,  "end" : 422 }, 
        {"sofa" : 1,  "begin" : 423,  "end" : 486 }, 
        {"sofa" : 1,  "begin" : 487,  "end" : 526 }, 
        {"sofa" : 1,  "begin" : 527,  "end" : 543 }, 
        {"sofa" : 1,  "begin" : 544,  "end" : 706 }, 
        {"sofa" : 1,  "begin" : 707,  "end" : 743 } ], 
      "Token" : [
        {"sofa" : 1,  "end" : 1 }, 
        {"sofa" : 1,  "begin" : 2,  "end" : 9 }, 
        {"sofa" : 1,  "begin" : 10,  "end" : 13 }, 
        {"sofa" : 1,  "begin" : 14,  "end" : 16 }, 
        {"sofa" : 1,  "begin" : 17,  "end" : 20 }, 
        {"sofa" : 1,  "begin" : 21,  "end" : 25 }, 
        {"sofa" : 1,  "begin" : 26,  "end" : 33 }, 
        {"sofa" : 1,  "begin" : 34,  "end" : 39 }, 
        {"sofa" : 1,  "begin" : 40,  "end" : 41 }, 
        {"sofa" : 1,  "begin" : 42,  "end" : 44 }, 
        {"sofa" : 1,  "begin" : 45,  "end" : 47 }, 
        {"sofa" : 1,  "begin" : 48,  "end" : 49 }, 
        {"sofa" : 1,  "begin" : 50,  "end" : 53 }, 
        {"sofa" : 1,  "begin" : 54,  "end" : 58 }, 
        {"sofa" : 1,  "begin" : 59,  "end" : 66 }, 
        {"sofa" : 1,  "begin" : 67,  "end" : 70 }, 
        {"sofa" : 1,  "begin" : 71,  "end" : 72 }, 
        {"sofa" : 1,  "begin" : 73,  "end" : 78 }, 
        {"sofa" : 1,  "begin" : 79,  "end" : 81 }, 
        {"sofa" : 1,  "begin" : 82,  "end" : 83 }, 
        {"sofa" : 1,  "begin" : 84,  "end" : 87 }, 
        {"sofa" : 1,  "begin" : 88,  "end" : 93 }, 
        {"sofa" : 1,  "begin" : 94,  "end" : 98 }, 
        {"sofa" : 1,  "begin" : 99,  "end" : 100 }, 
        {"sofa" : 1,  "begin" : 101,  "end" : 108 }, 
        {"sofa" : 1,  "begin" : 109,  "end" : 112 }, 
        {"sofa" : 1,  "begin" : 113,  "end" : 116 }, 
        {"sofa" : 1,  "begin" : 117,  "end" : 124 }, 
        {"sofa" : 1,  "begin" : 125,  "end" : 126 }, 
        {"sofa" : 1,  "begin" : 127,  "end" : 130 }, 
        {"sofa" : 1,  "begin" : 131,  "end" : 135 }, 
        {"sofa" : 1,  "begin" : 136,  "end" : 140 }, 
        {"sofa" : 1,  "begin" : 141,  "end" : 147 }, 
        {"sofa" : 1,  "begin" : 148,  "end" : 149 }, 
        {"sofa" : 1,  "begin" : 150,  "end" : 154 }, 
        {"sofa" : 1,  "begin" : 155,  "end" : 159 }, 
        {"sofa" : 1,  "begin" : 160,  "end" : 162 }, 
        {"sofa" : 1,  "begin" : 163,  "end" : 169 }, 
        {"sofa" : 1,  "begin" : 170,  "end" : 171 }, 
        {"sofa" : 1,  "begin" : 172,  "end" : 173 }, 
        {"sofa" : 1,  "begin" : 174,  "end" : 179 }, 
        {"sofa" : 1,  "begin" : 180,  "end" : 183 }, 
        {"sofa" : 1,  "begin" : 184,  "end" : 187 }, 
        {"sofa" : 1,  "begin" : 188,  "end" : 189 }, 
        {"sofa" : 1,  "begin" : 190,  "end" : 195 }, 
        {"sofa" : 1,  "begin" : 196,  "end" : 199 }, 
        {"sofa" : 1,  "begin" : 200,  "end" : 206 }, 
        {"sofa" : 1,  "begin" : 207,  "end" : 210 }, 
        {"sofa" : 1,  "begin" : 211,  "end" : 213 }, 
        {"sofa" : 1,  "begin" : 214,  "end" : 217 }, 
        {"sofa" : 1,  "begin" : 218,  "end" : 219 }, 
        {"sofa" : 1,  "begin" : 220,  "end" : 226 }, 
        {"sofa" : 1,  "begin" : 227,  "end" : 234 }, 
        {"sofa" : 1,  "begin" : 235,  "end" : 245 }, 
        {"sofa" : 1,  "begin" : 246,  "end" : 249 }, 
        {"sofa" : 1,  "begin" : 250,  "end" : 252 }, 
        {"sofa" : 1,  "begin" : 253,  "end" : 262 }, 
        {"sofa" : 1,  "begin" : 263,  "end" : 270 }, 
        {"sofa" : 1,  "begin" : 271,  "end" : 273 }, 
        {"sofa" : 1,  "begin" : 274,  "end" : 281 }, 
        {"sofa" : 1,  "begin" : 282,  "end" : 283 }, 
        {"sofa" : 1,  "begin" : 284,  "end" : 287 }, 
        {"sofa" : 1,  "begin" : 288,  "end" : 294 }, 
        {"sofa" : 1,  "begin" : 295,  "end" : 299 }, 
        {"sofa" : 1,  "begin" : 300,  "end" : 301 }, 
        {"sofa" : 1,  "begin" : 302,  "end" : 309 }, 
        {"sofa" : 1,  "begin" : 310,  "end" : 313 }, 
        {"sofa" : 1,  "begin" : 314,  "end" : 317 }, 
        {"sofa" : 1,  "begin" : 318,  "end" : 325 }, 
        {"sofa" : 1,  "begin" : 326,  "end" : 327 }, 
        {"sofa" : 1,  "begin" : 328,  "end" : 335 }, 
        {"sofa" : 1,  "begin" : 336,  "end" : 343 }, 
        {"sofa" : 1,  "begin" : 344,  "end" : 345 }, 
        {"sofa" : 1,  "begin" : 346,  "end" : 349 }, 
        {"sofa" : 1,  "begin" : 350,  "end" : 358 }, 
        {"sofa" : 1,  "begin" : 359,  "end" : 363 }, 
        {"sofa" : 1,  "begin" : 364,  "end" : 366 }, 
        {"sofa" : 1,  "begin" : 367,  "end" : 370 }, 
        {"sofa" : 1,  "begin" : 371,  "end" : 373 }, 
        {"sofa" : 1,  "begin" : 374,  "end" : 379 }, 
        {"sofa" : 1,  "begin" : 380,  "end" : 386 }, 
        {"sofa" : 1,  "begin" : 387,  "end" : 389 }, 
        {"sofa" : 1,  "begin" : 390,  "end" : 391 }, 
        {"sofa" : 1,  "begin" : 392,  "end" : 399 }, 
        {"sofa" : 1,  "begin" : 400,  "end" : 403 }, 
        {"sofa" : 1,  "begin" : 404,  "end" : 406 }, 
        {"sofa" : 1,  "begin" : 407,  "end" : 413 }, 
        {"sofa" : 1,  "begin" : 414,  "end" : 420 }, 
        {"sofa" : 1,  "begin" : 421,  "end" : 422 }, 
        {"sofa" : 1,  "begin" : 423,  "end" : 427 }, 
        {"sofa" : 1,  "begin" : 428,  "end" : 430 }, 
        {"sofa" : 1,  "begin" : 431,  "end" : 434 }, 
        {"sofa" : 1,  "begin" : 435,  "end" : 438 }, 
        {"sofa" : 1,  "begin" : 439,  "end" : 446 }, 
        {"sofa" : 1,  "begin" : 447,  "end" : 456 }, 
        {"sofa" : 1,  "begin" : 457,  "end" : 458 }, 
        {"sofa" : 1,  "begin" : 459,  "end" : 467 }, 
        {"sofa" : 1,  "begin" : 468,  "end" : 470 }, 
        {"sofa" : 1,  "begin" : 471,  "end" : 477 }, 
        {"sofa" : 1,  "begin" : 478,  "end" : 480 }, 
        {"sofa" : 1,  "begin" : 481,  "end" : 484 }, 
        {"sofa" : 1,  "begin" : 485,  "end" : 486 }, 
        {"sofa" : 1,  "begin" : 487,  "end" : 491 }, 
        {"sofa" : 1,  "begin" : 492,  "end" : 494 }, 
        {"sofa" : 1,  "begin" : 495,  "end" : 496 }, 
        {"sofa" : 1,  "begin" : 497,  "end" : 498 }, 
        {"sofa" : 1,  "begin" : 499,  "end" : 505 }, 
        {"sofa" : 1,  "begin" : 506,  "end" : 507 }, 
        {"sofa" : 1,  "begin" : 508,  "end" : 516 }, 
        {"sofa" : 1,  "begin" : 517,  "end" : 522 }, 
        {"sofa" : 1,  "begin" : 523,  "end" : 524 }, 
        {"sofa" : 1,  "begin" : 525,  "end" : 526 }, 
        {"sofa" : 1,  "begin" : 527,  "end" : 528 }, 
        {"sofa" : 1,  "begin" : 529,  "end" : 539 }, 
        {"sofa" : 1,  "begin" : 540,  "end" : 541 }, 
        {"sofa" : 1,  "begin" : 542,  "end" : 543 }, 
        {"sofa" : 1,  "begin" : 544,  "end" : 545 }, 
        {"sofa" : 1,  "begin" : 546,  "end" : 549 }, 
        {"sofa" : 1,  "begin" : 550,  "end" : 552 }, 
        {"sofa" : 1,  "begin" : 553,  "end" : 559 }, 
        {"sofa" : 1,  "begin" : 560,  "end" : 564 }, 
        {"sofa" : 1,  "begin" : 565,  "end" : 567 }, 
        {"sofa" : 1,  "begin" : 568,  "end" : 569 }, 
        {"sofa" : 1,  "begin" : 570,  "end" : 572 }, 
        {"sofa" : 1,  "begin" : 573,  "end" : 579 }, 
        {"sofa" : 1,  "begin" : 580,  "end" : 582 }, 
        {"sofa" : 1,  "begin" : 583,  "end" : 591 }, 
        {"sofa" : 1,  "begin" : 592,  "end" : 595 }, 
        {"sofa" : 1,  "begin" : 596,  "end" : 604 }, 
        {"sofa" : 1,  "begin" : 605,  "end" : 608 }, 
        {"sofa" : 1,  "begin" : 609,  "end" : 611 }, 
        {"sofa" : 1,  "begin" : 612,  "end" : 613 }, 
        {"sofa" : 1,  "begin" : 614,  "end" : 617 }, 
        {"sofa" : 1,  "begin" : 618,  "end" : 625 }, 
        {"sofa" : 1,  "begin" : 626,  "end" : 627 }, 
        {"sofa" : 1,  "begin" : 628,  "end" : 629 }, 
        {"sofa" : 1,  "begin" : 630,  "end" : 632 }, 
        {"sofa" : 1,  "begin" : 633,  "end" : 636 }, 
        {"sofa" : 1,  "begin" : 637,  "end" : 642 }, 
        {"sofa" : 1,  "begin" : 643,  "end" : 645 }, 
        {"sofa" : 1,  "begin" : 646,  "end" : 648 }, 
        {"sofa" : 1,  "begin" : 649,  "end" : 653 }, 
        {"sofa" : 1,  "begin" : 654,  "end" : 658 }, 
        {"sofa" : 1,  "begin" : 659,  "end" : 661 }, 
        {"sofa" : 1,  "begin" : 662,  "end" : 665 }, 
        {"sofa" : 1,  "begin" : 666,  "end" : 668 }, 
        {"sofa" : 1,  "begin" : 669,  "end" : 676 }, 
        {"sofa" : 1,  "begin" : 677,  "end" : 679 }, 
        {"sofa" : 1,  "begin" : 680,  "end" : 683 }, 
        {"sofa" : 1,  "begin" : 684,  "end" : 689 }, 
        {"sofa" : 1,  "begin" : 690,  "end" : 692 }, 
        {"sofa" : 1,  "begin" : 693,  "end" : 697 }, 
        {"sofa" : 1,  "begin" : 698,  "end" : 704 }, 
        {"sofa" : 1,  "begin" : 705,  "end" : 706 }, 
        {"sofa" : 1,  "begin" : 707,  "end" : 710 }, 
        {"sofa" : 1,  "begin" : 711,  "end" : 712 }, 
        {"sofa" : 1,  "begin" : 713,  "end" : 718 }, 
        {"sofa" : 1,  "begin" : 719,  "end" : 724 }, 
        {"sofa" : 1,  "begin" : 725,  "end" : 727 }, 
        {"sofa" : 1,  "begin" : 728,  "end" : 732 }, 
        {"sofa" : 1,  "begin" : 733,  "end" : 738 }, 
        {"sofa" : 1,  "begin" : 739,  "end" : 741 }, 
        {"sofa" : 1,  "begin" : 742,  "end" : 743 } ], 
      "PartsofCause" : [2196,  2187,  2209,  2284,  2297,  2310,  2361,  2387,  2374,  2430,  2443,  2452,  2590,  2549,  2562 ], 
      "TypesofCause" : [
        {"sofa" : 1,  "begin" : 84,  "end" : 112,  "Dependent" : 2196,  "Governor" : 2187,  "TypesofCause" : "Effect" }, 
        {"sofa" : 1,  "begin" : 125,  "end" : 281,  "Dependent" : 2209,  "Governor" : 2187,  "TypesofCause" : "Cause" }, 
        {"sofa" : 1,  "begin" : 284,  "end" : 313,  "Dependent" : 2284,  "Governor" : 2297,  "TypesofCause" : "Effect" }, 
        {"sofa" : 1,  "begin" : 326,  "end" : 420,  "Dependent" : 2310,  "Governor" : 2297,  "TypesofCause" : "Cause" }, 
        {"sofa" : 1,  "begin" : 374,  "end" : 403,  "Dependent" : 2361,  "Governor" : 2387,  "TypesofCause" : "Effect" }, 
        {"sofa" : 1,  "begin" : 407,  "end" : 420,  "Dependent" : 2374,  "Governor" : 2387,  "TypesofCause" : "Cause" }, 
        {"sofa" : 1,  "begin" : 568,  "end" : 591,  "Dependent" : 2430,  "Governor" : 2443,  "TypesofCause" : "Effect" }, 
        {"sofa" : 1,  "begin" : 596,  "end" : 625,  "Dependent" : 2452,  "Governor" : 2443,  "TypesofCause" : "Cause" }, 
        {"sofa" : 1,  "begin" : 628,  "end" : 668,  "Dependent" : 2590,  "Governor" : 2549,  "TypesofCause" : "Effect" }, 
        {"sofa" : 1,  "begin" : 680,  "end" : 704,  "Dependent" : 2562,  "Governor" : 2549,  "TypesofCause" : "Cause" } ] } }, 
  "_referenced_fss" : {
    "1" : {"_type" : "Sofa",  "sofaNum" : 1,  "sofaID" : "_InitialView",  "mimeType" : "text",  "sofaString" : "I dropped out of the same college twice .\nIt 's a top tier college but I hated it .\nThe first time I dropped out was because I was done with school , done with my course , I hated the uni , hated the cohort and it was a really passive aggressive way of rebelling against my parents .\nThe second time I dropped out was because I changed courses , but realized that we had to write essays in a certain way to obtain grades .\nThat is n't the college education I imagined or signed up for .\nThat is \\ [ insert a suitable word\\ ] .\n( Censorship ? )\nA lot of people tell me I 'm stupid or entitled for dropping out of a top college - I do n't think it 's that hard to get in because of the range of test scores .\nWas I being petty or dumb about it ?" }, 
    "2196" : {"_type" : "PartsofCause",  "sofa" : 1,  "begin" : 84,  "end" : 112,  "PartsofCause" : "Argument" }, 
    "2187" : {"_type" : "PartsofCause",  "sofa" : 1,  "begin" : 117,  "end" : 124,  "PartsofCause" : "Causing" }, 
    "2209" : {"_type" : "PartsofCause",  "sofa" : 1,  "begin" : 125,  "end" : 281,  "PartsofCause" : "Argument" }, 
    "2284" : {"_type" : "PartsofCause",  "sofa" : 1,  "begin" : 284,  "end" : 313,  "PartsofCause" : "Argument" }, 
    "2297" : {"_type" : "PartsofCause",  "sofa" : 1,  "begin" : 318,  "end" : 325,  "PartsofCause" : "Causing" }, 
    "2310" : {"_type" : "PartsofCause",  "sofa" : 1,  "begin" : 326,  "end" : 420,  "PartsofCause" : "Argument" }, 
    "2361" : {"_type" : "PartsofCause",  "sofa" : 1,  "begin" : 374,  "end" : 403,  "PartsofCause" : "Argument" }, 
    "2387" : {"_type" : "PartsofCause",  "sofa" : 1,  "begin" : 404,  "end" : 406,  "PartsofCause" : "Causing" }, 
    "2374" : {"_type" : "PartsofCause",  "sofa" : 1,  "begin" : 407,  "end" : 420,  "PartsofCause" : "Argument" }, 
    "2430" : {"_type" : "PartsofCause",  "sofa" : 1,  "begin" : 568,  "end" : 591,  "PartsofCause" : "Argument" }, 
    "2443" : {"_type" : "PartsofCause",  "sofa" : 1,  "begin" : 592,  "end" : 595,  "PartsofCause" : "Enabling" }, 
    "2452" : {"_type" : "PartsofCause",  "sofa" : 1,  "begin" : 596,  "end" : 625,  "PartsofCause" : "Argument" }, 
    "2590" : {"_type" : "PartsofCause",  "sofa" : 1,  "begin" : 628,  "end" : 668,  "PartsofCause" : "Argument" }, 
    "2549" : {"_type" : "PartsofCause",  "sofa" : 1,  "begin" : 669,  "end" : 679,  "PartsofCause" : "Causing" }, 
    "2562" : {"_type" : "PartsofCause",  "sofa" : 1,  "begin" : 680,  "end" : 704,  "PartsofCause" : "Causing" }, 
    "2626" : {"_type" : "LayerDefinition",  "name" : "webanno.custom.DisjointCausalSpans",  "uiName" : "Disjoint Causal Spans" }, 
    "2644" : {"_type" : "LayerDefinition",  "name" : "webanno.custom.TypesofCause",  "uiName" : "Types of Cause" }, 
    "2637" : {"_type" : "LayerDefinition",  "name" : "webanno.custom.PartsofCause",  "uiName" : "Parts of Cause" } } }