{"_context" : {
    "_types" : {
      "DocumentMetaData" : {
        "_feature_types" : {"sofa" : "_ref" } }, 
      "FeatureDefinition" : {
        "_feature_types" : {"layer" : "_ref" } }, 
      "LayerDefinition" : { }, 
      "PartsofCause" : {
        "_feature_types" : {"sofa" : "_ref" } }, 
      "Sentence" : {
        "_feature_types" : {"sofa" : "_ref" } }, 
      "Sofa" : {
        "_feature_types" : {"sofaArray" : "_ref" } }, 
      "TagsetDescription" : {
        "_feature_types" : {"sofa" : "_ref",  "tags" : "_ref" } }, 
      "Token" : {
        "_feature_types" : {"sofa" : "_ref",  "parent" : "_ref",  "lemma" : "_ref",  "stem" : "_ref",  "pos" : "_ref",  "morph" : "_ref",  "form" : "_ref" } }, 
      "TypesofCause" : {
        "_feature_types" : {"sofa" : "_ref",  "Dependent" : "_ref",  "Governor" : "_ref" } }, 
      "DocumentAnnotation" : {
        "_feature_types" : {"sofa" : "_ref" }, 
        "_subtypes" : ["DocumentMetaData" ] }, 
      "Annotation" : {
        "_feature_types" : {"sofa" : "_ref" }, 
        "_subtypes" : ["DocumentAnnotation",  "PartsofCause",  "Sentence",  "TagsetDescription",  "Token",  "TypesofCause" ] }, 
      "AnnotationBase" : {
        "_feature_types" : {"sofa" : "_ref" }, 
        "_subtypes" : ["Annotation" ] }, 
      "TOP" : {
        "_subtypes" : ["AnnotationBase",  "FeatureDefinition",  "LayerDefinition",  "Sofa" ] } } }, 
  "_views" : {
    "_InitialView" : {
      "FeatureDefinition" : [
        {"layer" : 2892,  "name" : "referenceRelation",  "uiName" : "Reference Relation" }, 
        {"layer" : 2892,  "name" : "referenceType",  "uiName" : "Reference Type" }, 
        {"layer" : 2903,  "name" : "PartsofCause",  "uiName" : "Parts of Cause" }, 
        {"layer" : 2910,  "name" : "TypesofCause",  "uiName" : "Types of Cause" } ], 
      "LayerDefinition" : [2892,  2903,  2910 ], 
      "DocumentMetaData" : [
        {"sofa" : 1,  "end" : 733,  "language" : "x-unspecified",  "documentTitle" : "fable-04.txt",  "documentId" : "GJW",  "documentUri" : "file:/srv/inception/repository/project/2/document/2306/source/GJW",  "collectionId" : "file:/srv/inception/repository/project/2/document/2306/source/",  "documentBaseUri" : "file:/srv/inception/repository/project/2/document/2306/source/",  "isLastSegment" : false } ], 
      "TagsetDescription" : [
        {"sofa" : 1,  "layer" : "webanno.custom.PartsofCause",  "name" : "Parts of Cause",  "input" : false }, 
        {"sofa" : 1,  "layer" : "webanno.custom.TypesofCause",  "name" : "Causal Relations",  "input" : false } ], 
      "Sentence" : [
        {"sofa" : 1,  "end" : 100 }, 
        {"sofa" : 1,  "begin" : 101,  "end" : 270 }, 
        {"sofa" : 1,  "begin" : 271,  "end" : 340 }, 
        {"sofa" : 1,  "begin" : 341,  "end" : 425 }, 
        {"sofa" : 1,  "begin" : 426,  "end" : 548 }, 
        {"sofa" : 1,  "begin" : 549,  "end" : 672 }, 
        {"sofa" : 1,  "begin" : 673,  "end" : 733 } ], 
      "Token" : [
        {"sofa" : 1,  "end" : 1 }, 
        {"sofa" : 1,  "begin" : 2,  "end" : 9 }, 
        {"sofa" : 1,  "begin" : 10,  "end" : 14 }, 
        {"sofa" : 1,  "begin" : 15,  "end" : 19 }, 
        {"sofa" : 1,  "begin" : 20,  "end" : 25 }, 
        {"sofa" : 1,  "begin" : 26,  "end" : 27 }, 
        {"sofa" : 1,  "begin" : 28,  "end" : 35 }, 
        {"sofa" : 1,  "begin" : 36,  "end" : 37 }, 
        {"sofa" : 1,  "begin" : 38,  "end" : 41 }, 
        {"sofa" : 1,  "begin" : 42,  "end" : 46 }, 
        {"sofa" : 1,  "begin" : 47,  "end" : 49 }, 
        {"sofa" : 1,  "begin" : 50,  "end" : 52 }, 
        {"sofa" : 1,  "begin" : 53,  "end" : 55 }, 
        {"sofa" : 1,  "begin" : 56,  "end" : 59 }, 
        {"sofa" : 1,  "begin" : 60,  "end" : 62 }, 
        {"sofa" : 1,  "begin" : 63,  "end" : 65 }, 
        {"sofa" : 1,  "begin" : 66,  "end" : 72 }, 
        {"sofa" : 1,  "begin" : 73,  "end" : 78 }, 
        {"sofa" : 1,  "begin" : 79,  "end" : 82 }, 
        {"sofa" : 1,  "begin" : 83,  "end" : 86 }, 
        {"sofa" : 1,  "begin" : 87,  "end" : 92 }, 
        {"sofa" : 1,  "begin" : 93,  "end" : 95 }, 
        {"sofa" : 1,  "begin" : 96,  "end" : 98 }, 
        {"sofa" : 1,  "begin" : 99,  "end" : 100 }, 
        {"sofa" : 1,  "begin" : 101,  "end" : 105 }, 
        {"sofa" : 1,  "begin" : 106,  "end" : 109 }, 
        {"sofa" : 1,  "begin" : 110,  "end" : 116 }, 
        {"sofa" : 1,  "begin" : 117,  "end" : 119 }, 
        {"sofa" : 1,  "begin" : 120,  "end" : 121 }, 
        {"sofa" : 1,  "begin" : 122,  "end" : 125 }, 
        {"sofa" : 1,  "begin" : 126,  "end" : 129 }, 
        {"sofa" : 1,  "begin" : 130,  "end" : 134 }, 
        {"sofa" : 1,  "begin" : 135,  "end" : 140 }, 
        {"sofa" : 1,  "begin" : 141,  "end" : 144 }, 
        {"sofa" : 1,  "begin" : 145,  "end" : 150 }, 
        {"sofa" : 1,  "begin" : 151,  "end" : 152 }, 
        {"sofa" : 1,  "begin" : 153,  "end" : 156 }, 
        {"sofa" : 1,  "begin" : 157,  "end" : 161 }, 
        {"sofa" : 1,  "begin" : 162,  "end" : 164 }, 
        {"sofa" : 1,  "begin" : 165,  "end" : 168 }, 
        {"sofa" : 1,  "begin" : 169,  "end" : 171 }, 
        {"sofa" : 1,  "begin" : 172,  "end" : 175 }, 
        {"sofa" : 1,  "begin" : 176,  "end" : 180 }, 
        {"sofa" : 1,  "begin" : 181,  "end" : 184 }, 
        {"sofa" : 1,  "begin" : 185,  "end" : 188 }, 
        {"sofa" : 1,  "begin" : 189,  "end" : 193 }, 
        {"sofa" : 1,  "begin" : 194,  "end" : 197 }, 
        {"sofa" : 1,  "begin" : 198,  "end" : 203 }, 
        {"sofa" : 1,  "begin" : 204,  "end" : 207 }, 
        {"sofa" : 1,  "begin" : 208,  "end" : 213 }, 
        {"sofa" : 1,  "begin" : 214,  "end" : 216 }, 
        {"sofa" : 1,  "begin" : 217,  "end" : 218 }, 
        {"sofa" : 1,  "begin" : 219,  "end" : 225 }, 
        {"sofa" : 1,  "begin" : 226,  "end" : 229 }, 
        {"sofa" : 1,  "begin" : 230,  "end" : 239 }, 
        {"sofa" : 1,  "begin" : 240,  "end" : 243 }, 
        {"sofa" : 1,  "begin" : 244,  "end" : 248 }, 
        {"sofa" : 1,  "begin" : 249,  "end" : 251 }, 
        {"sofa" : 1,  "begin" : 252,  "end" : 255 }, 
        {"sofa" : 1,  "begin" : 256,  "end" : 258 }, 
        {"sofa" : 1,  "begin" : 259,  "end" : 262 }, 
        {"sofa" : 1,  "begin" : 263,  "end" : 268 }, 
        {"sofa" : 1,  "begin" : 269,  "end" : 270 }, 
        {"sofa" : 1,  "begin" : 271,  "end" : 274 }, 
        {"sofa" : 1,  "begin" : 275,  "end" : 282 }, 
        {"sofa" : 1,  "begin" : 283,  "end" : 284 }, 
        {"sofa" : 1,  "begin" : 285,  "end" : 288 }, 
        {"sofa" : 1,  "begin" : 289,  "end" : 296 }, 
        {"sofa" : 1,  "begin" : 297,  "end" : 299 }, 
        {"sofa" : 1,  "begin" : 300,  "end" : 307 }, 
        {"sofa" : 1,  "begin" : 308,  "end" : 309 }, 
        {"sofa" : 1,  "begin" : 310,  "end" : 311 }, 
        {"sofa" : 1,  "begin" : 312,  "end" : 315 }, 
        {"sofa" : 1,  "begin" : 316,  "end" : 321 }, 
        {"sofa" : 1,  "begin" : 322,  "end" : 323 }, 
        {"sofa" : 1,  "begin" : 324,  "end" : 327 }, 
        {"sofa" : 1,  "begin" : 328,  "end" : 332 }, 
        {"sofa" : 1,  "begin" : 333,  "end" : 338 }, 
        {"sofa" : 1,  "begin" : 339,  "end" : 340 }, 
        {"sofa" : 1,  "begin" : 341,  "end" : 342 }, 
        {"sofa" : 1,  "begin" : 343,  "end" : 345 }, 
        {"sofa" : 1,  "begin" : 346,  "end" : 355 }, 
        {"sofa" : 1,  "begin" : 356,  "end" : 360 }, 
        {"sofa" : 1,  "begin" : 361,  "end" : 367 }, 
        {"sofa" : 1,  "begin" : 368,  "end" : 369 }, 
        {"sofa" : 1,  "begin" : 370,  "end" : 373 }, 
        {"sofa" : 1,  "begin" : 374,  "end" : 379 }, 
        {"sofa" : 1,  "begin" : 380,  "end" : 384 }, 
        {"sofa" : 1,  "begin" : 385,  "end" : 387 }, 
        {"sofa" : 1,  "begin" : 388,  "end" : 392 }, 
        {"sofa" : 1,  "begin" : 393,  "end" : 396 }, 
        {"sofa" : 1,  "begin" : 397,  "end" : 400 }, 
        {"sofa" : 1,  "begin" : 401,  "end" : 403 }, 
        {"sofa" : 1,  "begin" : 404,  "end" : 406 }, 
        {"sofa" : 1,  "begin" : 407,  "end" : 410 }, 
        {"sofa" : 1,  "begin" : 411,  "end" : 415 }, 
        {"sofa" : 1,  "begin" : 416,  "end" : 418 }, 
        {"sofa" : 1,  "begin" : 419,  "end" : 421 }, 
        {"sofa" : 1,  "begin" : 422,  "end" : 423 }, 
        {"sofa" : 1,  "begin" : 424,  "end" : 425 }, 
        {"sofa" : 1,  "begin" : 426,  "end" : 430 }, 
        {"sofa" : 1,  "begin" : 431,  "end" : 438 }, 
        {"sofa" : 1,  "begin" : 439,  "end" : 443 }, 
        {"sofa" : 1,  "begin" : 444,  "end" : 449 }, 
        {"sofa" : 1,  "begin" : 450,  "end" : 452 }, 
        {"sofa" : 1,  "begin" : 453,  "end" : 456 }, 
        {"sofa" : 1,  "begin" : 457,  "end" : 463 }, 
        {"sofa" : 1,  "begin" : 464,  "end" : 465 }, 
        {"sofa" : 1,  "begin" : 466,  "end" : 469 }, 
        {"sofa" : 1,  "begin" : 470,  "end" : 471 }, 
        {"sofa" : 1,  "begin" : 472,  "end" : 479 }, 
        {"sofa" : 1,  "begin" : 480,  "end" : 484 }, 
        {"sofa" : 1,  "begin" : 485,  "end" : 487 }, 
        {"sofa" : 1,  "begin" : 488,  "end" : 490 }, 
        {"sofa" : 1,  "begin" : 491,  "end" : 494 }, 
        {"sofa" : 1,  "begin" : 495,  "end" : 499 }, 
        {"sofa" : 1,  "begin" : 500,  "end" : 501 }, 
        {"sofa" : 1,  "begin" : 502,  "end" : 505 }, 
        {"sofa" : 1,  "begin" : 506,  "end" : 513 }, 
        {"sofa" : 1,  "begin" : 514,  "end" : 518 }, 
        {"sofa" : 1,  "begin" : 519,  "end" : 522 }, 
        {"sofa" : 1,  "begin" : 523,  "end" : 525 }, 
        {"sofa" : 1,  "begin" : 526,  "end" : 529 }, 
        {"sofa" : 1,  "begin" : 530,  "end" : 534 }, 
        {"sofa" : 1,  "begin" : 535,  "end" : 538 }, 
        {"sofa" : 1,  "begin" : 539,  "end" : 546 }, 
        {"sofa" : 1,  "begin" : 547,  "end" : 548 }, 
        {"sofa" : 1,  "begin" : 549,  "end" : 553 }, 
        {"sofa" : 1,  "begin" : 554,  "end" : 558 }, 
        {"sofa" : 1,  "begin" : 559,  "end" : 561 }, 
        {"sofa" : 1,  "begin" : 562,  "end" : 565 }, 
        {"sofa" : 1,  "begin" : 566,  "end" : 572 }, 
        {"sofa" : 1,  "begin" : 573,  "end" : 574 }, 
        {"sofa" : 1,  "begin" : 575,  "end" : 578 }, 
        {"sofa" : 1,  "begin" : 579,  "end" : 581 }, 
        {"sofa" : 1,  "begin" : 582,  "end" : 586 }, 
        {"sofa" : 1,  "begin" : 587,  "end" : 590 }, 
        {"sofa" : 1,  "begin" : 591,  "end" : 596 }, 
        {"sofa" : 1,  "begin" : 597,  "end" : 600 }, 
        {"sofa" : 1,  "begin" : 601,  "end" : 607 }, 
        {"sofa" : 1,  "begin" : 608,  "end" : 610 }, 
        {"sofa" : 1,  "begin" : 611,  "end" : 613 }, 
        {"sofa" : 1,  "begin" : 614,  "end" : 618 }, 
        {"sofa" : 1,  "begin" : 619,  "end" : 621 }, 
        {"sofa" : 1,  "begin" : 622,  "end" : 625 }, 
        {"sofa" : 1,  "begin" : 626,  "end" : 629 }, 
        {"sofa" : 1,  "begin" : 630,  "end" : 631 }, 
        {"sofa" : 1,  "begin" : 632,  "end" : 634 }, 
        {"sofa" : 1,  "begin" : 635,  "end" : 639 }, 
        {"sofa" : 1,  "begin" : 640,  "end" : 643 }, 
        {"sofa" : 1,  "begin" : 644,  "end" : 648 }, 
        {"sofa" : 1,  "begin" : 649,  "end" : 654 }, 
        {"sofa" : 1,  "begin" : 655,  "end" : 661 }, 
        {"sofa" : 1,  "begin" : 662,  "end" : 667 }, 
        {"sofa" : 1,  "begin" : 668,  "end" : 670 }, 
        {"sofa" : 1,  "begin" : 671,  "end" : 672 }, 
        {"sofa" : 1,  "begin" : 673,  "end" : 674 }, 
        {"sofa" : 1,  "begin" : 675,  "end" : 680 }, 
        {"sofa" : 1,  "begin" : 681,  "end" : 686 }, 
        {"sofa" : 1,  "begin" : 687,  "end" : 689 }, 
        {"sofa" : 1,  "begin" : 690,  "end" : 691 }, 
        {"sofa" : 1,  "begin" : 692,  "end" : 696 }, 
        {"sofa" : 1,  "begin" : 697,  "end" : 698 }, 
        {"sofa" : 1,  "begin" : 699,  "end" : 704 }, 
        {"sofa" : 1,  "begin" : 705,  "end" : 707 }, 
        {"sofa" : 1,  "begin" : 708,  "end" : 709 }, 
        {"sofa" : 1,  "begin" : 710,  "end" : 713 }, 
        {"sofa" : 1,  "begin" : 714,  "end" : 715 }, 
        {"sofa" : 1,  "begin" : 716,  "end" : 717 }, 
        {"sofa" : 1,  "begin" : 718,  "end" : 722 }, 
        {"sofa" : 1,  "begin" : 723,  "end" : 726 }, 
        {"sofa" : 1,  "begin" : 727,  "end" : 731 }, 
        {"sofa" : 1,  "begin" : 732,  "end" : 733 } ], 
      "PartsofCause" : [2316,  2307,  2325,  2400,  2425,  2438,  2803,  2812,  2821,  2508,  2490,  2499,  2589,  2571,  2580,  2676,  2689,  2702 ], 
      "TypesofCause" : [
        {"sofa" : 1,  "begin" : 42,  "end" : 52,  "Dependent" : 2316,  "Governor" : 2307,  "TypesofCause" : "Effect" }, 
        {"sofa" : 1,  "begin" : 56,  "end" : 98,  "Dependent" : 2325,  "Governor" : 2307,  "TypesofCause" : "Cause" }, 
        {"sofa" : 1,  "begin" : 106,  "end" : 119,  "Dependent" : 2425,  "Governor" : 2400,  "TypesofCause" : "Cause" }, 
        {"sofa" : 1,  "begin" : 122,  "end" : 150,  "Dependent" : 2438,  "Governor" : 2400,  "TypesofCause" : "Effect" }, 
        {"sofa" : 1,  "begin" : 162,  "end" : 188,  "Dependent" : 2803,  "Governor" : 2812,  "TypesofCause" : "Cause" }, 
        {"sofa" : 1,  "begin" : 194,  "end" : 216,  "Dependent" : 2821,  "Governor" : 2812,  "TypesofCause" : "Effect" }, 
        {"sofa" : 1,  "begin" : 341,  "end" : 355,  "Dependent" : 2508,  "Governor" : 2490,  "TypesofCause" : "Effect" }, 
        {"sofa" : 1,  "begin" : 361,  "end" : 367,  "Dependent" : 2499,  "Governor" : 2490,  "TypesofCause" : "Cause" }, 
        {"sofa" : 1,  "begin" : 587,  "end" : 629,  "Dependent" : 2589,  "Governor" : 2571,  "TypesofCause" : "Cause" }, 
        {"sofa" : 1,  "begin" : 640,  "end" : 670,  "Dependent" : 2580,  "Governor" : 2571,  "TypesofCause" : "Effect" }, 
        {"sofa" : 1,  "begin" : 681,  "end" : 696,  "Dependent" : 2689,  "Governor" : 2676,  "TypesofCause" : "Cause" }, 
        {"sofa" : 1,  "begin" : 699,  "end" : 713,  "Dependent" : 2702,  "Governor" : 2676,  "TypesofCause" : "Effect" } ] } }, 
  "_referenced_fss" : {
    "1" : {"_type" : "Sofa",  "sofaNum" : 1,  "sofaID" : "_InitialView",  "mimeType" : "text",  "sofaString" : "A THIRSTY Crow once spied a pitcher , and flew to it to see if by chance there was any water in it .\nWhen she looked in , she saw that there was water , but that it was so far from the top that she could not reach it , though she stretched her neck as far as she could .\nShe stopped , and thought to herself , “ How shall I get that water ?\nI am perishing with thirst , and there must be some way for me to get some of it . ”\nSome pebbles were lying on the ground ; and , picking them up in her beak , she dropped them one by one into the pitcher .\nThey sank to the bottom ; and at last the water was pushed up by them to the top , so that the Crow could easily drink it .\n“ Where there ’s a will , there ’s a way , ” said the Crow ." }, 
    "2316" : {"_type" : "PartsofCause",  "sofa" : 1,  "begin" : 42,  "end" : 52,  "PartsofCause" : "Argument" }, 
    "2307" : {"_type" : "PartsofCause",  "sofa" : 1,  "begin" : 53,  "end" : 55,  "PartsofCause" : "Causing" }, 
    "2325" : {"_type" : "PartsofCause",  "sofa" : 1,  "begin" : 56,  "end" : 98,  "PartsofCause" : "Argument" }, 
    "2425" : {"_type" : "PartsofCause",  "sofa" : 1,  "begin" : 106,  "end" : 119,  "PartsofCause" : "Argument" }, 
    "2400" : {"_type" : "PartsofCause",  "sofa" : 1,  "begin" : 101,  "end" : 105,  "PartsofCause" : "Enabling" }, 
    "2438" : {"_type" : "PartsofCause",  "sofa" : 1,  "begin" : 122,  "end" : 150,  "PartsofCause" : "Argument" }, 
    "2803" : {"_type" : "PartsofCause",  "sofa" : 1,  "begin" : 162,  "end" : 188,  "PartsofCause" : "Argument" }, 
    "2812" : {"_type" : "PartsofCause",  "sofa" : 1,  "begin" : 189,  "end" : 193,  "PartsofCause" : "Causing" }, 
    "2821" : {"_type" : "PartsofCause",  "sofa" : 1,  "begin" : 194,  "end" : 216,  "PartsofCause" : "Argument" }, 
    "2508" : {"_type" : "PartsofCause",  "sofa" : 1,  "begin" : 341,  "end" : 355,  "PartsofCause" : "Argument" }, 
    "2490" : {"_type" : "PartsofCause",  "sofa" : 1,  "begin" : 356,  "end" : 360,  "PartsofCause" : "Causing" }, 
    "2499" : {"_type" : "PartsofCause",  "sofa" : 1,  "begin" : 361,  "end" : 367,  "PartsofCause" : "Argument" }, 
    "2589" : {"_type" : "PartsofCause",  "sofa" : 1,  "begin" : 587,  "end" : 629,  "PartsofCause" : "Argument" }, 
    "2571" : {"_type" : "PartsofCause",  "sofa" : 1,  "begin" : 632,  "end" : 634,  "PartsofCause" : "Causing" }, 
    "2580" : {"_type" : "PartsofCause",  "sofa" : 1,  "begin" : 640,  "end" : 670,  "PartsofCause" : "Argument" }, 
    "2689" : {"_type" : "PartsofCause",  "sofa" : 1,  "begin" : 681,  "end" : 696,  "PartsofCause" : "Argument" }, 
    "2676" : {"_type" : "PartsofCause",  "sofa" : 1,  "begin" : 675,  "end" : 680,  "PartsofCause" : "Enabling" }, 
    "2702" : {"_type" : "PartsofCause",  "sofa" : 1,  "begin" : 699,  "end" : 713,  "PartsofCause" : "Argument" }, 
    "2892" : {"_type" : "LayerDefinition",  "name" : "webanno.custom.DisjointCausalSpans",  "uiName" : "Disjoint Causal Spans" }, 
    "2903" : {"_type" : "LayerDefinition",  "name" : "webanno.custom.PartsofCause",  "uiName" : "Parts of Cause" }, 
    "2910" : {"_type" : "LayerDefinition",  "name" : "webanno.custom.TypesofCause",  "uiName" : "Types of Cause" } } }