{"_context" : {
    "_types" : {
      "DocumentMetaData" : {
        "_feature_types" : {"sofa" : "_ref" } }, 
      "FeatureDefinition" : {
        "_feature_types" : {"layer" : "_ref" } }, 
      "LayerDefinition" : { }, 
      "PartsofCause" : {
        "_feature_types" : {"sofa" : "_ref" } }, 
      "Sentence" : {
        "_feature_types" : {"sofa" : "_ref" } }, 
      "Sofa" : {
        "_feature_types" : {"sofaArray" : "_ref" } }, 
      "TagsetDescription" : {
        "_feature_types" : {"sofa" : "_ref",  "tags" : "_ref" } }, 
      "Token" : {
        "_feature_types" : {"sofa" : "_ref",  "parent" : "_ref",  "lemma" : "_ref",  "stem" : "_ref",  "pos" : "_ref",  "morph" : "_ref",  "form" : "_ref" } }, 
      "TypesofCause" : {
        "_feature_types" : {"sofa" : "_ref",  "Dependent" : "_ref",  "Governor" : "_ref" } }, 
      "DocumentAnnotation" : {
        "_feature_types" : {"sofa" : "_ref" }, 
        "_subtypes" : ["DocumentMetaData" ] }, 
      "Annotation" : {
        "_feature_types" : {"sofa" : "_ref" }, 
        "_subtypes" : ["DocumentAnnotation",  "PartsofCause",  "Sentence",  "TagsetDescription",  "Token",  "TypesofCause" ] }, 
      "AnnotationBase" : {
        "_feature_types" : {"sofa" : "_ref" }, 
        "_subtypes" : ["Annotation" ] }, 
      "TOP" : {
        "_subtypes" : ["AnnotationBase",  "FeatureDefinition",  "LayerDefinition",  "Sofa" ] } } }, 
  "_views" : {
    "_InitialView" : {
      "FeatureDefinition" : [
        {"layer" : 2939,  "name" : "referenceRelation",  "uiName" : "Reference Relation" }, 
        {"layer" : 2939,  "name" : "referenceType",  "uiName" : "Reference Type" }, 
        {"layer" : 2950,  "name" : "PartsofCause",  "uiName" : "Parts of Cause" }, 
        {"layer" : 2957,  "name" : "TypesofCause",  "uiName" : "Types of Cause" } ], 
      "LayerDefinition" : [2939,  2950,  2957 ], 
      "DocumentMetaData" : [
        {"sofa" : 1,  "end" : 933,  "language" : "x-unspecified",  "documentTitle" : "reddit-049.txt",  "documentId" : "GJW",  "documentUri" : "file:/srv/inception/repository/project/2/document/2451/source/GJW",  "collectionId" : "file:/srv/inception/repository/project/2/document/2451/source/",  "documentBaseUri" : "file:/srv/inception/repository/project/2/document/2451/source/",  "isLastSegment" : false } ], 
      "TagsetDescription" : [
        {"sofa" : 1,  "layer" : "webanno.custom.PartsofCause",  "name" : "Parts of Cause",  "input" : false }, 
        {"sofa" : 1,  "layer" : "webanno.custom.TypesofCause",  "name" : "Causal Relations",  "input" : false } ], 
      "Sentence" : [
        {"sofa" : 1,  "end" : 30 }, 
        {"sofa" : 1,  "begin" : 31,  "end" : 163 }, 
        {"sofa" : 1,  "begin" : 164,  "end" : 294 }, 
        {"sofa" : 1,  "begin" : 295,  "end" : 449 }, 
        {"sofa" : 1,  "begin" : 450,  "end" : 567 }, 
        {"sofa" : 1,  "begin" : 568,  "end" : 639 }, 
        {"sofa" : 1,  "begin" : 640,  "end" : 687 }, 
        {"sofa" : 1,  "begin" : 688,  "end" : 829 }, 
        {"sofa" : 1,  "begin" : 830,  "end" : 849 }, 
        {"sofa" : 1,  "begin" : 850,  "end" : 933 } ], 
      "Token" : [
        {"sofa" : 1,  "end" : 2 }, 
        {"sofa" : 1,  "begin" : 3,  "end" : 4 }, 
        {"sofa" : 1,  "begin" : 5,  "end" : 7 }, 
        {"sofa" : 1,  "begin" : 8,  "end" : 9 }, 
        {"sofa" : 1,  "begin" : 10,  "end" : 13 }, 
        {"sofa" : 1,  "begin" : 14,  "end" : 21 }, 
        {"sofa" : 1,  "begin" : 22,  "end" : 24 }, 
        {"sofa" : 1,  "begin" : 25,  "end" : 28 }, 
        {"sofa" : 1,  "begin" : 29,  "end" : 30 }, 
        {"sofa" : 1,  "begin" : 31,  "end" : 32 }, 
        {"sofa" : 1,  "begin" : 33,  "end" : 41 }, 
        {"sofa" : 1,  "begin" : 42,  "end" : 43 }, 
        {"sofa" : 1,  "begin" : 44,  "end" : 45 }, 
        {"sofa" : 1,  "begin" : 46,  "end" : 48 }, 
        {"sofa" : 1,  "begin" : 49,  "end" : 51 }, 
        {"sofa" : 1,  "begin" : 52,  "end" : 57 }, 
        {"sofa" : 1,  "begin" : 58,  "end" : 63 }, 
        {"sofa" : 1,  "begin" : 64,  "end" : 67 }, 
        {"sofa" : 1,  "begin" : 68,  "end" : 70 }, 
        {"sofa" : 1,  "begin" : 71,  "end" : 83 }, 
        {"sofa" : 1,  "begin" : 84,  "end" : 89 }, 
        {"sofa" : 1,  "begin" : 90,  "end" : 91 }, 
        {"sofa" : 1,  "begin" : 92,  "end" : 95 }, 
        {"sofa" : 1,  "begin" : 96,  "end" : 99 }, 
        {"sofa" : 1,  "begin" : 100,  "end" : 110 }, 
        {"sofa" : 1,  "begin" : 111,  "end" : 121 }, 
        {"sofa" : 1,  "begin" : 122,  "end" : 125 }, 
        {"sofa" : 1,  "begin" : 126,  "end" : 133 }, 
        {"sofa" : 1,  "begin" : 134,  "end" : 137 }, 
        {"sofa" : 1,  "begin" : 138,  "end" : 142 }, 
        {"sofa" : 1,  "begin" : 143,  "end" : 148 }, 
        {"sofa" : 1,  "begin" : 149,  "end" : 152 }, 
        {"sofa" : 1,  "begin" : 153,  "end" : 161 }, 
        {"sofa" : 1,  "begin" : 162,  "end" : 163 }, 
        {"sofa" : 1,  "begin" : 164,  "end" : 165 }, 
        {"sofa" : 1,  "begin" : 166,  "end" : 177 }, 
        {"sofa" : 1,  "begin" : 178,  "end" : 185 }, 
        {"sofa" : 1,  "begin" : 186,  "end" : 188 }, 
        {"sofa" : 1,  "begin" : 189,  "end" : 198 }, 
        {"sofa" : 1,  "begin" : 199,  "end" : 205 }, 
        {"sofa" : 1,  "begin" : 206,  "end" : 209 }, 
        {"sofa" : 1,  "begin" : 210,  "end" : 211 }, 
        {"sofa" : 1,  "begin" : 212,  "end" : 220 }, 
        {"sofa" : 1,  "begin" : 221,  "end" : 225 }, 
        {"sofa" : 1,  "begin" : 226,  "end" : 231 }, 
        {"sofa" : 1,  "begin" : 232,  "end" : 233 }, 
        {"sofa" : 1,  "begin" : 234,  "end" : 235 }, 
        {"sofa" : 1,  "begin" : 236,  "end" : 240 }, 
        {"sofa" : 1,  "begin" : 241,  "end" : 246 }, 
        {"sofa" : 1,  "begin" : 247,  "end" : 249 }, 
        {"sofa" : 1,  "begin" : 250,  "end" : 259 }, 
        {"sofa" : 1,  "begin" : 260,  "end" : 264 }, 
        {"sofa" : 1,  "begin" : 265,  "end" : 266 }, 
        {"sofa" : 1,  "begin" : 267,  "end" : 272 }, 
        {"sofa" : 1,  "begin" : 273,  "end" : 279 }, 
        {"sofa" : 1,  "begin" : 280,  "end" : 282 }, 
        {"sofa" : 1,  "begin" : 283,  "end" : 286 }, 
        {"sofa" : 1,  "begin" : 287,  "end" : 292 }, 
        {"sofa" : 1,  "begin" : 293,  "end" : 294 }, 
        {"sofa" : 1,  "begin" : 295,  "end" : 297 }, 
        {"sofa" : 1,  "begin" : 298,  "end" : 301 }, 
        {"sofa" : 1,  "begin" : 302,  "end" : 303 }, 
        {"sofa" : 1,  "begin" : 304,  "end" : 311 }, 
        {"sofa" : 1,  "begin" : 312,  "end" : 316 }, 
        {"sofa" : 1,  "begin" : 317,  "end" : 321 }, 
        {"sofa" : 1,  "begin" : 322,  "end" : 327 }, 
        {"sofa" : 1,  "begin" : 328,  "end" : 329 }, 
        {"sofa" : 1,  "begin" : 330,  "end" : 331 }, 
        {"sofa" : 1,  "begin" : 332,  "end" : 337 }, 
        {"sofa" : 1,  "begin" : 338,  "end" : 341 }, 
        {"sofa" : 1,  "begin" : 342,  "end" : 345 }, 
        {"sofa" : 1,  "begin" : 346,  "end" : 349 }, 
        {"sofa" : 1,  "begin" : 350,  "end" : 352 }, 
        {"sofa" : 1,  "begin" : 353,  "end" : 359 }, 
        {"sofa" : 1,  "begin" : 360,  "end" : 363 }, 
        {"sofa" : 1,  "begin" : 364,  "end" : 370 }, 
        {"sofa" : 1,  "begin" : 371,  "end" : 373 }, 
        {"sofa" : 1,  "begin" : 374,  "end" : 376 }, 
        {"sofa" : 1,  "begin" : 377,  "end" : 387 }, 
        {"sofa" : 1,  "begin" : 388,  "end" : 390 }, 
        {"sofa" : 1,  "begin" : 391,  "end" : 394 }, 
        {"sofa" : 1,  "begin" : 395,  "end" : 397 }, 
        {"sofa" : 1,  "begin" : 398,  "end" : 401 }, 
        {"sofa" : 1,  "begin" : 402,  "end" : 408 }, 
        {"sofa" : 1,  "begin" : 409,  "end" : 411 }, 
        {"sofa" : 1,  "begin" : 412,  "end" : 415 }, 
        {"sofa" : 1,  "begin" : 416,  "end" : 419 }, 
        {"sofa" : 1,  "begin" : 420,  "end" : 424 }, 
        {"sofa" : 1,  "begin" : 425,  "end" : 426 }, 
        {"sofa" : 1,  "begin" : 427,  "end" : 430 }, 
        {"sofa" : 1,  "begin" : 431,  "end" : 434 }, 
        {"sofa" : 1,  "begin" : 435,  "end" : 447 }, 
        {"sofa" : 1,  "begin" : 448,  "end" : 449 }, 
        {"sofa" : 1,  "begin" : 450,  "end" : 451 }, 
        {"sofa" : 1,  "begin" : 452,  "end" : 455 }, 
        {"sofa" : 1,  "begin" : 456,  "end" : 458 }, 
        {"sofa" : 1,  "begin" : 459,  "end" : 463 }, 
        {"sofa" : 1,  "begin" : 464,  "end" : 471 }, 
        {"sofa" : 1,  "begin" : 472,  "end" : 475 }, 
        {"sofa" : 1,  "begin" : 476,  "end" : 483 }, 
        {"sofa" : 1,  "begin" : 484,  "end" : 488 }, 
        {"sofa" : 1,  "begin" : 489,  "end" : 491 }, 
        {"sofa" : 1,  "begin" : 492,  "end" : 495 }, 
        {"sofa" : 1,  "begin" : 496,  "end" : 498 }, 
        {"sofa" : 1,  "begin" : 499,  "end" : 506 }, 
        {"sofa" : 1,  "begin" : 507,  "end" : 509 }, 
        {"sofa" : 1,  "begin" : 510,  "end" : 513 }, 
        {"sofa" : 1,  "begin" : 514,  "end" : 520 }, 
        {"sofa" : 1,  "begin" : 521,  "end" : 522 }, 
        {"sofa" : 1,  "begin" : 523,  "end" : 525 }, 
        {"sofa" : 1,  "begin" : 526,  "end" : 527 }, 
        {"sofa" : 1,  "begin" : 528,  "end" : 536 }, 
        {"sofa" : 1,  "begin" : 537,  "end" : 540 }, 
        {"sofa" : 1,  "begin" : 541,  "end" : 544 }, 
        {"sofa" : 1,  "begin" : 545,  "end" : 548 }, 
        {"sofa" : 1,  "begin" : 549,  "end" : 553 }, 
        {"sofa" : 1,  "begin" : 554,  "end" : 555 }, 
        {"sofa" : 1,  "begin" : 556,  "end" : 559 }, 
        {"sofa" : 1,  "begin" : 560,  "end" : 565 }, 
        {"sofa" : 1,  "begin" : 566,  "end" : 567 }, 
        {"sofa" : 1,  "begin" : 568,  "end" : 569 }, 
        {"sofa" : 1,  "begin" : 570,  "end" : 577 }, 
        {"sofa" : 1,  "begin" : 578,  "end" : 581 }, 
        {"sofa" : 1,  "begin" : 582,  "end" : 586 }, 
        {"sofa" : 1,  "begin" : 587,  "end" : 593 }, 
        {"sofa" : 1,  "begin" : 594,  "end" : 595 }, 
        {"sofa" : 1,  "begin" : 596,  "end" : 599 }, 
        {"sofa" : 1,  "begin" : 600,  "end" : 605 }, 
        {"sofa" : 1,  "begin" : 606,  "end" : 609 }, 
        {"sofa" : 1,  "begin" : 610,  "end" : 616 }, 
        {"sofa" : 1,  "begin" : 617,  "end" : 619 }, 
        {"sofa" : 1,  "begin" : 620,  "end" : 622 }, 
        {"sofa" : 1,  "begin" : 623,  "end" : 626 }, 
        {"sofa" : 1,  "begin" : 627,  "end" : 637 }, 
        {"sofa" : 1,  "begin" : 638,  "end" : 639 }, 
        {"sofa" : 1,  "begin" : 640,  "end" : 643 }, 
        {"sofa" : 1,  "begin" : 644,  "end" : 652 }, 
        {"sofa" : 1,  "begin" : 653,  "end" : 655 }, 
        {"sofa" : 1,  "begin" : 656,  "end" : 660 }, 
        {"sofa" : 1,  "begin" : 661,  "end" : 663 }, 
        {"sofa" : 1,  "begin" : 664,  "end" : 674 }, 
        {"sofa" : 1,  "begin" : 675,  "end" : 677 }, 
        {"sofa" : 1,  "begin" : 678,  "end" : 680 }, 
        {"sofa" : 1,  "begin" : 681,  "end" : 685 }, 
        {"sofa" : 1,  "begin" : 686,  "end" : 687 }, 
        {"sofa" : 1,  "begin" : 688,  "end" : 696 }, 
        {"sofa" : 1,  "begin" : 697,  "end" : 701 }, 
        {"sofa" : 1,  "begin" : 702,  "end" : 704 }, 
        {"sofa" : 1,  "begin" : 705,  "end" : 708 }, 
        {"sofa" : 1,  "begin" : 709,  "end" : 712 }, 
        {"sofa" : 1,  "begin" : 713,  "end" : 723 }, 
        {"sofa" : 1,  "begin" : 724,  "end" : 730 }, 
        {"sofa" : 1,  "begin" : 731,  "end" : 738 }, 
        {"sofa" : 1,  "begin" : 739,  "end" : 745 }, 
        {"sofa" : 1,  "begin" : 746,  "end" : 756 }, 
        {"sofa" : 1,  "begin" : 757,  "end" : 759 }, 
        {"sofa" : 1,  "begin" : 760,  "end" : 763 }, 
        {"sofa" : 1,  "begin" : 764,  "end" : 768 }, 
        {"sofa" : 1,  "begin" : 769,  "end" : 779 }, 
        {"sofa" : 1,  "begin" : 780,  "end" : 785 }, 
        {"sofa" : 1,  "begin" : 786,  "end" : 788 }, 
        {"sofa" : 1,  "begin" : 789,  "end" : 793 }, 
        {"sofa" : 1,  "begin" : 794,  "end" : 796 }, 
        {"sofa" : 1,  "begin" : 797,  "end" : 800 }, 
        {"sofa" : 1,  "begin" : 801,  "end" : 803 }, 
        {"sofa" : 1,  "begin" : 804,  "end" : 808 }, 
        {"sofa" : 1,  "begin" : 809,  "end" : 813 }, 
        {"sofa" : 1,  "begin" : 814,  "end" : 816 }, 
        {"sofa" : 1,  "begin" : 817,  "end" : 822 }, 
        {"sofa" : 1,  "begin" : 823,  "end" : 827 }, 
        {"sofa" : 1,  "begin" : 828,  "end" : 829 }, 
        {"sofa" : 1,  "begin" : 830,  "end" : 832 }, 
        {"sofa" : 1,  "begin" : 833,  "end" : 840 }, 
        {"sofa" : 1,  "begin" : 841,  "end" : 847 }, 
        {"sofa" : 1,  "begin" : 848,  "end" : 849 }, 
        {"sofa" : 1,  "begin" : 850,  "end" : 854 }, 
        {"sofa" : 1,  "begin" : 855,  "end" : 861 }, 
        {"sofa" : 1,  "begin" : 862,  "end" : 863 }, 
        {"sofa" : 1,  "begin" : 864,  "end" : 866 }, 
        {"sofa" : 1,  "begin" : 867,  "end" : 869 }, 
        {"sofa" : 1,  "begin" : 870,  "end" : 872 }, 
        {"sofa" : 1,  "begin" : 873,  "end" : 880 }, 
        {"sofa" : 1,  "begin" : 881,  "end" : 883 }, 
        {"sofa" : 1,  "begin" : 884,  "end" : 886 }, 
        {"sofa" : 1,  "begin" : 887,  "end" : 891 }, 
        {"sofa" : 1,  "begin" : 892,  "end" : 895 }, 
        {"sofa" : 1,  "begin" : 896,  "end" : 900 }, 
        {"sofa" : 1,  "begin" : 901,  "end" : 904 }, 
        {"sofa" : 1,  "begin" : 905,  "end" : 907 }, 
        {"sofa" : 1,  "begin" : 908,  "end" : 912 }, 
        {"sofa" : 1,  "begin" : 913,  "end" : 915 }, 
        {"sofa" : 1,  "begin" : 916,  "end" : 922 }, 
        {"sofa" : 1,  "begin" : 923,  "end" : 925 }, 
        {"sofa" : 1,  "begin" : 926,  "end" : 931 }, 
        {"sofa" : 1,  "begin" : 932,  "end" : 933 } ], 
      "PartsofCause" : [2711,  2608,  2625,  2638,  2689,  2698,  2771,  2762,  2784,  2797,  2810,  2819 ], 
      "TypesofCause" : [
        {"sofa" : 1,  "begin" : 450,  "end" : 520,  "Dependent" : 2711,  "Governor" : 2689,  "TypesofCause" : "Effect" }, 
        {"sofa" : 1,  "begin" : 459,  "end" : 483,  "Dependent" : 2625,  "Governor" : 2608,  "TypesofCause" : "Cause" }, 
        {"sofa" : 1,  "begin" : 484,  "end" : 520,  "Dependent" : 2638,  "Governor" : 2608,  "TypesofCause" : "Effect" }, 
        {"sofa" : 1,  "begin" : 526,  "end" : 565,  "Dependent" : 2698,  "Governor" : 2689,  "TypesofCause" : "Cause" }, 
        {"sofa" : 1,  "begin" : 850,  "end" : 866,  "Dependent" : 2771,  "Governor" : 2762,  "TypesofCause" : "Effect" }, 
        {"sofa" : 1,  "begin" : 870,  "end" : 931,  "Dependent" : 2784,  "Governor" : 2762,  "TypesofCause" : "Cause" }, 
        {"sofa" : 1,  "begin" : 896,  "end" : 900,  "Dependent" : 2797,  "Governor" : 2810,  "TypesofCause" : "Effect" }, 
        {"sofa" : 1,  "begin" : 905,  "end" : 912,  "Dependent" : 2819,  "Governor" : 2810,  "TypesofCause" : "Cause" } ] } }, 
  "_referenced_fss" : {
    "1" : {"_type" : "Sofa",  "sofaNum" : 1,  "sofaID" : "_InitialView",  "mimeType" : "text",  "sofaString" : "So I ’m a 4.0 student in uni .\nI received a D on my final grade for an anthropology class , and was incredibly distressed and worried how this could ’ve happened .\nI immediately emailed my professor asking why I received this grade , a week later he responded that I never handed in the final !\nIt was a written take home final , I drove all the way to school and turned it in personally to him in his office on the due date , per his instructions .\nI bet if they checked the cameras they ’d see me walking to his office , as I remember the day and time I was there .\nI emailed him back saying I was there and handed it to him personally .\nAnd followed up with an attachment of my exam .\nHonestly this is why all professors should utilize online submission \uD83D\uDE44 The only conclusive thing is that he had to have lost my final exam .\nIm totally fuming !\nWhat should I do if he refuses to go back and look for my exam or change my grade ?" }, 
    "2711" : {"_type" : "PartsofCause",  "sofa" : 1,  "begin" : 450,  "end" : 520,  "PartsofCause" : "Argument" }, 
    "2689" : {"_type" : "PartsofCause",  "sofa" : 1,  "begin" : 523,  "end" : 525,  "PartsofCause" : "Enabling" }, 
    "2625" : {"_type" : "PartsofCause",  "sofa" : 1,  "begin" : 459,  "end" : 483,  "PartsofCause" : "Argument" }, 
    "2608" : {"_type" : "PartsofCause",  "sofa" : 1,  "begin" : 456,  "end" : 458,  "PartsofCause" : "Enabling" }, 
    "2638" : {"_type" : "PartsofCause",  "sofa" : 1,  "begin" : 484,  "end" : 520,  "PartsofCause" : "Argument" }, 
    "2698" : {"_type" : "PartsofCause",  "sofa" : 1,  "begin" : 526,  "end" : 565,  "PartsofCause" : "Argument" }, 
    "2771" : {"_type" : "PartsofCause",  "sofa" : 1,  "begin" : 850,  "end" : 866,  "PartsofCause" : "Argument" }, 
    "2762" : {"_type" : "PartsofCause",  "sofa" : 1,  "begin" : 867,  "end" : 869,  "PartsofCause" : "Causing" }, 
    "2784" : {"_type" : "PartsofCause",  "sofa" : 1,  "begin" : 870,  "end" : 931,  "PartsofCause" : "Argument" }, 
    "2797" : {"_type" : "PartsofCause",  "sofa" : 1,  "begin" : 896,  "end" : 900,  "PartsofCause" : "Argument" }, 
    "2810" : {"_type" : "PartsofCause",  "sofa" : 1,  "begin" : 901,  "end" : 904,  "PartsofCause" : "Causing" }, 
    "2819" : {"_type" : "PartsofCause",  "sofa" : 1,  "begin" : 905,  "end" : 912,  "PartsofCause" : "Argument" }, 
    "2950" : {"_type" : "LayerDefinition",  "name" : "webanno.custom.PartsofCause",  "uiName" : "Parts of Cause" }, 
    "2939" : {"_type" : "LayerDefinition",  "name" : "webanno.custom.DisjointCausalSpans",  "uiName" : "Disjoint Causal Spans" }, 
    "2957" : {"_type" : "LayerDefinition",  "name" : "webanno.custom.TypesofCause",  "uiName" : "Types of Cause" } } }