{"_context" : {
    "_types" : {
      "DocumentMetaData" : {
        "_feature_types" : {"sofa" : "_ref" } }, 
      "FeatureDefinition" : {
        "_feature_types" : {"layer" : "_ref" } }, 
      "LayerDefinition" : { }, 
      "PartsofCause" : {
        "_feature_types" : {"sofa" : "_ref" } }, 
      "Sentence" : {
        "_feature_types" : {"sofa" : "_ref" } }, 
      "Sofa" : {
        "_feature_types" : {"sofaArray" : "_ref" } }, 
      "TagsetDescription" : {
        "_feature_types" : {"sofa" : "_ref",  "tags" : "_ref" } }, 
      "Token" : {
        "_feature_types" : {"sofa" : "_ref",  "parent" : "_ref",  "lemma" : "_ref",  "stem" : "_ref",  "pos" : "_ref",  "morph" : "_ref",  "form" : "_ref" } }, 
      "TypesofCause" : {
        "_feature_types" : {"sofa" : "_ref",  "Dependent" : "_ref",  "Governor" : "_ref" } }, 
      "DocumentAnnotation" : {
        "_feature_types" : {"sofa" : "_ref" }, 
        "_subtypes" : ["DocumentMetaData" ] }, 
      "Annotation" : {
        "_feature_types" : {"sofa" : "_ref" }, 
        "_subtypes" : ["DocumentAnnotation",  "PartsofCause",  "Sentence",  "TagsetDescription",  "Token",  "TypesofCause" ] }, 
      "AnnotationBase" : {
        "_feature_types" : {"sofa" : "_ref" }, 
        "_subtypes" : ["Annotation" ] }, 
      "TOP" : {
        "_subtypes" : ["AnnotationBase",  "FeatureDefinition",  "LayerDefinition",  "Sofa" ] } } }, 
  "_views" : {
    "_InitialView" : {
      "FeatureDefinition" : [
        {"layer" : 2454,  "name" : "referenceRelation",  "uiName" : "Reference Relation" }, 
        {"layer" : 2454,  "name" : "referenceType",  "uiName" : "Reference Type" }, 
        {"layer" : 2465,  "name" : "PartsofCause",  "uiName" : "Parts of Cause" }, 
        {"layer" : 2472,  "name" : "TypesofCause",  "uiName" : "Types of Cause" } ], 
      "LayerDefinition" : [2454,  2465,  2472 ], 
      "DocumentMetaData" : [
        {"sofa" : 1,  "end" : 902,  "language" : "x-unspecified",  "documentTitle" : "cnn-48.txt",  "documentId" : "AYC",  "documentUri" : "file:/srv/inception/repository/project/2/document/2400/source/AYC",  "collectionId" : "file:/srv/inception/repository/project/2/document/2400/source/",  "documentBaseUri" : "file:/srv/inception/repository/project/2/document/2400/source/",  "isLastSegment" : false } ], 
      "TagsetDescription" : [
        {"sofa" : 1,  "layer" : "webanno.custom.PartsofCause",  "name" : "Parts of Cause",  "input" : false }, 
        {"sofa" : 1,  "layer" : "webanno.custom.TypesofCause",  "name" : "Causal Relations",  "input" : false } ], 
      "Sentence" : [
        {"sofa" : 1,  "end" : 149 }, 
        {"sofa" : 1,  "begin" : 150,  "end" : 369 }, 
        {"sofa" : 1,  "begin" : 370,  "end" : 428 }, 
        {"sofa" : 1,  "begin" : 429,  "end" : 535 }, 
        {"sofa" : 1,  "begin" : 536,  "end" : 646 }, 
        {"sofa" : 1,  "begin" : 647,  "end" : 778 }, 
        {"sofa" : 1,  "begin" : 779,  "end" : 902 } ], 
      "Token" : [
        {"sofa" : 1,  "end" : 8 }, 
        {"sofa" : 1,  "begin" : 9,  "end" : 14 }, 
        {"sofa" : 1,  "begin" : 15,  "end" : 21 }, 
        {"sofa" : 1,  "begin" : 22,  "end" : 26 }, 
        {"sofa" : 1,  "begin" : 27,  "end" : 35 }, 
        {"sofa" : 1,  "begin" : 36,  "end" : 45 }, 
        {"sofa" : 1,  "begin" : 46,  "end" : 53 }, 
        {"sofa" : 1,  "begin" : 54,  "end" : 56 }, 
        {"sofa" : 1,  "begin" : 57,  "end" : 65 }, 
        {"sofa" : 1,  "begin" : 66,  "end" : 74 }, 
        {"sofa" : 1,  "begin" : 75,  "end" : 76 }, 
        {"sofa" : 1,  "begin" : 77,  "end" : 82 }, 
        {"sofa" : 1,  "begin" : 83,  "end" : 91 }, 
        {"sofa" : 1,  "begin" : 92,  "end" : 94 }, 
        {"sofa" : 1,  "begin" : 95,  "end" : 104 }, 
        {"sofa" : 1,  "begin" : 105,  "end" : 107 }, 
        {"sofa" : 1,  "begin" : 108,  "end" : 114 }, 
        {"sofa" : 1,  "begin" : 115,  "end" : 118 }, 
        {"sofa" : 1,  "begin" : 119,  "end" : 123 }, 
        {"sofa" : 1,  "begin" : 124,  "end" : 133 }, 
        {"sofa" : 1,  "begin" : 134,  "end" : 138 }, 
        {"sofa" : 1,  "begin" : 139,  "end" : 142 }, 
        {"sofa" : 1,  "begin" : 143,  "end" : 147 }, 
        {"sofa" : 1,  "begin" : 148,  "end" : 149 }, 
        {"sofa" : 1,  "begin" : 150,  "end" : 151 }, 
        {"sofa" : 1,  "begin" : 152,  "end" : 155 }, 
        {"sofa" : 1,  "begin" : 156,  "end" : 160 }, 
        {"sofa" : 1,  "begin" : 161,  "end" : 163 }, 
        {"sofa" : 1,  "begin" : 164,  "end" : 167 }, 
        {"sofa" : 1,  "begin" : 168,  "end" : 174 }, 
        {"sofa" : 1,  "begin" : 175,  "end" : 181 }, 
        {"sofa" : 1,  "begin" : 182,  "end" : 187 }, 
        {"sofa" : 1,  "begin" : 188,  "end" : 195 }, 
        {"sofa" : 1,  "begin" : 196,  "end" : 197 }, 
        {"sofa" : 1,  "begin" : 198,  "end" : 199 }, 
        {"sofa" : 1,  "begin" : 200,  "end" : 204 }, 
        {"sofa" : 1,  "begin" : 205,  "end" : 209 }, 
        {"sofa" : 1,  "begin" : 210,  "end" : 223 }, 
        {"sofa" : 1,  "begin" : 224,  "end" : 230 }, 
        {"sofa" : 1,  "begin" : 231,  "end" : 235 }, 
        {"sofa" : 1,  "begin" : 236,  "end" : 237 }, 
        {"sofa" : 1,  "begin" : 238,  "end" : 241 }, 
        {"sofa" : 1,  "begin" : 242,  "end" : 247 }, 
        {"sofa" : 1,  "begin" : 248,  "end" : 252 }, 
        {"sofa" : 1,  "begin" : 253,  "end" : 259 }, 
        {"sofa" : 1,  "begin" : 260,  "end" : 263 }, 
        {"sofa" : 1,  "begin" : 264,  "end" : 274 }, 
        {"sofa" : 1,  "begin" : 275,  "end" : 279 }, 
        {"sofa" : 1,  "begin" : 280,  "end" : 287 }, 
        {"sofa" : 1,  "begin" : 288,  "end" : 294 }, 
        {"sofa" : 1,  "begin" : 295,  "end" : 301 }, 
        {"sofa" : 1,  "begin" : 302,  "end" : 309 }, 
        {"sofa" : 1,  "begin" : 310,  "end" : 314 }, 
        {"sofa" : 1,  "begin" : 315,  "end" : 320 }, 
        {"sofa" : 1,  "begin" : 321,  "end" : 324 }, 
        {"sofa" : 1,  "begin" : 325,  "end" : 335 }, 
        {"sofa" : 1,  "begin" : 336,  "end" : 337 }, 
        {"sofa" : 1,  "begin" : 338,  "end" : 341 }, 
        {"sofa" : 1,  "begin" : 342,  "end" : 347 }, 
        {"sofa" : 1,  "begin" : 348,  "end" : 349 }, 
        {"sofa" : 1,  "begin" : 350,  "end" : 355 }, 
        {"sofa" : 1,  "begin" : 356,  "end" : 358 }, 
        {"sofa" : 1,  "begin" : 359,  "end" : 367 }, 
        {"sofa" : 1,  "begin" : 368,  "end" : 369 }, 
        {"sofa" : 1,  "begin" : 370,  "end" : 371 }, 
        {"sofa" : 1,  "begin" : 372,  "end" : 374 }, 
        {"sofa" : 1,  "begin" : 375,  "end" : 379 }, 
        {"sofa" : 1,  "begin" : 380,  "end" : 387 }, 
        {"sofa" : 1,  "begin" : 388,  "end" : 391 }, 
        {"sofa" : 1,  "begin" : 392,  "end" : 394 }, 
        {"sofa" : 1,  "begin" : 395,  "end" : 397 }, 
        {"sofa" : 1,  "begin" : 398,  "end" : 399 }, 
        {"sofa" : 1,  "begin" : 400,  "end" : 406 }, 
        {"sofa" : 1,  "begin" : 407,  "end" : 409 }, 
        {"sofa" : 1,  "begin" : 410,  "end" : 414 }, 
        {"sofa" : 1,  "begin" : 415,  "end" : 424 }, 
        {"sofa" : 1,  "begin" : 425,  "end" : 426 }, 
        {"sofa" : 1,  "begin" : 427,  "end" : 428 }, 
        {"sofa" : 1,  "begin" : 429,  "end" : 433 }, 
        {"sofa" : 1,  "begin" : 434,  "end" : 438 }, 
        {"sofa" : 1,  "begin" : 439,  "end" : 446 }, 
        {"sofa" : 1,  "begin" : 447,  "end" : 448 }, 
        {"sofa" : 1,  "begin" : 449,  "end" : 451 }, 
        {"sofa" : 1,  "begin" : 452,  "end" : 454 }, 
        {"sofa" : 1,  "begin" : 455,  "end" : 461 }, 
        {"sofa" : 1,  "begin" : 462,  "end" : 464 }, 
        {"sofa" : 1,  "begin" : 465,  "end" : 469 }, 
        {"sofa" : 1,  "begin" : 470,  "end" : 474 }, 
        {"sofa" : 1,  "begin" : 475,  "end" : 483 }, 
        {"sofa" : 1,  "begin" : 484,  "end" : 486 }, 
        {"sofa" : 1,  "begin" : 487,  "end" : 491 }, 
        {"sofa" : 1,  "begin" : 492,  "end" : 493 }, 
        {"sofa" : 1,  "begin" : 494,  "end" : 498 }, 
        {"sofa" : 1,  "begin" : 499,  "end" : 500 }, 
        {"sofa" : 1,  "begin" : 501,  "end" : 506 }, 
        {"sofa" : 1,  "begin" : 507,  "end" : 515 }, 
        {"sofa" : 1,  "begin" : 516,  "end" : 523 }, 
        {"sofa" : 1,  "begin" : 524,  "end" : 531 }, 
        {"sofa" : 1,  "begin" : 532,  "end" : 533 }, 
        {"sofa" : 1,  "begin" : 534,  "end" : 535 }, 
        {"sofa" : 1,  "begin" : 536,  "end" : 542 }, 
        {"sofa" : 1,  "begin" : 543,  "end" : 546 }, 
        {"sofa" : 1,  "begin" : 547,  "end" : 553 }, 
        {"sofa" : 1,  "begin" : 554,  "end" : 563 }, 
        {"sofa" : 1,  "begin" : 564,  "end" : 566 }, 
        {"sofa" : 1,  "begin" : 567,  "end" : 569 }, 
        {"sofa" : 1,  "begin" : 570,  "end" : 573 }, 
        {"sofa" : 1,  "begin" : 574,  "end" : 575 }, 
        {"sofa" : 1,  "begin" : 576,  "end" : 578 }, 
        {"sofa" : 1,  "begin" : 579,  "end" : 582 }, 
        {"sofa" : 1,  "begin" : 583,  "end" : 584 }, 
        {"sofa" : 1,  "begin" : 585,  "end" : 588 }, 
        {"sofa" : 1,  "begin" : 589,  "end" : 592 }, 
        {"sofa" : 1,  "begin" : 593,  "end" : 601 }, 
        {"sofa" : 1,  "begin" : 602,  "end" : 604 }, 
        {"sofa" : 1,  "begin" : 605,  "end" : 609 }, 
        {"sofa" : 1,  "begin" : 610,  "end" : 614 }, 
        {"sofa" : 1,  "begin" : 615,  "end" : 618 }, 
        {"sofa" : 1,  "begin" : 619,  "end" : 625 }, 
        {"sofa" : 1,  "begin" : 626,  "end" : 629 }, 
        {"sofa" : 1,  "begin" : 630,  "end" : 634 }, 
        {"sofa" : 1,  "begin" : 635,  "end" : 636 }, 
        {"sofa" : 1,  "begin" : 637,  "end" : 639 }, 
        {"sofa" : 1,  "begin" : 640,  "end" : 644 }, 
        {"sofa" : 1,  "begin" : 645,  "end" : 646 }, 
        {"sofa" : 1,  "begin" : 647,  "end" : 654 }, 
        {"sofa" : 1,  "begin" : 655,  "end" : 664 }, 
        {"sofa" : 1,  "begin" : 665,  "end" : 668 }, 
        {"sofa" : 1,  "begin" : 669,  "end" : 678 }, 
        {"sofa" : 1,  "begin" : 679,  "end" : 686 }, 
        {"sofa" : 1,  "begin" : 687,  "end" : 693 }, 
        {"sofa" : 1,  "begin" : 694,  "end" : 698 }, 
        {"sofa" : 1,  "begin" : 699,  "end" : 707 }, 
        {"sofa" : 1,  "begin" : 708,  "end" : 711 }, 
        {"sofa" : 1,  "begin" : 712,  "end" : 719 }, 
        {"sofa" : 1,  "begin" : 720,  "end" : 724 }, 
        {"sofa" : 1,  "begin" : 725,  "end" : 733 }, 
        {"sofa" : 1,  "begin" : 734,  "end" : 735 }, 
        {"sofa" : 1,  "begin" : 736,  "end" : 745 }, 
        {"sofa" : 1,  "begin" : 746,  "end" : 748 }, 
        {"sofa" : 1,  "begin" : 749,  "end" : 752 }, 
        {"sofa" : 1,  "begin" : 753,  "end" : 758 }, 
        {"sofa" : 1,  "begin" : 759,  "end" : 760 }, 
        {"sofa" : 1,  "begin" : 761,  "end" : 764 }, 
        {"sofa" : 1,  "begin" : 765,  "end" : 770 }, 
        {"sofa" : 1,  "begin" : 771,  "end" : 776 }, 
        {"sofa" : 1,  "begin" : 777,  "end" : 778 }, 
        {"sofa" : 1,  "begin" : 779,  "end" : 785 }, 
        {"sofa" : 1,  "begin" : 786,  "end" : 787 }, 
        {"sofa" : 1,  "begin" : 788,  "end" : 793 }, 
        {"sofa" : 1,  "begin" : 794,  "end" : 797 }, 
        {"sofa" : 1,  "begin" : 798,  "end" : 802 }, 
        {"sofa" : 1,  "begin" : 803,  "end" : 804 }, 
        {"sofa" : 1,  "begin" : 805,  "end" : 812 }, 
        {"sofa" : 1,  "begin" : 813,  "end" : 815 }, 
        {"sofa" : 1,  "begin" : 816,  "end" : 823 }, 
        {"sofa" : 1,  "begin" : 824,  "end" : 825 }, 
        {"sofa" : 1,  "begin" : 826,  "end" : 828 }, 
        {"sofa" : 1,  "begin" : 829,  "end" : 832 }, 
        {"sofa" : 1,  "begin" : 833,  "end" : 838 }, 
        {"sofa" : 1,  "begin" : 839,  "end" : 847 }, 
        {"sofa" : 1,  "begin" : 848,  "end" : 853 }, 
        {"sofa" : 1,  "begin" : 854,  "end" : 856 }, 
        {"sofa" : 1,  "begin" : 857,  "end" : 860 }, 
        {"sofa" : 1,  "begin" : 861,  "end" : 866 }, 
        {"sofa" : 1,  "begin" : 867,  "end" : 869 }, 
        {"sofa" : 1,  "begin" : 870,  "end" : 874 }, 
        {"sofa" : 1,  "begin" : 875,  "end" : 880 }, 
        {"sofa" : 1,  "begin" : 881,  "end" : 883 }, 
        {"sofa" : 1,  "begin" : 884,  "end" : 888 }, 
        {"sofa" : 1,  "begin" : 889,  "end" : 893 }, 
        {"sofa" : 1,  "begin" : 894,  "end" : 895 }, 
        {"sofa" : 1,  "begin" : 896,  "end" : 900 }, 
        {"sofa" : 1,  "begin" : 901,  "end" : 902 } ], 
      "PartsofCause" : [2346,  2320,  2333,  2430,  2389,  2402 ], 
      "TypesofCause" : [
        {"sofa" : 1,  "end" : 21,  "Dependent" : 2346,  "Governor" : 2320,  "TypesofCause" : "Cause" }, 
        {"sofa" : 1,  "begin" : 27,  "end" : 74,  "Dependent" : 2333,  "Governor" : 2320,  "TypesofCause" : "Effect" }, 
        {"sofa" : 1,  "begin" : 83,  "end" : 133,  "Dependent" : 2430,  "Governor" : 2389,  "TypesofCause" : "Effect" }, 
        {"sofa" : 1,  "begin" : 139,  "end" : 147,  "Dependent" : 2402,  "Governor" : 2389,  "TypesofCause" : "Cause" } ] } }, 
  "_referenced_fss" : {
    "1" : {"_type" : "Sofa",  "sofaNum" : 1,  "sofaID" : "_InitialView",  "mimeType" : "text",  "sofaString" : "Tropical Storm Haikui made landfall Wednesday morning in Zhejiang province , where hundreds of thousands of people had been evacuated from its path .\n\" The rain is the bigger impact going forward , \" said CNNI Meteorologist Taylor Ward , who noted that Haikui had diminished from typhoon status before hitting land about 225 kilometers ( 140 miles ) south of Shanghai .\n\" We have already had up to 8 inches in some locations . \"\nWard said another 6 to 10 inches of rain were expected to fall , with \" maybe isolated amounts greater . \"\nHaikui was moving northwest at 20 kph ( 12 mph ) but was expected to slow over the coming two days , he said .\nChinese officials had evacuated 374,000 people from Shanghai and 250,000 from Zhejiang , according to the state - run China Daily .\nHaikui , which had been a typhoon on Tuesday , is the third tropical storm to hit China 's east coast in less than a week ." }, 
    "2346" : {"_type" : "PartsofCause",  "sofa" : 1,  "end" : 21,  "PartsofCause" : "Argument" }, 
    "2320" : {"_type" : "PartsofCause",  "sofa" : 1,  "begin" : 22,  "end" : 26,  "PartsofCause" : "Causing" }, 
    "2333" : {"_type" : "PartsofCause",  "sofa" : 1,  "begin" : 27,  "end" : 74,  "PartsofCause" : "Argument" }, 
    "2430" : {"_type" : "PartsofCause",  "sofa" : 1,  "begin" : 83,  "end" : 133,  "PartsofCause" : "Argument" }, 
    "2389" : {"_type" : "PartsofCause",  "sofa" : 1,  "begin" : 134,  "end" : 138,  "PartsofCause" : "Causing" }, 
    "2402" : {"_type" : "PartsofCause",  "sofa" : 1,  "begin" : 139,  "end" : 147,  "PartsofCause" : "Argument" }, 
    "2465" : {"_type" : "LayerDefinition",  "name" : "webanno.custom.PartsofCause",  "uiName" : "Parts of Cause" }, 
    "2454" : {"_type" : "LayerDefinition",  "name" : "webanno.custom.DisjointCausalSpans",  "uiName" : "Disjoint Causal Spans" }, 
    "2472" : {"_type" : "LayerDefinition",  "name" : "webanno.custom.TypesofCause",  "uiName" : "Types of Cause" } } }